element_id,original_id,tag,carrier,host_or_staff
e94e25f36f1e90e8c,,other-direction,md,1
eb6e7dd019b125077,eb6e7dd019b125077,words,md,1
ed7974e5bb14222e8,ed7974e5bb14222e8,dynamics,md,1
nee683076c4ab0f1b--tuplet--start--1,nee683076c4ab0f1b--tuplet--start--1,tuplet,stamp,nee683076c4ab0f1b
n2cdc9dd33b10ff7d--tuplet--stop--1,n2cdc9dd33b10ff7d--tuplet--stop--1,tuplet,stamp,n2cdc9dd33b10ff7d
n63ec6c04ab0ecd46--tuplet--start--1,n63ec6c04ab0ecd46--tuplet--start--1,tuplet,stamp,n63ec6c04ab0ecd46
nf5085195266f6fc1--tuplet--stop--1,nf5085195266f6fc1--tuplet--stop--1,tuplet,stamp,nf5085195266f6fc1
ec6072a53b64c5275,ec6072a53b64c5275,pedal,md,2
nb5da92dd0147e4cc--tuplet--start--1,nb5da92dd0147e4cc--tuplet--start--1,tuplet,stamp,nb5da92dd0147e4cc
n55ad7140b05f5587--tuplet--stop--1,n55ad7140b05f5587--tuplet--stop--1,tuplet,stamp,n55ad7140b05f5587
n3f1b57c3590d0059--tuplet--start--1,n3f1b57c3590d0059--tuplet--start--1,tuplet,stamp,n3f1b57c3590d0059
ncd4c6181959673d0--tuplet--stop--1,ncd4c6181959673d0--tuplet--stop--1,tuplet,stamp,ncd4c6181959673d0
ndd3e672281dbe3e1--tie--1,,tie,derive,ndd3e672281dbe3e1
ndd3e672281dbe3e1--tied--start--1,ndd3e672281dbe3e1--tied--start--1,tied,stamp,ndd3e672281dbe3e1
n221a10984cba0173--tie--1,,tie,derive,n221a10984cba0173
n221a10984cba0173--tied--start--1,n221a10984cba0173--tied--start--1,tied,stamp,n221a10984cba0173
ndaae27c847b80f12--tie--1,,tie,derive,ndaae27c847b80f12
ndaae27c847b80f12--tied--stop--1,ndaae27c847b80f12--tied--stop--1,tied,stamp,ndaae27c847b80f12
nb878ca18c25de4e4--tie--1,,tie,derive,nb878ca18c25de4e4
nb878ca18c25de4e4--tied--stop--1,nb878ca18c25de4e4--tied--stop--1,tied,stamp,nb878ca18c25de4e4
n130e5ce69ffe53da--strong-accent--1,,strong-accent,derive,n130e5ce69ffe53da
nc6873332d446372d--tuplet--start--1,nc6873332d446372d--tuplet--start--1,tuplet,stamp,nc6873332d446372d
n6c4084c6f4b54d11--tuplet--stop--1,n6c4084c6f4b54d11--tuplet--stop--1,tuplet,stamp,n6c4084c6f4b54d11
n632904681b610953--tuplet--start--1,n632904681b610953--tuplet--start--1,tuplet,stamp,n632904681b610953
n32d83e69f5fdeff7--tuplet--stop--1,n32d83e69f5fdeff7--tuplet--stop--1,tuplet,stamp,n32d83e69f5fdeff7
e679e85372732b2fe,e679e85372732b2fe,words,md,1
n6f7d7de1bee7bfb5--tie--1,,tie,derive,n6f7d7de1bee7bfb5
n6f7d7de1bee7bfb5--tied--start--1,n6f7d7de1bee7bfb5--tied--start--1,tied,stamp,n6f7d7de1bee7bfb5
nedfdbebcdaba3a24--tie--1,,tie,derive,nedfdbebcdaba3a24
nedfdbebcdaba3a24--tied--start--1,nedfdbebcdaba3a24--tied--start--1,tied,stamp,nedfdbebcdaba3a24
nb717cd65ea44b0f3--tie--1,,tie,derive,nb717cd65ea44b0f3
nb717cd65ea44b0f3--tied--stop--1,nb717cd65ea44b0f3--tied--stop--1,tied,stamp,nb717cd65ea44b0f3
nc0ea4dc96812196b--tie--1,,tie,derive,nc0ea4dc96812196b
nc0ea4dc96812196b--tied--stop--1,nc0ea4dc96812196b--tied--stop--1,tied,stamp,nc0ea4dc96812196b
n2b00da3a9c986097--strong-accent--1,,strong-accent,derive,n2b00da3a9c986097
nc4b637f54dbd535f--strong-accent--1,,strong-accent,derive,nc4b637f54dbd535f
n4449110e374823d1--tuplet--start--1,n4449110e374823d1--tuplet--start--1,tuplet,stamp,n4449110e374823d1
n2ffc5fa36abed8b9--tuplet--stop--1,n2ffc5fa36abed8b9--tuplet--stop--1,tuplet,stamp,n2ffc5fa36abed8b9
n0769f2e89e0b9cd6--tuplet--start--1,n0769f2e89e0b9cd6--tuplet--start--1,tuplet,stamp,n0769f2e89e0b9cd6
na8d1854e38b8143a--tuplet--stop--1,na8d1854e38b8143a--tuplet--stop--1,tuplet,stamp,na8d1854e38b8143a
n84c18a044279c2f6--tie--1,,tie,derive,n84c18a044279c2f6
n84c18a044279c2f6--tied--start--1,n84c18a044279c2f6--tied--start--1,tied,stamp,n84c18a044279c2f6
n33a45a783856ba1d--tie--1,,tie,derive,n33a45a783856ba1d
n33a45a783856ba1d--tied--start--1,n33a45a783856ba1d--tied--start--1,tied,stamp,n33a45a783856ba1d
nb86294832bc613d0--tie--1,,tie,derive,nb86294832bc613d0
nb86294832bc613d0--tied--stop--1,nb86294832bc613d0--tied--stop--1,tied,stamp,nb86294832bc613d0
n1e075c311d8ebc16--tie--1,,tie,derive,n1e075c311d8ebc16
n1e075c311d8ebc16--tied--stop--1,n1e075c311d8ebc16--tied--stop--1,tied,stamp,n1e075c311d8ebc16
n93137eb978ab0da8--tie--1,,tie,derive,n93137eb978ab0da8
n93137eb978ab0da8--tied--start--1,n93137eb978ab0da8--tied--start--1,tied,stamp,n93137eb978ab0da8
n93137eb978ab0da8--strong-accent--1,,strong-accent,derive,n93137eb978ab0da8
n3a8259b5b5a3d6e9--tuplet--start--1,n3a8259b5b5a3d6e9--tuplet--start--1,tuplet,stamp,n3a8259b5b5a3d6e9
n3a8259b5b5a3d6e9--slur--start--1,n3a8259b5b5a3d6e9--slur--start--1,slur,stamp,n3a8259b5b5a3d6e9
nfd7c2549312f6cf1--tuplet--stop--1,nfd7c2549312f6cf1--tuplet--stop--1,tuplet,stamp,nfd7c2549312f6cf1
nfd7c2549312f6cf1--slur--stop--1,nfd7c2549312f6cf1--slur--stop--1,slur,stamp,nfd7c2549312f6cf1
nc3ecd65fbb6b1001--tuplet--start--1,nc3ecd65fbb6b1001--tuplet--start--1,tuplet,stamp,nc3ecd65fbb6b1001
nd6da1cf57100dc29--tuplet--stop--1,nd6da1cf57100dc29--tuplet--stop--1,tuplet,stamp,nd6da1cf57100dc29
ne98b6ac31de061af--tie--1,,tie,derive,ne98b6ac31de061af
ne98b6ac31de061af--tied--start--1,ne98b6ac31de061af--tied--start--1,tied,stamp,ne98b6ac31de061af
na4d9415387e4e50e--tie--1,,tie,derive,na4d9415387e4e50e
na4d9415387e4e50e--tied--start--1,na4d9415387e4e50e--tied--start--1,tied,stamp,na4d9415387e4e50e
n8ba50d84239093e2--tie--1,,tie,derive,n8ba50d84239093e2
n8ba50d84239093e2--tied--stop--1,n8ba50d84239093e2--tied--stop--1,tied,stamp,n8ba50d84239093e2
n197139b0be5fe259--tie--1,,tie,derive,n197139b0be5fe259
n197139b0be5fe259--tied--stop--1,n197139b0be5fe259--tied--stop--1,tied,stamp,n197139b0be5fe259
n2eb4e87bc84a70cf--tie--1,,tie,derive,n2eb4e87bc84a70cf
n2eb4e87bc84a70cf--tied--stop--1,n2eb4e87bc84a70cf--tied--stop--1,tied,stamp,n2eb4e87bc84a70cf
n2eb4e87bc84a70cf--slur--start--1,n2eb4e87bc84a70cf--slur--start--1,slur,stamp,n2eb4e87bc84a70cf
nf0da4c3a6d54de54--accent--1,,accent,derive,nf0da4c3a6d54de54
n18f8dbf6c422a5e0--accent--1,,accent,derive,n18f8dbf6c422a5e0
n7f0e8f9b70317432--slur--stop--1,n7f0e8f9b70317432--slur--stop--1,slur,stamp,n7f0e8f9b70317432
n30efe5306df7aabc--tuplet--start--1,n30efe5306df7aabc--tuplet--start--1,tuplet,stamp,n30efe5306df7aabc
n5795c2eebfdccafe--tuplet--stop--1,n5795c2eebfdccafe--tuplet--stop--1,tuplet,stamp,n5795c2eebfdccafe
n473c30fa602982c8--tuplet--start--1,n473c30fa602982c8--tuplet--start--1,tuplet,stamp,n473c30fa602982c8
nd64c952328977505--tuplet--stop--1,nd64c952328977505--tuplet--stop--1,tuplet,stamp,nd64c952328977505
e536b85e1a78d8eb2,e536b85e1a78d8eb2,wedge,md,1
e337c8fb0a26bcb7d,e337c8fb0a26bcb7d,wedge,md,1
n3135a18641fbae9c--tie--1,,tie,derive,n3135a18641fbae9c
n3135a18641fbae9c--tied--start--1,n3135a18641fbae9c--tied--start--1,tied,stamp,n3135a18641fbae9c
n8355a503a2d146a7--tie--1,,tie,derive,n8355a503a2d146a7
n8355a503a2d146a7--tied--start--1,n8355a503a2d146a7--tied--start--1,tied,stamp,n8355a503a2d146a7
n7588c6ba6e61ca33--tie--1,,tie,derive,n7588c6ba6e61ca33
n7588c6ba6e61ca33--tied--stop--1,n7588c6ba6e61ca33--tied--stop--1,tied,stamp,n7588c6ba6e61ca33
n92696085db9adeb3--tie--1,,tie,derive,n92696085db9adeb3
n92696085db9adeb3--tied--stop--1,n92696085db9adeb3--tied--stop--1,tied,stamp,n92696085db9adeb3
n3afe1b5ba5698e7d--slur--start--1,n3afe1b5ba5698e7d--slur--start--1,slur,stamp,n3afe1b5ba5698e7d
n3afe1b5ba5698e7d--strong-accent--1,,strong-accent,derive,n3afe1b5ba5698e7d
n0685a897a661121e--tuplet--start--1,n0685a897a661121e--tuplet--start--1,tuplet,stamp,n0685a897a661121e
n068d8fbca1cf1701--tuplet--stop--1,n068d8fbca1cf1701--tuplet--stop--1,tuplet,stamp,n068d8fbca1cf1701
nf8beac11f6b40ca3--tuplet--start--1,nf8beac11f6b40ca3--tuplet--start--1,tuplet,stamp,nf8beac11f6b40ca3
n042f50d020e35ad6--tuplet--stop--1,n042f50d020e35ad6--tuplet--stop--1,tuplet,stamp,n042f50d020e35ad6
n48491fbf47f9b5ff--tie--1,,tie,derive,n48491fbf47f9b5ff
n48491fbf47f9b5ff--tied--start--1,n48491fbf47f9b5ff--tied--start--1,tied,stamp,n48491fbf47f9b5ff
n0a76c01cc412733b--tie--1,,tie,derive,n0a76c01cc412733b
n0a76c01cc412733b--tied--start--1,n0a76c01cc412733b--tied--start--1,tied,stamp,n0a76c01cc412733b
n21d351b413521233--tie--1,,tie,derive,n21d351b413521233
n21d351b413521233--tied--stop--1,n21d351b413521233--tied--stop--1,tied,stamp,n21d351b413521233
nf6a7ef6fa97368a0--tie--1,,tie,derive,nf6a7ef6fa97368a0
nf6a7ef6fa97368a0--tied--stop--1,nf6a7ef6fa97368a0--tied--stop--1,tied,stamp,nf6a7ef6fa97368a0
ncfc90282fc757f8f--slur--stop--1,ncfc90282fc757f8f--slur--stop--1,slur,stamp,ncfc90282fc757f8f
ncfc90282fc757f8f--accent--1,,accent,derive,ncfc90282fc757f8f
n78b9fbcfe877b9b2--tuplet--start--1,n78b9fbcfe877b9b2--tuplet--start--1,tuplet,stamp,n78b9fbcfe877b9b2
nfe7862701d6557c1--tuplet--stop--1,nfe7862701d6557c1--tuplet--stop--1,tuplet,stamp,nfe7862701d6557c1
nc5d5d8dbab7d7923--tuplet--start--1,nc5d5d8dbab7d7923--tuplet--start--1,tuplet,stamp,nc5d5d8dbab7d7923
n2810749376c93621--tuplet--stop--1,n2810749376c93621--tuplet--stop--1,tuplet,stamp,n2810749376c93621
e59e902d4b7a753ab,e59e902d4b7a753ab,pedal,md,2
nfe8b2d13123f6161--tie--1,,tie,derive,nfe8b2d13123f6161
nfe8b2d13123f6161--tied--start--1,nfe8b2d13123f6161--tied--start--1,tied,stamp,nfe8b2d13123f6161
n0ffd69c8e56f9e1d--tie--1,,tie,derive,n0ffd69c8e56f9e1d
n0ffd69c8e56f9e1d--tied--start--1,n0ffd69c8e56f9e1d--tied--start--1,tied,stamp,n0ffd69c8e56f9e1d
n023380fa05d7011c--tie--1,,tie,derive,n023380fa05d7011c
n023380fa05d7011c--tied--stop--1,n023380fa05d7011c--tied--stop--1,tied,stamp,n023380fa05d7011c
ne6dafdac0e5753b6--tie--1,,tie,derive,ne6dafdac0e5753b6
ne6dafdac0e5753b6--tied--stop--1,ne6dafdac0e5753b6--tied--stop--1,tied,stamp,ne6dafdac0e5753b6
n3c67c88d094bd689--strong-accent--1,,strong-accent,derive,n3c67c88d094bd689
n04ecbf489de3de37--tuplet--start--1,n04ecbf489de3de37--tuplet--start--1,tuplet,stamp,n04ecbf489de3de37
n62065fcef114dc36--tuplet--stop--1,n62065fcef114dc36--tuplet--stop--1,tuplet,stamp,n62065fcef114dc36
n2a145b6e09f03024--tuplet--start--1,n2a145b6e09f03024--tuplet--start--1,tuplet,stamp,n2a145b6e09f03024
n64dda136c7a29c61--tuplet--stop--1,n64dda136c7a29c61--tuplet--stop--1,tuplet,stamp,n64dda136c7a29c61
e89fdf71c6d3cb5ff,e89fdf71c6d3cb5ff,pedal,md,2
e130b810cf617a5ca,e130b810cf617a5ca,pedal,md,2
nc278e08d129855d6--tie--1,,tie,derive,nc278e08d129855d6
nc278e08d129855d6--tied--start--1,nc278e08d129855d6--tied--start--1,tied,stamp,nc278e08d129855d6
n8af83b9fa19f5bf8--tie--1,,tie,derive,n8af83b9fa19f5bf8
n8af83b9fa19f5bf8--tied--start--1,n8af83b9fa19f5bf8--tied--start--1,tied,stamp,n8af83b9fa19f5bf8
n2232b784bca9d561--tie--1,,tie,derive,n2232b784bca9d561
n2232b784bca9d561--tied--stop--1,n2232b784bca9d561--tied--stop--1,tied,stamp,n2232b784bca9d561
nde5b0a55a0baf4d6--tie--1,,tie,derive,nde5b0a55a0baf4d6
nde5b0a55a0baf4d6--tied--stop--1,nde5b0a55a0baf4d6--tied--stop--1,tied,stamp,nde5b0a55a0baf4d6
n1f617b19d59acb80--strong-accent--1,,strong-accent,derive,n1f617b19d59acb80
ne1809ae3e57aa6bf--strong-accent--1,,strong-accent,derive,ne1809ae3e57aa6bf
nb205e172d44e03b9--tuplet--start--1,nb205e172d44e03b9--tuplet--start--1,tuplet,stamp,nb205e172d44e03b9
nb08df8e570af0dc0--tuplet--stop--1,nb08df8e570af0dc0--tuplet--stop--1,tuplet,stamp,nb08df8e570af0dc0
n4697f8fda8701b92--tuplet--start--1,n4697f8fda8701b92--tuplet--start--1,tuplet,stamp,n4697f8fda8701b92
neb93e57dab1d7087--tuplet--stop--1,neb93e57dab1d7087--tuplet--stop--1,tuplet,stamp,neb93e57dab1d7087
e94b26861888211b2,e94b26861888211b2,pedal,md,2
e6d922757dd7c536b,e6d922757dd7c536b,pedal,md,2
n672fe35825e98472--tie--1,,tie,derive,n672fe35825e98472
n672fe35825e98472--tied--start--1,n672fe35825e98472--tied--start--1,tied,stamp,n672fe35825e98472
n73d2479bcb9632e7--tie--1,,tie,derive,n73d2479bcb9632e7
n73d2479bcb9632e7--tied--start--1,n73d2479bcb9632e7--tied--start--1,tied,stamp,n73d2479bcb9632e7
n624c76622e57a530--tie--1,,tie,derive,n624c76622e57a530
n624c76622e57a530--tied--stop--1,n624c76622e57a530--tied--stop--1,tied,stamp,n624c76622e57a530
n4ef442d9f64ced66--tie--1,,tie,derive,n4ef442d9f64ced66
n4ef442d9f64ced66--tied--stop--1,n4ef442d9f64ced66--tied--stop--1,tied,stamp,n4ef442d9f64ced66
n608891d3511e61d1--strong-accent--1,,strong-accent,derive,n608891d3511e61d1
n6d608cd4a24eeb0c--tuplet--start--1,n6d608cd4a24eeb0c--tuplet--start--1,tuplet,stamp,n6d608cd4a24eeb0c
n1c44dc10f7664d7a--tuplet--stop--1,n1c44dc10f7664d7a--tuplet--stop--1,tuplet,stamp,n1c44dc10f7664d7a
n50acb74293911a1e--tuplet--start--1,n50acb74293911a1e--tuplet--start--1,tuplet,stamp,n50acb74293911a1e
na70714e9f241a19e--tuplet--stop--1,na70714e9f241a19e--tuplet--stop--1,tuplet,stamp,na70714e9f241a19e
eb9e589533e92d7e8,eb9e589533e92d7e8,pedal,md,2
n2d758a13b4d87716--tie--1,,tie,derive,n2d758a13b4d87716
n2d758a13b4d87716--tied--start--1,n2d758a13b4d87716--tied--start--1,tied,stamp,n2d758a13b4d87716
n118d2eabd8435533--tie--1,,tie,derive,n118d2eabd8435533
n118d2eabd8435533--tied--start--1,n118d2eabd8435533--tied--start--1,tied,stamp,n118d2eabd8435533
ndf963543ba5adad4--tie--1,,tie,derive,ndf963543ba5adad4
ndf963543ba5adad4--tied--stop--1,ndf963543ba5adad4--tied--stop--1,tied,stamp,ndf963543ba5adad4
n74d5f06aafde76ae--tie--1,,tie,derive,n74d5f06aafde76ae
n74d5f06aafde76ae--tied--stop--1,n74d5f06aafde76ae--tied--stop--1,tied,stamp,n74d5f06aafde76ae
n8e49552e765abeee--tuplet--start--1,n8e49552e765abeee--tuplet--start--1,tuplet,stamp,n8e49552e765abeee
n71de48d1dae366b0--tuplet--stop--1,n71de48d1dae366b0--tuplet--stop--1,tuplet,stamp,n71de48d1dae366b0
n6bc121e8cfbcc86f--tuplet--start--1,n6bc121e8cfbcc86f--tuplet--start--1,tuplet,stamp,n6bc121e8cfbcc86f
n0d328b1bb1d1d2e6--tuplet--stop--1,n0d328b1bb1d1d2e6--tuplet--stop--1,tuplet,stamp,n0d328b1bb1d1d2e6
e3745bca8fd065107,e3745bca8fd065107,pedal,md,2
n00e1a5ffe70ce189--tie--1,,tie,derive,n00e1a5ffe70ce189
n00e1a5ffe70ce189--tied--start--1,n00e1a5ffe70ce189--tied--start--1,tied,stamp,n00e1a5ffe70ce189
ndb518161f9581927--tie--1,,tie,derive,ndb518161f9581927
ndb518161f9581927--tied--start--1,ndb518161f9581927--tied--start--1,tied,stamp,ndb518161f9581927
nc2c589c18a93d9be--tie--1,,tie,derive,nc2c589c18a93d9be
nc2c589c18a93d9be--tied--stop--1,nc2c589c18a93d9be--tied--stop--1,tied,stamp,nc2c589c18a93d9be
n10f45a76877a58c7--tie--1,,tie,derive,n10f45a76877a58c7
n10f45a76877a58c7--tied--stop--1,n10f45a76877a58c7--tied--stop--1,tied,stamp,n10f45a76877a58c7
nf6761ffa30723356--strong-accent--1,,strong-accent,derive,nf6761ffa30723356
ncb971911b33754d5--tuplet--start--1,ncb971911b33754d5--tuplet--start--1,tuplet,stamp,ncb971911b33754d5
n3673ebf36fdc4675--tuplet--stop--1,n3673ebf36fdc4675--tuplet--stop--1,tuplet,stamp,n3673ebf36fdc4675
n90abfc2dff88b975--tuplet--start--1,n90abfc2dff88b975--tuplet--start--1,tuplet,stamp,n90abfc2dff88b975
n551192a927139c4e--tuplet--stop--1,n551192a927139c4e--tuplet--stop--1,tuplet,stamp,n551192a927139c4e
ece63b8a212586eac,ece63b8a212586eac,pedal,md,2
n8179fd4c007d1e3a--tie--1,,tie,derive,n8179fd4c007d1e3a
n8179fd4c007d1e3a--tied--start--1,n8179fd4c007d1e3a--tied--start--1,tied,stamp,n8179fd4c007d1e3a
nab914cbfb4ebdff0--tie--1,,tie,derive,nab914cbfb4ebdff0
nab914cbfb4ebdff0--tied--start--1,nab914cbfb4ebdff0--tied--start--1,tied,stamp,nab914cbfb4ebdff0
n7aeeb8fcde6f00b9--tie--1,,tie,derive,n7aeeb8fcde6f00b9
n7aeeb8fcde6f00b9--tied--stop--1,n7aeeb8fcde6f00b9--tied--stop--1,tied,stamp,n7aeeb8fcde6f00b9
n110aa777ef573ecd--tie--1,,tie,derive,n110aa777ef573ecd
n110aa777ef573ecd--tied--stop--1,n110aa777ef573ecd--tied--stop--1,tied,stamp,n110aa777ef573ecd
nf4ecfae2c1dbe4e2--strong-accent--1,,strong-accent,derive,nf4ecfae2c1dbe4e2
n9a00153681fded2c--strong-accent--1,,strong-accent,derive,n9a00153681fded2c
nc9f056a3e9d0f8d5--tuplet--start--1,nc9f056a3e9d0f8d5--tuplet--start--1,tuplet,stamp,nc9f056a3e9d0f8d5
n1803ba73bd5656e8--tuplet--stop--1,n1803ba73bd5656e8--tuplet--stop--1,tuplet,stamp,n1803ba73bd5656e8
n4d81684157df9b99--tuplet--start--1,n4d81684157df9b99--tuplet--start--1,tuplet,stamp,n4d81684157df9b99
n960b6c9f3b5a8047--tuplet--stop--1,n960b6c9f3b5a8047--tuplet--stop--1,tuplet,stamp,n960b6c9f3b5a8047
e899008845794999c,e899008845794999c,pedal,md,2
nb58c34836ef48c0e--tie--1,,tie,derive,nb58c34836ef48c0e
nb58c34836ef48c0e--tied--start--1,nb58c34836ef48c0e--tied--start--1,tied,stamp,nb58c34836ef48c0e
n02c60111ff94f750--tie--1,,tie,derive,n02c60111ff94f750
n02c60111ff94f750--tied--start--1,n02c60111ff94f750--tied--start--1,tied,stamp,n02c60111ff94f750
nb390bb99e17e0f49--tie--1,,tie,derive,nb390bb99e17e0f49
nb390bb99e17e0f49--tied--stop--1,nb390bb99e17e0f49--tied--stop--1,tied,stamp,nb390bb99e17e0f49
n9686f432f0fc037a--tie--1,,tie,derive,n9686f432f0fc037a
n9686f432f0fc037a--tied--stop--1,n9686f432f0fc037a--tied--stop--1,tied,stamp,n9686f432f0fc037a
n8357adeaf258ff80--strong-accent--1,,strong-accent,derive,n8357adeaf258ff80
n0a06cf8959bea83b--tuplet--start--1,n0a06cf8959bea83b--tuplet--start--1,tuplet,stamp,n0a06cf8959bea83b
ne2d8792033cd8976--tuplet--stop--1,ne2d8792033cd8976--tuplet--stop--1,tuplet,stamp,ne2d8792033cd8976
nac399e0050faeb6e--tuplet--start--1,nac399e0050faeb6e--tuplet--start--1,tuplet,stamp,nac399e0050faeb6e
n91c4b026ccb7252a--tuplet--stop--1,n91c4b026ccb7252a--tuplet--stop--1,tuplet,stamp,n91c4b026ccb7252a
ea11b710fff67ce33,ea11b710fff67ce33,wedge,md,1
e0a84ccf77ef138d0,e0a84ccf77ef138d0,wedge,md,1
e27b4b053fb9096e8,e27b4b053fb9096e8,pedal,md,2
e4a2c648c83f52846,e4a2c648c83f52846,pedal,md,2
n7ddf9eee5dc37f11--tie--1,,tie,derive,n7ddf9eee5dc37f11
n7ddf9eee5dc37f11--tied--start--1,n7ddf9eee5dc37f11--tied--start--1,tied,stamp,n7ddf9eee5dc37f11
n5a35c03da88a81e5--tie--1,,tie,derive,n5a35c03da88a81e5
n5a35c03da88a81e5--tied--start--1,n5a35c03da88a81e5--tied--start--1,tied,stamp,n5a35c03da88a81e5
n5e1eab2342fe966a--tie--1,,tie,derive,n5e1eab2342fe966a
n5e1eab2342fe966a--tied--stop--1,n5e1eab2342fe966a--tied--stop--1,tied,stamp,n5e1eab2342fe966a
n8d725c165ff1ec9f--tie--1,,tie,derive,n8d725c165ff1ec9f
n8d725c165ff1ec9f--tied--stop--1,n8d725c165ff1ec9f--tied--stop--1,tied,stamp,n8d725c165ff1ec9f
n53e50d04670a4d97--strong-accent--1,,strong-accent,derive,n53e50d04670a4d97
n9426a50e37680ee7--strong-accent--1,,strong-accent,derive,n9426a50e37680ee7
n5f46462132e1f190--tuplet--start--1,n5f46462132e1f190--tuplet--start--1,tuplet,stamp,n5f46462132e1f190
ned2c03b019cc1451--tuplet--stop--1,ned2c03b019cc1451--tuplet--stop--1,tuplet,stamp,ned2c03b019cc1451
n121b5ed504818ba0--tuplet--start--1,n121b5ed504818ba0--tuplet--start--1,tuplet,stamp,n121b5ed504818ba0
n526923fa1b8ab019--tuplet--stop--1,n526923fa1b8ab019--tuplet--stop--1,tuplet,stamp,n526923fa1b8ab019
e5646b8d5fcff2761,e5646b8d5fcff2761,wedge,md,1
e1ec74ad3a589644a,e1ec74ad3a589644a,wedge,md,1
eaafc832fae0cf556,eaafc832fae0cf556,pedal,md,2
eaf75711196b0fe45,eaf75711196b0fe45,pedal,md,2
n130826c4952e3de4--accent--1,,accent,derive,n130826c4952e3de4
n62d98b63ead9a581--slur--start--1,n62d98b63ead9a581--slur--start--1,slur,stamp,n62d98b63ead9a581
n88033b58f1e30944--tuplet--start--1,n88033b58f1e30944--tuplet--start--1,tuplet,stamp,n88033b58f1e30944
n330376f7a3ca0c9e--slur--stop--1,n330376f7a3ca0c9e--slur--stop--1,slur,stamp,n330376f7a3ca0c9e
n9d93d53f3200aa88--tuplet--stop--1,n9d93d53f3200aa88--tuplet--stop--1,tuplet,stamp,n9d93d53f3200aa88
n61b0f777c6d5f6dc--tie--1,,tie,derive,n61b0f777c6d5f6dc
n61b0f777c6d5f6dc--tied--start--1,n61b0f777c6d5f6dc--tied--start--1,tied,stamp,n61b0f777c6d5f6dc
n61b0f777c6d5f6dc--slur--start--1,n61b0f777c6d5f6dc--slur--start--1,slur,stamp,n61b0f777c6d5f6dc
n61b0f777c6d5f6dc--strong-accent--1,,strong-accent,derive,n61b0f777c6d5f6dc
eda34479ac0ebebcb,eda34479ac0ebebcb,dynamics,md,1
efa4f13a4688121fb,efa4f13a4688121fb,wedge,md,2
e65d12059d1255b17,e65d12059d1255b17,pedal,md,2
e943042e2cc3a3b85,e943042e2cc3a3b85,wedge,md,2
n5fc7ceb6402686e0--tie--1,,tie,derive,n5fc7ceb6402686e0
n5fc7ceb6402686e0--tied--stop--1,n5fc7ceb6402686e0--tied--stop--1,tied,stamp,n5fc7ceb6402686e0
e5b231291b5bd17ae,e5b231291b5bd17ae,pedal,md,2
n2dfa427874c47378--slur--stop--1,n2dfa427874c47378--slur--stop--1,slur,stamp,n2dfa427874c47378
nc05b99823858c800--slur--start--1,nc05b99823858c800--slur--start--1,slur,stamp,nc05b99823858c800
n3e3d9a04d0d48837--tie--1,,tie,derive,n3e3d9a04d0d48837
n3e3d9a04d0d48837--tied--start--1,n3e3d9a04d0d48837--tied--start--1,tied,stamp,n3e3d9a04d0d48837
n3e3d9a04d0d48837--slur--stop--1,n3e3d9a04d0d48837--slur--stop--1,slur,stamp,n3e3d9a04d0d48837
ea4c7b5fb9e205d98,,other-direction,md,1
eed26584917d36242,eed26584917d36242,words,md,2
e0e0a8ace4fa651a8,e0e0a8ace4fa651a8,words,md,2
eb83878a3715227a4,eb83878a3715227a4,words,md,2
eed5fcf8dec09c32a,eed5fcf8dec09c32a,wedge,md,2
n27bf7a9657a11239--fermata--upright--1,n27bf7a9657a11239--fermata--upright--1,fermata,stamp,n27bf7a9657a11239
ne009ec95b00790a4--tie--1,,tie,derive,ne009ec95b00790a4
ne009ec95b00790a4--tied--stop--1,ne009ec95b00790a4--tied--stop--1,tied,stamp,ne009ec95b00790a4
ne009ec95b00790a4--fermata--upright--1,ne009ec95b00790a4--fermata--upright--1,fermata,stamp,ne009ec95b00790a4
e675cfd04a9a172a4,e675cfd04a9a172a4,dynamics,md,1
e511cfbc615610528,e511cfbc615610528,words,md,1
e2151b30dab426f56,e2151b30dab426f56,wedge,md,2
nc1a07e48048ac9cb--slur--start--1,nc1a07e48048ac9cb--slur--start--1,slur,stamp,nc1a07e48048ac9cb
n6b000efbff0f0bca--slur--stop--1,n6b000efbff0f0bca--slur--stop--1,slur,stamp,n6b000efbff0f0bca
nf64a474589e0e17a--fermata--upright--1,nf64a474589e0e17a--fermata--upright--1,fermata,stamp,nf64a474589e0e17a
nf64a474589e0e17a--arpeggiate--1,nf64a474589e0e17a--arpeggiate--1,arpeggiate,stamp,nf64a474589e0e17a
n3fcd097e59da270d--arpeggiate--1,n3fcd097e59da270d--arpeggiate--1,arpeggiate,stamp,n3fcd097e59da270d
n44b446d0569aebaa--arpeggiate--1,n44b446d0569aebaa--arpeggiate--1,arpeggiate,stamp,n44b446d0569aebaa
nc0f6fdb637cbaa47--fermata--upright--1,nc0f6fdb637cbaa47--fermata--upright--1,fermata,stamp,nc0f6fdb637cbaa47
nc0f6fdb637cbaa47--arpeggiate--1,nc0f6fdb637cbaa47--arpeggiate--1,arpeggiate,stamp,nc0f6fdb637cbaa47
n626584f9e04f815f--arpeggiate--1,n626584f9e04f815f--arpeggiate--1,arpeggiate,stamp,n626584f9e04f815f
ea0f2a44128e3ab74,ea0f2a44128e3ab74,dynamics,md,2
n649fec2b2bdef16f--slur--start--1,n649fec2b2bdef16f--slur--start--1,slur,stamp,n649fec2b2bdef16f
n9a145ad525e8584a--slur--stop--1,n9a145ad525e8584a--slur--stop--1,slur,stamp,n9a145ad525e8584a
n197a28fe60a46c66--tie--1,,tie,derive,n197a28fe60a46c66
n197a28fe60a46c66--tied--start--1,n197a28fe60a46c66--tied--start--1,tied,stamp,n197a28fe60a46c66
n7135956a173d0080--tie--1,,tie,derive,n7135956a173d0080
n7135956a173d0080--tied--start--1,n7135956a173d0080--tied--start--1,tied,stamp,n7135956a173d0080
nece1a506faada48c--tie--1,,tie,derive,nece1a506faada48c
nece1a506faada48c--tied--start--1,nece1a506faada48c--tied--start--1,tied,stamp,nece1a506faada48c
nf57ae885833a0e63--tie--1,,tie,derive,nf57ae885833a0e63
nf57ae885833a0e63--tied--stop--1,nf57ae885833a0e63--tied--stop--1,tied,stamp,nf57ae885833a0e63
n597d8f1ede18284a--tie--1,,tie,derive,n597d8f1ede18284a
n597d8f1ede18284a--tied--stop--1,n597d8f1ede18284a--tied--stop--1,tied,stamp,n597d8f1ede18284a
nb7f674d86c990ae6--tie--1,,tie,derive,nb7f674d86c990ae6
nb7f674d86c990ae6--tied--stop--1,nb7f674d86c990ae6--tied--stop--1,tied,stamp,nb7f674d86c990ae6
n4195ea58679689ea--slur--start--1,n4195ea58679689ea--slur--start--1,slur,stamp,n4195ea58679689ea
nfbf336a20ee0c57e--tie--1,,tie,derive,nfbf336a20ee0c57e
nfbf336a20ee0c57e--tied--start--1,nfbf336a20ee0c57e--tied--start--1,tied,stamp,nfbf336a20ee0c57e
n3723973f5233e4a9--tie--1,,tie,derive,n3723973f5233e4a9
n3723973f5233e4a9--tied--start--1,n3723973f5233e4a9--tied--start--1,tied,stamp,n3723973f5233e4a9
n53ea3fefd2cba2cb--tie--1,,tie,derive,n53ea3fefd2cba2cb
n53ea3fefd2cba2cb--tied--stop--1,n53ea3fefd2cba2cb--tied--stop--1,tied,stamp,n53ea3fefd2cba2cb
ncd060e424eba7e7f--slur--start--1,ncd060e424eba7e7f--slur--start--1,slur,stamp,ncd060e424eba7e7f
e2c5039250a4666d8,e2c5039250a4666d8,words,md,1
e14f254886137e723,e14f254886137e723,words,md,1
n227df511658c4452--tie--1,,tie,derive,n227df511658c4452
n227df511658c4452--tied--start--1,n227df511658c4452--tied--start--1,tied,stamp,n227df511658c4452
n923eb19eb1358014--tie--1,,tie,derive,n923eb19eb1358014
n923eb19eb1358014--tied--stop--1,n923eb19eb1358014--tied--stop--1,tied,stamp,n923eb19eb1358014
n8d4f7094476a2c21--slur--start--1,n8d4f7094476a2c21--slur--start--1,slur,stamp,n8d4f7094476a2c21
n12bbbcbebd7cfd79--slur--stop--1,n12bbbcbebd7cfd79--slur--stop--1,slur,stamp,n12bbbcbebd7cfd79
ne12e5e61f2a5cd3c--tie--1,,tie,derive,ne12e5e61f2a5cd3c
ne12e5e61f2a5cd3c--tied--stop--1,ne12e5e61f2a5cd3c--tied--stop--1,tied,stamp,ne12e5e61f2a5cd3c
n9083df0295711916--tie--1,,tie,derive,n9083df0295711916
n9083df0295711916--tied--start--1,n9083df0295711916--tied--start--1,tied,stamp,n9083df0295711916
n226d66f08c0ec6fe--tie--1,,tie,derive,n226d66f08c0ec6fe
n226d66f08c0ec6fe--tied--start--1,n226d66f08c0ec6fe--tied--start--1,tied,stamp,n226d66f08c0ec6fe
n87e52bb7f8d43d03--tie--1,,tie,derive,n87e52bb7f8d43d03
n87e52bb7f8d43d03--tied--stop--1,n87e52bb7f8d43d03--tied--stop--1,tied,stamp,n87e52bb7f8d43d03
naef0276a60bf1500--slur--stop--1,naef0276a60bf1500--slur--stop--1,slur,stamp,naef0276a60bf1500
n4cd5ac42f163783b--tie--1,,tie,derive,n4cd5ac42f163783b
n4cd5ac42f163783b--tie--2,,tie,derive,n4cd5ac42f163783b
n4cd5ac42f163783b--tied--stop--1,n4cd5ac42f163783b--tied--stop--1,tied,stamp,n4cd5ac42f163783b
n4cd5ac42f163783b--tied--start--2,n4cd5ac42f163783b--tied--start--2,tied,stamp,n4cd5ac42f163783b
n8f3452fab58ef8e2--tie--1,,tie,derive,n8f3452fab58ef8e2
n8f3452fab58ef8e2--tied--stop--1,n8f3452fab58ef8e2--tied--stop--1,tied,stamp,n8f3452fab58ef8e2
nfbaf1c56d1b20769--slur--stop--1,nfbaf1c56d1b20769--slur--stop--1,slur,stamp,nfbaf1c56d1b20769
n3f2881b21016a034--tie--1,,tie,derive,n3f2881b21016a034
n3f2881b21016a034--tied--start--1,n3f2881b21016a034--tied--start--1,tied,stamp,n3f2881b21016a034
n67b0f822c8ecb960--slur--start--1,n67b0f822c8ecb960--slur--start--1,slur,stamp,n67b0f822c8ecb960
na8b95bdf810b8954--slur--start--1,na8b95bdf810b8954--slur--start--1,slur,stamp,na8b95bdf810b8954
n16c0337d9e6bb30a--tie--1,,tie,derive,n16c0337d9e6bb30a
n16c0337d9e6bb30a--tied--stop--1,n16c0337d9e6bb30a--tied--stop--1,tied,stamp,n16c0337d9e6bb30a
n189a47f59bab6859--tie--1,,tie,derive,n189a47f59bab6859
n189a47f59bab6859--tied--start--1,n189a47f59bab6859--tied--start--1,tied,stamp,n189a47f59bab6859
n87df300baa29c94f--tie--1,,tie,derive,n87df300baa29c94f
n87df300baa29c94f--tied--stop--1,n87df300baa29c94f--tied--stop--1,tied,stamp,n87df300baa29c94f
n97138325c89be5f0--tie--1,,tie,derive,n97138325c89be5f0
n97138325c89be5f0--tied--start--1,n97138325c89be5f0--tied--start--1,tied,stamp,n97138325c89be5f0
ncd7ab860b74c5416--slur--start--1,ncd7ab860b74c5416--slur--start--1,slur,stamp,ncd7ab860b74c5416
n80a99f33c70b1427--slur--stop--1,n80a99f33c70b1427--slur--stop--1,slur,stamp,n80a99f33c70b1427
n8652846c7c73b985--tenuto--1,,tenuto,derive,n8652846c7c73b985
n1b46a00ecf6636bb--slur--stop--1,n1b46a00ecf6636bb--slur--stop--1,slur,stamp,n1b46a00ecf6636bb
n136f6c07b0085c9b--tenuto--1,,tenuto,derive,n136f6c07b0085c9b
n06c7a8539f392489--tie--1,,tie,derive,n06c7a8539f392489
n06c7a8539f392489--tied--start--1,n06c7a8539f392489--tied--start--1,tied,stamp,n06c7a8539f392489
n06c7a8539f392489--slur--stop--1,n06c7a8539f392489--slur--stop--1,slur,stamp,n06c7a8539f392489
nd6248d6c52c81dc3--tie--1,,tie,derive,nd6248d6c52c81dc3
nd6248d6c52c81dc3--tied--start--1,nd6248d6c52c81dc3--tied--start--1,tied,stamp,nd6248d6c52c81dc3
n77498f056e618b59--tie--1,,tie,derive,n77498f056e618b59
n77498f056e618b59--tie--2,,tie,derive,n77498f056e618b59
n77498f056e618b59--tied--stop--1,n77498f056e618b59--tied--stop--1,tied,stamp,n77498f056e618b59
n77498f056e618b59--tied--start--2,n77498f056e618b59--tied--start--2,tied,stamp,n77498f056e618b59
n29c384111e6927e1--tie--1,,tie,derive,n29c384111e6927e1
n29c384111e6927e1--tied--stop--1,n29c384111e6927e1--tied--stop--1,tied,stamp,n29c384111e6927e1
nc5b21a550aee4853--tie--1,,tie,derive,nc5b21a550aee4853
nc5b21a550aee4853--tied--start--1,nc5b21a550aee4853--tied--start--1,tied,stamp,nc5b21a550aee4853
n80d5a31b447fd009--tie--1,,tie,derive,n80d5a31b447fd009
n80d5a31b447fd009--tied--stop--1,n80d5a31b447fd009--tied--stop--1,tied,stamp,n80d5a31b447fd009
n20ded6098179ce13--tie--1,,tie,derive,n20ded6098179ce13
n20ded6098179ce13--tied--start--1,n20ded6098179ce13--tied--start--1,tied,stamp,n20ded6098179ce13
n428094955f52698f--slur--start--1,n428094955f52698f--slur--start--1,slur,stamp,n428094955f52698f
n6dcef7265e5f854b--slur--stop--1,n6dcef7265e5f854b--slur--stop--1,slur,stamp,n6dcef7265e5f854b
n6dcef7265e5f854b--slur--start--2,n6dcef7265e5f854b--slur--start--2,slur,stamp,n6dcef7265e5f854b
nc8b11541ab113bca--tenuto--1,,tenuto,derive,nc8b11541ab113bca
n43110053ba5b9d16--slur--stop--1,n43110053ba5b9d16--slur--stop--1,slur,stamp,n43110053ba5b9d16
ne96bb04b9f4c2e32--tie--1,,tie,derive,ne96bb04b9f4c2e32
ne96bb04b9f4c2e32--tied--stop--1,ne96bb04b9f4c2e32--tied--stop--1,tied,stamp,ne96bb04b9f4c2e32
ne96bb04b9f4c2e32--slur--start--1,ne96bb04b9f4c2e32--slur--start--1,slur,stamp,ne96bb04b9f4c2e32
n6d0fa111a7a9db2e--tenuto--1,,tenuto,derive,n6d0fa111a7a9db2e
nac3be1b5ad64bcf6--tie--1,,tie,derive,nac3be1b5ad64bcf6
nac3be1b5ad64bcf6--tied--start--1,nac3be1b5ad64bcf6--tied--start--1,tied,stamp,nac3be1b5ad64bcf6
nac3be1b5ad64bcf6--slur--stop--1,nac3be1b5ad64bcf6--slur--stop--1,slur,stamp,nac3be1b5ad64bcf6
n2af218834daeaf06--tie--1,,tie,derive,n2af218834daeaf06
n2af218834daeaf06--tied--stop--1,n2af218834daeaf06--tied--stop--1,tied,stamp,n2af218834daeaf06
nfc22c2695fb7e27e--tie--1,,tie,derive,nfc22c2695fb7e27e
nfc22c2695fb7e27e--tied--start--1,nfc22c2695fb7e27e--tied--start--1,tied,stamp,nfc22c2695fb7e27e
nf4a498d938257e8f--tie--1,,tie,derive,nf4a498d938257e8f
nf4a498d938257e8f--tie--2,,tie,derive,nf4a498d938257e8f
nf4a498d938257e8f--tied--stop--1,nf4a498d938257e8f--tied--stop--1,tied,stamp,nf4a498d938257e8f
nf4a498d938257e8f--tied--start--2,nf4a498d938257e8f--tied--start--2,tied,stamp,nf4a498d938257e8f
e9ba9185023fad152,e9ba9185023fad152,wedge,md,1
n0440c17d0ee7ab78--tie--1,,tie,derive,n0440c17d0ee7ab78
n0440c17d0ee7ab78--tied--stop--1,n0440c17d0ee7ab78--tied--stop--1,tied,stamp,n0440c17d0ee7ab78
n0c14569e3f27277d--slur--start--1,n0c14569e3f27277d--slur--start--1,slur,stamp,n0c14569e3f27277d
n775842efe85f19dd--arpeggiate--1,n775842efe85f19dd--arpeggiate--1,arpeggiate,stamp,n775842efe85f19dd
n57fa051182b9a328--tie--1,,tie,derive,n57fa051182b9a328
n57fa051182b9a328--tied--stop--1,n57fa051182b9a328--tied--stop--1,tied,stamp,n57fa051182b9a328
n57fa051182b9a328--slur--start--1,n57fa051182b9a328--slur--start--1,slur,stamp,n57fa051182b9a328
n0d3515d031601126--tie--1,,tie,derive,n0d3515d031601126
n0d3515d031601126--tied--stop--1,n0d3515d031601126--tied--stop--1,tied,stamp,n0d3515d031601126
ncc359d6bcdd61ea3--tie--1,,tie,derive,ncc359d6bcdd61ea3
ncc359d6bcdd61ea3--tied--start--1,ncc359d6bcdd61ea3--tied--start--1,tied,stamp,ncc359d6bcdd61ea3
n84fc29f503a31ddc--tie--1,,tie,derive,n84fc29f503a31ddc
n84fc29f503a31ddc--tied--stop--1,n84fc29f503a31ddc--tied--stop--1,tied,stamp,n84fc29f503a31ddc
e82484c9de7a9aff0,e82484c9de7a9aff0,wedge,md,1
e4625b0d6aeb793e3,e4625b0d6aeb793e3,wedge,md,1
eaa8f61f7d611460f,eaa8f61f7d611460f,pedal,md,2
n9e33651def8bb39d--tuplet--start--1,n9e33651def8bb39d--tuplet--start--1,tuplet,stamp,n9e33651def8bb39d
nffa2c9fd645a4d8e--tuplet--stop--1,nffa2c9fd645a4d8e--tuplet--stop--1,tuplet,stamp,nffa2c9fd645a4d8e
nfac04541f06aba74--arpeggiate--1,nfac04541f06aba74--arpeggiate--1,arpeggiate,stamp,nfac04541f06aba74
n3c3b7edda77fa9fa--tuplet--start--1,n3c3b7edda77fa9fa--tuplet--start--1,tuplet,stamp,n3c3b7edda77fa9fa
n693ff7604b8a5cc9--tuplet--stop--1,n693ff7604b8a5cc9--tuplet--stop--1,tuplet,stamp,n693ff7604b8a5cc9
n693ff7604b8a5cc9--slur--stop--1,n693ff7604b8a5cc9--slur--stop--1,slur,stamp,n693ff7604b8a5cc9
na21c76eb6b5c6733--tuplet--start--1,na21c76eb6b5c6733--tuplet--start--1,tuplet,stamp,na21c76eb6b5c6733
nba079b024f1276ae--tuplet--stop--1,nba079b024f1276ae--tuplet--stop--1,tuplet,stamp,nba079b024f1276ae
nba079b024f1276ae--slur--stop--1,nba079b024f1276ae--slur--stop--1,slur,stamp,nba079b024f1276ae
e1264336f334676dd,e1264336f334676dd,wedge,md,1
n12893fb3e0ced33f--slur--start--1,n12893fb3e0ced33f--slur--start--1,slur,stamp,n12893fb3e0ced33f
n12893fb3e0ced33f--staccato--1,,staccato,derive,n12893fb3e0ced33f
nfe2a32adc9326c10--slur--stop--1,nfe2a32adc9326c10--slur--stop--1,slur,stamp,nfe2a32adc9326c10
nfe2a32adc9326c10--staccato--1,,staccato,derive,nfe2a32adc9326c10
nc333f6ccfdb97c80--tuplet--start--1,nc333f6ccfdb97c80--tuplet--start--1,tuplet,stamp,nc333f6ccfdb97c80
nc333f6ccfdb97c80--slur--start--1,nc333f6ccfdb97c80--slur--start--1,slur,stamp,nc333f6ccfdb97c80
nd04e39748867d320--tuplet--stop--1,nd04e39748867d320--tuplet--stop--1,tuplet,stamp,nd04e39748867d320
nd04e39748867d320--slur--stop--1,nd04e39748867d320--slur--stop--1,slur,stamp,nd04e39748867d320
n5d9795467ca659b4--slur--start--1,n5d9795467ca659b4--slur--start--1,slur,stamp,n5d9795467ca659b4
n5d9795467ca659b4--staccato--1,,staccato,derive,n5d9795467ca659b4
n44432f43dbf03968--slur--stop--1,n44432f43dbf03968--slur--stop--1,slur,stamp,n44432f43dbf03968
n44432f43dbf03968--staccato--1,,staccato,derive,n44432f43dbf03968
n577836ac6a082ef8--tuplet--start--1,n577836ac6a082ef8--tuplet--start--1,tuplet,stamp,n577836ac6a082ef8
n577836ac6a082ef8--slur--start--1,n577836ac6a082ef8--slur--start--1,slur,stamp,n577836ac6a082ef8
n7e36843648f5d708--tuplet--stop--1,n7e36843648f5d708--tuplet--stop--1,tuplet,stamp,n7e36843648f5d708
n7e36843648f5d708--slur--stop--1,n7e36843648f5d708--slur--stop--1,slur,stamp,n7e36843648f5d708
e05b88b0930dfd0b8,e05b88b0930dfd0b8,wedge,md,1
e9f4468ee7a93b0c6,e9f4468ee7a93b0c6,wedge,md,1
e59df2c5dc02382ac,e59df2c5dc02382ac,pedal,md,2
n8a9c40200f3f283c--tie--1,,tie,derive,n8a9c40200f3f283c
n8a9c40200f3f283c--tied--start--1,n8a9c40200f3f283c--tied--start--1,tied,stamp,n8a9c40200f3f283c
n8a9c40200f3f283c--slur--start--1,n8a9c40200f3f283c--slur--start--1,slur,stamp,n8a9c40200f3f283c
n388c7f81be56b823--tie--1,,tie,derive,n388c7f81be56b823
n388c7f81be56b823--tied--start--1,n388c7f81be56b823--tied--start--1,tied,stamp,n388c7f81be56b823
nb94a0e415518e04b--tie--1,,tie,derive,nb94a0e415518e04b
nb94a0e415518e04b--tied--start--1,nb94a0e415518e04b--tied--start--1,tied,stamp,nb94a0e415518e04b
nb94a0e415518e04b--slur--start--1,nb94a0e415518e04b--slur--start--1,slur,stamp,nb94a0e415518e04b
n23ed0bfa9c430510--tie--1,,tie,derive,n23ed0bfa9c430510
n23ed0bfa9c430510--tied--start--1,n23ed0bfa9c430510--tied--start--1,tied,stamp,n23ed0bfa9c430510
ea94c359d3018740e,ea94c359d3018740e,dynamics,md,1
e2d1ee24d3e08aa49,e2d1ee24d3e08aa49,wedge,md,1
n62086700071ddeda--tie--1,,tie,derive,n62086700071ddeda
n62086700071ddeda--tied--stop--1,n62086700071ddeda--tied--stop--1,tied,stamp,n62086700071ddeda
n3ad647a25f37a350--tie--1,,tie,derive,n3ad647a25f37a350
n3ad647a25f37a350--tied--stop--1,n3ad647a25f37a350--tied--stop--1,tied,stamp,n3ad647a25f37a350
n4e82c853f3a27642--slur--stop--1,n4e82c853f3a27642--slur--stop--1,slur,stamp,n4e82c853f3a27642
ne6d0ded315cc8161--tie--1,,tie,derive,ne6d0ded315cc8161
ne6d0ded315cc8161--tied--stop--1,ne6d0ded315cc8161--tied--stop--1,tied,stamp,ne6d0ded315cc8161
nedbf10949e90f4fc--slur--stop--1,nedbf10949e90f4fc--slur--stop--1,slur,stamp,nedbf10949e90f4fc
n6251044850ec68b3--tie--1,,tie,derive,n6251044850ec68b3
n6251044850ec68b3--tied--stop--1,n6251044850ec68b3--tied--stop--1,tied,stamp,n6251044850ec68b3
ee9b5cde75d586460,ee9b5cde75d586460,wedge,md,1
nd0ea6f1c4f593287--tuplet--start--1,nd0ea6f1c4f593287--tuplet--start--1,tuplet,stamp,nd0ea6f1c4f593287
n33129e761b71446e--tuplet--stop--1,n33129e761b71446e--tuplet--stop--1,tuplet,stamp,n33129e761b71446e
ec8268422c1836063,ec8268422c1836063,dynamics,md,2
ef3a91a1e8b4277b9,ef3a91a1e8b4277b9,words,md,2
n1565d7f6fc25d8e7--tuplet--start--1,n1565d7f6fc25d8e7--tuplet--start--1,tuplet,stamp,n1565d7f6fc25d8e7
nc7914392cc9a243a--tuplet--stop--1,nc7914392cc9a243a--tuplet--stop--1,tuplet,stamp,nc7914392cc9a243a
nfea872884b955626--tuplet--start--1,nfea872884b955626--tuplet--start--1,tuplet,stamp,nfea872884b955626
n5d35a39916a47973--tuplet--stop--1,n5d35a39916a47973--tuplet--stop--1,tuplet,stamp,n5d35a39916a47973
e048aa573492d8e2d,,other-direction,md,1
e7929440316e21573,e7929440316e21573,words,md,1
ece4f01c1daa909ac,ece4f01c1daa909ac,pedal,md,2
n08d10327edc115ec--tuplet--start--1,n08d10327edc115ec--tuplet--start--1,tuplet,stamp,n08d10327edc115ec
n40c052c2b4fb9d21--tuplet--stop--1,n40c052c2b4fb9d21--tuplet--stop--1,tuplet,stamp,n40c052c2b4fb9d21
n3981a16028f48b2b--tuplet--start--1,n3981a16028f48b2b--tuplet--start--1,tuplet,stamp,n3981a16028f48b2b
nc80980873a0ca010--tuplet--stop--1,nc80980873a0ca010--tuplet--stop--1,tuplet,stamp,nc80980873a0ca010
ne62bda0e8a3bf4b2--tie--1,,tie,derive,ne62bda0e8a3bf4b2
ne62bda0e8a3bf4b2--tied--start--1,ne62bda0e8a3bf4b2--tied--start--1,tied,stamp,ne62bda0e8a3bf4b2
n91f1a4a4aff9850d--tie--1,,tie,derive,n91f1a4a4aff9850d
n91f1a4a4aff9850d--tied--start--1,n91f1a4a4aff9850d--tied--start--1,tied,stamp,n91f1a4a4aff9850d
nf80d0ceef2030b9c--tie--1,,tie,derive,nf80d0ceef2030b9c
nf80d0ceef2030b9c--tied--stop--1,nf80d0ceef2030b9c--tied--stop--1,tied,stamp,nf80d0ceef2030b9c
n7dcf2d186dd970cd--tie--1,,tie,derive,n7dcf2d186dd970cd
n7dcf2d186dd970cd--tied--stop--1,n7dcf2d186dd970cd--tied--stop--1,tied,stamp,n7dcf2d186dd970cd
n9349fa3d384113ff--strong-accent--1,,strong-accent,derive,n9349fa3d384113ff
n7f20d1188042a170--tuplet--start--1,n7f20d1188042a170--tuplet--start--1,tuplet,stamp,n7f20d1188042a170
n42ce359a00fa7814--tuplet--stop--1,n42ce359a00fa7814--tuplet--stop--1,tuplet,stamp,n42ce359a00fa7814
nb71923413d97e598--tuplet--start--1,nb71923413d97e598--tuplet--start--1,tuplet,stamp,nb71923413d97e598
n54a92baba275575c--tuplet--stop--1,n54a92baba275575c--tuplet--stop--1,tuplet,stamp,n54a92baba275575c
n080b2b1223470fa2--tie--1,,tie,derive,n080b2b1223470fa2
n080b2b1223470fa2--tied--start--1,n080b2b1223470fa2--tied--start--1,tied,stamp,n080b2b1223470fa2
n6d00cf910bcab710--tie--1,,tie,derive,n6d00cf910bcab710
n6d00cf910bcab710--tied--start--1,n6d00cf910bcab710--tied--start--1,tied,stamp,n6d00cf910bcab710
n8bfc8ad52873f4ed--tie--1,,tie,derive,n8bfc8ad52873f4ed
n8bfc8ad52873f4ed--tied--stop--1,n8bfc8ad52873f4ed--tied--stop--1,tied,stamp,n8bfc8ad52873f4ed
nb7b57ab305d9e98d--tie--1,,tie,derive,nb7b57ab305d9e98d
nb7b57ab305d9e98d--tied--stop--1,nb7b57ab305d9e98d--tied--stop--1,tied,stamp,nb7b57ab305d9e98d
n80e1161512e9ff82--strong-accent--1,,strong-accent,derive,n80e1161512e9ff82
n30846a337c04b0f7--strong-accent--1,,strong-accent,derive,n30846a337c04b0f7
nd0cc7f6b2b84b6f3--tuplet--start--1,nd0cc7f6b2b84b6f3--tuplet--start--1,tuplet,stamp,nd0cc7f6b2b84b6f3
n71652e58d09844a2--tuplet--stop--1,n71652e58d09844a2--tuplet--stop--1,tuplet,stamp,n71652e58d09844a2
n438f00a0a14c3fe1--tuplet--start--1,n438f00a0a14c3fe1--tuplet--start--1,tuplet,stamp,n438f00a0a14c3fe1
nb7c4bda334e9bdac--tuplet--stop--1,nb7c4bda334e9bdac--tuplet--stop--1,tuplet,stamp,nb7c4bda334e9bdac
n2e98592199031621--tie--1,,tie,derive,n2e98592199031621
n2e98592199031621--tied--start--1,n2e98592199031621--tied--start--1,tied,stamp,n2e98592199031621
n4e763f3fd2238e65--tie--1,,tie,derive,n4e763f3fd2238e65
n4e763f3fd2238e65--tied--start--1,n4e763f3fd2238e65--tied--start--1,tied,stamp,n4e763f3fd2238e65
n4ddbcfd9a25b4e4b--tie--1,,tie,derive,n4ddbcfd9a25b4e4b
n4ddbcfd9a25b4e4b--tied--stop--1,n4ddbcfd9a25b4e4b--tied--stop--1,tied,stamp,n4ddbcfd9a25b4e4b
nb703744b1f80ce36--tie--1,,tie,derive,nb703744b1f80ce36
nb703744b1f80ce36--tied--stop--1,nb703744b1f80ce36--tied--stop--1,tied,stamp,nb703744b1f80ce36
n4befb078c5fd39fa--tie--1,,tie,derive,n4befb078c5fd39fa
n4befb078c5fd39fa--tied--start--1,n4befb078c5fd39fa--tied--start--1,tied,stamp,n4befb078c5fd39fa
n4befb078c5fd39fa--strong-accent--1,,strong-accent,derive,n4befb078c5fd39fa
nc324551a85da290d--tuplet--start--1,nc324551a85da290d--tuplet--start--1,tuplet,stamp,nc324551a85da290d
n569c610a6b6561ee--tuplet--stop--1,n569c610a6b6561ee--tuplet--stop--1,tuplet,stamp,n569c610a6b6561ee
n64a861ccca1939ad--tuplet--start--1,n64a861ccca1939ad--tuplet--start--1,tuplet,stamp,n64a861ccca1939ad
n6a7e40404de297f1--tuplet--stop--1,n6a7e40404de297f1--tuplet--stop--1,tuplet,stamp,n6a7e40404de297f1
nfae45c5abb45c8b1--tie--1,,tie,derive,nfae45c5abb45c8b1
nfae45c5abb45c8b1--tied--start--1,nfae45c5abb45c8b1--tied--start--1,tied,stamp,nfae45c5abb45c8b1
nedb569a5d790b12f--tie--1,,tie,derive,nedb569a5d790b12f
nedb569a5d790b12f--tied--start--1,nedb569a5d790b12f--tied--start--1,tied,stamp,nedb569a5d790b12f
n9a461ea47deb7986--tie--1,,tie,derive,n9a461ea47deb7986
n9a461ea47deb7986--tied--stop--1,n9a461ea47deb7986--tied--stop--1,tied,stamp,n9a461ea47deb7986
n0cff2a69a0b05301--tie--1,,tie,derive,n0cff2a69a0b05301
n0cff2a69a0b05301--tied--stop--1,n0cff2a69a0b05301--tied--stop--1,tied,stamp,n0cff2a69a0b05301
n20979f0ffd2dc122--tie--1,,tie,derive,n20979f0ffd2dc122
n20979f0ffd2dc122--tied--stop--1,n20979f0ffd2dc122--tied--stop--1,tied,stamp,n20979f0ffd2dc122
n20979f0ffd2dc122--slur--start--1,n20979f0ffd2dc122--slur--start--1,slur,stamp,n20979f0ffd2dc122
nec1e9cacd22be0cf--accent--1,,accent,derive,nec1e9cacd22be0cf
na1eae6b64ad4d784--accent--1,,accent,derive,na1eae6b64ad4d784
n29f5f673ffbc06de--slur--stop--1,n29f5f673ffbc06de--slur--stop--1,slur,stamp,n29f5f673ffbc06de
n29f5f673ffbc06de--accent--1,,accent,derive,n29f5f673ffbc06de
n9f68a9b4dde63d27--tuplet--start--1,n9f68a9b4dde63d27--tuplet--start--1,tuplet,stamp,n9f68a9b4dde63d27
n7559988a72d97f17--tuplet--stop--1,n7559988a72d97f17--tuplet--stop--1,tuplet,stamp,n7559988a72d97f17
nc0b47e9bdc7b8c2c--tuplet--start--1,nc0b47e9bdc7b8c2c--tuplet--start--1,tuplet,stamp,nc0b47e9bdc7b8c2c
na4ad2dfd27bdd390--tuplet--stop--1,na4ad2dfd27bdd390--tuplet--stop--1,tuplet,stamp,na4ad2dfd27bdd390
e25c60eb3d9ee2a1b,e25c60eb3d9ee2a1b,wedge,md,1
n7a1848f63b88bdeb--tie--1,,tie,derive,n7a1848f63b88bdeb
n7a1848f63b88bdeb--tied--start--1,n7a1848f63b88bdeb--tied--start--1,tied,stamp,n7a1848f63b88bdeb
n06d9c4e3f16e5b41--tie--1,,tie,derive,n06d9c4e3f16e5b41
n06d9c4e3f16e5b41--tied--start--1,n06d9c4e3f16e5b41--tied--start--1,tied,stamp,n06d9c4e3f16e5b41
n0f9f196a13539f12--tie--1,,tie,derive,n0f9f196a13539f12
n0f9f196a13539f12--tied--stop--1,n0f9f196a13539f12--tied--stop--1,tied,stamp,n0f9f196a13539f12
n53501ceeb7ba12f2--tie--1,,tie,derive,n53501ceeb7ba12f2
n53501ceeb7ba12f2--tied--stop--1,n53501ceeb7ba12f2--tied--stop--1,tied,stamp,n53501ceeb7ba12f2
n8320a1331645618c--slur--start--1,n8320a1331645618c--slur--start--1,slur,stamp,n8320a1331645618c
n8320a1331645618c--strong-accent--1,,strong-accent,derive,n8320a1331645618c
nc6dbcb88f3aa6248--tuplet--start--1,nc6dbcb88f3aa6248--tuplet--start--1,tuplet,stamp,nc6dbcb88f3aa6248
n91d750e67b784453--tuplet--stop--1,n91d750e67b784453--tuplet--stop--1,tuplet,stamp,n91d750e67b784453
n9368e1ff04d2b327--tuplet--start--1,n9368e1ff04d2b327--tuplet--start--1,tuplet,stamp,n9368e1ff04d2b327
nc06d968bc0d93b07--tuplet--stop--1,nc06d968bc0d93b07--tuplet--stop--1,tuplet,stamp,nc06d968bc0d93b07
n3df0f6ee70a08fa4--tie--1,,tie,derive,n3df0f6ee70a08fa4
n3df0f6ee70a08fa4--tied--start--1,n3df0f6ee70a08fa4--tied--start--1,tied,stamp,n3df0f6ee70a08fa4
n436d559597b03323--tie--1,,tie,derive,n436d559597b03323
n436d559597b03323--tied--start--1,n436d559597b03323--tied--start--1,tied,stamp,n436d559597b03323
n9d989e5ac95b3dab--tie--1,,tie,derive,n9d989e5ac95b3dab
n9d989e5ac95b3dab--tied--stop--1,n9d989e5ac95b3dab--tied--stop--1,tied,stamp,n9d989e5ac95b3dab
nd500b906431c8527--tie--1,,tie,derive,nd500b906431c8527
nd500b906431c8527--tied--stop--1,nd500b906431c8527--tied--stop--1,tied,stamp,nd500b906431c8527
n8d2bc4ad61e1e843--slur--stop--1,n8d2bc4ad61e1e843--slur--stop--1,slur,stamp,n8d2bc4ad61e1e843
n8d2bc4ad61e1e843--accent--1,,accent,derive,n8d2bc4ad61e1e843
ne3de2436d605ef76--tuplet--start--1,ne3de2436d605ef76--tuplet--start--1,tuplet,stamp,ne3de2436d605ef76
nf274fbfccfc2a597--tuplet--stop--1,nf274fbfccfc2a597--tuplet--stop--1,tuplet,stamp,nf274fbfccfc2a597
nff63938488dece44--tuplet--start--1,nff63938488dece44--tuplet--start--1,tuplet,stamp,nff63938488dece44
n8cc5e33c7191daa4--tuplet--stop--1,n8cc5e33c7191daa4--tuplet--stop--1,tuplet,stamp,n8cc5e33c7191daa4
e2f957a9715aecb23,e2f957a9715aecb23,pedal,md,2
n93c109d8491ad68e--tie--1,,tie,derive,n93c109d8491ad68e
n93c109d8491ad68e--tied--start--1,n93c109d8491ad68e--tied--start--1,tied,stamp,n93c109d8491ad68e
nad2686d45e4c1d69--tie--1,,tie,derive,nad2686d45e4c1d69
nad2686d45e4c1d69--tied--start--1,nad2686d45e4c1d69--tied--start--1,tied,stamp,nad2686d45e4c1d69
n51cb132a2ae4d1d5--tie--1,,tie,derive,n51cb132a2ae4d1d5
n51cb132a2ae4d1d5--tied--stop--1,n51cb132a2ae4d1d5--tied--stop--1,tied,stamp,n51cb132a2ae4d1d5
n093a8d39a3e363f4--tie--1,,tie,derive,n093a8d39a3e363f4
n093a8d39a3e363f4--tied--stop--1,n093a8d39a3e363f4--tied--stop--1,tied,stamp,n093a8d39a3e363f4
n560d8446b572ead9--strong-accent--1,,strong-accent,derive,n560d8446b572ead9
n6d234c534d8f8bdd--tuplet--start--1,n6d234c534d8f8bdd--tuplet--start--1,tuplet,stamp,n6d234c534d8f8bdd
nf517c7115853b5dd--tuplet--stop--1,nf517c7115853b5dd--tuplet--stop--1,tuplet,stamp,nf517c7115853b5dd
n9b77cefac3708980--tuplet--start--1,n9b77cefac3708980--tuplet--start--1,tuplet,stamp,n9b77cefac3708980
n573d1f8efed059d8--tuplet--stop--1,n573d1f8efed059d8--tuplet--stop--1,tuplet,stamp,n573d1f8efed059d8
e51ace7a58a625699,e51ace7a58a625699,pedal,md,2
n88e382374e333bcc--tie--1,,tie,derive,n88e382374e333bcc
n88e382374e333bcc--tied--start--1,n88e382374e333bcc--tied--start--1,tied,stamp,n88e382374e333bcc
n9700197f837e4d8b--tie--1,,tie,derive,n9700197f837e4d8b
n9700197f837e4d8b--tied--start--1,n9700197f837e4d8b--tied--start--1,tied,stamp,n9700197f837e4d8b
n21c31ef66bcc0efe--tie--1,,tie,derive,n21c31ef66bcc0efe
n21c31ef66bcc0efe--tied--stop--1,n21c31ef66bcc0efe--tied--stop--1,tied,stamp,n21c31ef66bcc0efe
nbf910f222cba664d--tie--1,,tie,derive,nbf910f222cba664d
nbf910f222cba664d--tied--stop--1,nbf910f222cba664d--tied--stop--1,tied,stamp,nbf910f222cba664d
n97b9d059284666f1--strong-accent--1,,strong-accent,derive,n97b9d059284666f1
n77495f5e12a6dcce--strong-accent--1,,strong-accent,derive,n77495f5e12a6dcce
n31bc2f79757336c3--tuplet--start--1,n31bc2f79757336c3--tuplet--start--1,tuplet,stamp,n31bc2f79757336c3
n3f6fbf8633a9d785--tuplet--stop--1,n3f6fbf8633a9d785--tuplet--stop--1,tuplet,stamp,n3f6fbf8633a9d785
n79850c89571c348e--tuplet--start--1,n79850c89571c348e--tuplet--start--1,tuplet,stamp,n79850c89571c348e
n0566af0086b65889--tuplet--stop--1,n0566af0086b65889--tuplet--stop--1,tuplet,stamp,n0566af0086b65889
ea82edb9a0e288446,ea82edb9a0e288446,pedal,md,2
n542088e9e76617a4--tie--1,,tie,derive,n542088e9e76617a4
n542088e9e76617a4--tied--start--1,n542088e9e76617a4--tied--start--1,tied,stamp,n542088e9e76617a4
n26517d8bcc8b4f04--tie--1,,tie,derive,n26517d8bcc8b4f04
n26517d8bcc8b4f04--tied--start--1,n26517d8bcc8b4f04--tied--start--1,tied,stamp,n26517d8bcc8b4f04
n398d617e3d4a1bc2--tie--1,,tie,derive,n398d617e3d4a1bc2
n398d617e3d4a1bc2--tied--stop--1,n398d617e3d4a1bc2--tied--stop--1,tied,stamp,n398d617e3d4a1bc2
nd5912de9f70e4d53--tie--1,,tie,derive,nd5912de9f70e4d53
nd5912de9f70e4d53--tied--stop--1,nd5912de9f70e4d53--tied--stop--1,tied,stamp,nd5912de9f70e4d53
ncfc11039897afac1--tie--1,,tie,derive,ncfc11039897afac1
ncfc11039897afac1--tied--start--1,ncfc11039897afac1--tied--start--1,tied,stamp,ncfc11039897afac1
ncfc11039897afac1--strong-accent--1,,strong-accent,derive,ncfc11039897afac1
n968899facafd667b--tuplet--start--1,n968899facafd667b--tuplet--start--1,tuplet,stamp,n968899facafd667b
n481919ebebf3a780--tuplet--stop--1,n481919ebebf3a780--tuplet--stop--1,tuplet,stamp,n481919ebebf3a780
nc0afb0496936dc43--tuplet--start--1,nc0afb0496936dc43--tuplet--start--1,tuplet,stamp,nc0afb0496936dc43
n93ff5a8b08a56677--tuplet--stop--1,n93ff5a8b08a56677--tuplet--stop--1,tuplet,stamp,n93ff5a8b08a56677
e348e5beb75839494,e348e5beb75839494,pedal,md,2
n5e53e85d3d204bc2--tie--1,,tie,derive,n5e53e85d3d204bc2
n5e53e85d3d204bc2--tied--start--1,n5e53e85d3d204bc2--tied--start--1,tied,stamp,n5e53e85d3d204bc2
n55e46862b86a5a26--tie--1,,tie,derive,n55e46862b86a5a26
n55e46862b86a5a26--tied--start--1,n55e46862b86a5a26--tied--start--1,tied,stamp,n55e46862b86a5a26
n9b437ba5111d53ac--tie--1,,tie,derive,n9b437ba5111d53ac
n9b437ba5111d53ac--tied--stop--1,n9b437ba5111d53ac--tied--stop--1,tied,stamp,n9b437ba5111d53ac
n0d692e6a3b744370--tie--1,,tie,derive,n0d692e6a3b744370
n0d692e6a3b744370--tied--stop--1,n0d692e6a3b744370--tied--stop--1,tied,stamp,n0d692e6a3b744370
nbf28f40a29cd854c--tie--1,,tie,derive,nbf28f40a29cd854c
nbf28f40a29cd854c--tied--stop--1,nbf28f40a29cd854c--tied--stop--1,tied,stamp,nbf28f40a29cd854c
ndcbbf14900d18fc5--slur--start--1,ndcbbf14900d18fc5--slur--start--1,slur,stamp,ndcbbf14900d18fc5
ndcbbf14900d18fc5--accent--1,,accent,derive,ndcbbf14900d18fc5
na5d02d05035f9c6a--slur--stop--1,na5d02d05035f9c6a--slur--stop--1,slur,stamp,na5d02d05035f9c6a
na5d02d05035f9c6a--accent--1,,accent,derive,na5d02d05035f9c6a
na00fbdfa1be3ce95--tuplet--start--1,na00fbdfa1be3ce95--tuplet--start--1,tuplet,stamp,na00fbdfa1be3ce95
n052c7348a5266b60--tuplet--stop--1,n052c7348a5266b60--tuplet--stop--1,tuplet,stamp,n052c7348a5266b60
n41d2f0ae9ae292e9--tuplet--start--1,n41d2f0ae9ae292e9--tuplet--start--1,tuplet,stamp,n41d2f0ae9ae292e9
n652401285714c14e--tuplet--stop--1,n652401285714c14e--tuplet--stop--1,tuplet,stamp,n652401285714c14e
e399d3be6113e8e17,e399d3be6113e8e17,wedge,md,1
e4776f2995d178a62,e4776f2995d178a62,wedge,md,1
e2142d7754844b933,e2142d7754844b933,pedal,md,2
n58665b4de57fe97c--tie--1,,tie,derive,n58665b4de57fe97c
n58665b4de57fe97c--tied--start--1,n58665b4de57fe97c--tied--start--1,tied,stamp,n58665b4de57fe97c
nf027771433b5cba7--tie--1,,tie,derive,nf027771433b5cba7
nf027771433b5cba7--tied--start--1,nf027771433b5cba7--tied--start--1,tied,stamp,nf027771433b5cba7
nd70fd8518af02467--tie--1,,tie,derive,nd70fd8518af02467
nd70fd8518af02467--tied--stop--1,nd70fd8518af02467--tied--stop--1,tied,stamp,nd70fd8518af02467
ndf6716d5ab769693--tie--1,,tie,derive,ndf6716d5ab769693
ndf6716d5ab769693--tied--stop--1,ndf6716d5ab769693--tied--stop--1,tied,stamp,ndf6716d5ab769693
n35834aa440d429a3--strong-accent--1,,strong-accent,derive,n35834aa440d429a3
nd99b4d0c3404674c--tuplet--start--1,nd99b4d0c3404674c--tuplet--start--1,tuplet,stamp,nd99b4d0c3404674c
n582a8c416a7c1dfe--tuplet--stop--1,n582a8c416a7c1dfe--tuplet--stop--1,tuplet,stamp,n582a8c416a7c1dfe
n738afc3ebf98ea97--tuplet--start--1,n738afc3ebf98ea97--tuplet--start--1,tuplet,stamp,n738afc3ebf98ea97
naec874f8d6362457--tuplet--stop--1,naec874f8d6362457--tuplet--stop--1,tuplet,stamp,naec874f8d6362457
e6c377e1caf519920,e6c377e1caf519920,pedal,md,2
naa320d8da9a3b3ba--tie--1,,tie,derive,naa320d8da9a3b3ba
naa320d8da9a3b3ba--tied--start--1,naa320d8da9a3b3ba--tied--start--1,tied,stamp,naa320d8da9a3b3ba
n4271b75e8e2dbd43--tie--1,,tie,derive,n4271b75e8e2dbd43
n4271b75e8e2dbd43--tied--start--1,n4271b75e8e2dbd43--tied--start--1,tied,stamp,n4271b75e8e2dbd43
n0124729a16d9d0d3--tie--1,,tie,derive,n0124729a16d9d0d3
n0124729a16d9d0d3--tied--stop--1,n0124729a16d9d0d3--tied--stop--1,tied,stamp,n0124729a16d9d0d3
n4d0c5f5c967eb464--tie--1,,tie,derive,n4d0c5f5c967eb464
n4d0c5f5c967eb464--tied--stop--1,n4d0c5f5c967eb464--tied--stop--1,tied,stamp,n4d0c5f5c967eb464
n520d716c01ce322e--strong-accent--1,,strong-accent,derive,n520d716c01ce322e
ndc2fcee6b33b19f9--strong-accent--1,,strong-accent,derive,ndc2fcee6b33b19f9
n870c0b94383f76ce--tuplet--start--1,n870c0b94383f76ce--tuplet--start--1,tuplet,stamp,n870c0b94383f76ce
n870fc8a3464b458e--tuplet--stop--1,n870fc8a3464b458e--tuplet--stop--1,tuplet,stamp,n870fc8a3464b458e
n55c6531672b83e47--tuplet--start--1,n55c6531672b83e47--tuplet--start--1,tuplet,stamp,n55c6531672b83e47
n99bc86d88ce99846--tuplet--stop--1,n99bc86d88ce99846--tuplet--stop--1,tuplet,stamp,n99bc86d88ce99846
e784521570d04ec0b,e784521570d04ec0b,pedal,md,2
nf334b81290f1afb6--tie--1,,tie,derive,nf334b81290f1afb6
nf334b81290f1afb6--tied--start--1,nf334b81290f1afb6--tied--start--1,tied,stamp,nf334b81290f1afb6
n57d069302f9e647f--tie--1,,tie,derive,n57d069302f9e647f
n57d069302f9e647f--tied--start--1,n57d069302f9e647f--tied--start--1,tied,stamp,n57d069302f9e647f
nadb104097d15e26b--tie--1,,tie,derive,nadb104097d15e26b
nadb104097d15e26b--tied--stop--1,nadb104097d15e26b--tied--stop--1,tied,stamp,nadb104097d15e26b
n9db663818317e36b--tie--1,,tie,derive,n9db663818317e36b
n9db663818317e36b--tied--stop--1,n9db663818317e36b--tied--stop--1,tied,stamp,n9db663818317e36b
nf9b4d53ad4e46e0b--strong-accent--1,,strong-accent,derive,nf9b4d53ad4e46e0b
n121eccc7762d986b--tuplet--start--1,n121eccc7762d986b--tuplet--start--1,tuplet,stamp,n121eccc7762d986b
n8875145f8f66bf00--tuplet--stop--1,n8875145f8f66bf00--tuplet--stop--1,tuplet,stamp,n8875145f8f66bf00
n40a026aa27cd40c8--tuplet--start--1,n40a026aa27cd40c8--tuplet--start--1,tuplet,stamp,n40a026aa27cd40c8
n2ee1309e40eb3805--tuplet--stop--1,n2ee1309e40eb3805--tuplet--stop--1,tuplet,stamp,n2ee1309e40eb3805
ebb22dbff5b549c04,ebb22dbff5b549c04,wedge,md,1
e6eab57bc25475871,e6eab57bc25475871,wedge,md,1
e8c3a9338a77e5e27,e8c3a9338a77e5e27,pedal,md,2
e1572c1686c22d954,e1572c1686c22d954,pedal,md,2
n0203d40d7da4941c--tie--1,,tie,derive,n0203d40d7da4941c
n0203d40d7da4941c--tied--start--1,n0203d40d7da4941c--tied--start--1,tied,stamp,n0203d40d7da4941c
na02fca4983cef609--tie--1,,tie,derive,na02fca4983cef609
na02fca4983cef609--tied--start--1,na02fca4983cef609--tied--start--1,tied,stamp,na02fca4983cef609
nf7e6f16ef7f388cc--tie--1,,tie,derive,nf7e6f16ef7f388cc
nf7e6f16ef7f388cc--tied--stop--1,nf7e6f16ef7f388cc--tied--stop--1,tied,stamp,nf7e6f16ef7f388cc
ndaf0e382831a45cf--tie--1,,tie,derive,ndaf0e382831a45cf
ndaf0e382831a45cf--tied--stop--1,ndaf0e382831a45cf--tied--stop--1,tied,stamp,ndaf0e382831a45cf
n357d140711074acf--strong-accent--1,,strong-accent,derive,n357d140711074acf
n0777f616d5169c37--strong-accent--1,,strong-accent,derive,n0777f616d5169c37
n03c3971489888182--tuplet--start--1,n03c3971489888182--tuplet--start--1,tuplet,stamp,n03c3971489888182
n6b2a6c210240fb91--tuplet--stop--1,n6b2a6c210240fb91--tuplet--stop--1,tuplet,stamp,n6b2a6c210240fb91
na912ec453662ce45--tuplet--start--1,na912ec453662ce45--tuplet--start--1,tuplet,stamp,na912ec453662ce45
n20978ec71174055d--tuplet--stop--1,n20978ec71174055d--tuplet--stop--1,tuplet,stamp,n20978ec71174055d
ef37aac019ecb4c5c,ef37aac019ecb4c5c,wedge,md,1
ee1527a641dd2be35,ee1527a641dd2be35,wedge,md,1
e98dceba5613431ac,e98dceba5613431ac,pedal,md,2
e396886706d87483a,e396886706d87483a,pedal,md,2
ne0a7eb826d440d8b--accent--1,,accent,derive,ne0a7eb826d440d8b
nafcbfd230529fb13--slur--start--1,nafcbfd230529fb13--slur--start--1,slur,stamp,nafcbfd230529fb13
nde8460e14e018aca--tuplet--start--1,nde8460e14e018aca--tuplet--start--1,tuplet,stamp,nde8460e14e018aca
nd17aa6a72e2ee746--slur--stop--1,nd17aa6a72e2ee746--slur--stop--1,slur,stamp,nd17aa6a72e2ee746
nd519fe5712f5055f--tuplet--stop--1,nd519fe5712f5055f--tuplet--stop--1,tuplet,stamp,nd519fe5712f5055f
n563bcfdcd9cc183f--tie--1,,tie,derive,n563bcfdcd9cc183f
n563bcfdcd9cc183f--tied--start--1,n563bcfdcd9cc183f--tied--start--1,tied,stamp,n563bcfdcd9cc183f
n563bcfdcd9cc183f--slur--start--1,n563bcfdcd9cc183f--slur--start--1,slur,stamp,n563bcfdcd9cc183f
n563bcfdcd9cc183f--strong-accent--1,,strong-accent,derive,n563bcfdcd9cc183f
e055dd576b00f611a,e055dd576b00f611a,dynamics,md,1
e8ea63e2b61d39899,e8ea63e2b61d39899,pedal,md,2
ede063bcd80e261f2,ede063bcd80e261f2,wedge,md,2
ebca0c7a4a2ced181,ebca0c7a4a2ced181,wedge,md,2
n8fd41a5fb0f99de7--tie--1,,tie,derive,n8fd41a5fb0f99de7
n8fd41a5fb0f99de7--tied--stop--1,n8fd41a5fb0f99de7--tied--stop--1,tied,stamp,n8fd41a5fb0f99de7
e68b18579b4d9c730,e68b18579b4d9c730,pedal,md,2
nf1d2b9240458108b--slur--stop--1,nf1d2b9240458108b--slur--stop--1,slur,stamp,nf1d2b9240458108b
n1cf3d48b0723e1b1--slur--start--1,n1cf3d48b0723e1b1--slur--start--1,slur,stamp,n1cf3d48b0723e1b1
n0c0265840a23b637--tie--1,,tie,derive,n0c0265840a23b637
n0c0265840a23b637--tied--start--1,n0c0265840a23b637--tied--start--1,tied,stamp,n0c0265840a23b637
n0c0265840a23b637--slur--stop--1,n0c0265840a23b637--slur--stop--1,slur,stamp,n0c0265840a23b637
eddd74e132b5c04d7,,other-direction,md,1
ee775b44936736261,ee775b44936736261,words,md,2
e2cdcb897755dd15d,e2cdcb897755dd15d,words,md,2
e89b833c392e07640,e89b833c392e07640,wedge,md,2
n4c42bcc7d2a1de6f--tie--1,,tie,derive,n4c42bcc7d2a1de6f
n4c42bcc7d2a1de6f--tied--stop--1,n4c42bcc7d2a1de6f--tied--stop--1,tied,stamp,n4c42bcc7d2a1de6f
edf37de3c81222dde,edf37de3c81222dde,dynamics,md,1
e3cb18187e0dd0775,e3cb18187e0dd0775,words,md,1
e3e2a2851d9199eaa,e3e2a2851d9199eaa,wedge,md,2
n0396546b7b5f7ae3--slur--start--1,n0396546b7b5f7ae3--slur--start--1,slur,stamp,n0396546b7b5f7ae3
n01be4621aa7aeaff--slur--stop--1,n01be4621aa7aeaff--slur--stop--1,slur,stamp,n01be4621aa7aeaff
nf3d34598c2ea83e3--fermata--upright--1,nf3d34598c2ea83e3--fermata--upright--1,fermata,stamp,nf3d34598c2ea83e3
nf3d34598c2ea83e3--arpeggiate--1,nf3d34598c2ea83e3--arpeggiate--1,arpeggiate,stamp,nf3d34598c2ea83e3
nf3adcc6f0261f947--arpeggiate--1,nf3adcc6f0261f947--arpeggiate--1,arpeggiate,stamp,nf3adcc6f0261f947
nd1fae25e75d47cb4--arpeggiate--1,nd1fae25e75d47cb4--arpeggiate--1,arpeggiate,stamp,nd1fae25e75d47cb4
nc9dc8653ee8926eb--fermata--upright--1,nc9dc8653ee8926eb--fermata--upright--1,fermata,stamp,nc9dc8653ee8926eb
nc9dc8653ee8926eb--arpeggiate--1,nc9dc8653ee8926eb--arpeggiate--1,arpeggiate,stamp,nc9dc8653ee8926eb
nc382a6a415025062--arpeggiate--1,nc382a6a415025062--arpeggiate--1,arpeggiate,stamp,nc382a6a415025062
ee9724256a2796646,ee9724256a2796646,dynamics,md,2
n11681be2e4bc0e7c--slur--start--1,n11681be2e4bc0e7c--slur--start--1,slur,stamp,n11681be2e4bc0e7c
nfdb6a2021257ae2d--slur--stop--1,nfdb6a2021257ae2d--slur--stop--1,slur,stamp,nfdb6a2021257ae2d
n5f0eca42ab317cf7--tie--1,,tie,derive,n5f0eca42ab317cf7
n5f0eca42ab317cf7--tied--start--1,n5f0eca42ab317cf7--tied--start--1,tied,stamp,n5f0eca42ab317cf7
n5f0eca42ab317cf7--arpeggiate--1,n5f0eca42ab317cf7--arpeggiate--1,arpeggiate,stamp,n5f0eca42ab317cf7
n81df0dafaf225aff--tie--1,,tie,derive,n81df0dafaf225aff
n81df0dafaf225aff--tied--start--1,n81df0dafaf225aff--tied--start--1,tied,stamp,n81df0dafaf225aff
n81df0dafaf225aff--arpeggiate--1,n81df0dafaf225aff--arpeggiate--1,arpeggiate,stamp,n81df0dafaf225aff
nd799c6543848f37a--tie--1,,tie,derive,nd799c6543848f37a
nd799c6543848f37a--tied--start--1,nd799c6543848f37a--tied--start--1,tied,stamp,nd799c6543848f37a
nd799c6543848f37a--arpeggiate--1,nd799c6543848f37a--arpeggiate--1,arpeggiate,stamp,nd799c6543848f37a
nfa9235237d1dccdd--tie--1,,tie,derive,nfa9235237d1dccdd
nfa9235237d1dccdd--tied--stop--1,nfa9235237d1dccdd--tied--stop--1,tied,stamp,nfa9235237d1dccdd
n112060a322a31ff4--tie--1,,tie,derive,n112060a322a31ff4
n112060a322a31ff4--tied--stop--1,n112060a322a31ff4--tied--stop--1,tied,stamp,n112060a322a31ff4
nc76999c85dd20613--tie--1,,tie,derive,nc76999c85dd20613
nc76999c85dd20613--tied--stop--1,nc76999c85dd20613--tied--stop--1,tied,stamp,nc76999c85dd20613
n66a1d569f73d51b4--slur--start--1,n66a1d569f73d51b4--slur--start--1,slur,stamp,n66a1d569f73d51b4
nb0d945e099dd6e83--tie--1,,tie,derive,nb0d945e099dd6e83
nb0d945e099dd6e83--tied--start--1,nb0d945e099dd6e83--tied--start--1,tied,stamp,nb0d945e099dd6e83
n304645ddd4d33df8--tie--1,,tie,derive,n304645ddd4d33df8
n304645ddd4d33df8--tied--start--1,n304645ddd4d33df8--tied--start--1,tied,stamp,n304645ddd4d33df8
n17030fb7580cdb13--tie--1,,tie,derive,n17030fb7580cdb13
n17030fb7580cdb13--tied--stop--1,n17030fb7580cdb13--tied--stop--1,tied,stamp,n17030fb7580cdb13
e9079bcf49d8c6b74,e9079bcf49d8c6b74,words,md,1
e089ed32c2b6f12b4,e089ed32c2b6f12b4,words,md,1
n4308325b866506f0--tie--1,,tie,derive,n4308325b866506f0
n4308325b866506f0--tied--start--1,n4308325b866506f0--tied--start--1,tied,stamp,n4308325b866506f0
n1bb224ac8b96cf14--tie--1,,tie,derive,n1bb224ac8b96cf14
n1bb224ac8b96cf14--tied--stop--1,n1bb224ac8b96cf14--tied--stop--1,tied,stamp,n1bb224ac8b96cf14
n5551bb66c715539d--slur--start--1,n5551bb66c715539d--slur--start--1,slur,stamp,n5551bb66c715539d
naabf4581fd49306b--slur--stop--1,naabf4581fd49306b--slur--stop--1,slur,stamp,naabf4581fd49306b
nf353e8b328eb95a5--tie--1,,tie,derive,nf353e8b328eb95a5
nf353e8b328eb95a5--tied--stop--1,nf353e8b328eb95a5--tied--stop--1,tied,stamp,nf353e8b328eb95a5
n41cbfcd80fbcf83d--tie--1,,tie,derive,n41cbfcd80fbcf83d
n41cbfcd80fbcf83d--tied--start--1,n41cbfcd80fbcf83d--tied--start--1,tied,stamp,n41cbfcd80fbcf83d
n8c3587bf41a7aa3e--tie--1,,tie,derive,n8c3587bf41a7aa3e
n8c3587bf41a7aa3e--tied--start--1,n8c3587bf41a7aa3e--tied--start--1,tied,stamp,n8c3587bf41a7aa3e
nff627f58a19c1dc8--tie--1,,tie,derive,nff627f58a19c1dc8
nff627f58a19c1dc8--tied--stop--1,nff627f58a19c1dc8--tied--stop--1,tied,stamp,nff627f58a19c1dc8
nbf00cc759dc79f84--tenuto--1,,tenuto,derive,nbf00cc759dc79f84
nde1a1a724d66c43f--slur--stop--1,nde1a1a724d66c43f--slur--stop--1,slur,stamp,nde1a1a724d66c43f
n84aa20196c1776e0--tie--1,,tie,derive,n84aa20196c1776e0
n84aa20196c1776e0--tie--2,,tie,derive,n84aa20196c1776e0
n84aa20196c1776e0--tied--stop--1,n84aa20196c1776e0--tied--stop--1,tied,stamp,n84aa20196c1776e0
n84aa20196c1776e0--tied--start--2,n84aa20196c1776e0--tied--start--2,tied,stamp,n84aa20196c1776e0
n1657c1b6c8c61b2a--tie--1,,tie,derive,n1657c1b6c8c61b2a
n1657c1b6c8c61b2a--tied--stop--1,n1657c1b6c8c61b2a--tied--stop--1,tied,stamp,n1657c1b6c8c61b2a
ned53981cfe0adf98--tenuto--1,,tenuto,derive,ned53981cfe0adf98
nb9cf044d2d736d41--tie--1,,tie,derive,nb9cf044d2d736d41
nb9cf044d2d736d41--tied--start--1,nb9cf044d2d736d41--tied--start--1,tied,stamp,nb9cf044d2d736d41
na6a603686652b289--slur--start--1,na6a603686652b289--slur--start--1,slur,stamp,na6a603686652b289
n518ea1a2315bc985--tie--1,,tie,derive,n518ea1a2315bc985
n518ea1a2315bc985--tied--stop--1,n518ea1a2315bc985--tied--stop--1,tied,stamp,n518ea1a2315bc985
n2f445391d32f7f2e--tie--1,,tie,derive,n2f445391d32f7f2e
n2f445391d32f7f2e--tied--start--1,n2f445391d32f7f2e--tied--start--1,tied,stamp,n2f445391d32f7f2e
nac28962ed4a4725d--tie--1,,tie,derive,nac28962ed4a4725d
nac28962ed4a4725d--tied--stop--1,nac28962ed4a4725d--tied--stop--1,tied,stamp,nac28962ed4a4725d
nd8edf7129e435a06--tie--1,,tie,derive,nd8edf7129e435a06
nd8edf7129e435a06--tied--start--1,nd8edf7129e435a06--tied--start--1,tied,stamp,nd8edf7129e435a06
nc5b9e0293fd139ed--slur--start--1,nc5b9e0293fd139ed--slur--start--1,slur,stamp,nc5b9e0293fd139ed
n8cdd2599a126eed3--slur--stop--1,n8cdd2599a126eed3--slur--stop--1,slur,stamp,n8cdd2599a126eed3
nc88be84fa798a926--tenuto--1,,tenuto,derive,nc88be84fa798a926
n2f11aa3939b174ea--slur--stop--1,n2f11aa3939b174ea--slur--stop--1,slur,stamp,n2f11aa3939b174ea
n7116f8ef15a12e99--tenuto--1,,tenuto,derive,n7116f8ef15a12e99
ndb8b7cae4def0649--tie--1,,tie,derive,ndb8b7cae4def0649
ndb8b7cae4def0649--tied--start--1,ndb8b7cae4def0649--tied--start--1,tied,stamp,ndb8b7cae4def0649
n4577ae5bac5ac8e2--tie--1,,tie,derive,n4577ae5bac5ac8e2
n4577ae5bac5ac8e2--tied--start--1,n4577ae5bac5ac8e2--tied--start--1,tied,stamp,n4577ae5bac5ac8e2
n059008e7eef9d138--tie--1,,tie,derive,n059008e7eef9d138
n059008e7eef9d138--tie--2,,tie,derive,n059008e7eef9d138
n059008e7eef9d138--tied--stop--1,n059008e7eef9d138--tied--stop--1,tied,stamp,n059008e7eef9d138
n059008e7eef9d138--tied--start--2,n059008e7eef9d138--tied--start--2,tied,stamp,n059008e7eef9d138
n041d20fec23249fc--tie--1,,tie,derive,n041d20fec23249fc
n041d20fec23249fc--tied--stop--1,n041d20fec23249fc--tied--stop--1,tied,stamp,n041d20fec23249fc
na14ea01ec7fc518d--tie--1,,tie,derive,na14ea01ec7fc518d
na14ea01ec7fc518d--tied--start--1,na14ea01ec7fc518d--tied--start--1,tied,stamp,na14ea01ec7fc518d
n6dbb2fcb798db3fc--tie--1,,tie,derive,n6dbb2fcb798db3fc
n6dbb2fcb798db3fc--tied--stop--1,n6dbb2fcb798db3fc--tied--stop--1,tied,stamp,n6dbb2fcb798db3fc
na606fe161f062db1--tie--1,,tie,derive,na606fe161f062db1
na606fe161f062db1--tied--start--1,na606fe161f062db1--tied--start--1,tied,stamp,na606fe161f062db1
n42d472dcd8b61c15--slur--start--1,n42d472dcd8b61c15--slur--start--1,slur,stamp,n42d472dcd8b61c15
nde88ad22f2ead601--slur--stop--1,nde88ad22f2ead601--slur--stop--1,slur,stamp,nde88ad22f2ead601
nde88ad22f2ead601--slur--start--2,nde88ad22f2ead601--slur--start--2,slur,stamp,nde88ad22f2ead601
n0362109ab5e0f1fc--tenuto--1,,tenuto,derive,n0362109ab5e0f1fc
n7559a2b3b64e7821--slur--stop--1,n7559a2b3b64e7821--slur--stop--1,slur,stamp,n7559a2b3b64e7821
n94764a6e53a6f2a0--tie--1,,tie,derive,n94764a6e53a6f2a0
n94764a6e53a6f2a0--tied--stop--1,n94764a6e53a6f2a0--tied--stop--1,tied,stamp,n94764a6e53a6f2a0
n94764a6e53a6f2a0--slur--start--1,n94764a6e53a6f2a0--slur--start--1,slur,stamp,n94764a6e53a6f2a0
n38814efd62a8e3b2--tenuto--1,,tenuto,derive,n38814efd62a8e3b2
n762e679a81a325f2--tie--1,,tie,derive,n762e679a81a325f2
n762e679a81a325f2--tied--start--1,n762e679a81a325f2--tied--start--1,tied,stamp,n762e679a81a325f2
n762e679a81a325f2--slur--stop--1,n762e679a81a325f2--slur--stop--1,slur,stamp,n762e679a81a325f2
nf93f469353076289--tie--1,,tie,derive,nf93f469353076289
nf93f469353076289--tied--stop--1,nf93f469353076289--tied--stop--1,tied,stamp,nf93f469353076289
n33d7d2b177e63901--tie--1,,tie,derive,n33d7d2b177e63901
n33d7d2b177e63901--tied--start--1,n33d7d2b177e63901--tied--start--1,tied,stamp,n33d7d2b177e63901
n3a49d41d801880e1--tie--1,,tie,derive,n3a49d41d801880e1
n3a49d41d801880e1--tie--2,,tie,derive,n3a49d41d801880e1
n3a49d41d801880e1--tied--stop--1,n3a49d41d801880e1--tied--stop--1,tied,stamp,n3a49d41d801880e1
n3a49d41d801880e1--tied--start--2,n3a49d41d801880e1--tied--start--2,tied,stamp,n3a49d41d801880e1
ef63a798d26e9225e,ef63a798d26e9225e,wedge,md,1
ne23c39ab343b2ad7--tie--1,,tie,derive,ne23c39ab343b2ad7
ne23c39ab343b2ad7--tied--stop--1,ne23c39ab343b2ad7--tied--stop--1,tied,stamp,ne23c39ab343b2ad7
n848d5bd7bd821168--slur--start--1,n848d5bd7bd821168--slur--start--1,slur,stamp,n848d5bd7bd821168
n0aea71a2c6b40945--arpeggiate--1,n0aea71a2c6b40945--arpeggiate--1,arpeggiate,stamp,n0aea71a2c6b40945
ndd0501e13692778b--tie--1,,tie,derive,ndd0501e13692778b
ndd0501e13692778b--tied--stop--1,ndd0501e13692778b--tied--stop--1,tied,stamp,ndd0501e13692778b
n6a574d3ab6721b47--tie--1,,tie,derive,n6a574d3ab6721b47
n6a574d3ab6721b47--tied--stop--1,n6a574d3ab6721b47--tied--stop--1,tied,stamp,n6a574d3ab6721b47
n2e7ee555c8bcd86a--tie--1,,tie,derive,n2e7ee555c8bcd86a
n2e7ee555c8bcd86a--tied--start--1,n2e7ee555c8bcd86a--tied--start--1,tied,stamp,n2e7ee555c8bcd86a
n0bd511516b1ec1dc--tie--1,,tie,derive,n0bd511516b1ec1dc
n0bd511516b1ec1dc--tied--stop--1,n0bd511516b1ec1dc--tied--stop--1,tied,stamp,n0bd511516b1ec1dc
e5982f981809fe0b1,e5982f981809fe0b1,wedge,md,1
e8d55c3b393a61bba,e8d55c3b393a61bba,wedge,md,1
e259973d2a9cccd0f,e259973d2a9cccd0f,pedal,md,2
n538bd0e83452ad27--tuplet--start--1,n538bd0e83452ad27--tuplet--start--1,tuplet,stamp,n538bd0e83452ad27
n538bd0e83452ad27--arpeggiate--1,n538bd0e83452ad27--arpeggiate--1,arpeggiate,stamp,n538bd0e83452ad27
n306d2d25131fd0e8--tuplet--stop--1,n306d2d25131fd0e8--tuplet--stop--1,tuplet,stamp,n306d2d25131fd0e8
nff6527eee477c2b9--arpeggiate--1,nff6527eee477c2b9--arpeggiate--1,arpeggiate,stamp,nff6527eee477c2b9
n464598c3fede5f97--tuplet--start--1,n464598c3fede5f97--tuplet--start--1,tuplet,stamp,n464598c3fede5f97
nf67768d07f5710c3--tuplet--stop--1,nf67768d07f5710c3--tuplet--stop--1,tuplet,stamp,nf67768d07f5710c3
nf67768d07f5710c3--slur--stop--1,nf67768d07f5710c3--slur--stop--1,slur,stamp,nf67768d07f5710c3
n8176737000680212--tuplet--start--1,n8176737000680212--tuplet--start--1,tuplet,stamp,n8176737000680212
n4d667fc4d920f1d6--tuplet--stop--1,n4d667fc4d920f1d6--tuplet--stop--1,tuplet,stamp,n4d667fc4d920f1d6
ebc11fe5dc72206bc,ebc11fe5dc72206bc,wedge,md,1
n4ee956a9779cf435--slur--start--1,n4ee956a9779cf435--slur--start--1,slur,stamp,n4ee956a9779cf435
n4ee956a9779cf435--staccato--1,,staccato,derive,n4ee956a9779cf435
n155f061a7199713b--slur--stop--1,n155f061a7199713b--slur--stop--1,slur,stamp,n155f061a7199713b
n155f061a7199713b--staccato--1,,staccato,derive,n155f061a7199713b
nf5c0c89818d58845--tuplet--start--1,nf5c0c89818d58845--tuplet--start--1,tuplet,stamp,nf5c0c89818d58845
nf5c0c89818d58845--slur--start--1,nf5c0c89818d58845--slur--start--1,slur,stamp,nf5c0c89818d58845
n4fbc322df7ff960b--tuplet--stop--1,n4fbc322df7ff960b--tuplet--stop--1,tuplet,stamp,n4fbc322df7ff960b
n4fbc322df7ff960b--slur--stop--1,n4fbc322df7ff960b--slur--stop--1,slur,stamp,n4fbc322df7ff960b
n7083cf5f0bafdd4c--slur--start--1,n7083cf5f0bafdd4c--slur--start--1,slur,stamp,n7083cf5f0bafdd4c
n7083cf5f0bafdd4c--staccato--1,,staccato,derive,n7083cf5f0bafdd4c
n2313a806c6b1e797--slur--stop--1,n2313a806c6b1e797--slur--stop--1,slur,stamp,n2313a806c6b1e797
n2313a806c6b1e797--staccato--1,,staccato,derive,n2313a806c6b1e797
ne6c377795c8df577--tuplet--start--1,ne6c377795c8df577--tuplet--start--1,tuplet,stamp,ne6c377795c8df577
ne6c377795c8df577--slur--start--1,ne6c377795c8df577--slur--start--1,slur,stamp,ne6c377795c8df577
n78b05ffd207b1ee3--tuplet--stop--1,n78b05ffd207b1ee3--tuplet--stop--1,tuplet,stamp,n78b05ffd207b1ee3
n78b05ffd207b1ee3--slur--stop--1,n78b05ffd207b1ee3--slur--stop--1,slur,stamp,n78b05ffd207b1ee3
e722e20ccc100a96c,e722e20ccc100a96c,wedge,md,1
e3e15b0db92dbbaf0,e3e15b0db92dbbaf0,wedge,md,1
e67b9154957e4d443,e67b9154957e4d443,pedal,md,2
n909e4bb50fe4d8df--tie--1,,tie,derive,n909e4bb50fe4d8df
n909e4bb50fe4d8df--tied--start--1,n909e4bb50fe4d8df--tied--start--1,tied,stamp,n909e4bb50fe4d8df
n909e4bb50fe4d8df--slur--start--1,n909e4bb50fe4d8df--slur--start--1,slur,stamp,n909e4bb50fe4d8df
n5851f4134d6af768--tie--1,,tie,derive,n5851f4134d6af768
n5851f4134d6af768--tied--start--1,n5851f4134d6af768--tied--start--1,tied,stamp,n5851f4134d6af768
n35fc8528d5689fee--tie--1,,tie,derive,n35fc8528d5689fee
n35fc8528d5689fee--tied--start--1,n35fc8528d5689fee--tied--start--1,tied,stamp,n35fc8528d5689fee
n35fc8528d5689fee--slur--start--1,n35fc8528d5689fee--slur--start--1,slur,stamp,n35fc8528d5689fee
n666ddf5e0329a71e--tie--1,,tie,derive,n666ddf5e0329a71e
n666ddf5e0329a71e--tied--start--1,n666ddf5e0329a71e--tied--start--1,tied,stamp,n666ddf5e0329a71e
ef200e0ab5b59b6fa,ef200e0ab5b59b6fa,dynamics,md,1
e2ef00196a3ce9ec7,e2ef00196a3ce9ec7,wedge,md,1
n60f001387b39767a--tie--1,,tie,derive,n60f001387b39767a
n60f001387b39767a--tied--stop--1,n60f001387b39767a--tied--stop--1,tied,stamp,n60f001387b39767a
n8a27fd52d7780f0b--tie--1,,tie,derive,n8a27fd52d7780f0b
n8a27fd52d7780f0b--tied--stop--1,n8a27fd52d7780f0b--tied--stop--1,tied,stamp,n8a27fd52d7780f0b
n68a4cf737fb867e4--slur--stop--1,n68a4cf737fb867e4--slur--stop--1,slur,stamp,n68a4cf737fb867e4
n813132e03432a683--tie--1,,tie,derive,n813132e03432a683
n813132e03432a683--tied--stop--1,n813132e03432a683--tied--stop--1,tied,stamp,n813132e03432a683
n9abe3ae0f4d890c9--slur--stop--1,n9abe3ae0f4d890c9--slur--stop--1,slur,stamp,n9abe3ae0f4d890c9
nbf04795828ff6715--tie--1,,tie,derive,nbf04795828ff6715
nbf04795828ff6715--tied--stop--1,nbf04795828ff6715--tied--stop--1,tied,stamp,nbf04795828ff6715
efe7e5709e6372717,efe7e5709e6372717,wedge,md,1
ec37ada04aab30349,ec37ada04aab30349,words,md,1
e542bdfb71f167734,e542bdfb71f167734,words,md,2
e2ed9ec2a6294ea6f,e2ed9ec2a6294ea6f,dynamics,md,2
nb83b248085e15c7f--staccato--1,,staccato,derive,nb83b248085e15c7f
n5eb2901fa3d1cf0e--staccato--1,,staccato,derive,n5eb2901fa3d1cf0e
n5c5e4eeeb4adc8a9--staccato--1,,staccato,derive,n5c5e4eeeb4adc8a9
nd1d20e6b8c554f99--staccato--1,,staccato,derive,nd1d20e6b8c554f99
n406d9976fb644e62--staccato--1,,staccato,derive,n406d9976fb644e62
n3201182e1fa8673d--staccato--1,,staccato,derive,n3201182e1fa8673d
n3201182e1fa8673d--strong-accent--1,,strong-accent,derive,n3201182e1fa8673d
n534230ef0bb36af2--tuplet--start--1,n534230ef0bb36af2--tuplet--start--1,tuplet,stamp,n534230ef0bb36af2
n534230ef0bb36af2--slur--start--1,n534230ef0bb36af2--slur--start--1,slur,stamp,n534230ef0bb36af2
n0009dcbc327aaaab--tuplet--stop--1,n0009dcbc327aaaab--tuplet--stop--1,tuplet,stamp,n0009dcbc327aaaab
n0009dcbc327aaaab--slur--stop--1,n0009dcbc327aaaab--slur--stop--1,slur,stamp,n0009dcbc327aaaab
n39ed1323fa073980--staccato--1,,staccato,derive,n39ed1323fa073980
n9fda1f13720fd33f--tuplet--start--1,n9fda1f13720fd33f--tuplet--start--1,tuplet,stamp,n9fda1f13720fd33f
nf11f4aabfafb30f0--tuplet--stop--1,nf11f4aabfafb30f0--tuplet--stop--1,tuplet,stamp,nf11f4aabfafb30f0
nf8e4cd0111d83fac--tuplet--start--1,nf8e4cd0111d83fac--tuplet--start--1,tuplet,stamp,nf8e4cd0111d83fac
nf8e4cd0111d83fac--slur--start--1,nf8e4cd0111d83fac--slur--start--1,slur,stamp,nf8e4cd0111d83fac
n9b64272437ba4e3b--tuplet--stop--1,n9b64272437ba4e3b--tuplet--stop--1,tuplet,stamp,n9b64272437ba4e3b
n9b64272437ba4e3b--slur--stop--1,n9b64272437ba4e3b--slur--stop--1,slur,stamp,n9b64272437ba4e3b
ndadccbb7f54ebfc0--staccato--1,,staccato,derive,ndadccbb7f54ebfc0
n00d16e24aa747a4e--tuplet--start--1,n00d16e24aa747a4e--tuplet--start--1,tuplet,stamp,n00d16e24aa747a4e
na4d6fa2a3b0d126c--tuplet--stop--1,na4d6fa2a3b0d126c--tuplet--stop--1,tuplet,stamp,na4d6fa2a3b0d126c
e3a38093ff8be1452,e3a38093ff8be1452,dynamics,md,1
e94c41a7e997a6660,e94c41a7e997a6660,wedge,md,1
e290b0e0fd472e414,e290b0e0fd472e414,wedge,md,1
n9b272e89e86d7c42--staccato--1,,staccato,derive,n9b272e89e86d7c42
n6167051f9c8bca11--staccato--1,,staccato,derive,n6167051f9c8bca11
nc2709f08de83d34d--staccato--1,,staccato,derive,nc2709f08de83d34d
nc2709f08de83d34d--strong-accent--1,,strong-accent,derive,nc2709f08de83d34d
ndd5afe6f982b4d7d--staccato--1,,staccato,derive,ndd5afe6f982b4d7d
ndd5afe6f982b4d7d--strong-accent--1,,strong-accent,derive,ndd5afe6f982b4d7d
n74b145af1d9fd6d7--staccato--1,,staccato,derive,n74b145af1d9fd6d7
n74b145af1d9fd6d7--strong-accent--1,,strong-accent,derive,n74b145af1d9fd6d7
n3245b52bd35b4726--staccato--1,,staccato,derive,n3245b52bd35b4726
n3245b52bd35b4726--strong-accent--1,,strong-accent,derive,n3245b52bd35b4726
e8648894d9b88dc1e,e8648894d9b88dc1e,words,md,2
n1465f17529d2379d--staccato--1,,staccato,derive,n1465f17529d2379d
n1465f17529d2379d--strong-accent--1,,strong-accent,derive,n1465f17529d2379d
nad60bd6674b93fa6--tuplet--start--1,nad60bd6674b93fa6--tuplet--start--1,tuplet,stamp,nad60bd6674b93fa6
nad60bd6674b93fa6--slur--start--1,nad60bd6674b93fa6--slur--start--1,slur,stamp,nad60bd6674b93fa6
nfa9e5d9cf2c417ac--tuplet--stop--1,nfa9e5d9cf2c417ac--tuplet--stop--1,tuplet,stamp,nfa9e5d9cf2c417ac
nfa9e5d9cf2c417ac--slur--stop--1,nfa9e5d9cf2c417ac--slur--stop--1,slur,stamp,nfa9e5d9cf2c417ac
n5d6756c3e3176810--staccato--1,,staccato,derive,n5d6756c3e3176810
n7d137410faddadb6--tuplet--start--1,n7d137410faddadb6--tuplet--start--1,tuplet,stamp,n7d137410faddadb6
n1dc608309a98340f--tuplet--stop--1,n1dc608309a98340f--tuplet--stop--1,tuplet,stamp,n1dc608309a98340f
ne20cff4f3d78abbd--tuplet--start--1,ne20cff4f3d78abbd--tuplet--start--1,tuplet,stamp,ne20cff4f3d78abbd
ne20cff4f3d78abbd--slur--start--1,ne20cff4f3d78abbd--slur--start--1,slur,stamp,ne20cff4f3d78abbd
ne944e002e8a12896--tuplet--stop--1,ne944e002e8a12896--tuplet--stop--1,tuplet,stamp,ne944e002e8a12896
ne944e002e8a12896--slur--stop--1,ne944e002e8a12896--slur--stop--1,slur,stamp,ne944e002e8a12896
n4a4f891df02893cc--staccato--1,,staccato,derive,n4a4f891df02893cc
nd3e86b03b1656c51--tuplet--start--1,nd3e86b03b1656c51--tuplet--start--1,tuplet,stamp,nd3e86b03b1656c51
n2765fd1d42a76ed0--tuplet--stop--1,n2765fd1d42a76ed0--tuplet--stop--1,tuplet,stamp,n2765fd1d42a76ed0
e345b7cc159330504,e345b7cc159330504,wedge,md,1
e9008d1778f4528ad,e9008d1778f4528ad,wedge,md,1
n72fb724086f863d0--staccato--1,,staccato,derive,n72fb724086f863d0
nd0b3b1c8ab175db6--staccato--1,,staccato,derive,nd0b3b1c8ab175db6
n87eb00bb1dbfedc8--staccato--1,,staccato,derive,n87eb00bb1dbfedc8
n87eb00bb1dbfedc8--strong-accent--1,,strong-accent,derive,n87eb00bb1dbfedc8
n723f5c97b1a2b617--staccato--1,,staccato,derive,n723f5c97b1a2b617
n723f5c97b1a2b617--strong-accent--1,,strong-accent,derive,n723f5c97b1a2b617
n257049233e036f15--staccato--1,,staccato,derive,n257049233e036f15
n257049233e036f15--strong-accent--1,,strong-accent,derive,n257049233e036f15
nbe16ae55df8cf8a9--staccato--1,,staccato,derive,nbe16ae55df8cf8a9
nbe16ae55df8cf8a9--strong-accent--1,,strong-accent,derive,nbe16ae55df8cf8a9
ec1f21ad67051bc14,ec1f21ad67051bc14,words,md,2
n06308ffdea25e68d--staccato--1,,staccato,derive,n06308ffdea25e68d
n06308ffdea25e68d--strong-accent--1,,strong-accent,derive,n06308ffdea25e68d
nfb9b9b29087cf3a7--tuplet--start--1,nfb9b9b29087cf3a7--tuplet--start--1,tuplet,stamp,nfb9b9b29087cf3a7
nfb9b9b29087cf3a7--slur--start--1,nfb9b9b29087cf3a7--slur--start--1,slur,stamp,nfb9b9b29087cf3a7
n3f5146c4ac2f3018--tuplet--stop--1,n3f5146c4ac2f3018--tuplet--stop--1,tuplet,stamp,n3f5146c4ac2f3018
n3f5146c4ac2f3018--slur--stop--1,n3f5146c4ac2f3018--slur--stop--1,slur,stamp,n3f5146c4ac2f3018
n451b87bd652190f7--staccato--1,,staccato,derive,n451b87bd652190f7
n6a440c8fe4a0bc75--tuplet--start--1,n6a440c8fe4a0bc75--tuplet--start--1,tuplet,stamp,n6a440c8fe4a0bc75
ne1204aba782eb9e8--tuplet--stop--1,ne1204aba782eb9e8--tuplet--stop--1,tuplet,stamp,ne1204aba782eb9e8
n801674a1c4f9f001--staccato--1,,staccato,derive,n801674a1c4f9f001
n801674a1c4f9f001--strong-accent--1,,strong-accent,derive,n801674a1c4f9f001
n71d96c7122e0e01b--tuplet--start--1,n71d96c7122e0e01b--tuplet--start--1,tuplet,stamp,n71d96c7122e0e01b
n71d96c7122e0e01b--slur--start--1,n71d96c7122e0e01b--slur--start--1,slur,stamp,n71d96c7122e0e01b
na5f2e0b12025f134--tuplet--stop--1,na5f2e0b12025f134--tuplet--stop--1,tuplet,stamp,na5f2e0b12025f134
na5f2e0b12025f134--slur--stop--1,na5f2e0b12025f134--slur--stop--1,slur,stamp,na5f2e0b12025f134
n4c3aa80dad838111--staccato--1,,staccato,derive,n4c3aa80dad838111
nfab3ef0e671f6c45--tuplet--start--1,nfab3ef0e671f6c45--tuplet--start--1,tuplet,stamp,nfab3ef0e671f6c45
n43e3e83889cfdfc1--tuplet--stop--1,n43e3e83889cfdfc1--tuplet--stop--1,tuplet,stamp,n43e3e83889cfdfc1
e19ffee603a7a656a,e19ffee603a7a656a,wedge,md,1
e43d3d5e0a188fe48,e43d3d5e0a188fe48,wedge,md,1
ncf24a17f957c007f--staccato--1,,staccato,derive,ncf24a17f957c007f
n04e08278918a2336--staccato--1,,staccato,derive,n04e08278918a2336
n32781b08c753272b--staccato--1,,staccato,derive,n32781b08c753272b
n32781b08c753272b--strong-accent--1,,strong-accent,derive,n32781b08c753272b
nf80abc207fb419b3--staccato--1,,staccato,derive,nf80abc207fb419b3
nf80abc207fb419b3--strong-accent--1,,strong-accent,derive,nf80abc207fb419b3
nd2ea3ca6214c7bcc--staccato--1,,staccato,derive,nd2ea3ca6214c7bcc
nd2ea3ca6214c7bcc--strong-accent--1,,strong-accent,derive,nd2ea3ca6214c7bcc
nae0377005c8b88e3--staccato--1,,staccato,derive,nae0377005c8b88e3
nae0377005c8b88e3--strong-accent--1,,strong-accent,derive,nae0377005c8b88e3
ne0f08da82229ae7a--staccato--1,,staccato,derive,ne0f08da82229ae7a
ne0f08da82229ae7a--strong-accent--1,,strong-accent,derive,ne0f08da82229ae7a
n199a55b1d264672a--tuplet--start--1,n199a55b1d264672a--tuplet--start--1,tuplet,stamp,n199a55b1d264672a
n199a55b1d264672a--slur--start--1,n199a55b1d264672a--slur--start--1,slur,stamp,n199a55b1d264672a
n2c8117eb1a912451--tuplet--stop--1,n2c8117eb1a912451--tuplet--stop--1,tuplet,stamp,n2c8117eb1a912451
n2c8117eb1a912451--slur--stop--1,n2c8117eb1a912451--slur--stop--1,slur,stamp,n2c8117eb1a912451
n2c7d64cd11790d9a--staccato--1,,staccato,derive,n2c7d64cd11790d9a
n99506cc67c8f4a6e--tuplet--start--1,n99506cc67c8f4a6e--tuplet--start--1,tuplet,stamp,n99506cc67c8f4a6e
n0b1507b2c68615f5--tuplet--stop--1,n0b1507b2c68615f5--tuplet--stop--1,tuplet,stamp,n0b1507b2c68615f5
n627c540589441b9c--staccato--1,,staccato,derive,n627c540589441b9c
n627c540589441b9c--strong-accent--1,,strong-accent,derive,n627c540589441b9c
n1dab26f989cbc120--tuplet--start--1,n1dab26f989cbc120--tuplet--start--1,tuplet,stamp,n1dab26f989cbc120
n1dab26f989cbc120--slur--start--1,n1dab26f989cbc120--slur--start--1,slur,stamp,n1dab26f989cbc120
n63ef209913586c73--tuplet--stop--1,n63ef209913586c73--tuplet--stop--1,tuplet,stamp,n63ef209913586c73
n63ef209913586c73--slur--stop--1,n63ef209913586c73--slur--stop--1,slur,stamp,n63ef209913586c73
na400bdf62492f56e--staccato--1,,staccato,derive,na400bdf62492f56e
n8ef269a3b64c39f9--tuplet--start--1,n8ef269a3b64c39f9--tuplet--start--1,tuplet,stamp,n8ef269a3b64c39f9
nf059b40b40225a22--tuplet--stop--1,nf059b40b40225a22--tuplet--stop--1,tuplet,stamp,nf059b40b40225a22
ede9f49d2893d6645,ede9f49d2893d6645,wedge,md,1
e9b4eb0903ca70160,e9b4eb0903ca70160,wedge,md,1
nfd48c769f87e67ae--staccato--1,,staccato,derive,nfd48c769f87e67ae
n7d608f7a9b43089d--tuplet--start--1,n7d608f7a9b43089d--tuplet--start--1,tuplet,stamp,n7d608f7a9b43089d
nda3489d1bf110604--tuplet--stop--1,nda3489d1bf110604--tuplet--stop--1,tuplet,stamp,nda3489d1bf110604
n5cb8b0c774b9100b--staccato--1,,staccato,derive,n5cb8b0c774b9100b
n079b613640b9ef3c--staccato--1,,staccato,derive,n079b613640b9ef3c
n079b613640b9ef3c--strong-accent--1,,strong-accent,derive,n079b613640b9ef3c
n819233543c26931e--staccato--1,,staccato,derive,n819233543c26931e
n819233543c26931e--strong-accent--1,,strong-accent,derive,n819233543c26931e
n18ee5d4fe6885b84--staccato--1,,staccato,derive,n18ee5d4fe6885b84
n18ee5d4fe6885b84--strong-accent--1,,strong-accent,derive,n18ee5d4fe6885b84
nacaad4799ed17d5c--tuplet--start--1,nacaad4799ed17d5c--tuplet--start--1,tuplet,stamp,nacaad4799ed17d5c
nd92373dcd197f3d1--tuplet--stop--1,nd92373dcd197f3d1--tuplet--stop--1,tuplet,stamp,nd92373dcd197f3d1
edc592ad4d131b62b,edc592ad4d131b62b,octave-shift,md,1
e67414a674475f5eb,e67414a674475f5eb,wedge,md,1
n8858bf0892f36345--staccato--1,,staccato,derive,n8858bf0892f36345
n3e4a3d427aaf5877--tuplet--start--1,n3e4a3d427aaf5877--tuplet--start--1,tuplet,stamp,n3e4a3d427aaf5877
n37d8f3113306dfc6--tuplet--stop--1,n37d8f3113306dfc6--tuplet--stop--1,tuplet,stamp,n37d8f3113306dfc6
n24f67580822a6ec6--staccato--1,,staccato,derive,n24f67580822a6ec6
n24f67580822a6ec6--strong-accent--1,,strong-accent,derive,n24f67580822a6ec6
ndadac80af7219fc1--staccato--1,,staccato,derive,ndadac80af7219fc1
ndadac80af7219fc1--strong-accent--1,,strong-accent,derive,ndadac80af7219fc1
n41b25986ba208abd--staccato--1,,staccato,derive,n41b25986ba208abd
n41b25986ba208abd--strong-accent--1,,strong-accent,derive,n41b25986ba208abd
n6351490c1fee0d1b--tuplet--start--1,n6351490c1fee0d1b--tuplet--start--1,tuplet,stamp,n6351490c1fee0d1b
nfdb4aca01deba315--tuplet--stop--1,nfdb4aca01deba315--tuplet--stop--1,tuplet,stamp,nfdb4aca01deba315
n7b3b3809e58abf2a--staccato--1,,staccato,derive,n7b3b3809e58abf2a
n9f53d5d0c83db181--staccato--1,,staccato,derive,n9f53d5d0c83db181
nad057eeef5d151a2--staccato--1,,staccato,derive,nad057eeef5d151a2
nc17047ce37b97cfb--staccato--1,,staccato,derive,nc17047ce37b97cfb
n662141daa1d1c644--staccato--1,,staccato,derive,n662141daa1d1c644
nc94282b12574e037--staccato--1,,staccato,derive,nc94282b12574e037
n96c9c7ca4e646efe--staccato--1,,staccato,derive,n96c9c7ca4e646efe
nf00b655e306ad680--staccato--1,,staccato,derive,nf00b655e306ad680
n5dd0f8c7008f5a34--staccato--1,,staccato,derive,n5dd0f8c7008f5a34
nc2bf87a0fc4befb2--tuplet--start--1,nc2bf87a0fc4befb2--tuplet--start--1,tuplet,stamp,nc2bf87a0fc4befb2
nc2bf87a0fc4befb2--strong-accent--1,,strong-accent,derive,nc2bf87a0fc4befb2
n3082f04b0fdb8df4--tuplet--stop--1,n3082f04b0fdb8df4--tuplet--stop--1,tuplet,stamp,n3082f04b0fdb8df4
nc00bdb06f47d1471--tuplet--start--1,nc00bdb06f47d1471--tuplet--start--1,tuplet,stamp,nc00bdb06f47d1471
n279a5f4093eace93--tuplet--stop--1,n279a5f4093eace93--tuplet--stop--1,tuplet,stamp,n279a5f4093eace93
n7a96ecc84e1ad747--tuplet--start--1,n7a96ecc84e1ad747--tuplet--start--1,tuplet,stamp,n7a96ecc84e1ad747
nd36e3e2d74f06329--tuplet--stop--1,nd36e3e2d74f06329--tuplet--stop--1,tuplet,stamp,nd36e3e2d74f06329
na1f71ff90b3a94ee--staccato--1,,staccato,derive,na1f71ff90b3a94ee
n6dcf188eb19c1003--strong-accent--1,,strong-accent,derive,n6dcf188eb19c1003
n246e5aef6c5ba2fa--staccato--1,,staccato,derive,n246e5aef6c5ba2fa
e7314d66b73a52c8d,e7314d66b73a52c8d,wedge,md,1
e368e530cb624e104,e368e530cb624e104,dynamics,md,1
ed3b9de06c35105b8,ed3b9de06c35105b8,octave-shift,md,1
n6825845394f19e65--tuplet--start--1,n6825845394f19e65--tuplet--start--1,tuplet,stamp,n6825845394f19e65
nf8a48a79b9bc591e--tuplet--stop--1,nf8a48a79b9bc591e--tuplet--stop--1,tuplet,stamp,nf8a48a79b9bc591e
ndc7a7d6f174016ce--tuplet--start--1,ndc7a7d6f174016ce--tuplet--start--1,tuplet,stamp,ndc7a7d6f174016ce
ndc7a7d6f174016ce--strong-accent--1,,strong-accent,derive,ndc7a7d6f174016ce
nb1627c00da3647c4--tuplet--stop--1,nb1627c00da3647c4--tuplet--stop--1,tuplet,stamp,nb1627c00da3647c4
nb4c13a9efde91dc6--tuplet--start--1,nb4c13a9efde91dc6--tuplet--start--1,tuplet,stamp,nb4c13a9efde91dc6
n932f784b38bfab54--tuplet--stop--1,n932f784b38bfab54--tuplet--stop--1,tuplet,stamp,n932f784b38bfab54
n450bb820c34a7d6b--strong-accent--1,,strong-accent,derive,n450bb820c34a7d6b
n450bb820c34a7d6b--arpeggiate--1,n450bb820c34a7d6b--arpeggiate--1,arpeggiate,stamp,n450bb820c34a7d6b
na1d6f9f810cdb2be--arpeggiate--1,na1d6f9f810cdb2be--arpeggiate--1,arpeggiate,stamp,na1d6f9f810cdb2be
n4ec42f06bae94113--arpeggiate--1,n4ec42f06bae94113--arpeggiate--1,arpeggiate,stamp,n4ec42f06bae94113
ncee037893dad7cca--arpeggiate--1,ncee037893dad7cca--arpeggiate--1,arpeggiate,stamp,ncee037893dad7cca
ne8e5b52e123f2e54--arpeggiate--1,ne8e5b52e123f2e54--arpeggiate--1,arpeggiate,stamp,ne8e5b52e123f2e54
n479dd8426ba89cd2--tuplet--start--1,n479dd8426ba89cd2--tuplet--start--1,tuplet,stamp,n479dd8426ba89cd2
n08c4e69c89208703--tuplet--stop--1,n08c4e69c89208703--tuplet--stop--1,tuplet,stamp,n08c4e69c89208703
e563e9784200b6ac0,e563e9784200b6ac0,wedge,md,1
e74c12d093266f6bb,e74c12d093266f6bb,wedge,md,1
e7c2baef53fcd6e65,e7c2baef53fcd6e65,wedge,md,2
e2f3faf15cad275c8,e2f3faf15cad275c8,wedge,md,2
nd2e56dc8cd7008c9--tuplet--start--1,nd2e56dc8cd7008c9--tuplet--start--1,tuplet,stamp,nd2e56dc8cd7008c9
nd2e56dc8cd7008c9--strong-accent--1,,strong-accent,derive,nd2e56dc8cd7008c9
n03fdb754ab9024f4--tuplet--stop--1,n03fdb754ab9024f4--tuplet--stop--1,tuplet,stamp,n03fdb754ab9024f4
n4ba317a5d4c7e9de--tuplet--start--1,n4ba317a5d4c7e9de--tuplet--start--1,tuplet,stamp,n4ba317a5d4c7e9de
n4429f0291498715c--tuplet--stop--1,n4429f0291498715c--tuplet--stop--1,tuplet,stamp,n4429f0291498715c
ncddab182a58a95a5--tuplet--start--1,ncddab182a58a95a5--tuplet--start--1,tuplet,stamp,ncddab182a58a95a5
n9f6449cbae6a6c65--tuplet--stop--1,n9f6449cbae6a6c65--tuplet--stop--1,tuplet,stamp,n9f6449cbae6a6c65
nc9ac37631cd45997--staccato--1,,staccato,derive,nc9ac37631cd45997
ndf391f9fd087a921--strong-accent--1,,strong-accent,derive,ndf391f9fd087a921
nc1deed975a48b90f--staccato--1,,staccato,derive,nc1deed975a48b90f
ndd3d08dab96b2345--tuplet--start--1,ndd3d08dab96b2345--tuplet--start--1,tuplet,stamp,ndd3d08dab96b2345
nde0bde04ed8c68a5--tuplet--stop--1,nde0bde04ed8c68a5--tuplet--stop--1,tuplet,stamp,nde0bde04ed8c68a5
nd68c781c0d20239f--tuplet--start--1,nd68c781c0d20239f--tuplet--start--1,tuplet,stamp,nd68c781c0d20239f
nd68c781c0d20239f--strong-accent--1,,strong-accent,derive,nd68c781c0d20239f
ncb5f698a24b638aa--tuplet--stop--1,ncb5f698a24b638aa--tuplet--stop--1,tuplet,stamp,ncb5f698a24b638aa
n85c741233b2acfbe--tuplet--start--1,n85c741233b2acfbe--tuplet--start--1,tuplet,stamp,n85c741233b2acfbe
nf1ca5cde13478fa8--tuplet--stop--1,nf1ca5cde13478fa8--tuplet--stop--1,tuplet,stamp,nf1ca5cde13478fa8
na7051d3756bd5b83--strong-accent--1,,strong-accent,derive,na7051d3756bd5b83
na7051d3756bd5b83--arpeggiate--1,na7051d3756bd5b83--arpeggiate--1,arpeggiate,stamp,na7051d3756bd5b83
nf0968b819bd6b254--arpeggiate--1,nf0968b819bd6b254--arpeggiate--1,arpeggiate,stamp,nf0968b819bd6b254
n8451bd2cd943a257--arpeggiate--1,n8451bd2cd943a257--arpeggiate--1,arpeggiate,stamp,n8451bd2cd943a257
n9f86d867073b882c--arpeggiate--1,n9f86d867073b882c--arpeggiate--1,arpeggiate,stamp,n9f86d867073b882c
n932bb02685f4e6f8--arpeggiate--1,n932bb02685f4e6f8--arpeggiate--1,arpeggiate,stamp,n932bb02685f4e6f8
n2fb121fc8542749c--tuplet--start--1,n2fb121fc8542749c--tuplet--start--1,tuplet,stamp,n2fb121fc8542749c
n2fb121fc8542749c--strong-accent--1,,strong-accent,derive,n2fb121fc8542749c
nd0caa31d988fdf79--strong-accent--1,,strong-accent,derive,nd0caa31d988fdf79
ne4490c9b522069e3--tuplet--stop--1,ne4490c9b522069e3--tuplet--stop--1,tuplet,stamp,ne4490c9b522069e3
ne4490c9b522069e3--strong-accent--1,,strong-accent,derive,ne4490c9b522069e3
e7d2f1d845552eb2b,e7d2f1d845552eb2b,wedge,md,1
e7fb7bab3e2b7d84f,e7fb7bab3e2b7d84f,wedge,md,1
e5978b28d3690d086,e5978b28d3690d086,words,md,2
n6d42b7b83d23fc5f--tie--1,,tie,derive,n6d42b7b83d23fc5f
n6d42b7b83d23fc5f--tied--start--1,n6d42b7b83d23fc5f--tied--start--1,tied,stamp,n6d42b7b83d23fc5f
n6d42b7b83d23fc5f--strong-accent--1,,strong-accent,derive,n6d42b7b83d23fc5f
n25b1692a2a06265e--tie--1,,tie,derive,n25b1692a2a06265e
n25b1692a2a06265e--tied--stop--1,n25b1692a2a06265e--tied--stop--1,tied,stamp,n25b1692a2a06265e
n153c7b557d755d73--strong-accent--1,,strong-accent,derive,n153c7b557d755d73
n87b59407b1fd611a--tie--1,,tie,derive,n87b59407b1fd611a
n87b59407b1fd611a--tied--start--1,n87b59407b1fd611a--tied--start--1,tied,stamp,n87b59407b1fd611a
n87b59407b1fd611a--strong-accent--1,,strong-accent,derive,n87b59407b1fd611a
nced04e33066310ef--tuplet--start--1,nced04e33066310ef--tuplet--start--1,tuplet,stamp,nced04e33066310ef
n373637a4e8548aba--tuplet--stop--1,n373637a4e8548aba--tuplet--stop--1,tuplet,stamp,n373637a4e8548aba
ncaa35809d83fbe9f--tuplet--start--1,ncaa35809d83fbe9f--tuplet--start--1,tuplet,stamp,ncaa35809d83fbe9f
na126921595b83213--tuplet--stop--1,na126921595b83213--tuplet--stop--1,tuplet,stamp,na126921595b83213
nd585d1bba3df7598--tuplet--start--1,nd585d1bba3df7598--tuplet--start--1,tuplet,stamp,nd585d1bba3df7598
na715ba32c6450d1a--tuplet--stop--1,na715ba32c6450d1a--tuplet--stop--1,tuplet,stamp,na715ba32c6450d1a
nd5b634469d9ddbf6--tuplet--start--1,nd5b634469d9ddbf6--tuplet--start--1,tuplet,stamp,nd5b634469d9ddbf6
nb664813591aceb57--tuplet--stop--1,nb664813591aceb57--tuplet--stop--1,tuplet,stamp,nb664813591aceb57
n723dad6532c313a6--accent--1,,accent,derive,n723dad6532c313a6
e3799eb5df7ae2d5f,e3799eb5df7ae2d5f,words,md,1
n6741c1d7e3f222f8--tie--1,,tie,derive,n6741c1d7e3f222f8
n6741c1d7e3f222f8--tied--stop--1,n6741c1d7e3f222f8--tied--stop--1,tied,stamp,n6741c1d7e3f222f8
n9eb91fee3c60ab56--strong-accent--1,,strong-accent,derive,n9eb91fee3c60ab56
n144b4b2456f48bdd--strong-accent--1,,strong-accent,derive,n144b4b2456f48bdd
n651204ce91dd5047--tie--1,,tie,derive,n651204ce91dd5047
n651204ce91dd5047--tied--start--1,n651204ce91dd5047--tied--start--1,tied,stamp,n651204ce91dd5047
n651204ce91dd5047--slur--start--1,n651204ce91dd5047--slur--start--1,slur,stamp,n651204ce91dd5047
n651204ce91dd5047--strong-accent--1,,strong-accent,derive,n651204ce91dd5047
n5b640ac5686b7e02--tie--1,,tie,derive,n5b640ac5686b7e02
n5b640ac5686b7e02--tied--stop--1,n5b640ac5686b7e02--tied--stop--1,tied,stamp,n5b640ac5686b7e02
n5b640ac5686b7e02--slur--stop--1,n5b640ac5686b7e02--slur--stop--1,slur,stamp,n5b640ac5686b7e02
n5b640ac5686b7e02--strong-accent--1,,strong-accent,derive,n5b640ac5686b7e02
nb697d34ad1f78f92--tuplet--start--1,nb697d34ad1f78f92--tuplet--start--1,tuplet,stamp,nb697d34ad1f78f92
na9a8000ef2158567--tuplet--stop--1,na9a8000ef2158567--tuplet--stop--1,tuplet,stamp,na9a8000ef2158567
n9ea55325657990cd--tuplet--start--1,n9ea55325657990cd--tuplet--start--1,tuplet,stamp,n9ea55325657990cd
n738d742df4ccb0b5--tuplet--stop--1,n738d742df4ccb0b5--tuplet--stop--1,tuplet,stamp,n738d742df4ccb0b5
nfa65425b9d52236c--tuplet--start--1,nfa65425b9d52236c--tuplet--start--1,tuplet,stamp,nfa65425b9d52236c
ne555c66db9414c3d--tuplet--stop--1,ne555c66db9414c3d--tuplet--stop--1,tuplet,stamp,ne555c66db9414c3d
n2c90637c7b55e307--tuplet--start--1,n2c90637c7b55e307--tuplet--start--1,tuplet,stamp,n2c90637c7b55e307
n2c5415b5601d620b--tuplet--stop--1,n2c5415b5601d620b--tuplet--stop--1,tuplet,stamp,n2c5415b5601d620b
nbd9f4bf20a4bac84--accent--1,,accent,derive,nbd9f4bf20a4bac84
nd14a95bfcaadba6c--accent--1,,accent,derive,nd14a95bfcaadba6c
n1376140eaab2ff2d--slur--start--1,n1376140eaab2ff2d--slur--start--1,slur,stamp,n1376140eaab2ff2d
n1376140eaab2ff2d--strong-accent--1,,strong-accent,derive,n1376140eaab2ff2d
n76ccca903403d371--tuplet--start--1,n76ccca903403d371--tuplet--start--1,tuplet,stamp,n76ccca903403d371
nb7078a5e32afa9a4--tuplet--stop--1,nb7078a5e32afa9a4--tuplet--stop--1,tuplet,stamp,nb7078a5e32afa9a4
na660d1e22f706706--tuplet--start--1,na660d1e22f706706--tuplet--start--1,tuplet,stamp,na660d1e22f706706
n30bbddb6aefc9935--tuplet--stop--1,n30bbddb6aefc9935--tuplet--stop--1,tuplet,stamp,n30bbddb6aefc9935
n56dadc09e6ad2e7c--tuplet--start--1,n56dadc09e6ad2e7c--tuplet--start--1,tuplet,stamp,n56dadc09e6ad2e7c
nd3058a2122ec8919--tuplet--stop--1,nd3058a2122ec8919--tuplet--stop--1,tuplet,stamp,nd3058a2122ec8919
na1b554e59654847e--tuplet--start--1,na1b554e59654847e--tuplet--start--1,tuplet,stamp,na1b554e59654847e
n5536b11ba671c814--tuplet--stop--1,n5536b11ba671c814--tuplet--stop--1,tuplet,stamp,n5536b11ba671c814
e89aad07e01a344d3,e89aad07e01a344d3,dynamics,md,1
nc3d7cca7a4dd0aa5--slur--stop--1,nc3d7cca7a4dd0aa5--slur--stop--1,slur,stamp,nc3d7cca7a4dd0aa5
n64ead5c4f9db2938--tie--1,,tie,derive,n64ead5c4f9db2938
n64ead5c4f9db2938--tied--start--1,n64ead5c4f9db2938--tied--start--1,tied,stamp,n64ead5c4f9db2938
n14344a63efb5d2fa--tie--1,,tie,derive,n14344a63efb5d2fa
n14344a63efb5d2fa--tied--stop--1,n14344a63efb5d2fa--tied--stop--1,tied,stamp,n14344a63efb5d2fa
nad91e7b27b54a817--tuplet--start--1,nad91e7b27b54a817--tuplet--start--1,tuplet,stamp,nad91e7b27b54a817
n99c30e67b02efe7e--tuplet--stop--1,n99c30e67b02efe7e--tuplet--stop--1,tuplet,stamp,n99c30e67b02efe7e
n0a2ddadd126f94eb--tuplet--start--1,n0a2ddadd126f94eb--tuplet--start--1,tuplet,stamp,n0a2ddadd126f94eb
n95d9d20c39e282c2--tuplet--stop--1,n95d9d20c39e282c2--tuplet--stop--1,tuplet,stamp,n95d9d20c39e282c2
n2a95dc42403f59a4--tuplet--start--1,n2a95dc42403f59a4--tuplet--start--1,tuplet,stamp,n2a95dc42403f59a4
n45f27f398087c4de--tuplet--stop--1,n45f27f398087c4de--tuplet--stop--1,tuplet,stamp,n45f27f398087c4de
nbf103fa088c1f4d4--tuplet--start--1,nbf103fa088c1f4d4--tuplet--start--1,tuplet,stamp,nbf103fa088c1f4d4
n29af5262b9be3a8c--tuplet--stop--1,n29af5262b9be3a8c--tuplet--stop--1,tuplet,stamp,n29af5262b9be3a8c
e8c5e1d216d0d1efb,e8c5e1d216d0d1efb,wedge,md,1
ec7a852067dd076a1,ec7a852067dd076a1,wedge,md,1
n6b3770bf956bdc12--slur--start--1,n6b3770bf956bdc12--slur--start--1,slur,stamp,n6b3770bf956bdc12
n6b3770bf956bdc12--strong-accent--1,,strong-accent,derive,n6b3770bf956bdc12
n173a60d7c1dc8a29--tuplet--start--1,n173a60d7c1dc8a29--tuplet--start--1,tuplet,stamp,n173a60d7c1dc8a29
nbbb3e64e25ed0340--tuplet--stop--1,nbbb3e64e25ed0340--tuplet--stop--1,tuplet,stamp,nbbb3e64e25ed0340
n07d9123bd6227e39--tuplet--start--1,n07d9123bd6227e39--tuplet--start--1,tuplet,stamp,n07d9123bd6227e39
n9d66f271ff123a42--tuplet--stop--1,n9d66f271ff123a42--tuplet--stop--1,tuplet,stamp,n9d66f271ff123a42
ncda1f4e12d24d5a6--tuplet--start--1,ncda1f4e12d24d5a6--tuplet--start--1,tuplet,stamp,ncda1f4e12d24d5a6
n5c5c3a2047bf8394--tuplet--stop--1,n5c5c3a2047bf8394--tuplet--stop--1,tuplet,stamp,n5c5c3a2047bf8394
n6cff18c89432fb3f--tuplet--start--1,n6cff18c89432fb3f--tuplet--start--1,tuplet,stamp,n6cff18c89432fb3f
nae86b5d500a483f6--tuplet--stop--1,nae86b5d500a483f6--tuplet--stop--1,tuplet,stamp,nae86b5d500a483f6
e9ab78948be128e06,e9ab78948be128e06,dynamics,md,1
n0ee759ebce4ace2f--slur--stop--1,n0ee759ebce4ace2f--slur--stop--1,slur,stamp,n0ee759ebce4ace2f
n4b86cc6ea9586431--tie--1,,tie,derive,n4b86cc6ea9586431
n4b86cc6ea9586431--tied--start--1,n4b86cc6ea9586431--tied--start--1,tied,stamp,n4b86cc6ea9586431
n0706f5e6097576fc--tie--1,,tie,derive,n0706f5e6097576fc
n0706f5e6097576fc--tied--stop--1,n0706f5e6097576fc--tied--stop--1,tied,stamp,n0706f5e6097576fc
n84ec054f1b0a308d--tuplet--start--1,n84ec054f1b0a308d--tuplet--start--1,tuplet,stamp,n84ec054f1b0a308d
nab703749b13a6b43--tuplet--stop--1,nab703749b13a6b43--tuplet--stop--1,tuplet,stamp,nab703749b13a6b43
n69c4608d374ca142--tuplet--start--1,n69c4608d374ca142--tuplet--start--1,tuplet,stamp,n69c4608d374ca142
n4bc43529cfe6615e--tuplet--stop--1,n4bc43529cfe6615e--tuplet--stop--1,tuplet,stamp,n4bc43529cfe6615e
neee1d64dedcdd2be--tuplet--start--1,neee1d64dedcdd2be--tuplet--start--1,tuplet,stamp,neee1d64dedcdd2be
n5dd71168205db8cf--tuplet--stop--1,n5dd71168205db8cf--tuplet--stop--1,tuplet,stamp,n5dd71168205db8cf
na275413650f95051--tuplet--start--1,na275413650f95051--tuplet--start--1,tuplet,stamp,na275413650f95051
n13bec0b2f0bac1b1--tuplet--stop--1,n13bec0b2f0bac1b1--tuplet--stop--1,tuplet,stamp,n13bec0b2f0bac1b1
nab158ff630d55d80--detached-legato--1,,detached-legato,derive,nab158ff630d55d80
ne8c41283668df825--detached-legato--1,,detached-legato,derive,ne8c41283668df825
ndb8bcdbafafa004a--slur--start--1,ndb8bcdbafafa004a--slur--start--1,slur,stamp,ndb8bcdbafafa004a
n292fcc741ea4c85e--slur--stop--1,n292fcc741ea4c85e--slur--stop--1,slur,stamp,n292fcc741ea4c85e
e9f4cc67e1e3bc356,e9f4cc67e1e3bc356,wedge,md,1
e7e164c39e68b0dca,e7e164c39e68b0dca,wedge,md,1
nb60cf92e7c2ba3ae--tie--1,,tie,derive,nb60cf92e7c2ba3ae
nb60cf92e7c2ba3ae--tied--start--1,nb60cf92e7c2ba3ae--tied--start--1,tied,stamp,nb60cf92e7c2ba3ae
nb60cf92e7c2ba3ae--slur--start--1,nb60cf92e7c2ba3ae--slur--start--1,slur,stamp,nb60cf92e7c2ba3ae
n73c1be866f8d33c3--tie--1,,tie,derive,n73c1be866f8d33c3
n73c1be866f8d33c3--tied--start--1,n73c1be866f8d33c3--tied--start--1,tied,stamp,n73c1be866f8d33c3
na8e9803c02ca1238--tie--1,,tie,derive,na8e9803c02ca1238
na8e9803c02ca1238--tied--start--1,na8e9803c02ca1238--tied--start--1,tied,stamp,na8e9803c02ca1238
na8e9803c02ca1238--slur--start--1,na8e9803c02ca1238--slur--start--1,slur,stamp,na8e9803c02ca1238
nafa2b3dc52398b49--tie--1,,tie,derive,nafa2b3dc52398b49
nafa2b3dc52398b49--tied--start--1,nafa2b3dc52398b49--tied--start--1,tied,stamp,nafa2b3dc52398b49
n957f562613c79e6b--tie--1,,tie,derive,n957f562613c79e6b
n957f562613c79e6b--tied--stop--1,n957f562613c79e6b--tied--stop--1,tied,stamp,n957f562613c79e6b
nbe57d1a93811af21--slur--stop--1,nbe57d1a93811af21--slur--stop--1,slur,stamp,nbe57d1a93811af21
n19445ef63d5f11de--tie--1,,tie,derive,n19445ef63d5f11de
n19445ef63d5f11de--tied--stop--1,n19445ef63d5f11de--tied--stop--1,tied,stamp,n19445ef63d5f11de
nf09c1d4a576aa7a1--tie--1,,tie,derive,nf09c1d4a576aa7a1
nf09c1d4a576aa7a1--tied--stop--1,nf09c1d4a576aa7a1--tied--stop--1,tied,stamp,nf09c1d4a576aa7a1
n60d166e6115d1f2a--slur--stop--1,n60d166e6115d1f2a--slur--stop--1,slur,stamp,n60d166e6115d1f2a
n5d450a9ea2c1df2e--tie--1,,tie,derive,n5d450a9ea2c1df2e
n5d450a9ea2c1df2e--tied--stop--1,n5d450a9ea2c1df2e--tied--stop--1,tied,stamp,n5d450a9ea2c1df2e
n14833e26f1f90d0b--staccato--1,,staccato,derive,n14833e26f1f90d0b
n14833e26f1f90d0b--arpeggiate--1,n14833e26f1f90d0b--arpeggiate--1,arpeggiate,stamp,n14833e26f1f90d0b
n2d6a566df9a4ea26--arpeggiate--1,n2d6a566df9a4ea26--arpeggiate--1,arpeggiate,stamp,n2d6a566df9a4ea26
nba16dc281704cde2--arpeggiate--1,nba16dc281704cde2--arpeggiate--1,arpeggiate,stamp,nba16dc281704cde2
n4931974b10d77ddd--tie--1,,tie,derive,n4931974b10d77ddd
n4931974b10d77ddd--tied--start--1,n4931974b10d77ddd--tied--start--1,tied,stamp,n4931974b10d77ddd
efd547c344f4349af,efd547c344f4349af,dynamics,md,1
e8a57ce9fe04c9fe0,e8a57ce9fe04c9fe0,wedge,md,1
nec893774a69ab61b--tie--1,,tie,derive,nec893774a69ab61b
nec893774a69ab61b--tied--stop--1,nec893774a69ab61b--tied--stop--1,tied,stamp,nec893774a69ab61b
n597bb3eb3fe23abb--slur--start--1,n597bb3eb3fe23abb--slur--start--1,slur,stamp,n597bb3eb3fe23abb
nb0284109f6b1e73d--slur--stop--1,nb0284109f6b1e73d--slur--stop--1,slur,stamp,nb0284109f6b1e73d
e8c732201e8ab9953,e8c732201e8ab9953,wedge,md,1
e1ca4df68b56ea7ae,e1ca4df68b56ea7ae,wedge,md,1
ed361cc596ab2d795,ed361cc596ab2d795,wedge,md,1
n55d70b08a8687ad2--staccato--1,,staccato,derive,n55d70b08a8687ad2
n83eea1e326c4210c--tie--1,,tie,derive,n83eea1e326c4210c
n83eea1e326c4210c--tied--start--1,n83eea1e326c4210c--tied--start--1,tied,stamp,n83eea1e326c4210c
e072f6ea29e3dc4dc,e072f6ea29e3dc4dc,wedge,md,1
n8aa2d4cd480ddf81--tie--1,,tie,derive,n8aa2d4cd480ddf81
n8aa2d4cd480ddf81--tied--stop--1,n8aa2d4cd480ddf81--tied--stop--1,tied,stamp,n8aa2d4cd480ddf81
nd2161215ec9a87dd--tie--1,,tie,derive,nd2161215ec9a87dd
nd2161215ec9a87dd--tied--start--1,nd2161215ec9a87dd--tied--start--1,tied,stamp,nd2161215ec9a87dd
nc7577f4abb457271--slur--start--1,nc7577f4abb457271--slur--start--1,slur,stamp,nc7577f4abb457271
nd5b7ea6b09491559--slur--stop--1,nd5b7ea6b09491559--slur--stop--1,slur,stamp,nd5b7ea6b09491559
e5f43730b893b97ce,e5f43730b893b97ce,wedge,md,1
e9b29a832399708a8,e9b29a832399708a8,wedge,md,1
eff0fac50b6741be4,eff0fac50b6741be4,wedge,md,1
n5a9ea6f828f832a2--tie--1,,tie,derive,n5a9ea6f828f832a2
n5a9ea6f828f832a2--tied--stop--1,n5a9ea6f828f832a2--tied--stop--1,tied,stamp,n5a9ea6f828f832a2
n5a9ea6f828f832a2--slur--start--1,n5a9ea6f828f832a2--slur--start--1,slur,stamp,n5a9ea6f828f832a2
n80daf73ae11f6ae1--slur--stop--1,n80daf73ae11f6ae1--slur--stop--1,slur,stamp,n80daf73ae11f6ae1
n75b55778d75e3a4c--tie--1,,tie,derive,n75b55778d75e3a4c
n75b55778d75e3a4c--tied--start--1,n75b55778d75e3a4c--tied--start--1,tied,stamp,n75b55778d75e3a4c
ed8a4809a96df6f46,ed8a4809a96df6f46,wedge,md,1
eae7cce5a0a0e7a86,eae7cce5a0a0e7a86,wedge,md,1
e9bd4ff10fffa6e60,e9bd4ff10fffa6e60,wedge,md,1
e3be0b656bea89b46,e3be0b656bea89b46,wedge,md,1
e988065ee0bd54bb5,e988065ee0bd54bb5,wedge,md,2
e643107ab9252f957,e643107ab9252f957,wedge,md,2
nedfddf3f11eb3c18--tie--1,,tie,derive,nedfddf3f11eb3c18
nedfddf3f11eb3c18--tied--stop--1,nedfddf3f11eb3c18--tied--stop--1,tied,stamp,nedfddf3f11eb3c18
nedfddf3f11eb3c18--slur--start--1,nedfddf3f11eb3c18--slur--start--1,slur,stamp,nedfddf3f11eb3c18
n7e9d9e2c15f68bf0--slur--stop--1,n7e9d9e2c15f68bf0--slur--stop--1,slur,stamp,n7e9d9e2c15f68bf0
ec7ce07a5debb5140,ec7ce07a5debb5140,wedge,md,1
e6d7720a87fcc190c,e6d7720a87fcc190c,octave-shift,md,1
eed8deeb2ad697acc,eed8deeb2ad697acc,wedge,md,1
e98e844d5afd52d56,e98e844d5afd52d56,wedge,md,2
n88b34b29545a6411--slur--start--1,n88b34b29545a6411--slur--start--1,slur,stamp,n88b34b29545a6411
na1a661fba49cb77f--tie--1,,tie,derive,na1a661fba49cb77f
na1a661fba49cb77f--tied--start--1,na1a661fba49cb77f--tied--start--1,tied,stamp,na1a661fba49cb77f
ne161904e349a41e2--tie--1,,tie,derive,ne161904e349a41e2
ne161904e349a41e2--tied--start--1,ne161904e349a41e2--tied--start--1,tied,stamp,ne161904e349a41e2
e4d17331e31284140,e4d17331e31284140,wedge,md,1
e08855117b6ea5135,e08855117b6ea5135,wedge,md,1
ea753363b626de68a,ea753363b626de68a,wedge,md,1
eed9734864da9fb4e,eed9734864da9fb4e,wedge,md,1
e79a829573cc1702c,e79a829573cc1702c,octave-shift,md,1
ec39a5588ae941900,ec39a5588ae941900,wedge,md,2
n15fc21a70544cb82--slur--stop--1,n15fc21a70544cb82--slur--stop--1,slur,stamp,n15fc21a70544cb82
n3ce2c65becb235ea--tie--1,,tie,derive,n3ce2c65becb235ea
n3ce2c65becb235ea--tied--stop--1,n3ce2c65becb235ea--tied--stop--1,tied,stamp,n3ce2c65becb235ea
n0ea5984557cf6759--tie--1,,tie,derive,n0ea5984557cf6759
n0ea5984557cf6759--tied--stop--1,n0ea5984557cf6759--tied--stop--1,tied,stamp,n0ea5984557cf6759
e2ea78112265b11a9,e2ea78112265b11a9,wedge,md,1
e7fe92b8aff6a3630,e7fe92b8aff6a3630,wedge,md,1
ec46e2037ae03b23a,ec46e2037ae03b23a,wedge,md,1
e88c24b38c377e8e1,e88c24b38c377e8e1,wedge,md,1
n9502014826dd943d--slur--start--1,n9502014826dd943d--slur--start--1,slur,stamp,n9502014826dd943d
n1eb93d2cbd31efdc--accent--1,,accent,derive,n1eb93d2cbd31efdc
n53978a6904afc400--slur--stop--1,n53978a6904afc400--slur--stop--1,slur,stamp,n53978a6904afc400
e9523368e58064040,e9523368e58064040,words,md,2
na041b78e334cbcf3--slur--start--1,na041b78e334cbcf3--slur--start--1,slur,stamp,na041b78e334cbcf3
n0dc172bb20e7a498--accent--1,,accent,derive,n0dc172bb20e7a498
n9236ae25165f2393--slur--stop--1,n9236ae25165f2393--slur--stop--1,slur,stamp,n9236ae25165f2393
ndffe5dbe10963da0--tie--1,,tie,derive,ndffe5dbe10963da0
ndffe5dbe10963da0--tied--start--1,ndffe5dbe10963da0--tied--start--1,tied,stamp,ndffe5dbe10963da0
n7a03d5c93c9317b7--tie--1,,tie,derive,n7a03d5c93c9317b7
n7a03d5c93c9317b7--tied--stop--1,n7a03d5c93c9317b7--tied--stop--1,tied,stamp,n7a03d5c93c9317b7
n136504e529b08114--strong-accent--1,,strong-accent,derive,n136504e529b08114
e1e887f4dfd6d0037,e1e887f4dfd6d0037,wedge,md,2
e5a5f1082a3f5cced,e5a5f1082a3f5cced,wedge,md,2
ndb40cb80acbe94fc--slur--start--1,ndb40cb80acbe94fc--slur--start--1,slur,stamp,ndb40cb80acbe94fc
n693efc0f751ace8a--accent--1,,accent,derive,n693efc0f751ace8a
n469cd747e6824d86--slur--stop--1,n469cd747e6824d86--slur--stop--1,slur,stamp,n469cd747e6824d86
n0db447571d8cc566--slur--start--1,n0db447571d8cc566--slur--start--1,slur,stamp,n0db447571d8cc566
n3b83533b3fe6cbf8--accent--1,,accent,derive,n3b83533b3fe6cbf8
n61e99a585978e1f6--slur--stop--1,n61e99a585978e1f6--slur--stop--1,slur,stamp,n61e99a585978e1f6
n328d806da17b357f--tie--1,,tie,derive,n328d806da17b357f
n328d806da17b357f--tied--start--1,n328d806da17b357f--tied--start--1,tied,stamp,n328d806da17b357f
nbf8c04639fe9ad41--tie--1,,tie,derive,nbf8c04639fe9ad41
nbf8c04639fe9ad41--tied--stop--1,nbf8c04639fe9ad41--tied--stop--1,tied,stamp,nbf8c04639fe9ad41
n6537d39c30aca8a2--strong-accent--1,,strong-accent,derive,n6537d39c30aca8a2
e190a9e6bf5e24b97,e190a9e6bf5e24b97,wedge,md,2
e04531e6e63f6380a,e04531e6e63f6380a,wedge,md,2
n228b3803fe752846--accent--1,,accent,derive,n228b3803fe752846
nf4e700490c8ab4dd--accent--1,,accent,derive,nf4e700490c8ab4dd
n5164f6bee0cbbd72--slur--start--1,n5164f6bee0cbbd72--slur--start--1,slur,stamp,n5164f6bee0cbbd72
n5164f6bee0cbbd72--accent--1,,accent,derive,n5164f6bee0cbbd72
n2c85cc650920b51d--slur--stop--1,n2c85cc650920b51d--slur--stop--1,slur,stamp,n2c85cc650920b51d
ee4b74fd747e4f2ca,ee4b74fd747e4f2ca,wedge,md,1
e8664de0409e0cf06,e8664de0409e0cf06,octave-shift,md,1
e4e2642b032adce75,e4e2642b032adce75,wedge,md,2
e72af1b8a5d4c865d,e72af1b8a5d4c865d,wedge,md,2
nad3e865d75441197--accent--1,,accent,derive,nad3e865d75441197
nb6e65b842f6ff952--accent--1,,accent,derive,nb6e65b842f6ff952
ne96277fc3c292405--slur--start--1,ne96277fc3c292405--slur--start--1,slur,stamp,ne96277fc3c292405
ne96277fc3c292405--accent--1,,accent,derive,ne96277fc3c292405
n81b71596042b7b58--slur--stop--1,n81b71596042b7b58--slur--stop--1,slur,stamp,n81b71596042b7b58
ec3b4a79e6d1d43e3,ec3b4a79e6d1d43e3,wedge,md,1
ed52d398716c80467,ed52d398716c80467,wedge,md,2
ef7bd26d0ab07a44e,ef7bd26d0ab07a44e,wedge,md,2
e0c0517766ec5833e,e0c0517766ec5833e,wedge,md,1
edc3aba9216e0dfa8,edc3aba9216e0dfa8,wedge,md,1
nebbe597ead803b34--staccato--1,,staccato,derive,nebbe597ead803b34
nebbe597ead803b34--accent--1,,accent,derive,nebbe597ead803b34
n1559a59489a500ce--staccato--1,,staccato,derive,n1559a59489a500ce
n1559a59489a500ce--accent--1,,accent,derive,n1559a59489a500ce
nd495cb60656d898e--accent--1,,accent,derive,nd495cb60656d898e
ef5cdb7dc0f523cdc,ef5cdb7dc0f523cdc,octave-shift,md,1
n00517d97b04aa6e7--strong-accent--1,,strong-accent,derive,n00517d97b04aa6e7
ne4dc93598de63423--staccato--1,,staccato,derive,ne4dc93598de63423
ne4dc93598de63423--strong-accent--1,,strong-accent,derive,ne4dc93598de63423
n108d2e1cbb14a0cf--staccato--1,,staccato,derive,n108d2e1cbb14a0cf
n108d2e1cbb14a0cf--strong-accent--1,,strong-accent,derive,n108d2e1cbb14a0cf
n463f904b77cb6523--slur--start--1,n463f904b77cb6523--slur--start--1,slur,stamp,n463f904b77cb6523
e5dee4b311ea58dc7,e5dee4b311ea58dc7,dynamics,md,1
eab983587c4372140,eab983587c4372140,octave-shift,md,1
ef122bd65c7e89791,ef122bd65c7e89791,octave-shift,md,1
nfcdacd3ab2223f81--accent--1,,accent,derive,nfcdacd3ab2223f81
n6b234131a67512f8--accent--1,,accent,derive,n6b234131a67512f8
n2ec61656be2ad885--slur--stop--1,n2ec61656be2ad885--slur--stop--1,slur,stamp,n2ec61656be2ad885
e0ee41a339d041c08,e0ee41a339d041c08,wedge,md,1
ea1a0795be7158220,ea1a0795be7158220,wedge,md,1
ned1cc49e9f305d4d--strong-accent--1,,strong-accent,derive,ned1cc49e9f305d4d
nf66d79e0fcbb681e--staccato--1,,staccato,derive,nf66d79e0fcbb681e
nf66d79e0fcbb681e--strong-accent--1,,strong-accent,derive,nf66d79e0fcbb681e
nf66d79e0fcbb681e--arpeggiate--1,nf66d79e0fcbb681e--arpeggiate--1,arpeggiate,stamp,nf66d79e0fcbb681e
n3a01cb654cc6c5f5--arpeggiate--1,n3a01cb654cc6c5f5--arpeggiate--1,arpeggiate,stamp,n3a01cb654cc6c5f5
n7fd310933627f409--arpeggiate--1,n7fd310933627f409--arpeggiate--1,arpeggiate,stamp,n7fd310933627f409
nfa3320846321c763--staccato--1,,staccato,derive,nfa3320846321c763
nfa3320846321c763--strong-accent--1,,strong-accent,derive,nfa3320846321c763
n5d15e3e1f7b47b7e--slur--start--1,n5d15e3e1f7b47b7e--slur--start--1,slur,stamp,n5d15e3e1f7b47b7e
ea0575a0a897cedee,ea0575a0a897cedee,dynamics,md,1
e0c9c54b8e84c3e06,e0c9c54b8e84c3e06,octave-shift,md,1
e63a84a93453f8c1b,e63a84a93453f8c1b,octave-shift,md,1
n8b3b1b4394771433--accent--1,,accent,derive,n8b3b1b4394771433
ne500f68838e3268f--accent--1,,accent,derive,ne500f68838e3268f
nde311da32b1c792e--slur--stop--1,nde311da32b1c792e--slur--stop--1,slur,stamp,nde311da32b1c792e
e46a7006beab6adfa,e46a7006beab6adfa,wedge,md,1
e1e0773a76d76eb21,e1e0773a76d76eb21,wedge,md,1
nc7b4f0b27c9eca40--strong-accent--1,,strong-accent,derive,nc7b4f0b27c9eca40
n22eec4a0f4ac5f8f--staccato--1,,staccato,derive,n22eec4a0f4ac5f8f
n22eec4a0f4ac5f8f--strong-accent--1,,strong-accent,derive,n22eec4a0f4ac5f8f
n22eec4a0f4ac5f8f--arpeggiate--1,n22eec4a0f4ac5f8f--arpeggiate--1,arpeggiate,stamp,n22eec4a0f4ac5f8f
ndc673034b0900b3a--arpeggiate--1,ndc673034b0900b3a--arpeggiate--1,arpeggiate,stamp,ndc673034b0900b3a
n9fb75401fe3690b9--arpeggiate--1,n9fb75401fe3690b9--arpeggiate--1,arpeggiate,stamp,n9fb75401fe3690b9
n848f01bff2256f3b--staccato--1,,staccato,derive,n848f01bff2256f3b
n848f01bff2256f3b--strong-accent--1,,strong-accent,derive,n848f01bff2256f3b
e54b1ab036fc562b6,e54b1ab036fc562b6,wedge,md,1
edb161f3ebfe856e5,edb161f3ebfe856e5,octave-shift,md,1
e2358429a076b5192,e2358429a076b5192,wedge,md,1
ebbf86f40045f3995,ebbf86f40045f3995,octave-shift,md,1
n3dbebd46f5bb7f9f--staccato--1,,staccato,derive,n3dbebd46f5bb7f9f
n3dbebd46f5bb7f9f--strong-accent--1,,strong-accent,derive,n3dbebd46f5bb7f9f
neb5c2f7f98bc5d6f--staccato--1,,staccato,derive,neb5c2f7f98bc5d6f
n073f0492622ab0b0--staccato--1,,staccato,derive,n073f0492622ab0b0
na38f6dd1576894d6--staccato--1,,staccato,derive,na38f6dd1576894d6
nc030e362c9f418a0--staccato--1,,staccato,derive,nc030e362c9f418a0
n9f84022e317bd44d--staccato--1,,staccato,derive,n9f84022e317bd44d
n4c37607ba548bf0e--staccato--1,,staccato,derive,n4c37607ba548bf0e
nfb89da7cc0275367--staccato--1,,staccato,derive,nfb89da7cc0275367
nae76b58793c3ea2a--slur--start--1,nae76b58793c3ea2a--slur--start--1,slur,stamp,nae76b58793c3ea2a
ef0e0f0acfc6a5578,ef0e0f0acfc6a5578,dynamics,md,1
e48d2a6d08d1f9769,e48d2a6d08d1f9769,wedge,md,1
e4adeefe32f726213,e4adeefe32f726213,wedge,md,1
nea39474584e68a63--strong-accent--1,,strong-accent,derive,nea39474584e68a63
na44c428449cd0f1d--strong-accent--1,,strong-accent,derive,na44c428449cd0f1d
n71c7e0d34588b282--slur--stop--1,n71c7e0d34588b282--slur--stop--1,slur,stamp,n71c7e0d34588b282
e0a5fec26b7790d7c,e0a5fec26b7790d7c,wedge,md,1
e6abcfd3a6e091abe,e6abcfd3a6e091abe,wedge,md,1
n1dadc6bd4e0b2662--staccato--1,,staccato,derive,n1dadc6bd4e0b2662
n1dadc6bd4e0b2662--strong-accent--1,,strong-accent,derive,n1dadc6bd4e0b2662
n7663a4591879a8c9--staccato--1,,staccato,derive,n7663a4591879a8c9
n5631f4ce81aa1a6f--staccato--1,,staccato,derive,n5631f4ce81aa1a6f
na4a1cae28a1ba82f--staccato--1,,staccato,derive,na4a1cae28a1ba82f
na4a1cae28a1ba82f--strong-accent--1,,strong-accent,derive,na4a1cae28a1ba82f
na4a1cae28a1ba82f--arpeggiate--1,na4a1cae28a1ba82f--arpeggiate--1,arpeggiate,stamp,na4a1cae28a1ba82f
n2e09687e93e6830f--arpeggiate--1,n2e09687e93e6830f--arpeggiate--1,arpeggiate,stamp,n2e09687e93e6830f
ndea5190dad0c0a9f--arpeggiate--1,ndea5190dad0c0a9f--arpeggiate--1,arpeggiate,stamp,ndea5190dad0c0a9f
n266c741c249abd58--staccato--1,,staccato,derive,n266c741c249abd58
n17e7c8ee7dfd6792--staccato--1,,staccato,derive,n17e7c8ee7dfd6792
e684ecec32e307263,e684ecec32e307263,wedge,md,1
e67e810151788e9e3,e67e810151788e9e3,octave-shift,md,1
ea08983f1ae4e8225,ea08983f1ae4e8225,wedge,md,1
ef5d60bdedad1c809,ef5d60bdedad1c809,octave-shift,md,1
n655088a5bbf950d5--accent--1,,accent,derive,n655088a5bbf950d5
na2fe5197a5c09f54--slur--start--1,na2fe5197a5c09f54--slur--start--1,slur,stamp,na2fe5197a5c09f54
na2fe5197a5c09f54--strong-accent--1,,strong-accent,derive,na2fe5197a5c09f54
n329add36c5f7eec1--slur--stop--1,n329add36c5f7eec1--slur--stop--1,slur,stamp,n329add36c5f7eec1
n58714d999a7afd85--staccato--1,,staccato,derive,n58714d999a7afd85
n58714d999a7afd85--strong-accent--1,,strong-accent,derive,n58714d999a7afd85
nfef85bf7bcd8b5f1--staccato--1,,staccato,derive,nfef85bf7bcd8b5f1
n1e84c2600a72d595--staccato--1,,staccato,derive,n1e84c2600a72d595
n1169e7d04dbce4d5--staccato--1,,staccato,derive,n1169e7d04dbce4d5
n1169e7d04dbce4d5--strong-accent--1,,strong-accent,derive,n1169e7d04dbce4d5
neef042fc1786f04a--staccato--1,,staccato,derive,neef042fc1786f04a
n978e7de6d478aae1--staccato--1,,staccato,derive,n978e7de6d478aae1
e2b39ad5852c9eae5,e2b39ad5852c9eae5,wedge,md,1
edbef44fc0cd02c71,edbef44fc0cd02c71,wedge,md,1
nde23a9168d1597f8--strong-accent--1,,strong-accent,derive,nde23a9168d1597f8
n091c1e499aa6c7ba--strong-accent--1,,strong-accent,derive,n091c1e499aa6c7ba
e284eef27b16cd968,e284eef27b16cd968,wedge,md,1
eeaade02eb1376757,eeaade02eb1376757,wedge,md,1
n6919d7bf8e2f3868--staccato--1,,staccato,derive,n6919d7bf8e2f3868
n6919d7bf8e2f3868--strong-accent--1,,strong-accent,derive,n6919d7bf8e2f3868
n79239b31ae449434--staccato--1,,staccato,derive,n79239b31ae449434
n245dca5c29dacde3--staccato--1,,staccato,derive,n245dca5c29dacde3
n542bd6ed34b99261--staccato--1,,staccato,derive,n542bd6ed34b99261
n542bd6ed34b99261--strong-accent--1,,strong-accent,derive,n542bd6ed34b99261
n2af5c02aadc5fa0b--staccato--1,,staccato,derive,n2af5c02aadc5fa0b
ne4e0093671c17c7f--staccato--1,,staccato,derive,ne4e0093671c17c7f
e39c46488116a7b77,e39c46488116a7b77,wedge,md,1
e2f8e75dff73d7cca,e2f8e75dff73d7cca,octave-shift,md,1
e81537b0e9acb7187,e81537b0e9acb7187,wedge,md,1
e158df2e8e8023c04,e158df2e8e8023c04,octave-shift,md,1
n6b305ebbd0275d6b--staccato--1,,staccato,derive,n6b305ebbd0275d6b
n6b305ebbd0275d6b--strong-accent--1,,strong-accent,derive,n6b305ebbd0275d6b
n470871307974ca0a--staccato--1,,staccato,derive,n470871307974ca0a
n8f62c9a248813ef5--staccato--1,,staccato,derive,n8f62c9a248813ef5
na5ceb7e448fd2770--staccato--1,,staccato,derive,na5ceb7e448fd2770
na5ceb7e448fd2770--strong-accent--1,,strong-accent,derive,na5ceb7e448fd2770
nd74b6578b8f08558--staccato--1,,staccato,derive,nd74b6578b8f08558
nb5552fdaf602692e--staccato--1,,staccato,derive,nb5552fdaf602692e
e3a23eac16017a94a,e3a23eac16017a94a,wedge,md,1
eeee8104c84f54b1f,eeee8104c84f54b1f,octave-shift,md,1
e6eae4222b70daf88,e6eae4222b70daf88,wedge,md,1
e13c1b4caa9d2f5a5,e13c1b4caa9d2f5a5,octave-shift,md,1
n0f4448470d43ca8e--staccato--1,,staccato,derive,n0f4448470d43ca8e
n0f4448470d43ca8e--strong-accent--1,,strong-accent,derive,n0f4448470d43ca8e
n14040536c5dd99ed--staccato--1,,staccato,derive,n14040536c5dd99ed
n14040536c5dd99ed--strong-accent--1,,strong-accent,derive,n14040536c5dd99ed
e819adca4eabd8c0c,e819adca4eabd8c0c,wedge,md,1
e6fcf5da1a8bff8d9,e6fcf5da1a8bff8d9,octave-shift,md,1
ea753f9bb471b39ab,ea753f9bb471b39ab,octave-shift,md,1
ecef2046fcbd923d1,ecef2046fcbd923d1,wedge,md,1
n575dc2dd41ae73a8--accent--1,,accent,derive,n575dc2dd41ae73a8
nbf48f6c4ecf634e9--tie--1,,tie,derive,nbf48f6c4ecf634e9
nbf48f6c4ecf634e9--tied--start--1,nbf48f6c4ecf634e9--tied--start--1,tied,stamp,nbf48f6c4ecf634e9
nbf48f6c4ecf634e9--accent--1,,accent,derive,nbf48f6c4ecf634e9
nc35b8038d459358b--tie--1,,tie,derive,nc35b8038d459358b
nc35b8038d459358b--tied--start--1,nc35b8038d459358b--tied--start--1,tied,stamp,nc35b8038d459358b
ncbe7dcec25e505bf--tie--1,,tie,derive,ncbe7dcec25e505bf
ncbe7dcec25e505bf--tied--start--1,ncbe7dcec25e505bf--tied--start--1,tied,stamp,ncbe7dcec25e505bf
n2f0254125dd97335--accent--1,,accent,derive,n2f0254125dd97335
n75e7fbb6ab7f6069--tie--1,,tie,derive,n75e7fbb6ab7f6069
n75e7fbb6ab7f6069--tied--start--1,n75e7fbb6ab7f6069--tied--start--1,tied,stamp,n75e7fbb6ab7f6069
n75e7fbb6ab7f6069--accent--1,,accent,derive,n75e7fbb6ab7f6069
n75e7fbb6ab7f6069--arpeggiate--1,n75e7fbb6ab7f6069--arpeggiate--1,arpeggiate,stamp,n75e7fbb6ab7f6069
n1cffc7b52742ac17--tie--1,,tie,derive,n1cffc7b52742ac17
n1cffc7b52742ac17--tied--start--1,n1cffc7b52742ac17--tied--start--1,tied,stamp,n1cffc7b52742ac17
n1cffc7b52742ac17--arpeggiate--1,n1cffc7b52742ac17--arpeggiate--1,arpeggiate,stamp,n1cffc7b52742ac17
nea046e8a4e8ca78c--tie--1,,tie,derive,nea046e8a4e8ca78c
nea046e8a4e8ca78c--tied--start--1,nea046e8a4e8ca78c--tied--start--1,tied,stamp,nea046e8a4e8ca78c
e3d0db2988a72ee16,e3d0db2988a72ee16,words,md,1
n0f3d1e0adb490410--tie--1,,tie,derive,n0f3d1e0adb490410
n0f3d1e0adb490410--tied--stop--1,n0f3d1e0adb490410--tied--stop--1,tied,stamp,n0f3d1e0adb490410
n61258c01aa2771a4--tie--1,,tie,derive,n61258c01aa2771a4
n61258c01aa2771a4--tied--stop--1,n61258c01aa2771a4--tied--stop--1,tied,stamp,n61258c01aa2771a4
nb037304c5ad57e12--tie--1,,tie,derive,nb037304c5ad57e12
nb037304c5ad57e12--tied--stop--1,nb037304c5ad57e12--tied--stop--1,tied,stamp,nb037304c5ad57e12
n1a07beec36d1fb58--slur--start--1,n1a07beec36d1fb58--slur--start--1,slur,stamp,n1a07beec36d1fb58
n1a07beec36d1fb58--staccato--1,,staccato,derive,n1a07beec36d1fb58
ne68496d4d6e5d75a--staccato--1,,staccato,derive,ne68496d4d6e5d75a
n804b93908fde7503--slur--stop--1,n804b93908fde7503--slur--stop--1,slur,stamp,n804b93908fde7503
n804b93908fde7503--staccato--1,,staccato,derive,n804b93908fde7503
n39f7109c5b6f51b2--tie--1,,tie,derive,n39f7109c5b6f51b2
n39f7109c5b6f51b2--tied--stop--1,n39f7109c5b6f51b2--tied--stop--1,tied,stamp,n39f7109c5b6f51b2
n72579ba58df9f4ff--tie--1,,tie,derive,n72579ba58df9f4ff
n72579ba58df9f4ff--tied--stop--1,n72579ba58df9f4ff--tied--stop--1,tied,stamp,n72579ba58df9f4ff
n8f81b88a89aaedde--slur--start--1,n8f81b88a89aaedde--slur--start--1,slur,stamp,n8f81b88a89aaedde
n8f81b88a89aaedde--staccato--1,,staccato,derive,n8f81b88a89aaedde
n9173318165b1f0d6--staccato--1,,staccato,derive,n9173318165b1f0d6
n8e68aee6a98e453d--slur--stop--1,n8e68aee6a98e453d--slur--stop--1,slur,stamp,n8e68aee6a98e453d
n8e68aee6a98e453d--staccato--1,,staccato,derive,n8e68aee6a98e453d
n16e0ceced77ec6bb--tie--1,,tie,derive,n16e0ceced77ec6bb
n16e0ceced77ec6bb--tied--stop--1,n16e0ceced77ec6bb--tied--stop--1,tied,stamp,n16e0ceced77ec6bb
nb99b740a0529303c--slur--start--1,nb99b740a0529303c--slur--start--1,slur,stamp,nb99b740a0529303c
n6f767dca76fecc4a--tie--1,,tie,derive,n6f767dca76fecc4a
n6f767dca76fecc4a--tied--start--1,n6f767dca76fecc4a--tied--start--1,tied,stamp,n6f767dca76fecc4a
n0d3f2b1f017015c9--tie--1,,tie,derive,n0d3f2b1f017015c9
n0d3f2b1f017015c9--tied--start--1,n0d3f2b1f017015c9--tied--start--1,tied,stamp,n0d3f2b1f017015c9
n0d3f2b1f017015c9--accent--1,,accent,derive,n0d3f2b1f017015c9
ne9e63731aec671a4--tie--1,,tie,derive,ne9e63731aec671a4
ne9e63731aec671a4--tied--start--1,ne9e63731aec671a4--tied--start--1,tied,stamp,ne9e63731aec671a4
n93e1c786daa9be21--tie--1,,tie,derive,n93e1c786daa9be21
n93e1c786daa9be21--tied--start--1,n93e1c786daa9be21--tied--start--1,tied,stamp,n93e1c786daa9be21
n78e9b3b9d40a85b5--tie--1,,tie,derive,n78e9b3b9d40a85b5
n78e9b3b9d40a85b5--tied--stop--1,n78e9b3b9d40a85b5--tied--stop--1,tied,stamp,n78e9b3b9d40a85b5
ndb57c9318c7c430f--tie--1,,tie,derive,ndb57c9318c7c430f
ndb57c9318c7c430f--tied--stop--1,ndb57c9318c7c430f--tied--stop--1,tied,stamp,ndb57c9318c7c430f
n07a99aaafd54c151--tie--1,,tie,derive,n07a99aaafd54c151
n07a99aaafd54c151--tied--stop--1,n07a99aaafd54c151--tied--stop--1,tied,stamp,n07a99aaafd54c151
e286abac9816f9e20,e286abac9816f9e20,words,md,1
ne230fe4a8178c1a0--tie--1,,tie,derive,ne230fe4a8178c1a0
ne230fe4a8178c1a0--tied--stop--1,ne230fe4a8178c1a0--tied--stop--1,tied,stamp,ne230fe4a8178c1a0
n941148d446f0d75a--slur--stop--1,n941148d446f0d75a--slur--stop--1,slur,stamp,n941148d446f0d75a
e6e8d99ea11325ea7,e6e8d99ea11325ea7,words,md,1
n863d226fd3bc88fd--slur--start--1,n863d226fd3bc88fd--slur--start--1,slur,stamp,n863d226fd3bc88fd
n7094805d58a9f2f4--tie--1,,tie,derive,n7094805d58a9f2f4
n7094805d58a9f2f4--tied--start--1,n7094805d58a9f2f4--tied--start--1,tied,stamp,n7094805d58a9f2f4
e3a08f558388de304,e3a08f558388de304,words,md,1
e783eb255699ae96f,e783eb255699ae96f,bracket,md,1
n004491a83fe4a7f9--tie--1,,tie,derive,n004491a83fe4a7f9
n004491a83fe4a7f9--tied--stop--1,n004491a83fe4a7f9--tied--stop--1,tied,stamp,n004491a83fe4a7f9
n24c44a4689cab140--slur--stop--1,n24c44a4689cab140--slur--stop--1,slur,stamp,n24c44a4689cab140
e8d818c181631db14,e8d818c181631db14,bracket,md,1
n4a0210d869b715a6--slur--start--1,n4a0210d869b715a6--slur--start--1,slur,stamp,n4a0210d869b715a6
n345196596839c7eb--tuplet--start--1,n345196596839c7eb--tuplet--start--1,tuplet,stamp,n345196596839c7eb
n2b062d0be25a1330--tuplet--stop--1,n2b062d0be25a1330--tuplet--stop--1,tuplet,stamp,n2b062d0be25a1330
nb333313b7fe4b0a6--slur--stop--1,nb333313b7fe4b0a6--slur--stop--1,slur,stamp,nb333313b7fe4b0a6
n24bba34a61585530--arpeggiate--1,n24bba34a61585530--arpeggiate--1,arpeggiate,stamp,n24bba34a61585530
nf7743676a5ba66a3--tie--1,,tie,derive,nf7743676a5ba66a3
nf7743676a5ba66a3--tied--start--1,nf7743676a5ba66a3--tied--start--1,tied,stamp,nf7743676a5ba66a3
nf0864b68baa4af6d--tie--1,,tie,derive,nf0864b68baa4af6d
nf0864b68baa4af6d--tied--start--1,nf0864b68baa4af6d--tied--start--1,tied,stamp,nf0864b68baa4af6d
n860c0f3c6c491b60--tie--1,,tie,derive,n860c0f3c6c491b60
n860c0f3c6c491b60--tied--stop--1,n860c0f3c6c491b60--tied--stop--1,tied,stamp,n860c0f3c6c491b60
nf4f1570249546033--tie--1,,tie,derive,nf4f1570249546033
nf4f1570249546033--tied--start--1,nf4f1570249546033--tied--start--1,tied,stamp,nf4f1570249546033
n5618148f94d3659c--tie--1,,tie,derive,n5618148f94d3659c
n5618148f94d3659c--tied--stop--1,n5618148f94d3659c--tied--stop--1,tied,stamp,n5618148f94d3659c
n32f6e33d764c7521--tie--1,,tie,derive,n32f6e33d764c7521
n32f6e33d764c7521--tied--stop--1,n32f6e33d764c7521--tied--stop--1,tied,stamp,n32f6e33d764c7521
n165942abbfabaec3--tie--1,,tie,derive,n165942abbfabaec3
n165942abbfabaec3--tied--stop--1,n165942abbfabaec3--tied--stop--1,tied,stamp,n165942abbfabaec3
ne618a42dbe40bb56--tie--1,,tie,derive,ne618a42dbe40bb56
ne618a42dbe40bb56--tie--2,,tie,derive,ne618a42dbe40bb56
ne618a42dbe40bb56--tied--stop--1,ne618a42dbe40bb56--tied--stop--1,tied,stamp,ne618a42dbe40bb56
ne618a42dbe40bb56--tied--start--2,ne618a42dbe40bb56--tied--start--2,tied,stamp,ne618a42dbe40bb56
nd1749335a5fd86ab--tie--1,,tie,derive,nd1749335a5fd86ab
nd1749335a5fd86ab--tied--start--1,nd1749335a5fd86ab--tied--start--1,tied,stamp,nd1749335a5fd86ab
ef5bfe488a6ead900,ef5bfe488a6ead900,dynamics,md,1
e85c1150dc843d3ff,e85c1150dc843d3ff,words,md,1
ea925325b8f243946,ea925325b8f243946,words,md,1
e352fc03a965bd980,e352fc03a965bd980,wedge,md,1
e73c7afe60c217968,e73c7afe60c217968,wedge,md,1
n06cfa4321385510c--slur--start--1,n06cfa4321385510c--slur--start--1,slur,stamp,n06cfa4321385510c
n6172d6eaee650f2a--tuplet--start--1,n6172d6eaee650f2a--tuplet--start--1,tuplet,stamp,n6172d6eaee650f2a
n97299d01ebc0a5a4--tuplet--stop--1,n97299d01ebc0a5a4--tuplet--stop--1,tuplet,stamp,n97299d01ebc0a5a4
n3545b2f5294580c4--slur--stop--1,n3545b2f5294580c4--slur--stop--1,slur,stamp,n3545b2f5294580c4
nb46984a558ea9d86--tie--1,,tie,derive,nb46984a558ea9d86
nb46984a558ea9d86--tied--start--1,nb46984a558ea9d86--tied--start--1,tied,stamp,nb46984a558ea9d86
n1a5fe1f9db1f68aa--tie--1,,tie,derive,n1a5fe1f9db1f68aa
n1a5fe1f9db1f68aa--tied--start--1,n1a5fe1f9db1f68aa--tied--start--1,tied,stamp,n1a5fe1f9db1f68aa
nfea2911420abba0d--tie--1,,tie,derive,nfea2911420abba0d
nfea2911420abba0d--tied--stop--1,nfea2911420abba0d--tied--stop--1,tied,stamp,nfea2911420abba0d
n9b4aa2839b59d698--tie--1,,tie,derive,n9b4aa2839b59d698
n9b4aa2839b59d698--tied--start--1,n9b4aa2839b59d698--tied--start--1,tied,stamp,n9b4aa2839b59d698
n2efd940b4b4cc0b3--tie--1,,tie,derive,n2efd940b4b4cc0b3
n2efd940b4b4cc0b3--tied--stop--1,n2efd940b4b4cc0b3--tied--stop--1,tied,stamp,n2efd940b4b4cc0b3
n7d8ce66db5e507bd--tie--1,,tie,derive,n7d8ce66db5e507bd
n7d8ce66db5e507bd--tied--stop--1,n7d8ce66db5e507bd--tied--stop--1,tied,stamp,n7d8ce66db5e507bd
n63c0f0257dab68ee--tie--1,,tie,derive,n63c0f0257dab68ee
n63c0f0257dab68ee--tied--stop--1,n63c0f0257dab68ee--tied--stop--1,tied,stamp,n63c0f0257dab68ee
ndabf3d705f9560e9--tie--1,,tie,derive,ndabf3d705f9560e9
ndabf3d705f9560e9--tie--2,,tie,derive,ndabf3d705f9560e9
ndabf3d705f9560e9--tied--stop--1,ndabf3d705f9560e9--tied--stop--1,tied,stamp,ndabf3d705f9560e9
ndabf3d705f9560e9--tied--start--2,ndabf3d705f9560e9--tied--start--2,tied,stamp,ndabf3d705f9560e9
n008efdce5bc177ef--tie--1,,tie,derive,n008efdce5bc177ef
n008efdce5bc177ef--tied--start--1,n008efdce5bc177ef--tied--start--1,tied,stamp,n008efdce5bc177ef
e64c3059d7d5fb7ae,e64c3059d7d5fb7ae,wedge,md,1
eec4e82bcb93f5670,eec4e82bcb93f5670,wedge,md,1
nbbb4e1961e46c678--slur--start--1,nbbb4e1961e46c678--slur--start--1,slur,stamp,nbbb4e1961e46c678
nbbb4e1961e46c678--staccato--1,,staccato,derive,nbbb4e1961e46c678
n9ba47dab982c30d6--staccato--1,,staccato,derive,n9ba47dab982c30d6
na0ad2a0c904573b8--staccato--1,,staccato,derive,na0ad2a0c904573b8
n844ad307ba5b3a7a--slur--stop--1,n844ad307ba5b3a7a--slur--stop--1,slur,stamp,n844ad307ba5b3a7a
n844ad307ba5b3a7a--staccato--1,,staccato,derive,n844ad307ba5b3a7a
n6cc87013f8693e99--tie--1,,tie,derive,n6cc87013f8693e99
n6cc87013f8693e99--tied--start--1,n6cc87013f8693e99--tied--start--1,tied,stamp,n6cc87013f8693e99
n6cc87013f8693e99--slur--start--1,n6cc87013f8693e99--slur--start--1,slur,stamp,n6cc87013f8693e99
ne3a6f642196264c2--tie--1,,tie,derive,ne3a6f642196264c2
ne3a6f642196264c2--tied--start--1,ne3a6f642196264c2--tied--start--1,tied,stamp,ne3a6f642196264c2
n5bcbc3b2efebe486--tie--1,,tie,derive,n5bcbc3b2efebe486
n5bcbc3b2efebe486--tied--start--1,n5bcbc3b2efebe486--tied--start--1,tied,stamp,n5bcbc3b2efebe486
na2ad1f1de0b8d785--tie--1,,tie,derive,na2ad1f1de0b8d785
na2ad1f1de0b8d785--tied--stop--1,na2ad1f1de0b8d785--tied--stop--1,tied,stamp,na2ad1f1de0b8d785
n08a859d1101a784f--tie--1,,tie,derive,n08a859d1101a784f
n08a859d1101a784f--tied--start--1,n08a859d1101a784f--tied--start--1,tied,stamp,n08a859d1101a784f
n0bd509f8255fb4d3--tie--1,,tie,derive,n0bd509f8255fb4d3
n0bd509f8255fb4d3--tied--stop--1,n0bd509f8255fb4d3--tied--stop--1,tied,stamp,n0bd509f8255fb4d3
nc05cf5c899526150--tie--1,,tie,derive,nc05cf5c899526150
nc05cf5c899526150--tied--stop--1,nc05cf5c899526150--tied--stop--1,tied,stamp,nc05cf5c899526150
n4a00b651fa32c403--tie--1,,tie,derive,n4a00b651fa32c403
n4a00b651fa32c403--tied--stop--1,n4a00b651fa32c403--tied--stop--1,tied,stamp,n4a00b651fa32c403
n35c629e66ae117cb--tie--1,,tie,derive,n35c629e66ae117cb
n35c629e66ae117cb--tie--2,,tie,derive,n35c629e66ae117cb
n35c629e66ae117cb--tied--stop--1,n35c629e66ae117cb--tied--stop--1,tied,stamp,n35c629e66ae117cb
n35c629e66ae117cb--tied--start--2,n35c629e66ae117cb--tied--start--2,tied,stamp,n35c629e66ae117cb
n40bad7d48aae6b22--tie--1,,tie,derive,n40bad7d48aae6b22
n40bad7d48aae6b22--tied--start--1,n40bad7d48aae6b22--tied--start--1,tied,stamp,n40bad7d48aae6b22
e379aae01262865d9,e379aae01262865d9,wedge,md,1
n5cc3b43f50ecd56f--tie--1,,tie,derive,n5cc3b43f50ecd56f
n5cc3b43f50ecd56f--tied--stop--1,n5cc3b43f50ecd56f--tied--stop--1,tied,stamp,n5cc3b43f50ecd56f
na7bddd37caf99d3d--slur--stop--1,na7bddd37caf99d3d--slur--stop--1,slur,stamp,na7bddd37caf99d3d
eebb869d958a04236,eebb869d958a04236,wedge,md,1
n0ccfb263bb24cfe6--slur--start--1,n0ccfb263bb24cfe6--slur--start--1,slur,stamp,n0ccfb263bb24cfe6
n6fc04e04e317f648--tuplet--start--1,n6fc04e04e317f648--tuplet--start--1,tuplet,stamp,n6fc04e04e317f648
n604f442d9f61724d--tuplet--stop--1,n604f442d9f61724d--tuplet--stop--1,tuplet,stamp,n604f442d9f61724d
n16cfb5cd998a07fa--slur--stop--1,n16cfb5cd998a07fa--slur--stop--1,slur,stamp,n16cfb5cd998a07fa
n6fdab8fbd261a32c--tie--1,,tie,derive,n6fdab8fbd261a32c
n6fdab8fbd261a32c--tied--start--1,n6fdab8fbd261a32c--tied--start--1,tied,stamp,n6fdab8fbd261a32c
nb7d0dc9ae4c3bfcf--tie--1,,tie,derive,nb7d0dc9ae4c3bfcf
nb7d0dc9ae4c3bfcf--tied--start--1,nb7d0dc9ae4c3bfcf--tied--start--1,tied,stamp,nb7d0dc9ae4c3bfcf
nb9ebe1f0cb6423e3--tie--1,,tie,derive,nb9ebe1f0cb6423e3
nb9ebe1f0cb6423e3--tied--stop--1,nb9ebe1f0cb6423e3--tied--stop--1,tied,stamp,nb9ebe1f0cb6423e3
nca61dd53024c90e4--tie--1,,tie,derive,nca61dd53024c90e4
nca61dd53024c90e4--tied--start--1,nca61dd53024c90e4--tied--start--1,tied,stamp,nca61dd53024c90e4
n3feb6fd1f37d7872--tie--1,,tie,derive,n3feb6fd1f37d7872
n3feb6fd1f37d7872--tied--stop--1,n3feb6fd1f37d7872--tied--stop--1,tied,stamp,n3feb6fd1f37d7872
na097390cc0ff5c29--tie--1,,tie,derive,na097390cc0ff5c29
na097390cc0ff5c29--tied--stop--1,na097390cc0ff5c29--tied--stop--1,tied,stamp,na097390cc0ff5c29
n08524858617553c7--tie--1,,tie,derive,n08524858617553c7
n08524858617553c7--tied--stop--1,n08524858617553c7--tied--stop--1,tied,stamp,n08524858617553c7
n28dc0574e96b8e18--tie--1,,tie,derive,n28dc0574e96b8e18
n28dc0574e96b8e18--tie--2,,tie,derive,n28dc0574e96b8e18
n28dc0574e96b8e18--tied--stop--1,n28dc0574e96b8e18--tied--stop--1,tied,stamp,n28dc0574e96b8e18
n28dc0574e96b8e18--tied--start--2,n28dc0574e96b8e18--tied--start--2,tied,stamp,n28dc0574e96b8e18
n369723996ee6d589--tie--1,,tie,derive,n369723996ee6d589
n369723996ee6d589--tied--start--1,n369723996ee6d589--tied--start--1,tied,stamp,n369723996ee6d589
e643ad4cc5d79b405,e643ad4cc5d79b405,wedge,md,1
ebdf47b785403f313,ebdf47b785403f313,wedge,md,1
n87cf04842eb05d6d--slur--start--1,n87cf04842eb05d6d--slur--start--1,slur,stamp,n87cf04842eb05d6d
n2ed2ee836c291037--tuplet--start--1,n2ed2ee836c291037--tuplet--start--1,tuplet,stamp,n2ed2ee836c291037
n9c993aeccfc83254--tuplet--stop--1,n9c993aeccfc83254--tuplet--stop--1,tuplet,stamp,n9c993aeccfc83254
nf38cd043aa8fe07b--slur--stop--1,nf38cd043aa8fe07b--slur--stop--1,slur,stamp,nf38cd043aa8fe07b
n3cd1122c83c246e9--tie--1,,tie,derive,n3cd1122c83c246e9
n3cd1122c83c246e9--tied--start--1,n3cd1122c83c246e9--tied--start--1,tied,stamp,n3cd1122c83c246e9
n60f7f2955822b948--tie--1,,tie,derive,n60f7f2955822b948
n60f7f2955822b948--tied--start--1,n60f7f2955822b948--tied--start--1,tied,stamp,n60f7f2955822b948
n014149254eeef0df--tie--1,,tie,derive,n014149254eeef0df
n014149254eeef0df--tied--stop--1,n014149254eeef0df--tied--stop--1,tied,stamp,n014149254eeef0df
n5f10fe303c91020d--tie--1,,tie,derive,n5f10fe303c91020d
n5f10fe303c91020d--tied--start--1,n5f10fe303c91020d--tied--start--1,tied,stamp,n5f10fe303c91020d
n3db70c7fe0cc9a45--tie--1,,tie,derive,n3db70c7fe0cc9a45
n3db70c7fe0cc9a45--tied--stop--1,n3db70c7fe0cc9a45--tied--stop--1,tied,stamp,n3db70c7fe0cc9a45
n2d5b36d90301009c--tie--1,,tie,derive,n2d5b36d90301009c
n2d5b36d90301009c--tied--stop--1,n2d5b36d90301009c--tied--stop--1,tied,stamp,n2d5b36d90301009c
n4ec920953576c8d0--tie--1,,tie,derive,n4ec920953576c8d0
n4ec920953576c8d0--tied--stop--1,n4ec920953576c8d0--tied--stop--1,tied,stamp,n4ec920953576c8d0
nc526f5a135ee2415--tie--1,,tie,derive,nc526f5a135ee2415
nc526f5a135ee2415--tie--2,,tie,derive,nc526f5a135ee2415
nc526f5a135ee2415--tied--stop--1,nc526f5a135ee2415--tied--stop--1,tied,stamp,nc526f5a135ee2415
nc526f5a135ee2415--tied--start--2,nc526f5a135ee2415--tied--start--2,tied,stamp,nc526f5a135ee2415
nb7f02ace48f94665--tie--1,,tie,derive,nb7f02ace48f94665
nb7f02ace48f94665--tied--start--1,nb7f02ace48f94665--tied--start--1,tied,stamp,nb7f02ace48f94665
e3f14c883409f96a9,e3f14c883409f96a9,wedge,md,1
e86b8b5527a7c198c,e86b8b5527a7c198c,wedge,md,1
nbcf5897395bcceec--slur--start--1,nbcf5897395bcceec--slur--start--1,slur,stamp,nbcf5897395bcceec
ndc76eb4599fb50ac--tie--1,,tie,derive,ndc76eb4599fb50ac
ndc76eb4599fb50ac--tied--start--1,ndc76eb4599fb50ac--tied--start--1,tied,stamp,ndc76eb4599fb50ac
n00a5ce42c6e0949d--tie--1,,tie,derive,n00a5ce42c6e0949d
n00a5ce42c6e0949d--tied--stop--1,n00a5ce42c6e0949d--tied--stop--1,tied,stamp,n00a5ce42c6e0949d
n00a5ce42c6e0949d--staccato--1,,staccato,derive,n00a5ce42c6e0949d
n6750c871989289e0--staccato--1,,staccato,derive,n6750c871989289e0
n36f9c93ed1198edf--staccato--1,,staccato,derive,n36f9c93ed1198edf
n0f3c839281628a89--slur--stop--1,n0f3c839281628a89--slur--stop--1,slur,stamp,n0f3c839281628a89
n0f3c839281628a89--staccato--1,,staccato,derive,n0f3c839281628a89
n99ca57a4014c7310--tie--1,,tie,derive,n99ca57a4014c7310
n99ca57a4014c7310--tied--start--1,n99ca57a4014c7310--tied--start--1,tied,stamp,n99ca57a4014c7310
n44dd0865c1149494--tie--1,,tie,derive,n44dd0865c1149494
n44dd0865c1149494--tied--start--1,n44dd0865c1149494--tied--start--1,tied,stamp,n44dd0865c1149494
ndc29dc697a6b92ff--tie--1,,tie,derive,ndc29dc697a6b92ff
ndc29dc697a6b92ff--tied--start--1,ndc29dc697a6b92ff--tied--start--1,tied,stamp,ndc29dc697a6b92ff
nb259f9cdd5c3c70f--tie--1,,tie,derive,nb259f9cdd5c3c70f
nb259f9cdd5c3c70f--tie--2,,tie,derive,nb259f9cdd5c3c70f
nb259f9cdd5c3c70f--tied--stop--1,nb259f9cdd5c3c70f--tied--stop--1,tied,stamp,nb259f9cdd5c3c70f
nb259f9cdd5c3c70f--tied--start--2,nb259f9cdd5c3c70f--tied--start--2,tied,stamp,nb259f9cdd5c3c70f
n8cf792b5393436cb--tie--1,,tie,derive,n8cf792b5393436cb
n8cf792b5393436cb--tied--start--1,n8cf792b5393436cb--tied--start--1,tied,stamp,n8cf792b5393436cb
n79d28e374957cc35--tie--1,,tie,derive,n79d28e374957cc35
n79d28e374957cc35--tied--stop--1,n79d28e374957cc35--tied--stop--1,tied,stamp,n79d28e374957cc35
n885df3036e6ba73a--tie--1,,tie,derive,n885df3036e6ba73a
n885df3036e6ba73a--tied--stop--1,n885df3036e6ba73a--tied--stop--1,tied,stamp,n885df3036e6ba73a
ncb537d9c5c92c425--tie--1,,tie,derive,ncb537d9c5c92c425
ncb537d9c5c92c425--tied--stop--1,ncb537d9c5c92c425--tied--stop--1,tied,stamp,ncb537d9c5c92c425
n15266ea95a2628c6--tie--1,,tie,derive,n15266ea95a2628c6
n15266ea95a2628c6--tied--stop--1,n15266ea95a2628c6--tied--stop--1,tied,stamp,n15266ea95a2628c6
nce1e5f25a8814e50--tie--1,,tie,derive,nce1e5f25a8814e50
nce1e5f25a8814e50--tied--stop--1,nce1e5f25a8814e50--tied--stop--1,tied,stamp,nce1e5f25a8814e50
n8563da02860f067f--tie--1,,tie,derive,n8563da02860f067f
n8563da02860f067f--tied--start--1,n8563da02860f067f--tied--start--1,tied,stamp,n8563da02860f067f
nc7b4257ae507a969--tie--1,,tie,derive,nc7b4257ae507a969
nc7b4257ae507a969--tie--2,,tie,derive,nc7b4257ae507a969
nc7b4257ae507a969--tied--stop--1,nc7b4257ae507a969--tied--stop--1,tied,stamp,nc7b4257ae507a969
nc7b4257ae507a969--tied--start--2,nc7b4257ae507a969--tied--start--2,tied,stamp,nc7b4257ae507a969
n4bd89e499eb1e316--tie--1,,tie,derive,n4bd89e499eb1e316
n4bd89e499eb1e316--tie--2,,tie,derive,n4bd89e499eb1e316
n4bd89e499eb1e316--tied--stop--1,n4bd89e499eb1e316--tied--stop--1,tied,stamp,n4bd89e499eb1e316
n4bd89e499eb1e316--tied--start--2,n4bd89e499eb1e316--tied--start--2,tied,stamp,n4bd89e499eb1e316
e2ab078cafb694d23,e2ab078cafb694d23,words,md,1
nfa277d5e41133dbd--slur--start--1,nfa277d5e41133dbd--slur--start--1,slur,stamp,nfa277d5e41133dbd
na8e01f36fe1977c5--slur--stop--1,na8e01f36fe1977c5--slur--stop--1,slur,stamp,na8e01f36fe1977c5
n913e17d7df6ef9a9--slur--start--1,n913e17d7df6ef9a9--slur--start--1,slur,stamp,n913e17d7df6ef9a9
ead0dc010070a7809,ead0dc010070a7809,dynamics,md,1
n4864235d9e548d12--slur--stop--1,n4864235d9e548d12--slur--stop--1,slur,stamp,n4864235d9e548d12
n4864235d9e548d12--slur--start--2,n4864235d9e548d12--slur--start--2,slur,stamp,n4864235d9e548d12
n4864235d9e548d12--arpeggiate--1,n4864235d9e548d12--arpeggiate--1,arpeggiate,stamp,n4864235d9e548d12
n2b4e3c1212200340--arpeggiate--1,n2b4e3c1212200340--arpeggiate--1,arpeggiate,stamp,n2b4e3c1212200340
nc97804dcb2fb50bd--arpeggiate--1,nc97804dcb2fb50bd--arpeggiate--1,arpeggiate,stamp,nc97804dcb2fb50bd
n26d90dd8f3e59910--arpeggiate--1,n26d90dd8f3e59910--arpeggiate--1,arpeggiate,stamp,n26d90dd8f3e59910
nd389a101b91d6743--tuplet--start--1,nd389a101b91d6743--tuplet--start--1,tuplet,stamp,nd389a101b91d6743
n8ea9431e82046680--slur--start--1,n8ea9431e82046680--slur--start--1,slur,stamp,n8ea9431e82046680
n0dbf914513c90e93--tie--1,,tie,derive,n0dbf914513c90e93
n0dbf914513c90e93--tied--start--1,n0dbf914513c90e93--tied--start--1,tied,stamp,n0dbf914513c90e93
n0dbf914513c90e93--tuplet--stop--1,n0dbf914513c90e93--tuplet--stop--1,tuplet,stamp,n0dbf914513c90e93
n087d91fa02481128--tie--1,,tie,derive,n087d91fa02481128
n087d91fa02481128--tied--stop--1,n087d91fa02481128--tied--stop--1,tied,stamp,n087d91fa02481128
n087d91fa02481128--tuplet--start--1,n087d91fa02481128--tuplet--start--1,tuplet,stamp,n087d91fa02481128
nd400cbedbd93b6e7--tie--1,,tie,derive,nd400cbedbd93b6e7
nd400cbedbd93b6e7--tied--start--1,nd400cbedbd93b6e7--tied--start--1,tied,stamp,nd400cbedbd93b6e7
nd400cbedbd93b6e7--tuplet--stop--1,nd400cbedbd93b6e7--tuplet--stop--1,tuplet,stamp,nd400cbedbd93b6e7
e5547bb0a935076c9,e5547bb0a935076c9,words,md,1
e31bdc589abfe5eb1,e31bdc589abfe5eb1,words,md,1
n66d7408063508e09--slur--start--1,n66d7408063508e09--slur--start--1,slur,stamp,n66d7408063508e09
n2b9e2e6fbe5497cd--slur--stop--1,n2b9e2e6fbe5497cd--slur--stop--1,slur,stamp,n2b9e2e6fbe5497cd
n7a22bc37a4d34d7c--slur--stop--1,n7a22bc37a4d34d7c--slur--stop--1,slur,stamp,n7a22bc37a4d34d7c
n9138a5a26d9c185d--tie--1,,tie,derive,n9138a5a26d9c185d
n9138a5a26d9c185d--tied--stop--1,n9138a5a26d9c185d--tied--stop--1,tied,stamp,n9138a5a26d9c185d
n9138a5a26d9c185d--tuplet--start--1,n9138a5a26d9c185d--tuplet--start--1,tuplet,stamp,n9138a5a26d9c185d
n15d7861a2f864045--tie--1,,tie,derive,n15d7861a2f864045
n15d7861a2f864045--tied--start--1,n15d7861a2f864045--tied--start--1,tied,stamp,n15d7861a2f864045
n15d7861a2f864045--tuplet--stop--1,n15d7861a2f864045--tuplet--stop--1,tuplet,stamp,n15d7861a2f864045
n6775dee30a55953d--tie--1,,tie,derive,n6775dee30a55953d
n6775dee30a55953d--tied--stop--1,n6775dee30a55953d--tied--stop--1,tied,stamp,n6775dee30a55953d
n6775dee30a55953d--tuplet--start--1,n6775dee30a55953d--tuplet--start--1,tuplet,stamp,n6775dee30a55953d
n8637f339770a936a--tuplet--stop--1,n8637f339770a936a--tuplet--stop--1,tuplet,stamp,n8637f339770a936a
n8637f339770a936a--slur--stop--1,n8637f339770a936a--slur--stop--1,slur,stamp,n8637f339770a936a
n07073faa98ac0a7f--slur--start--1,n07073faa98ac0a7f--slur--start--1,slur,stamp,n07073faa98ac0a7f
n7baace4675415b03--tuplet--start--1,n7baace4675415b03--tuplet--start--1,tuplet,stamp,n7baace4675415b03
nff34bb188011dfb8--slur--start--1,nff34bb188011dfb8--slur--start--1,slur,stamp,nff34bb188011dfb8
n90e0dabded615d4c--tie--1,,tie,derive,n90e0dabded615d4c
n90e0dabded615d4c--tied--start--1,n90e0dabded615d4c--tied--start--1,tied,stamp,n90e0dabded615d4c
n90e0dabded615d4c--tuplet--stop--1,n90e0dabded615d4c--tuplet--stop--1,tuplet,stamp,n90e0dabded615d4c
n828fa07c273b7373--tie--1,,tie,derive,n828fa07c273b7373
n828fa07c273b7373--tied--stop--1,n828fa07c273b7373--tied--stop--1,tied,stamp,n828fa07c273b7373
n828fa07c273b7373--tuplet--start--1,n828fa07c273b7373--tuplet--start--1,tuplet,stamp,n828fa07c273b7373
n25a6c8294d6acd45--tie--1,,tie,derive,n25a6c8294d6acd45
n25a6c8294d6acd45--tied--start--1,n25a6c8294d6acd45--tied--start--1,tied,stamp,n25a6c8294d6acd45
n25a6c8294d6acd45--tuplet--stop--1,n25a6c8294d6acd45--tuplet--stop--1,tuplet,stamp,n25a6c8294d6acd45
e2340979e724690f2,e2340979e724690f2,octave-shift,md,1
n24afd594958ebd55--slur--start--1,n24afd594958ebd55--slur--start--1,slur,stamp,n24afd594958ebd55
nf9ce3a02aacb69a2--slur--stop--1,nf9ce3a02aacb69a2--slur--stop--1,slur,stamp,nf9ce3a02aacb69a2
n873eaa6d68955a8e--slur--stop--1,n873eaa6d68955a8e--slur--stop--1,slur,stamp,n873eaa6d68955a8e
n43b37d4d17792377--tie--1,,tie,derive,n43b37d4d17792377
n43b37d4d17792377--tied--stop--1,n43b37d4d17792377--tied--stop--1,tied,stamp,n43b37d4d17792377
n43b37d4d17792377--tuplet--start--1,n43b37d4d17792377--tuplet--start--1,tuplet,stamp,n43b37d4d17792377
n899d229ee79e126c--tie--1,,tie,derive,n899d229ee79e126c
n899d229ee79e126c--tied--start--1,n899d229ee79e126c--tied--start--1,tied,stamp,n899d229ee79e126c
n899d229ee79e126c--tuplet--stop--1,n899d229ee79e126c--tuplet--stop--1,tuplet,stamp,n899d229ee79e126c
ne7acdcf8e00fc68e--tie--1,,tie,derive,ne7acdcf8e00fc68e
ne7acdcf8e00fc68e--tied--stop--1,ne7acdcf8e00fc68e--tied--stop--1,tied,stamp,ne7acdcf8e00fc68e
ne7acdcf8e00fc68e--tuplet--start--1,ne7acdcf8e00fc68e--tuplet--start--1,tuplet,stamp,ne7acdcf8e00fc68e
naa614a0c60e9a836--tuplet--stop--1,naa614a0c60e9a836--tuplet--stop--1,tuplet,stamp,naa614a0c60e9a836
naa614a0c60e9a836--slur--stop--1,naa614a0c60e9a836--slur--stop--1,slur,stamp,naa614a0c60e9a836
e8b2aecab9e78639c,e8b2aecab9e78639c,octave-shift,md,1
n6f1e27cacbd49434--slur--start--1,n6f1e27cacbd49434--slur--start--1,slur,stamp,n6f1e27cacbd49434
nb3e3c8890ac8858f--tie--1,,tie,derive,nb3e3c8890ac8858f
nb3e3c8890ac8858f--tied--start--1,nb3e3c8890ac8858f--tied--start--1,tied,stamp,nb3e3c8890ac8858f
n47a7ea084da9985b--slur--stop--1,n47a7ea084da9985b--slur--stop--1,slur,stamp,n47a7ea084da9985b
nc248054288ae81f6--tie--1,,tie,derive,nc248054288ae81f6
nc248054288ae81f6--tied--stop--1,nc248054288ae81f6--tied--stop--1,tied,stamp,nc248054288ae81f6
n7cb6225d33bbace2--tuplet--start--1,n7cb6225d33bbace2--tuplet--start--1,tuplet,stamp,n7cb6225d33bbace2
n2c37a2c60927e173--tie--1,,tie,derive,n2c37a2c60927e173
n2c37a2c60927e173--tied--start--1,n2c37a2c60927e173--tied--start--1,tied,stamp,n2c37a2c60927e173
n2c37a2c60927e173--tuplet--stop--1,n2c37a2c60927e173--tuplet--stop--1,tuplet,stamp,n2c37a2c60927e173
n8f27c463528bfca4--tie--1,,tie,derive,n8f27c463528bfca4
n8f27c463528bfca4--tied--stop--1,n8f27c463528bfca4--tied--stop--1,tied,stamp,n8f27c463528bfca4
n8f27c463528bfca4--tuplet--start--1,n8f27c463528bfca4--tuplet--start--1,tuplet,stamp,n8f27c463528bfca4
n41eed5afdc3f5364--tuplet--stop--1,n41eed5afdc3f5364--tuplet--stop--1,tuplet,stamp,n41eed5afdc3f5364
nbb8a71b000eb3d9a--slur--start--1,nbb8a71b000eb3d9a--slur--start--1,slur,stamp,nbb8a71b000eb3d9a
nb4f64820dc263567--slur--stop--1,nb4f64820dc263567--slur--stop--1,slur,stamp,nb4f64820dc263567
n36637e53b2a25c66--slur--start--1,n36637e53b2a25c66--slur--start--1,slur,stamp,n36637e53b2a25c66
nd3beea472b44e5ea--tuplet--start--1,nd3beea472b44e5ea--tuplet--start--1,tuplet,stamp,nd3beea472b44e5ea
ne50c2472e224bd1d--tie--1,,tie,derive,ne50c2472e224bd1d
ne50c2472e224bd1d--tied--start--1,ne50c2472e224bd1d--tied--start--1,tied,stamp,ne50c2472e224bd1d
ne50c2472e224bd1d--tuplet--stop--1,ne50c2472e224bd1d--tuplet--stop--1,tuplet,stamp,ne50c2472e224bd1d
n35c077cf71400e98--tie--1,,tie,derive,n35c077cf71400e98
n35c077cf71400e98--tied--stop--1,n35c077cf71400e98--tied--stop--1,tied,stamp,n35c077cf71400e98
n35c077cf71400e98--tuplet--start--1,n35c077cf71400e98--tuplet--start--1,tuplet,stamp,n35c077cf71400e98
nfd544b54744765ca--tie--1,,tie,derive,nfd544b54744765ca
nfd544b54744765ca--tied--start--1,nfd544b54744765ca--tied--start--1,tied,stamp,nfd544b54744765ca
nfd544b54744765ca--tuplet--stop--1,nfd544b54744765ca--tuplet--stop--1,tuplet,stamp,nfd544b54744765ca
ee535faab3f1f91d8,ee535faab3f1f91d8,octave-shift,md,1
nb54cf7da96c7cc98--slur--stop--1,nb54cf7da96c7cc98--slur--stop--1,slur,stamp,nb54cf7da96c7cc98
nb78e8865180bdc2f--slur--start--1,nb78e8865180bdc2f--slur--start--1,slur,stamp,nb78e8865180bdc2f
nf0fdb206ccf78587--slur--stop--1,nf0fdb206ccf78587--slur--stop--1,slur,stamp,nf0fdb206ccf78587
n2119cd8a0189bb25--tie--1,,tie,derive,n2119cd8a0189bb25
n2119cd8a0189bb25--tied--stop--1,n2119cd8a0189bb25--tied--stop--1,tied,stamp,n2119cd8a0189bb25
n2119cd8a0189bb25--tuplet--start--1,n2119cd8a0189bb25--tuplet--start--1,tuplet,stamp,n2119cd8a0189bb25
n2259dd7f27340f48--tie--1,,tie,derive,n2259dd7f27340f48
n2259dd7f27340f48--tied--start--1,n2259dd7f27340f48--tied--start--1,tied,stamp,n2259dd7f27340f48
n2259dd7f27340f48--tuplet--stop--1,n2259dd7f27340f48--tuplet--stop--1,tuplet,stamp,n2259dd7f27340f48
n318e29438919b236--tie--1,,tie,derive,n318e29438919b236
n318e29438919b236--tied--stop--1,n318e29438919b236--tied--stop--1,tied,stamp,n318e29438919b236
n318e29438919b236--tuplet--start--1,n318e29438919b236--tuplet--start--1,tuplet,stamp,n318e29438919b236
n07a191d98b41b094--tie--1,,tie,derive,n07a191d98b41b094
n07a191d98b41b094--tied--start--1,n07a191d98b41b094--tied--start--1,tied,stamp,n07a191d98b41b094
n07a191d98b41b094--tuplet--stop--1,n07a191d98b41b094--tuplet--stop--1,tuplet,stamp,n07a191d98b41b094
e7ded88453a1e5db8,e7ded88453a1e5db8,octave-shift,md,1
n0c570e90a9176f41--tie--1,,tie,derive,n0c570e90a9176f41
n0c570e90a9176f41--tied--start--1,n0c570e90a9176f41--tied--start--1,tied,stamp,n0c570e90a9176f41
n0c570e90a9176f41--slur--start--1,n0c570e90a9176f41--slur--start--1,slur,stamp,n0c570e90a9176f41
nc5ba361a1c32517c--tie--1,,tie,derive,nc5ba361a1c32517c
nc5ba361a1c32517c--tied--start--1,nc5ba361a1c32517c--tied--start--1,tied,stamp,nc5ba361a1c32517c
n116358a844581b2b--tie--1,,tie,derive,n116358a844581b2b
n116358a844581b2b--tied--start--1,n116358a844581b2b--tied--start--1,tied,stamp,n116358a844581b2b
nbc63900c894fc3d4--tie--1,,tie,derive,nbc63900c894fc3d4
nbc63900c894fc3d4--tied--stop--1,nbc63900c894fc3d4--tied--stop--1,tied,stamp,nbc63900c894fc3d4
nbc63900c894fc3d4--tuplet--start--1,nbc63900c894fc3d4--tuplet--start--1,tuplet,stamp,nbc63900c894fc3d4
ne2b2006a270cc7b2--tie--1,,tie,derive,ne2b2006a270cc7b2
ne2b2006a270cc7b2--tied--stop--1,ne2b2006a270cc7b2--tied--stop--1,tied,stamp,ne2b2006a270cc7b2
nc90eadaf2e54c63a--tie--1,,tie,derive,nc90eadaf2e54c63a
nc90eadaf2e54c63a--tied--stop--1,nc90eadaf2e54c63a--tied--stop--1,tied,stamp,nc90eadaf2e54c63a
n00239d87f0aab7b5--tuplet--stop--1,n00239d87f0aab7b5--tuplet--stop--1,tuplet,stamp,n00239d87f0aab7b5
n00239d87f0aab7b5--slur--stop--1,n00239d87f0aab7b5--slur--stop--1,slur,stamp,n00239d87f0aab7b5
nbf1f8a153b6b794f--tie--1,,tie,derive,nbf1f8a153b6b794f
nbf1f8a153b6b794f--tied--stop--1,nbf1f8a153b6b794f--tied--stop--1,tied,stamp,nbf1f8a153b6b794f
nbf1f8a153b6b794f--tuplet--start--1,nbf1f8a153b6b794f--tuplet--start--1,tuplet,stamp,nbf1f8a153b6b794f
nbd14f5522180350b--tuplet--stop--1,nbd14f5522180350b--tuplet--stop--1,tuplet,stamp,nbd14f5522180350b
e000f98fab985082a,e000f98fab985082a,words,md,1
ec80b1da4295a4801,ec80b1da4295a4801,bracket,md,1
eb25ad269e2b632b6,eb25ad269e2b632b6,wedge,md,1
e2863562cbf040a07,e2863562cbf040a07,wedge,md,1
e2c8e19a5a4bccc4d,e2c8e19a5a4bccc4d,wedge,md,1
eed320b63a2a519fa,eed320b63a2a519fa,bracket,md,1
ef1dea7ca178314e0,ef1dea7ca178314e0,wedge,md,1
n96a2438aeca63961--tie--1,,tie,derive,n96a2438aeca63961
n96a2438aeca63961--tied--start--1,n96a2438aeca63961--tied--start--1,tied,stamp,n96a2438aeca63961
n96a2438aeca63961--slur--start--1,n96a2438aeca63961--slur--start--1,slur,stamp,n96a2438aeca63961
ndd0b7e6c1ea1739e--tie--1,,tie,derive,ndd0b7e6c1ea1739e
ndd0b7e6c1ea1739e--tied--stop--1,ndd0b7e6c1ea1739e--tied--stop--1,tied,stamp,ndd0b7e6c1ea1739e
n6e5d78260cb5876c--tuplet--start--1,n6e5d78260cb5876c--tuplet--start--1,tuplet,stamp,n6e5d78260cb5876c
nd464a9da49ca7dc4--tie--1,,tie,derive,nd464a9da49ca7dc4
nd464a9da49ca7dc4--tied--start--1,nd464a9da49ca7dc4--tied--start--1,tied,stamp,nd464a9da49ca7dc4
nd464a9da49ca7dc4--tuplet--stop--1,nd464a9da49ca7dc4--tuplet--stop--1,tuplet,stamp,nd464a9da49ca7dc4
nf6938a8da36260d9--tie--1,,tie,derive,nf6938a8da36260d9
nf6938a8da36260d9--tied--stop--1,nf6938a8da36260d9--tied--stop--1,tied,stamp,nf6938a8da36260d9
nf6938a8da36260d9--tuplet--start--1,nf6938a8da36260d9--tuplet--start--1,tuplet,stamp,nf6938a8da36260d9
n1db64742bb0ce3b4--tie--1,,tie,derive,n1db64742bb0ce3b4
n1db64742bb0ce3b4--tied--start--1,n1db64742bb0ce3b4--tied--start--1,tied,stamp,n1db64742bb0ce3b4
n1db64742bb0ce3b4--tuplet--stop--1,n1db64742bb0ce3b4--tuplet--stop--1,tuplet,stamp,n1db64742bb0ce3b4
e58c22b80b628ce03,e58c22b80b628ce03,words,md,1
n7b7e45caa9b7a96f--slur--start--1,n7b7e45caa9b7a96f--slur--start--1,slur,stamp,n7b7e45caa9b7a96f
n4f8ca22316a65140--slur--stop--1,n4f8ca22316a65140--slur--stop--1,slur,stamp,n4f8ca22316a65140
n7d97a7c6f2ff6f4f--slur--stop--1,n7d97a7c6f2ff6f4f--slur--stop--1,slur,stamp,n7d97a7c6f2ff6f4f
nb5c98dcf709313ee--tie--1,,tie,derive,nb5c98dcf709313ee
nb5c98dcf709313ee--tied--stop--1,nb5c98dcf709313ee--tied--stop--1,tied,stamp,nb5c98dcf709313ee
nb5c98dcf709313ee--tuplet--start--1,nb5c98dcf709313ee--tuplet--start--1,tuplet,stamp,nb5c98dcf709313ee
n6bebd7dc722ad056--tie--1,,tie,derive,n6bebd7dc722ad056
n6bebd7dc722ad056--tied--start--1,n6bebd7dc722ad056--tied--start--1,tied,stamp,n6bebd7dc722ad056
n6bebd7dc722ad056--tuplet--stop--1,n6bebd7dc722ad056--tuplet--stop--1,tuplet,stamp,n6bebd7dc722ad056
n6164e6e2931a5c96--tie--1,,tie,derive,n6164e6e2931a5c96
n6164e6e2931a5c96--tied--stop--1,n6164e6e2931a5c96--tied--stop--1,tied,stamp,n6164e6e2931a5c96
n6164e6e2931a5c96--tuplet--start--1,n6164e6e2931a5c96--tuplet--start--1,tuplet,stamp,n6164e6e2931a5c96
n2abf658a5e572093--tuplet--stop--1,n2abf658a5e572093--tuplet--stop--1,tuplet,stamp,n2abf658a5e572093
n3fe1feb17dfb48fa--slur--start--1,n3fe1feb17dfb48fa--slur--start--1,slur,stamp,n3fe1feb17dfb48fa
n648f42dcfba28572--tuplet--start--1,n648f42dcfba28572--tuplet--start--1,tuplet,stamp,n648f42dcfba28572
n41d366c11e547558--tie--1,,tie,derive,n41d366c11e547558
n41d366c11e547558--tied--start--1,n41d366c11e547558--tied--start--1,tied,stamp,n41d366c11e547558
n41d366c11e547558--tuplet--stop--1,n41d366c11e547558--tuplet--stop--1,tuplet,stamp,n41d366c11e547558
nd20aa4cde517bc76--tie--1,,tie,derive,nd20aa4cde517bc76
nd20aa4cde517bc76--tied--stop--1,nd20aa4cde517bc76--tied--stop--1,tied,stamp,nd20aa4cde517bc76
nd20aa4cde517bc76--tuplet--start--1,nd20aa4cde517bc76--tuplet--start--1,tuplet,stamp,nd20aa4cde517bc76
nb68de4b8c99eacd2--tie--1,,tie,derive,nb68de4b8c99eacd2
nb68de4b8c99eacd2--tied--start--1,nb68de4b8c99eacd2--tied--start--1,tied,stamp,nb68de4b8c99eacd2
nb68de4b8c99eacd2--tuplet--stop--1,nb68de4b8c99eacd2--tuplet--stop--1,tuplet,stamp,nb68de4b8c99eacd2
ed764a36c2d63c7d1,ed764a36c2d63c7d1,octave-shift,md,1
n9d93353b90d204f4--slur--start--1,n9d93353b90d204f4--slur--start--1,slur,stamp,n9d93353b90d204f4
nb9bff7fe265d5fd4--slur--stop--1,nb9bff7fe265d5fd4--slur--stop--1,slur,stamp,nb9bff7fe265d5fd4
n627f887037c05712--slur--stop--1,n627f887037c05712--slur--stop--1,slur,stamp,n627f887037c05712
n998ca9ce85f4dc19--tie--1,,tie,derive,n998ca9ce85f4dc19
n998ca9ce85f4dc19--tied--stop--1,n998ca9ce85f4dc19--tied--stop--1,tied,stamp,n998ca9ce85f4dc19
n998ca9ce85f4dc19--tuplet--start--1,n998ca9ce85f4dc19--tuplet--start--1,tuplet,stamp,n998ca9ce85f4dc19
na192983ffcc09092--tuplet--stop--1,na192983ffcc09092--tuplet--stop--1,tuplet,stamp,na192983ffcc09092
nc6fa030c242d8e99--tuplet--start--1,nc6fa030c242d8e99--tuplet--start--1,tuplet,stamp,nc6fa030c242d8e99
n78f7df95c0d20ba7--tuplet--stop--1,n78f7df95c0d20ba7--tuplet--stop--1,tuplet,stamp,n78f7df95c0d20ba7
e6883e6afa135d62e,e6883e6afa135d62e,octave-shift,md,1
n5c6cb8c83750e264--slur--start--1,n5c6cb8c83750e264--slur--start--1,slur,stamp,n5c6cb8c83750e264
n44fb6dacc45f6dab--tie--1,,tie,derive,n44fb6dacc45f6dab
n44fb6dacc45f6dab--tied--start--1,n44fb6dacc45f6dab--tied--start--1,tied,stamp,n44fb6dacc45f6dab
ndf4b04e58fb176ac--slur--stop--1,ndf4b04e58fb176ac--slur--stop--1,slur,stamp,ndf4b04e58fb176ac
nc89acb9e6ae8d8e4--tie--1,,tie,derive,nc89acb9e6ae8d8e4
nc89acb9e6ae8d8e4--tied--stop--1,nc89acb9e6ae8d8e4--tied--stop--1,tied,stamp,nc89acb9e6ae8d8e4
ne7b7a1c6d3da6a8c--tuplet--start--1,ne7b7a1c6d3da6a8c--tuplet--start--1,tuplet,stamp,ne7b7a1c6d3da6a8c
n08979097797ffa7d--tie--1,,tie,derive,n08979097797ffa7d
n08979097797ffa7d--tied--start--1,n08979097797ffa7d--tied--start--1,tied,stamp,n08979097797ffa7d
n08979097797ffa7d--tuplet--stop--1,n08979097797ffa7d--tuplet--stop--1,tuplet,stamp,n08979097797ffa7d
n6ae8e7451179e3e2--tie--1,,tie,derive,n6ae8e7451179e3e2
n6ae8e7451179e3e2--tied--stop--1,n6ae8e7451179e3e2--tied--stop--1,tied,stamp,n6ae8e7451179e3e2
n6ae8e7451179e3e2--tuplet--start--1,n6ae8e7451179e3e2--tuplet--start--1,tuplet,stamp,n6ae8e7451179e3e2
n0ffbc8b4c76043ab--tuplet--stop--1,n0ffbc8b4c76043ab--tuplet--stop--1,tuplet,stamp,n0ffbc8b4c76043ab
nc285b0f88284fd08--slur--start--1,nc285b0f88284fd08--slur--start--1,slur,stamp,nc285b0f88284fd08
n85b981273d7d89cf--slur--stop--1,n85b981273d7d89cf--slur--stop--1,slur,stamp,n85b981273d7d89cf
n70ffa7065fcb1913--slur--start--1,n70ffa7065fcb1913--slur--start--1,slur,stamp,n70ffa7065fcb1913
nac1775da02791025--tuplet--start--1,nac1775da02791025--tuplet--start--1,tuplet,stamp,nac1775da02791025
n3215c9c20099445e--tie--1,,tie,derive,n3215c9c20099445e
n3215c9c20099445e--tied--start--1,n3215c9c20099445e--tied--start--1,tied,stamp,n3215c9c20099445e
n3215c9c20099445e--tuplet--stop--1,n3215c9c20099445e--tuplet--stop--1,tuplet,stamp,n3215c9c20099445e
ne145e37c0fa3f6ee--tie--1,,tie,derive,ne145e37c0fa3f6ee
ne145e37c0fa3f6ee--tied--stop--1,ne145e37c0fa3f6ee--tied--stop--1,tied,stamp,ne145e37c0fa3f6ee
ne145e37c0fa3f6ee--tuplet--start--1,ne145e37c0fa3f6ee--tuplet--start--1,tuplet,stamp,ne145e37c0fa3f6ee
n66dfd5c5fac6be90--tuplet--stop--1,n66dfd5c5fac6be90--tuplet--stop--1,tuplet,stamp,n66dfd5c5fac6be90
n88974e6d230b3234--slur--stop--1,n88974e6d230b3234--slur--stop--1,slur,stamp,n88974e6d230b3234
ne891f40b74300179--slur--start--1,ne891f40b74300179--slur--start--1,slur,stamp,ne891f40b74300179
n33ac30e73145ece2--tuplet--start--1,n33ac30e73145ece2--tuplet--start--1,tuplet,stamp,n33ac30e73145ece2
n70d52303af952575--tuplet--stop--1,n70d52303af952575--tuplet--stop--1,tuplet,stamp,n70d52303af952575
n3de327b9bb43c402--tuplet--start--1,n3de327b9bb43c402--tuplet--start--1,tuplet,stamp,n3de327b9bb43c402
n4e2cf6efbdfe87d8--tuplet--stop--1,n4e2cf6efbdfe87d8--tuplet--stop--1,tuplet,stamp,n4e2cf6efbdfe87d8
e569bb176fb14a21f,e569bb176fb14a21f,wedge,md,1
e148d9137faf38925,e148d9137faf38925,wedge,md,1
e453421765f280f2c,e453421765f280f2c,wedge,md,1
n30d729afa3bd7912--slur--stop--1,n30d729afa3bd7912--slur--stop--1,slur,stamp,n30d729afa3bd7912
eb1baadf4ae2bf894,eb1baadf4ae2bf894,wedge,md,1
n3fb18fd8470adbec--tuplet--start--1,n3fb18fd8470adbec--tuplet--start--1,tuplet,stamp,n3fb18fd8470adbec
n3fb18fd8470adbec--slur--start--1,n3fb18fd8470adbec--slur--start--1,slur,stamp,n3fb18fd8470adbec
n2fac0764110b44be--tuplet--stop--1,n2fac0764110b44be--tuplet--stop--1,tuplet,stamp,n2fac0764110b44be
n3f5af172e6d79467--tuplet--start--1,n3f5af172e6d79467--tuplet--start--1,tuplet,stamp,n3f5af172e6d79467
nd8971dacd64786c8--tuplet--stop--1,nd8971dacd64786c8--tuplet--stop--1,tuplet,stamp,nd8971dacd64786c8
ne2a59d9919855ca2--slur--start--1,ne2a59d9919855ca2--slur--start--1,slur,stamp,ne2a59d9919855ca2
e63c7c17bc6485878,e63c7c17bc6485878,dynamics,md,1
e4b4f0e63f9b97bda,e4b4f0e63f9b97bda,dynamics,md,2
n235331ac134e7587--tuplet--start--1,n235331ac134e7587--tuplet--start--1,tuplet,stamp,n235331ac134e7587
n17704491441406c1--tie--1,,tie,derive,n17704491441406c1
n17704491441406c1--tied--start--1,n17704491441406c1--tied--start--1,tied,stamp,n17704491441406c1
n17704491441406c1--tuplet--stop--1,n17704491441406c1--tuplet--stop--1,tuplet,stamp,n17704491441406c1
n0d9cebdf1ba92305--tie--1,,tie,derive,n0d9cebdf1ba92305
n0d9cebdf1ba92305--tied--stop--1,n0d9cebdf1ba92305--tied--stop--1,tied,stamp,n0d9cebdf1ba92305
n0d9cebdf1ba92305--tuplet--start--1,n0d9cebdf1ba92305--tuplet--start--1,tuplet,stamp,n0d9cebdf1ba92305
n548f43816142c795--tuplet--stop--1,n548f43816142c795--tuplet--stop--1,tuplet,stamp,n548f43816142c795
n8a16b20d2d85658d--slur--stop--1,n8a16b20d2d85658d--slur--stop--1,slur,stamp,n8a16b20d2d85658d
n51bc2fa09b975d04--slur--start--1,n51bc2fa09b975d04--slur--start--1,slur,stamp,n51bc2fa09b975d04
n45911f5926acaa10--slur--stop--1,n45911f5926acaa10--slur--stop--1,slur,stamp,n45911f5926acaa10
n0b85d0479dc053dd--slur--start--1,n0b85d0479dc053dd--slur--start--1,slur,stamp,n0b85d0479dc053dd
nd9e5205029585b50--tuplet--start--1,nd9e5205029585b50--tuplet--start--1,tuplet,stamp,nd9e5205029585b50
n5be6acd1308a2d7c--tuplet--stop--1,n5be6acd1308a2d7c--tuplet--stop--1,tuplet,stamp,n5be6acd1308a2d7c
nc4eb1612ff9fb262--tuplet--start--1,nc4eb1612ff9fb262--tuplet--start--1,tuplet,stamp,nc4eb1612ff9fb262
n9b34971a286e768c--tuplet--stop--1,n9b34971a286e768c--tuplet--stop--1,tuplet,stamp,n9b34971a286e768c
n9b34971a286e768c--slur--stop--1,n9b34971a286e768c--slur--stop--1,slur,stamp,n9b34971a286e768c
n9b03bd21839c187c--slur--stop--1,n9b03bd21839c187c--slur--stop--1,slur,stamp,n9b03bd21839c187c
nd598d43146194be7--accent--1,,accent,derive,nd598d43146194be7
nacd72ba91ad05b87--slur--start--1,nacd72ba91ad05b87--slur--start--1,slur,stamp,nacd72ba91ad05b87
n358d232569561b7a--slur--stop--1,n358d232569561b7a--slur--stop--1,slur,stamp,n358d232569561b7a
e4004a1c6ff435973,e4004a1c6ff435973,dynamics,md,1
nd4afebdf3e88f63a--accent--1,,accent,derive,nd4afebdf3e88f63a
n432bceea9e6e4a84--accent--1,,accent,derive,n432bceea9e6e4a84
n1e2aee5f4f5ea878--arpeggiate--1,n1e2aee5f4f5ea878--arpeggiate--1,arpeggiate,stamp,n1e2aee5f4f5ea878
n5783771135c16248--arpeggiate--1,n5783771135c16248--arpeggiate--1,arpeggiate,stamp,n5783771135c16248
nfe020b667346ab30--arpeggiate--1,nfe020b667346ab30--arpeggiate--1,arpeggiate,stamp,nfe020b667346ab30
n87914a9a001f1ed3--arpeggiate--1,n87914a9a001f1ed3--arpeggiate--1,arpeggiate,stamp,n87914a9a001f1ed3
n5de1d4e129e03d20--slur--start--1,n5de1d4e129e03d20--slur--start--1,slur,stamp,n5de1d4e129e03d20
nb33cf2a3d4c865da--slur--stop--1,nb33cf2a3d4c865da--slur--stop--1,slur,stamp,nb33cf2a3d4c865da
n21d4489f8c3fe7f5--tie--1,,tie,derive,n21d4489f8c3fe7f5
n21d4489f8c3fe7f5--tied--start--1,n21d4489f8c3fe7f5--tied--start--1,tied,stamp,n21d4489f8c3fe7f5
n21d4489f8c3fe7f5--accent--1,,accent,derive,n21d4489f8c3fe7f5
n41069f6725ff0b63--arpeggiate--1,n41069f6725ff0b63--arpeggiate--1,arpeggiate,stamp,n41069f6725ff0b63
n9e923569a5aafddc--arpeggiate--1,n9e923569a5aafddc--arpeggiate--1,arpeggiate,stamp,n9e923569a5aafddc
nff19a6c366b96fae--arpeggiate--1,nff19a6c366b96fae--arpeggiate--1,arpeggiate,stamp,nff19a6c366b96fae
nca4be185205c8f19--slur--start--1,nca4be185205c8f19--slur--start--1,slur,stamp,nca4be185205c8f19
nd60d7edf083b2d39--slur--stop--1,nd60d7edf083b2d39--slur--stop--1,slur,stamp,nd60d7edf083b2d39
e1353d6bda6dbf3f2,e1353d6bda6dbf3f2,wedge,md,2
n8454c82801061da3--tie--1,,tie,derive,n8454c82801061da3
n8454c82801061da3--tied--stop--1,n8454c82801061da3--tied--stop--1,tied,stamp,n8454c82801061da3
n8454c82801061da3--slur--start--1,n8454c82801061da3--slur--start--1,slur,stamp,n8454c82801061da3
nd8ffc1e66fb0adb5--accent--1,,accent,derive,nd8ffc1e66fb0adb5
n52ed59bc4ae68d53--slur--stop--1,n52ed59bc4ae68d53--slur--stop--1,slur,stamp,n52ed59bc4ae68d53
na8d1f5611ee0318e--slur--start--1,na8d1f5611ee0318e--slur--start--1,slur,stamp,na8d1f5611ee0318e
n1e9d0827a89ea7c7--slur--stop--1,n1e9d0827a89ea7c7--slur--stop--1,slur,stamp,n1e9d0827a89ea7c7
ebba30cbf93033c30,ebba30cbf93033c30,wedge,md,2
n92fff1717fbf4f10--tie--1,,tie,derive,n92fff1717fbf4f10
n92fff1717fbf4f10--tied--start--1,n92fff1717fbf4f10--tied--start--1,tied,stamp,n92fff1717fbf4f10
n92fff1717fbf4f10--slur--start--1,n92fff1717fbf4f10--slur--start--1,slur,stamp,n92fff1717fbf4f10
ndbcd6165e0e523bb--tie--1,,tie,derive,ndbcd6165e0e523bb
ndbcd6165e0e523bb--tied--start--1,ndbcd6165e0e523bb--tied--start--1,tied,stamp,ndbcd6165e0e523bb
n1fe0c917d30a516c--slur--start--1,n1fe0c917d30a516c--slur--start--1,slur,stamp,n1fe0c917d30a516c
n5cd678b20ab22ebc--slur--stop--1,n5cd678b20ab22ebc--slur--stop--1,slur,stamp,n5cd678b20ab22ebc
e8fefe6ba2d607d8c,e8fefe6ba2d607d8c,wedge,md,2
n1fd9fcb0b7986d67--tie--1,,tie,derive,n1fd9fcb0b7986d67
n1fd9fcb0b7986d67--tied--stop--1,n1fd9fcb0b7986d67--tied--stop--1,tied,stamp,n1fd9fcb0b7986d67
n1fd9fcb0b7986d67--slur--stop--1,n1fd9fcb0b7986d67--slur--stop--1,slur,stamp,n1fd9fcb0b7986d67
nbb4ad917ebe3d67a--tie--1,,tie,derive,nbb4ad917ebe3d67a
nbb4ad917ebe3d67a--tied--stop--1,nbb4ad917ebe3d67a--tied--stop--1,tied,stamp,nbb4ad917ebe3d67a
nd60d65f7a577805b--slur--start--1,nd60d65f7a577805b--slur--start--1,slur,stamp,nd60d65f7a577805b
nccd3356ee5276ef4--slur--stop--1,nccd3356ee5276ef4--slur--stop--1,slur,stamp,nccd3356ee5276ef4
eb13698875f145455,eb13698875f145455,wedge,md,2
n0db35ed550cb4fef--accent--1,,accent,derive,n0db35ed550cb4fef
n361b6fb692376117--slur--start--1,n361b6fb692376117--slur--start--1,slur,stamp,n361b6fb692376117
ndbcf8ba7a4ac8ab0--slur--stop--1,ndbcf8ba7a4ac8ab0--slur--stop--1,slur,stamp,ndbcf8ba7a4ac8ab0
ed43cc1c7f5c86d41,ed43cc1c7f5c86d41,wedge,md,1
n121edbcc74a60cc6--accent--1,,accent,derive,n121edbcc74a60cc6
n0f1c395cbc6c5762--accent--1,,accent,derive,n0f1c395cbc6c5762
n4f9d848ce8fb7926--slur--start--1,n4f9d848ce8fb7926--slur--start--1,slur,stamp,n4f9d848ce8fb7926
nee8efa5be67f0066--slur--stop--1,nee8efa5be67f0066--slur--stop--1,slur,stamp,nee8efa5be67f0066
n5597ccdc78032c28--tie--1,,tie,derive,n5597ccdc78032c28
n5597ccdc78032c28--tied--start--1,n5597ccdc78032c28--tied--start--1,tied,stamp,n5597ccdc78032c28
n5597ccdc78032c28--accent--1,,accent,derive,n5597ccdc78032c28
n200840b4c3e155ce--tie--1,,tie,derive,n200840b4c3e155ce
n200840b4c3e155ce--tied--start--1,n200840b4c3e155ce--tied--start--1,tied,stamp,n200840b4c3e155ce
nc0e54be799080aa5--tie--1,,tie,derive,nc0e54be799080aa5
nc0e54be799080aa5--tied--start--1,nc0e54be799080aa5--tied--start--1,tied,stamp,nc0e54be799080aa5
n8da5e0da62d037dd--slur--start--1,n8da5e0da62d037dd--slur--start--1,slur,stamp,n8da5e0da62d037dd
n394990cfcb8476fe--slur--stop--1,n394990cfcb8476fe--slur--stop--1,slur,stamp,n394990cfcb8476fe
nb9ee2537e0f4a200--tie--1,,tie,derive,nb9ee2537e0f4a200
nb9ee2537e0f4a200--tied--stop--1,nb9ee2537e0f4a200--tied--stop--1,tied,stamp,nb9ee2537e0f4a200
nb8391a2c0fb7438a--tie--1,,tie,derive,nb8391a2c0fb7438a
nb8391a2c0fb7438a--tied--stop--1,nb8391a2c0fb7438a--tied--stop--1,tied,stamp,nb8391a2c0fb7438a
n8367707f482af533--tie--1,,tie,derive,n8367707f482af533
n8367707f482af533--tied--stop--1,n8367707f482af533--tied--stop--1,tied,stamp,n8367707f482af533
na8fec3188d051108--slur--start--1,na8fec3188d051108--slur--start--1,slur,stamp,na8fec3188d051108
na8fec3188d051108--accent--1,,accent,derive,na8fec3188d051108
n25362f13ca90c43e--slur--stop--1,n25362f13ca90c43e--slur--stop--1,slur,stamp,n25362f13ca90c43e
n25362f13ca90c43e--accent--1,,accent,derive,n25362f13ca90c43e
n155ed39cf19e4676--arpeggiate--1,n155ed39cf19e4676--arpeggiate--1,arpeggiate,stamp,n155ed39cf19e4676
n648eb0c4be228bc8--arpeggiate--1,n648eb0c4be228bc8--arpeggiate--1,arpeggiate,stamp,n648eb0c4be228bc8
n33e9ceb5b15d96f7--slur--start--1,n33e9ceb5b15d96f7--slur--start--1,slur,stamp,n33e9ceb5b15d96f7
nc1b9c3e4ac2e058d--slur--stop--1,nc1b9c3e4ac2e058d--slur--stop--1,slur,stamp,nc1b9c3e4ac2e058d
e06da349fff4bfe34,e06da349fff4bfe34,wedge,md,1
e8abb422e53bca07e,e8abb422e53bca07e,wedge,md,1
e1ec0ef37ea30f0b2,e1ec0ef37ea30f0b2,words,md,1
e344d89379eafe09a,e344d89379eafe09a,words,md,1
e259743c936432739,e259743c936432739,wedge,md,1
ncd78a990ac1ac77c--accent--1,,accent,derive,ncd78a990ac1ac77c
n8d45e2bd0d672819--slur--start--1,n8d45e2bd0d672819--slur--start--1,slur,stamp,n8d45e2bd0d672819
n52e5a691e8ef1394--slur--stop--1,n52e5a691e8ef1394--slur--stop--1,slur,stamp,n52e5a691e8ef1394
n38ff25a851f89d75--accent--1,,accent,derive,n38ff25a851f89d75
nfa9e31545d4d5552--accent--1,,accent,derive,nfa9e31545d4d5552
n019e55211dd6c30a--slur--start--1,n019e55211dd6c30a--slur--start--1,slur,stamp,n019e55211dd6c30a
n3f563e96616b7d4e--slur--stop--1,n3f563e96616b7d4e--slur--stop--1,slur,stamp,n3f563e96616b7d4e
n69c2254cd1ade853--accent--1,,accent,derive,n69c2254cd1ade853
nf0f5d63c1216ec42--slur--start--1,nf0f5d63c1216ec42--slur--start--1,slur,stamp,nf0f5d63c1216ec42
n30f5d409ba948d9d--slur--stop--1,n30f5d409ba948d9d--slur--stop--1,slur,stamp,n30f5d409ba948d9d
e5f5879bc1833731f,e5f5879bc1833731f,words,md,2
ee986edb6b134d186,ee986edb6b134d186,words,md,2
e20c845f212437b61,e20c845f212437b61,words,md,2
e71a61ae4aa165428,e71a61ae4aa165428,words,md,2
e11ee319feca26a96,e11ee319feca26a96,wedge,md,2
e4d832f89d8458d8a,e4d832f89d8458d8a,wedge,md,2
na9d045684add931b--accent--1,,accent,derive,na9d045684add931b
ne02271d4f58c6d32--slur--start--1,ne02271d4f58c6d32--slur--start--1,slur,stamp,ne02271d4f58c6d32
n72338352c78722a5--slur--stop--1,n72338352c78722a5--slur--stop--1,slur,stamp,n72338352c78722a5
ed37becb7e747717c,ed37becb7e747717c,wedge,md,2
e49e907f511d1aaf5,e49e907f511d1aaf5,wedge,md,2
n1b9db4e9820c1527--arpeggiate--1,n1b9db4e9820c1527--arpeggiate--1,arpeggiate,stamp,n1b9db4e9820c1527
n20bd747c05b30c30--arpeggiate--1,n20bd747c05b30c30--arpeggiate--1,arpeggiate,stamp,n20bd747c05b30c30
nf80ed232e063e469--arpeggiate--1,nf80ed232e063e469--arpeggiate--1,arpeggiate,stamp,nf80ed232e063e469
ecd267c4b894ce502,ecd267c4b894ce502,words,md,1
e7982452fe1056639,e7982452fe1056639,dynamics,md,1
e874d5ff323d6f7a7,e874d5ff323d6f7a7,words,md,2
e723ed97bbfcc1c7b,e723ed97bbfcc1c7b,words,md,2
ee228efe785a67c68,ee228efe785a67c68,words,md,2
nb2b9bb3a2192efc1--slur--start--1,nb2b9bb3a2192efc1--slur--start--1,slur,stamp,nb2b9bb3a2192efc1
e2beb3158e8d4ab89,e2beb3158e8d4ab89,wedge,md,1
ef6258a4a998c26a1,ef6258a4a998c26a1,wedge,md,1
n1ef6a083a407173a--slur--stop--1,n1ef6a083a407173a--slur--stop--1,slur,stamp,n1ef6a083a407173a
n1ef6a083a407173a--staccato--1,,staccato,derive,n1ef6a083a407173a
n1e914ceb8889a62f--slur--start--1,n1e914ceb8889a62f--slur--start--1,slur,stamp,n1e914ceb8889a62f
n1e914ceb8889a62f--slur--start--2,n1e914ceb8889a62f--slur--start--2,slur,stamp,n1e914ceb8889a62f
e1c3326e3bf5f485d,e1c3326e3bf5f485d,wedge,md,1
e88ec3719ccd19f35,e88ec3719ccd19f35,wedge,md,1
nd22e59e6f55190fc--slur--stop--1,nd22e59e6f55190fc--slur--stop--1,slur,stamp,nd22e59e6f55190fc
naea1e62394407d66--tie--1,,tie,derive,naea1e62394407d66
naea1e62394407d66--tied--start--1,naea1e62394407d66--tied--start--1,tied,stamp,naea1e62394407d66
nd001e5e5e76b6dbe--tie--1,,tie,derive,nd001e5e5e76b6dbe
nd001e5e5e76b6dbe--tied--stop--1,nd001e5e5e76b6dbe--tied--stop--1,tied,stamp,nd001e5e5e76b6dbe
n0d9391ed1766723d--slur--stop--1,n0d9391ed1766723d--slur--stop--1,slur,stamp,n0d9391ed1766723d
e46eacb3bd98495ea,e46eacb3bd98495ea,dynamics,md,1
ec27126fd640482c0,ec27126fd640482c0,words,md,1
e28d58b4a73480bc6,e28d58b4a73480bc6,wedge,md,2
ed2cb50657f2da0e9,ed2cb50657f2da0e9,wedge,md,2
n9268d83f9f94ea88--accent--1,,accent,derive,n9268d83f9f94ea88
n157898fe929af38a--accent--1,,accent,derive,n157898fe929af38a
n0549eedbaa907715--tie--1,,tie,derive,n0549eedbaa907715
n0549eedbaa907715--tied--start--1,n0549eedbaa907715--tied--start--1,tied,stamp,n0549eedbaa907715
n0549eedbaa907715--accent--1,,accent,derive,n0549eedbaa907715
n1bf92100b251cf94--tie--1,,tie,derive,n1bf92100b251cf94
n1bf92100b251cf94--tied--start--1,n1bf92100b251cf94--tied--start--1,tied,stamp,n1bf92100b251cf94
nb2a635232e5fc6f9--tie--1,,tie,derive,nb2a635232e5fc6f9
nb2a635232e5fc6f9--tied--start--1,nb2a635232e5fc6f9--tied--start--1,tied,stamp,nb2a635232e5fc6f9
ec7c8355337f11a8a,ec7c8355337f11a8a,wedge,md,2
eb511f47b7b6e2d64,eb511f47b7b6e2d64,wedge,md,2
n0736a40216dc9108--tie--1,,tie,derive,n0736a40216dc9108
n0736a40216dc9108--tied--stop--1,n0736a40216dc9108--tied--stop--1,tied,stamp,n0736a40216dc9108
n7e19c1d2d745007c--tie--1,,tie,derive,n7e19c1d2d745007c
n7e19c1d2d745007c--tied--stop--1,n7e19c1d2d745007c--tied--stop--1,tied,stamp,n7e19c1d2d745007c
nf1ff6aa43021163a--tie--1,,tie,derive,nf1ff6aa43021163a
nf1ff6aa43021163a--tied--stop--1,nf1ff6aa43021163a--tied--stop--1,tied,stamp,nf1ff6aa43021163a
nd05456083c0a1466--accent--1,,accent,derive,nd05456083c0a1466
n9856585751731df8--accent--1,,accent,derive,n9856585751731df8
e9f01364ad6511075,e9f01364ad6511075,wedge,md,1
ee6304f78904be176,ee6304f78904be176,wedge,md,1
n37923938d64235b3--slur--start--1,n37923938d64235b3--slur--start--1,slur,stamp,n37923938d64235b3
n37923938d64235b3--strong-accent--1,,strong-accent,derive,n37923938d64235b3
eae7b38224894caf4,eae7b38224894caf4,wedge,md,2
ecf4832cd2d8c7287,ecf4832cd2d8c7287,wedge,md,2
nf9dadc95377fc97b--slur--stop--1,nf9dadc95377fc97b--slur--stop--1,slur,stamp,nf9dadc95377fc97b
nbc8b5891663c7466--strong-accent--1,,strong-accent,derive,nbc8b5891663c7466
e6703bf587d8de2cb,e6703bf587d8de2cb,wedge,md,2
e0741b68fdab991dc,e0741b68fdab991dc,wedge,md,2
naec54d78c9de053a--accent--1,,accent,derive,naec54d78c9de053a
n97d0326f92190fc1--accent--1,,accent,derive,n97d0326f92190fc1
nb7e9f196347cea43--tie--1,,tie,derive,nb7e9f196347cea43
nb7e9f196347cea43--tied--start--1,nb7e9f196347cea43--tied--start--1,tied,stamp,nb7e9f196347cea43
nb7e9f196347cea43--accent--1,,accent,derive,nb7e9f196347cea43
n8dfdc19fb3b2235e--tie--1,,tie,derive,n8dfdc19fb3b2235e
n8dfdc19fb3b2235e--tied--start--1,n8dfdc19fb3b2235e--tied--start--1,tied,stamp,n8dfdc19fb3b2235e
nf95cafde97b1758c--tie--1,,tie,derive,nf95cafde97b1758c
nf95cafde97b1758c--tied--start--1,nf95cafde97b1758c--tied--start--1,tied,stamp,nf95cafde97b1758c
edb01fe5dcfb449c1,edb01fe5dcfb449c1,wedge,md,2
ndcfba4b9b29a4b4a--tie--1,,tie,derive,ndcfba4b9b29a4b4a
ndcfba4b9b29a4b4a--tied--stop--1,ndcfba4b9b29a4b4a--tied--stop--1,tied,stamp,ndcfba4b9b29a4b4a
n031e05a6efc069fb--tie--1,,tie,derive,n031e05a6efc069fb
n031e05a6efc069fb--tied--stop--1,n031e05a6efc069fb--tied--stop--1,tied,stamp,n031e05a6efc069fb
n40e4fef856a928af--tie--1,,tie,derive,n40e4fef856a928af
n40e4fef856a928af--tied--stop--1,n40e4fef856a928af--tied--stop--1,tied,stamp,n40e4fef856a928af
nb28fae59f00e82e4--slur--start--1,nb28fae59f00e82e4--slur--start--1,slur,stamp,nb28fae59f00e82e4
nb28fae59f00e82e4--accent--1,,accent,derive,nb28fae59f00e82e4
nc004c53631e2097e--slur--stop--1,nc004c53631e2097e--slur--stop--1,slur,stamp,nc004c53631e2097e
e8e7ab81ac9040395,e8e7ab81ac9040395,wedge,md,2
n09f091ceca98e26b--strong-accent--1,,strong-accent,derive,n09f091ceca98e26b
ec7e5f31731ac3731,ec7e5f31731ac3731,wedge,md,2
e9209d0005565c6ba,e9209d0005565c6ba,wedge,md,2
n1e63d5dd338c392a--accent--1,,accent,derive,n1e63d5dd338c392a
n425ca2bd63de3169--accent--1,,accent,derive,n425ca2bd63de3169
nf6594be493dc4a50--strong-accent--1,,strong-accent,derive,nf6594be493dc4a50
ecf37003fe8cd6f3e,ecf37003fe8cd6f3e,wedge,md,2
eb31b715baed11aa9,eb31b715baed11aa9,wedge,md,2
nb2fffe61d3854bed--strong-accent--1,,strong-accent,derive,nb2fffe61d3854bed
e97bb1d6b4a4b5a52,e97bb1d6b4a4b5a52,wedge,md,2
ed7bfc6c7c2675548,ed7bfc6c7c2675548,wedge,md,2
n4f3fcaae4b2c0a13--staccato--1,,staccato,derive,n4f3fcaae4b2c0a13
n4f3fcaae4b2c0a13--arpeggiate--1,n4f3fcaae4b2c0a13--arpeggiate--1,arpeggiate,stamp,n4f3fcaae4b2c0a13
n1d609778609485d4--arpeggiate--1,n1d609778609485d4--arpeggiate--1,arpeggiate,stamp,n1d609778609485d4
n45278d93ee6ea28b--arpeggiate--1,n45278d93ee6ea28b--arpeggiate--1,arpeggiate,stamp,n45278d93ee6ea28b
n0740d3b814845dce--arpeggiate--1,n0740d3b814845dce--arpeggiate--1,arpeggiate,stamp,n0740d3b814845dce
eaf3729aa99696033,eaf3729aa99696033,wedge,md,1
ea819dd0cf4a74aea,ea819dd0cf4a74aea,wedge,md,1
ee62e9f3d13c99bc7,ee62e9f3d13c99bc7,wedge,md,1
e6f9270f24e0b0a35,e6f9270f24e0b0a35,wedge,md,1
n8e84140f1837ca6a--accent--1,,accent,derive,n8e84140f1837ca6a
n84950ff0b404a96f--accent--1,,accent,derive,n84950ff0b404a96f
n9976e7ed4ed857a6--accent--1,,accent,derive,n9976e7ed4ed857a6
n883349f42b406b07--accent--1,,accent,derive,n883349f42b406b07
e9369e4ebd2581021,e9369e4ebd2581021,wedge,md,1
e9d3b5b071ac0e46a,e9d3b5b071ac0e46a,wedge,md,1
e312c6b24210ef865,e312c6b24210ef865,words,md,1
e77f381487729c2a6,e77f381487729c2a6,wedge,md,1
e0d180743998f4a37,e0d180743998f4a37,wedge,md,1
nf22880e259540ccf--accent--1,,accent,derive,nf22880e259540ccf
ncaa21b33d4df8bd6--accent--1,,accent,derive,ncaa21b33d4df8bd6
n6962121bd2855403--accent--1,,accent,derive,n6962121bd2855403
na4376b1f56b4ce44--accent--1,,accent,derive,na4376b1f56b4ce44
e45283300d20743fa,e45283300d20743fa,octave-shift,md,1
e709b28a861763816,e709b28a861763816,wedge,md,1
edad79b33896f3679,edad79b33896f3679,wedge,md,1
e1ee7e345c9d0b159,e1ee7e345c9d0b159,octave-shift,md,1
e767924777ac07962,e767924777ac07962,wedge,md,1
e50160962a591380c,e50160962a591380c,wedge,md,1
n4c71a6c9c4dd8e2d--accent--1,,accent,derive,n4c71a6c9c4dd8e2d
n3e30beecd344a1dc--accent--1,,accent,derive,n3e30beecd344a1dc
nd4fcbaeddaa1611b--accent--1,,accent,derive,nd4fcbaeddaa1611b
n1eedf5623c8ea131--accent--1,,accent,derive,n1eedf5623c8ea131
e80d80114d6c814f0,e80d80114d6c814f0,octave-shift,md,1
eda8603aff7d2dd3c,eda8603aff7d2dd3c,wedge,md,1
e0ba0f088dcaa527c,e0ba0f088dcaa527c,wedge,md,1
eaa19fff780acafb1,eaa19fff780acafb1,wedge,md,1
e1432052a1777ec7d,e1432052a1777ec7d,wedge,md,1
ebf617f9f6142b26f,ebf617f9f6142b26f,wedge,md,1
n433c308f18efa191--accent--1,,accent,derive,n433c308f18efa191
ndb06fbb48022327e--accent--1,,accent,derive,ndb06fbb48022327e
nf7ff899487de934b--accent--1,,accent,derive,nf7ff899487de934b
n34c33d7cf414316c--accent--1,,accent,derive,n34c33d7cf414316c
ebe1a6c6137025ebc,ebe1a6c6137025ebc,wedge,md,1
eb960250960964ac7,eb960250960964ac7,wedge,md,1
eabc8a5c5037aeb58,eabc8a5c5037aeb58,wedge,md,1
e74f604e0fc0f95fd,e74f604e0fc0f95fd,wedge,md,1
eaf143c36c949e644,eaf143c36c949e644,wedge,md,1
ea4aa7b25409af9b2,ea4aa7b25409af9b2,dynamics,md,1
e35287d2f52a2c51d,e35287d2f52a2c51d,octave-shift,md,1
n9f33178b839c9cde--accent--1,,accent,derive,n9f33178b839c9cde
nc5b747b7813585f3--accent--1,,accent,derive,nc5b747b7813585f3
n044d79e23416bf12--accent--1,,accent,derive,n044d79e23416bf12
nfdeeb1c685aa70ed--accent--1,,accent,derive,nfdeeb1c685aa70ed
eb07bbe69f812ddbe,eb07bbe69f812ddbe,wedge,md,1
e46e8c1b01130e35d,e46e8c1b01130e35d,wedge,md,1
ebf48686f59a2c5a5,ebf48686f59a2c5a5,wedge,md,1
e8574b9e4d92a755d,e8574b9e4d92a755d,wedge,md,1
nb6ba8a1bb22d6d51--accent--1,,accent,derive,nb6ba8a1bb22d6d51
n9770f7c33ff8d5ba--accent--1,,accent,derive,n9770f7c33ff8d5ba
ne556d2577e4ccd05--accent--1,,accent,derive,ne556d2577e4ccd05
n1825727f859dbeb1--accent--1,,accent,derive,n1825727f859dbeb1
e5d736c930765ada1,e5d736c930765ada1,wedge,md,1
ea815393281515e5a,ea815393281515e5a,wedge,md,1
ebbd8efcc47a7732e,ebbd8efcc47a7732e,wedge,md,1
ec06f55b172d3caa2,ec06f55b172d3caa2,wedge,md,1
ne1294f1171f7ed3b--accent--1,,accent,derive,ne1294f1171f7ed3b
n8373eb3e173d33a9--accent--1,,accent,derive,n8373eb3e173d33a9
nd78165f56ac2bc48--accent--1,,accent,derive,nd78165f56ac2bc48
n52c68c1ea8841275--accent--1,,accent,derive,n52c68c1ea8841275
e16088ac32589a816,e16088ac32589a816,wedge,md,1
ee70387b7eb3ba84c,ee70387b7eb3ba84c,wedge,md,1
ed084794826422b81,ed084794826422b81,wedge,md,1
eb5e2991238f63b3d,eb5e2991238f63b3d,wedge,md,1
n99c5ba48ba3eed9e--tuplet--start--1,n99c5ba48ba3eed9e--tuplet--start--1,tuplet,stamp,n99c5ba48ba3eed9e
n03d662c7b7832a35--tuplet--stop--1,n03d662c7b7832a35--tuplet--stop--1,tuplet,stamp,n03d662c7b7832a35
nb10bac3d9cc9bf70--staccato--1,,staccato,derive,nb10bac3d9cc9bf70
ndd1c7826d54e5453--strong-accent--1,,strong-accent,derive,ndd1c7826d54e5453
n22ff36de694f0ec0--tuplet--start--1,n22ff36de694f0ec0--tuplet--start--1,tuplet,stamp,n22ff36de694f0ec0
nfd1be00ea566b1a5--tuplet--stop--1,nfd1be00ea566b1a5--tuplet--stop--1,tuplet,stamp,nfd1be00ea566b1a5
nc6e67d9a4757c832--strong-accent--1,,strong-accent,derive,nc6e67d9a4757c832
n8e89d3eccc2df7fa--tuplet--start--1,n8e89d3eccc2df7fa--tuplet--start--1,tuplet,stamp,n8e89d3eccc2df7fa
n3a630b57bafdd73d--tuplet--stop--1,n3a630b57bafdd73d--tuplet--stop--1,tuplet,stamp,n3a630b57bafdd73d
n9d4b91aa34feec35--tuplet--start--1,n9d4b91aa34feec35--tuplet--start--1,tuplet,stamp,n9d4b91aa34feec35
ne1794b999d971dc1--tuplet--stop--1,ne1794b999d971dc1--tuplet--stop--1,tuplet,stamp,ne1794b999d971dc1
nf86bf53ba10b347e--staccato--1,,staccato,derive,nf86bf53ba10b347e
ea76812d418bef82a,ea76812d418bef82a,dynamics,md,1
e240c976bd98a4dc3,e240c976bd98a4dc3,wedge,md,2
n85f9e14e9d14671b--tuplet--start--1,n85f9e14e9d14671b--tuplet--start--1,tuplet,stamp,n85f9e14e9d14671b
n187f1ec59375af2b--tuplet--stop--1,n187f1ec59375af2b--tuplet--stop--1,tuplet,stamp,n187f1ec59375af2b
n0c03e3a410d8b5fb--staccato--1,,staccato,derive,n0c03e3a410d8b5fb
n45b6187ba2cf7586--strong-accent--1,,strong-accent,derive,n45b6187ba2cf7586
n4bc1a44b9e4c527e--tuplet--start--1,n4bc1a44b9e4c527e--tuplet--start--1,tuplet,stamp,n4bc1a44b9e4c527e
n9ee99a0cecb77a83--tuplet--stop--1,n9ee99a0cecb77a83--tuplet--stop--1,tuplet,stamp,n9ee99a0cecb77a83
n8fb8eab163de0e16--strong-accent--1,,strong-accent,derive,n8fb8eab163de0e16
n319e6727d2d49aa8--tuplet--start--1,n319e6727d2d49aa8--tuplet--start--1,tuplet,stamp,n319e6727d2d49aa8
n003e4c71291a5835--tuplet--stop--1,n003e4c71291a5835--tuplet--stop--1,tuplet,stamp,n003e4c71291a5835
nc0cab7bb22864eca--tuplet--start--1,nc0cab7bb22864eca--tuplet--start--1,tuplet,stamp,nc0cab7bb22864eca
n0d1ae0ca1cd937c2--tuplet--stop--1,n0d1ae0ca1cd937c2--tuplet--stop--1,tuplet,stamp,n0d1ae0ca1cd937c2
na433a5bdb25cf4cb--staccato--1,,staccato,derive,na433a5bdb25cf4cb
eeb76d34e17003c1f,eeb76d34e17003c1f,octave-shift,md,1
e0754d488d30a6e52,e0754d488d30a6e52,octave-shift,md,1
nb258999035e2f60e--tuplet--start--1,nb258999035e2f60e--tuplet--start--1,tuplet,stamp,nb258999035e2f60e
nf2e0a8c65b4a2337--tuplet--stop--1,nf2e0a8c65b4a2337--tuplet--stop--1,tuplet,stamp,nf2e0a8c65b4a2337
nac11b975b3c871a4--staccato--1,,staccato,derive,nac11b975b3c871a4
ne0144a1ff44b958b--strong-accent--1,,strong-accent,derive,ne0144a1ff44b958b
n98fca38e9a3fcfaa--tuplet--start--1,n98fca38e9a3fcfaa--tuplet--start--1,tuplet,stamp,n98fca38e9a3fcfaa
nd91b95ca4af96a8b--tuplet--stop--1,nd91b95ca4af96a8b--tuplet--stop--1,tuplet,stamp,nd91b95ca4af96a8b
n5042e6f68539ef01--strong-accent--1,,strong-accent,derive,n5042e6f68539ef01
n35c06674ae83ce2e--tuplet--start--1,n35c06674ae83ce2e--tuplet--start--1,tuplet,stamp,n35c06674ae83ce2e
n1a5d64e28e7150ae--tuplet--stop--1,n1a5d64e28e7150ae--tuplet--stop--1,tuplet,stamp,n1a5d64e28e7150ae
n1a85f663924f61b4--tuplet--start--1,n1a85f663924f61b4--tuplet--start--1,tuplet,stamp,n1a85f663924f61b4
n1fbc8cf00d45241d--tuplet--stop--1,n1fbc8cf00d45241d--tuplet--stop--1,tuplet,stamp,n1fbc8cf00d45241d
n7bfc559deeec8d7e--staccato--1,,staccato,derive,n7bfc559deeec8d7e
e1483ab8e6bb20ba0,e1483ab8e6bb20ba0,wedge,md,2
e1f4b762ffe436a2f,e1f4b762ffe436a2f,wedge,md,2
n50fa879f078d3ba3--tuplet--start--1,n50fa879f078d3ba3--tuplet--start--1,tuplet,stamp,n50fa879f078d3ba3
n13bb488bec9d8f7b--tuplet--stop--1,n13bb488bec9d8f7b--tuplet--stop--1,tuplet,stamp,n13bb488bec9d8f7b
n53d000c4398b018d--staccato--1,,staccato,derive,n53d000c4398b018d
ndc91a6adbb6094fa--strong-accent--1,,strong-accent,derive,ndc91a6adbb6094fa
n0049e074fc5a1d6e--tuplet--start--1,n0049e074fc5a1d6e--tuplet--start--1,tuplet,stamp,n0049e074fc5a1d6e
na57c3d749dda95bf--tuplet--stop--1,na57c3d749dda95bf--tuplet--stop--1,tuplet,stamp,na57c3d749dda95bf
nf0acf389327667c0--strong-accent--1,,strong-accent,derive,nf0acf389327667c0
n2fdf0f57b94072b0--tuplet--start--1,n2fdf0f57b94072b0--tuplet--start--1,tuplet,stamp,n2fdf0f57b94072b0
nb623ec1f8aaff45b--tuplet--stop--1,nb623ec1f8aaff45b--tuplet--stop--1,tuplet,stamp,nb623ec1f8aaff45b
n7dd56e733fb25622--tuplet--start--1,n7dd56e733fb25622--tuplet--start--1,tuplet,stamp,n7dd56e733fb25622
nd21ced14bf97d140--tuplet--stop--1,nd21ced14bf97d140--tuplet--stop--1,tuplet,stamp,nd21ced14bf97d140
nbaaf202b5247d839--staccato--1,,staccato,derive,nbaaf202b5247d839
e35378766381da614,e35378766381da614,octave-shift,md,1
ece7960451aa3a5b7,ece7960451aa3a5b7,octave-shift,md,1
e97ba837b0bec7c51,e97ba837b0bec7c51,wedge,md,2
necd0e14cdb922d9b--tuplet--start--1,necd0e14cdb922d9b--tuplet--start--1,tuplet,stamp,necd0e14cdb922d9b
n2ce2eb9c0e612ec2--tuplet--stop--1,n2ce2eb9c0e612ec2--tuplet--stop--1,tuplet,stamp,n2ce2eb9c0e612ec2
nf3e31a6f46477acb--staccato--1,,staccato,derive,nf3e31a6f46477acb
ncd7cca3ba2ccef03--strong-accent--1,,strong-accent,derive,ncd7cca3ba2ccef03
na50d9dcbcb036632--tuplet--start--1,na50d9dcbcb036632--tuplet--start--1,tuplet,stamp,na50d9dcbcb036632
nf1876bd8518deef7--tuplet--stop--1,nf1876bd8518deef7--tuplet--stop--1,tuplet,stamp,nf1876bd8518deef7
n1a1cb01fca33f5c4--strong-accent--1,,strong-accent,derive,n1a1cb01fca33f5c4
n4bca87dc33ef25a8--tuplet--start--1,n4bca87dc33ef25a8--tuplet--start--1,tuplet,stamp,n4bca87dc33ef25a8
nda5942240c2db448--tuplet--stop--1,nda5942240c2db448--tuplet--stop--1,tuplet,stamp,nda5942240c2db448
nb63540aa6ef268ac--tuplet--start--1,nb63540aa6ef268ac--tuplet--start--1,tuplet,stamp,nb63540aa6ef268ac
n8a239b58bef0cf4c--tuplet--stop--1,n8a239b58bef0cf4c--tuplet--stop--1,tuplet,stamp,n8a239b58bef0cf4c
ne7c91d3bfef6e4bd--staccato--1,,staccato,derive,ne7c91d3bfef6e4bd
e5b2b0c9e0521110b,e5b2b0c9e0521110b,octave-shift,md,1
e250cbead11f3051b,e250cbead11f3051b,octave-shift,md,1
e4d6ee09dbc8299be,e4d6ee09dbc8299be,wedge,md,2
n348d817b3184e7f2--tuplet--start--1,n348d817b3184e7f2--tuplet--start--1,tuplet,stamp,n348d817b3184e7f2
n1e5ab8cbd90022a2--tuplet--stop--1,n1e5ab8cbd90022a2--tuplet--stop--1,tuplet,stamp,n1e5ab8cbd90022a2
n258d8b790c9525c8--staccato--1,,staccato,derive,n258d8b790c9525c8
nc15b481647b17545--strong-accent--1,,strong-accent,derive,nc15b481647b17545
nb295ba8b8b763ccd--tuplet--start--1,nb295ba8b8b763ccd--tuplet--start--1,tuplet,stamp,nb295ba8b8b763ccd
nc84d226eef62e7f9--tuplet--stop--1,nc84d226eef62e7f9--tuplet--stop--1,tuplet,stamp,nc84d226eef62e7f9
n876e7de971177e19--strong-accent--1,,strong-accent,derive,n876e7de971177e19
n601815eefa28095f--tuplet--start--1,n601815eefa28095f--tuplet--start--1,tuplet,stamp,n601815eefa28095f
n9adc46d2e6d53ca1--tuplet--stop--1,n9adc46d2e6d53ca1--tuplet--stop--1,tuplet,stamp,n9adc46d2e6d53ca1
n105561752dc0e716--tuplet--start--1,n105561752dc0e716--tuplet--start--1,tuplet,stamp,n105561752dc0e716
n5eb38be91c36a0b1--tuplet--stop--1,n5eb38be91c36a0b1--tuplet--stop--1,tuplet,stamp,n5eb38be91c36a0b1
n3f4b0817f6e8556c--staccato--1,,staccato,derive,n3f4b0817f6e8556c
e76edb6c951276297,e76edb6c951276297,octave-shift,md,1
e83a37ee47b2c3a9d,e83a37ee47b2c3a9d,octave-shift,md,1
e147ad479e08bd939,e147ad479e08bd939,wedge,md,2
n8326eeb96434c65a--tuplet--start--1,n8326eeb96434c65a--tuplet--start--1,tuplet,stamp,n8326eeb96434c65a
ne2cb5f4bed874cdd--tuplet--stop--1,ne2cb5f4bed874cdd--tuplet--stop--1,tuplet,stamp,ne2cb5f4bed874cdd
n846421aa839bc661--tuplet--start--1,n846421aa839bc661--tuplet--start--1,tuplet,stamp,n846421aa839bc661
na6389c673493f3ce--tuplet--stop--1,na6389c673493f3ce--tuplet--stop--1,tuplet,stamp,na6389c673493f3ce
nbaa4730276980739--tuplet--start--1,nbaa4730276980739--tuplet--start--1,tuplet,stamp,nbaa4730276980739
nc3dd36388ed8c14f--tuplet--stop--1,nc3dd36388ed8c14f--tuplet--stop--1,tuplet,stamp,nc3dd36388ed8c14f
n6d9baaf7c4d6449a--tuplet--start--1,n6d9baaf7c4d6449a--tuplet--start--1,tuplet,stamp,n6d9baaf7c4d6449a
nec4e5b9f6444c8b9--tuplet--stop--1,nec4e5b9f6444c8b9--tuplet--stop--1,tuplet,stamp,nec4e5b9f6444c8b9
n981aead496d39e13--tuplet--start--1,n981aead496d39e13--tuplet--start--1,tuplet,stamp,n981aead496d39e13
nafced5ea3387801d--tuplet--stop--1,nafced5ea3387801d--tuplet--stop--1,tuplet,stamp,nafced5ea3387801d
n8d694ef1c3f2ec75--tuplet--start--1,n8d694ef1c3f2ec75--tuplet--start--1,tuplet,stamp,n8d694ef1c3f2ec75
n26c8188b9f8df244--tuplet--stop--1,n26c8188b9f8df244--tuplet--stop--1,tuplet,stamp,n26c8188b9f8df244
ne8cb5ae06db21bef--tuplet--start--1,ne8cb5ae06db21bef--tuplet--start--1,tuplet,stamp,ne8cb5ae06db21bef
n660b6c6334b4027e--tuplet--stop--1,n660b6c6334b4027e--tuplet--stop--1,tuplet,stamp,n660b6c6334b4027e
ne24dfff4b36002c0--tuplet--start--1,ne24dfff4b36002c0--tuplet--start--1,tuplet,stamp,ne24dfff4b36002c0
ndaa9157a6b520c69--tuplet--stop--1,ndaa9157a6b520c69--tuplet--stop--1,tuplet,stamp,ndaa9157a6b520c69
n40ef1e08e8dfb91a--tuplet--start--1,n40ef1e08e8dfb91a--tuplet--start--1,tuplet,stamp,n40ef1e08e8dfb91a
nf23ab62e74b3875e--tuplet--stop--1,nf23ab62e74b3875e--tuplet--stop--1,tuplet,stamp,nf23ab62e74b3875e
n62e70c436e9e6fb6--tuplet--start--1,n62e70c436e9e6fb6--tuplet--start--1,tuplet,stamp,n62e70c436e9e6fb6
nf95a8a7741d8a61a--tuplet--stop--1,nf95a8a7741d8a61a--tuplet--stop--1,tuplet,stamp,nf95a8a7741d8a61a
n557af547653e0e47--tuplet--start--1,n557af547653e0e47--tuplet--start--1,tuplet,stamp,n557af547653e0e47
n01f2cc534001dc6e--tuplet--stop--1,n01f2cc534001dc6e--tuplet--stop--1,tuplet,stamp,n01f2cc534001dc6e
eb302ee15a7537dc6,eb302ee15a7537dc6,words,md,1
eb8c93cbe120c77b0,eb8c93cbe120c77b0,wedge,md,2
n1a2095c9b12c093f--tuplet--start--1,n1a2095c9b12c093f--tuplet--start--1,tuplet,stamp,n1a2095c9b12c093f
n58806ced0a11b70c--tuplet--stop--1,n58806ced0a11b70c--tuplet--stop--1,tuplet,stamp,n58806ced0a11b70c
n0a8c48e9066a5986--tuplet--start--1,n0a8c48e9066a5986--tuplet--start--1,tuplet,stamp,n0a8c48e9066a5986
n2471b1e29932bc66--tuplet--stop--1,n2471b1e29932bc66--tuplet--stop--1,tuplet,stamp,n2471b1e29932bc66
naeba96d10eac447f--tuplet--start--1,naeba96d10eac447f--tuplet--start--1,tuplet,stamp,naeba96d10eac447f
naeba96d10eac447f--slur--start--1,naeba96d10eac447f--slur--start--1,slur,stamp,naeba96d10eac447f
n1bee8fdf1a99d29d--tuplet--stop--1,n1bee8fdf1a99d29d--tuplet--stop--1,tuplet,stamp,n1bee8fdf1a99d29d
n076db2bba8122d68--tuplet--start--1,n076db2bba8122d68--tuplet--start--1,tuplet,stamp,n076db2bba8122d68
n1843296ccc850a1e--tuplet--stop--1,n1843296ccc850a1e--tuplet--stop--1,tuplet,stamp,n1843296ccc850a1e
n1843296ccc850a1e--slur--stop--1,n1843296ccc850a1e--slur--stop--1,slur,stamp,n1843296ccc850a1e
nea62f32d72294032--tuplet--start--1,nea62f32d72294032--tuplet--start--1,tuplet,stamp,nea62f32d72294032
ncd240e12510ca7d0--tuplet--stop--1,ncd240e12510ca7d0--tuplet--stop--1,tuplet,stamp,ncd240e12510ca7d0
nd2504ec91761faf6--tuplet--start--1,nd2504ec91761faf6--tuplet--start--1,tuplet,stamp,nd2504ec91761faf6
n83afe9efa709eb24--tuplet--stop--1,n83afe9efa709eb24--tuplet--stop--1,tuplet,stamp,n83afe9efa709eb24
n4438dbbb36924e98--tuplet--start--1,n4438dbbb36924e98--tuplet--start--1,tuplet,stamp,n4438dbbb36924e98
n4438dbbb36924e98--slur--start--1,n4438dbbb36924e98--slur--start--1,slur,stamp,n4438dbbb36924e98
n8db511c934e1e81d--tuplet--stop--1,n8db511c934e1e81d--tuplet--stop--1,tuplet,stamp,n8db511c934e1e81d
n4395f7cb0abafe5d--tuplet--start--1,n4395f7cb0abafe5d--tuplet--start--1,tuplet,stamp,n4395f7cb0abafe5d
nebe685568874d63e--tuplet--stop--1,nebe685568874d63e--tuplet--stop--1,tuplet,stamp,nebe685568874d63e
nebe685568874d63e--slur--stop--1,nebe685568874d63e--slur--stop--1,slur,stamp,nebe685568874d63e
e7933f5c1b12a3da4,e7933f5c1b12a3da4,wedge,md,2
e5ce5226f47cdaa07,e5ce5226f47cdaa07,wedge,md,2
e546e65dc6da91b08,e546e65dc6da91b08,wedge,md,2
n96cd02ac32f4bf16--staccato--1,,staccato,derive,n96cd02ac32f4bf16
nf8d23f254ee5da5b--tenuto--1,,tenuto,derive,nf8d23f254ee5da5b
nd5e24d938707ec58--tie--1,,tie,derive,nd5e24d938707ec58
nd5e24d938707ec58--tied--start--1,nd5e24d938707ec58--tied--start--1,tied,stamp,nd5e24d938707ec58
nd5e24d938707ec58--tenuto--1,,tenuto,derive,nd5e24d938707ec58
n832d4742b673f00f--tie--1,,tie,derive,n832d4742b673f00f
n832d4742b673f00f--tied--start--1,n832d4742b673f00f--tied--start--1,tied,stamp,n832d4742b673f00f
nd587a7c0ba0748c6--tie--1,,tie,derive,nd587a7c0ba0748c6
nd587a7c0ba0748c6--tied--start--1,nd587a7c0ba0748c6--tied--start--1,tied,stamp,nd587a7c0ba0748c6
n1feb2b6c128ba871--tenuto--1,,tenuto,derive,n1feb2b6c128ba871
ndfbb61210f831a14--tie--1,,tie,derive,ndfbb61210f831a14
ndfbb61210f831a14--tied--start--1,ndfbb61210f831a14--tied--start--1,tied,stamp,ndfbb61210f831a14
ndfbb61210f831a14--tenuto--1,,tenuto,derive,ndfbb61210f831a14
n1378e14427b0930a--tie--1,,tie,derive,n1378e14427b0930a
n1378e14427b0930a--tied--start--1,n1378e14427b0930a--tied--start--1,tied,stamp,n1378e14427b0930a
e3c7726bd24e25af4,e3c7726bd24e25af4,dynamics,md,1
n3da95f63ee213b9a--tie--1,,tie,derive,n3da95f63ee213b9a
n3da95f63ee213b9a--tied--stop--1,n3da95f63ee213b9a--tied--stop--1,tied,stamp,n3da95f63ee213b9a
n3da95f63ee213b9a--tenuto--1,,tenuto,derive,n3da95f63ee213b9a
n9e1766b5df0f7f1f--tie--1,,tie,derive,n9e1766b5df0f7f1f
n9e1766b5df0f7f1f--tied--stop--1,n9e1766b5df0f7f1f--tied--stop--1,tied,stamp,n9e1766b5df0f7f1f
nccd7bcd95c7c75b9--tie--1,,tie,derive,nccd7bcd95c7c75b9
nccd7bcd95c7c75b9--tied--stop--1,nccd7bcd95c7c75b9--tied--stop--1,tied,stamp,nccd7bcd95c7c75b9
n5b32815ab204d3ee--slur--start--1,n5b32815ab204d3ee--slur--start--1,slur,stamp,n5b32815ab204d3ee
n5b32815ab204d3ee--staccato--1,,staccato,derive,n5b32815ab204d3ee
n6aaec186f104ee83--staccato--1,,staccato,derive,n6aaec186f104ee83
n37cd6e62d658903c--slur--stop--1,n37cd6e62d658903c--slur--stop--1,slur,stamp,n37cd6e62d658903c
n37cd6e62d658903c--staccato--1,,staccato,derive,n37cd6e62d658903c
n7bae725cc067b687--tie--1,,tie,derive,n7bae725cc067b687
n7bae725cc067b687--tied--stop--1,n7bae725cc067b687--tied--stop--1,tied,stamp,n7bae725cc067b687
n2d5214be9bf73584--tie--1,,tie,derive,n2d5214be9bf73584
n2d5214be9bf73584--tied--stop--1,n2d5214be9bf73584--tied--stop--1,tied,stamp,n2d5214be9bf73584
n2e793ecf1f8d88eb--slur--start--1,n2e793ecf1f8d88eb--slur--start--1,slur,stamp,n2e793ecf1f8d88eb
n2e793ecf1f8d88eb--staccato--1,,staccato,derive,n2e793ecf1f8d88eb
nf45ec3fd3441b0b5--staccato--1,,staccato,derive,nf45ec3fd3441b0b5
n796a2115e22bd19e--slur--stop--1,n796a2115e22bd19e--slur--stop--1,slur,stamp,n796a2115e22bd19e
n796a2115e22bd19e--staccato--1,,staccato,derive,n796a2115e22bd19e
ed39f4296991a8383,ed39f4296991a8383,wedge,md,1
e981bd0b54cd89596,e981bd0b54cd89596,wedge,md,1
nd40bc42809ee4658--slur--start--1,nd40bc42809ee4658--slur--start--1,slur,stamp,nd40bc42809ee4658
nb843baee85b3b418--tie--1,,tie,derive,nb843baee85b3b418
nb843baee85b3b418--tied--start--1,nb843baee85b3b418--tied--start--1,tied,stamp,nb843baee85b3b418
n694644d22e6cd865--tie--1,,tie,derive,n694644d22e6cd865
n694644d22e6cd865--tied--start--1,n694644d22e6cd865--tied--start--1,tied,stamp,n694644d22e6cd865
nee245be080567d24--tie--1,,tie,derive,nee245be080567d24
nee245be080567d24--tied--start--1,nee245be080567d24--tied--start--1,tied,stamp,nee245be080567d24
nf8814f7218d79f20--tie--1,,tie,derive,nf8814f7218d79f20
nf8814f7218d79f20--tied--start--1,nf8814f7218d79f20--tied--start--1,tied,stamp,nf8814f7218d79f20
nfd90b833b2ff2435--tie--1,,tie,derive,nfd90b833b2ff2435
nfd90b833b2ff2435--tied--stop--1,nfd90b833b2ff2435--tied--stop--1,tied,stamp,nfd90b833b2ff2435
n02c4b04181428c6d--slur--stop--1,n02c4b04181428c6d--slur--stop--1,slur,stamp,n02c4b04181428c6d
n05fb6dda5f007aaa--tie--1,,tie,derive,n05fb6dda5f007aaa
n05fb6dda5f007aaa--tied--start--1,n05fb6dda5f007aaa--tied--start--1,tied,stamp,n05fb6dda5f007aaa
n05fb6dda5f007aaa--accent--1,,accent,derive,n05fb6dda5f007aaa
n563b95ef01111186--tie--1,,tie,derive,n563b95ef01111186
n563b95ef01111186--tie--2,,tie,derive,n563b95ef01111186
n563b95ef01111186--tied--stop--1,n563b95ef01111186--tied--stop--1,tied,stamp,n563b95ef01111186
n563b95ef01111186--tied--start--2,n563b95ef01111186--tied--start--2,tied,stamp,n563b95ef01111186
n386618d7e6bbc568--tie--1,,tie,derive,n386618d7e6bbc568
n386618d7e6bbc568--tie--2,,tie,derive,n386618d7e6bbc568
n386618d7e6bbc568--tied--stop--1,n386618d7e6bbc568--tied--stop--1,tied,stamp,n386618d7e6bbc568
n386618d7e6bbc568--tied--start--2,n386618d7e6bbc568--tied--start--2,tied,stamp,n386618d7e6bbc568
nbeddf5c02b11e8f6--tie--1,,tie,derive,nbeddf5c02b11e8f6
nbeddf5c02b11e8f6--tie--2,,tie,derive,nbeddf5c02b11e8f6
nbeddf5c02b11e8f6--tied--stop--1,nbeddf5c02b11e8f6--tied--stop--1,tied,stamp,nbeddf5c02b11e8f6
nbeddf5c02b11e8f6--tied--start--2,nbeddf5c02b11e8f6--tied--start--2,tied,stamp,nbeddf5c02b11e8f6
ee0cc95d353f68d22,ee0cc95d353f68d22,words,md,2
ebaf20d5c0e35e2b8,ebaf20d5c0e35e2b8,bracket,md,2
e817f2c7dba87456d,e817f2c7dba87456d,bracket,md,2
n1ff983e422c2fdde--tie--1,,tie,derive,n1ff983e422c2fdde
n1ff983e422c2fdde--tied--stop--1,n1ff983e422c2fdde--tied--stop--1,tied,stamp,n1ff983e422c2fdde
na2a596ce35230490--tie--1,,tie,derive,na2a596ce35230490
na2a596ce35230490--tied--stop--1,na2a596ce35230490--tied--stop--1,tied,stamp,na2a596ce35230490
n91550bc1963a9375--tie--1,,tie,derive,n91550bc1963a9375
n91550bc1963a9375--tied--stop--1,n91550bc1963a9375--tied--stop--1,tied,stamp,n91550bc1963a9375
ne63c2f04fc44d065--tie--1,,tie,derive,ne63c2f04fc44d065
ne63c2f04fc44d065--tied--stop--1,ne63c2f04fc44d065--tied--stop--1,tied,stamp,ne63c2f04fc44d065
n228bebecb3cdd48d--slur--start--1,n228bebecb3cdd48d--slur--start--1,slur,stamp,n228bebecb3cdd48d
n228bebecb3cdd48d--staccato--1,,staccato,derive,n228bebecb3cdd48d
n85b56fec04c4ce52--staccato--1,,staccato,derive,n85b56fec04c4ce52
n7b86ff1c5456c8d4--slur--stop--1,n7b86ff1c5456c8d4--slur--stop--1,slur,stamp,n7b86ff1c5456c8d4
n7b86ff1c5456c8d4--staccato--1,,staccato,derive,n7b86ff1c5456c8d4
nd29e364f28e14026--slur--start--1,nd29e364f28e14026--slur--start--1,slur,stamp,nd29e364f28e14026
nd29e364f28e14026--staccato--1,,staccato,derive,nd29e364f28e14026
nbb3b8d3844316c07--staccato--1,,staccato,derive,nbb3b8d3844316c07
nd83ef4d1514a483d--slur--stop--1,nd83ef4d1514a483d--slur--stop--1,slur,stamp,nd83ef4d1514a483d
nd83ef4d1514a483d--staccato--1,,staccato,derive,nd83ef4d1514a483d
ea2c2d67e688d6412,ea2c2d67e688d6412,dynamics,md,1
ef4c59d7b4bf8d99a,ef4c59d7b4bf8d99a,wedge,md,1
e5d22645c00d6492c,e5d22645c00d6492c,wedge,md,1
n412ad0e48f945573--slur--start--1,n412ad0e48f945573--slur--start--1,slur,stamp,n412ad0e48f945573
n37c48b53991a633c--tie--1,,tie,derive,n37c48b53991a633c
n37c48b53991a633c--tied--start--1,n37c48b53991a633c--tied--start--1,tied,stamp,n37c48b53991a633c
ne345fdafc31fdd60--tie--1,,tie,derive,ne345fdafc31fdd60
ne345fdafc31fdd60--tied--start--1,ne345fdafc31fdd60--tied--start--1,tied,stamp,ne345fdafc31fdd60
n36870b2d4ad67d30--tie--1,,tie,derive,n36870b2d4ad67d30
n36870b2d4ad67d30--tied--start--1,n36870b2d4ad67d30--tied--start--1,tied,stamp,n36870b2d4ad67d30
n0dff6df31167160e--tie--1,,tie,derive,n0dff6df31167160e
n0dff6df31167160e--tied--start--1,n0dff6df31167160e--tied--start--1,tied,stamp,n0dff6df31167160e
ef27da5eec7a98885,ef27da5eec7a98885,wedge,md,1
n4e69c528014c0402--tie--1,,tie,derive,n4e69c528014c0402
n4e69c528014c0402--tied--stop--1,n4e69c528014c0402--tied--stop--1,tied,stamp,n4e69c528014c0402
n65662f1f0b61017c--staccato--1,,staccato,derive,n65662f1f0b61017c
nd8647747c3c42161--staccato--1,,staccato,derive,nd8647747c3c42161
na21585d905e1ca10--slur--stop--1,na21585d905e1ca10--slur--stop--1,slur,stamp,na21585d905e1ca10
na21585d905e1ca10--staccato--1,,staccato,derive,na21585d905e1ca10
n5fdb8da39a0fdbe1--tie--1,,tie,derive,n5fdb8da39a0fdbe1
n5fdb8da39a0fdbe1--tie--2,,tie,derive,n5fdb8da39a0fdbe1
n5fdb8da39a0fdbe1--tied--stop--1,n5fdb8da39a0fdbe1--tied--stop--1,tied,stamp,n5fdb8da39a0fdbe1
n5fdb8da39a0fdbe1--tied--start--2,n5fdb8da39a0fdbe1--tied--start--2,tied,stamp,n5fdb8da39a0fdbe1
na2c7dc765f942735--tie--1,,tie,derive,na2c7dc765f942735
na2c7dc765f942735--tie--2,,tie,derive,na2c7dc765f942735
na2c7dc765f942735--tied--stop--1,na2c7dc765f942735--tied--stop--1,tied,stamp,na2c7dc765f942735
na2c7dc765f942735--tied--start--2,na2c7dc765f942735--tied--start--2,tied,stamp,na2c7dc765f942735
n19e0473e6b0f3c31--tie--1,,tie,derive,n19e0473e6b0f3c31
n19e0473e6b0f3c31--tie--2,,tie,derive,n19e0473e6b0f3c31
n19e0473e6b0f3c31--tied--stop--1,n19e0473e6b0f3c31--tied--stop--1,tied,stamp,n19e0473e6b0f3c31
n19e0473e6b0f3c31--tied--start--2,n19e0473e6b0f3c31--tied--start--2,tied,stamp,n19e0473e6b0f3c31
e0c2f9ecb9c08dc05,e0c2f9ecb9c08dc05,wedge,md,1
n0e66ef33c3b39d37--slur--start--1,n0e66ef33c3b39d37--slur--start--1,slur,stamp,n0e66ef33c3b39d37
n3588b945838d97a7--tie--1,,tie,derive,n3588b945838d97a7
n3588b945838d97a7--tied--start--1,n3588b945838d97a7--tied--start--1,tied,stamp,n3588b945838d97a7
n3588b945838d97a7--slur--stop--1,n3588b945838d97a7--slur--stop--1,slur,stamp,n3588b945838d97a7
nb2da8d92ddf9ae7f--tie--1,,tie,derive,nb2da8d92ddf9ae7f
nb2da8d92ddf9ae7f--tied--stop--1,nb2da8d92ddf9ae7f--tied--stop--1,tied,stamp,nb2da8d92ddf9ae7f
n24b00b06abcbb273--tie--1,,tie,derive,n24b00b06abcbb273
n24b00b06abcbb273--tied--stop--1,n24b00b06abcbb273--tied--stop--1,tied,stamp,n24b00b06abcbb273
naef7f40c4742f99e--tie--1,,tie,derive,naef7f40c4742f99e
naef7f40c4742f99e--tied--stop--1,naef7f40c4742f99e--tied--stop--1,tied,stamp,naef7f40c4742f99e
n7c0d4eb187a0e09b--tie--1,,tie,derive,n7c0d4eb187a0e09b
n7c0d4eb187a0e09b--tied--stop--1,n7c0d4eb187a0e09b--tied--stop--1,tied,stamp,n7c0d4eb187a0e09b
n7c0d4eb187a0e09b--tuplet--start--1,n7c0d4eb187a0e09b--tuplet--start--1,tuplet,stamp,n7c0d4eb187a0e09b
na3ddb943f5ef6d2b--tuplet--stop--1,na3ddb943f5ef6d2b--tuplet--stop--1,tuplet,stamp,na3ddb943f5ef6d2b
n838b327bb7496668--tuplet--start--1,n838b327bb7496668--tuplet--start--1,tuplet,stamp,n838b327bb7496668
nde83fe6c00436656--fermata--upright--1,nde83fe6c00436656--fermata--upright--1,fermata,stamp,nde83fe6c00436656
n3abae81cfb670f17--tuplet--stop--1,n3abae81cfb670f17--tuplet--stop--1,tuplet,stamp,n3abae81cfb670f17
ne933f815960cfacb--fermata--upright--1,ne933f815960cfacb--fermata--upright--1,fermata,stamp,ne933f815960cfacb
e41d683c2515ba8ec,e41d683c2515ba8ec,words,md,1
ecd02be82db1e829e,ecd02be82db1e829e,bracket,md,1
e459c2c4fd80f7937,e459c2c4fd80f7937,bracket,md,1
n50358d0e78983ef2--slur--start--1,n50358d0e78983ef2--slur--start--1,slur,stamp,n50358d0e78983ef2
n50358d0e78983ef2--arpeggiate--1,n50358d0e78983ef2--arpeggiate--1,arpeggiate,stamp,n50358d0e78983ef2
n0832936a28f2ca34--arpeggiate--1,n0832936a28f2ca34--arpeggiate--1,arpeggiate,stamp,n0832936a28f2ca34
n896b858d44333d2a--arpeggiate--1,n896b858d44333d2a--arpeggiate--1,arpeggiate,stamp,n896b858d44333d2a
n5fc74df7d4a18c08--arpeggiate--1,n5fc74df7d4a18c08--arpeggiate--1,arpeggiate,stamp,n5fc74df7d4a18c08
na48607c7471ef6bb--tuplet--start--1,na48607c7471ef6bb--tuplet--start--1,tuplet,stamp,na48607c7471ef6bb
n24f95b799151b9e8--tuplet--stop--1,n24f95b799151b9e8--tuplet--stop--1,tuplet,stamp,n24f95b799151b9e8
n24f95b799151b9e8--slur--stop--1,n24f95b799151b9e8--slur--stop--1,slur,stamp,n24f95b799151b9e8
nfe6c0fd5cafcc8d3--slur--start--1,nfe6c0fd5cafcc8d3--slur--start--1,slur,stamp,nfe6c0fd5cafcc8d3
nc31bcad251af2893--slur--stop--1,nc31bcad251af2893--slur--stop--1,slur,stamp,nc31bcad251af2893
n4be617c1a85d8a20--accent--1,,accent,derive,n4be617c1a85d8a20
n0b7d56ebc5106889--slur--start--1,n0b7d56ebc5106889--slur--start--1,slur,stamp,n0b7d56ebc5106889
nf78998298ee4fd04--tie--1,,tie,derive,nf78998298ee4fd04
nf78998298ee4fd04--tied--start--1,nf78998298ee4fd04--tied--start--1,tied,stamp,nf78998298ee4fd04
naa038572c544173b--tuplet--start--1,naa038572c544173b--tuplet--start--1,tuplet,stamp,naa038572c544173b
n5ef145188f8aa82b--tuplet--stop--1,n5ef145188f8aa82b--tuplet--stop--1,tuplet,stamp,n5ef145188f8aa82b
na6e197ce4870dd1c--slur--stop--1,na6e197ce4870dd1c--slur--stop--1,slur,stamp,na6e197ce4870dd1c
na680dc0984a32dba--tie--1,,tie,derive,na680dc0984a32dba
na680dc0984a32dba--tied--stop--1,na680dc0984a32dba--tied--stop--1,tied,stamp,na680dc0984a32dba
e535c14ec7b37d8ad,e535c14ec7b37d8ad,words,md,1
ef69da59f15cb58be,ef69da59f15cb58be,words,md,1
e557cb84466469196,e557cb84466469196,wedge,md,2
e4c88cfe991f4eaad,e4c88cfe991f4eaad,wedge,md,2
ne6eeccd9987d7e23--slur--start--1,ne6eeccd9987d7e23--slur--start--1,slur,stamp,ne6eeccd9987d7e23
n2ff3df96c2d22527--tuplet--start--1,n2ff3df96c2d22527--tuplet--start--1,tuplet,stamp,n2ff3df96c2d22527
n8a23286b26a89ede--tuplet--stop--1,n8a23286b26a89ede--tuplet--stop--1,tuplet,stamp,n8a23286b26a89ede
ndc8e27524dab2865--slur--stop--1,ndc8e27524dab2865--slur--stop--1,slur,stamp,ndc8e27524dab2865
nd9e970de5c5c80e5--slur--start--1,nd9e970de5c5c80e5--slur--start--1,slur,stamp,nd9e970de5c5c80e5
nd9e970de5c5c80e5--accent--1,,accent,derive,nd9e970de5c5c80e5
n463334b833ddc2de--slur--stop--1,n463334b833ddc2de--slur--stop--1,slur,stamp,n463334b833ddc2de
n48a2af93dcc315e1--slur--start--1,n48a2af93dcc315e1--slur--start--1,slur,stamp,n48a2af93dcc315e1
n2e524f611e836b3d--tie--1,,tie,derive,n2e524f611e836b3d
n2e524f611e836b3d--tied--start--1,n2e524f611e836b3d--tied--start--1,tied,stamp,n2e524f611e836b3d
n6e93362c12ccd68e--tuplet--start--1,n6e93362c12ccd68e--tuplet--start--1,tuplet,stamp,n6e93362c12ccd68e
n261fe1b74b25bdb2--tuplet--stop--1,n261fe1b74b25bdb2--tuplet--stop--1,tuplet,stamp,n261fe1b74b25bdb2
nbbd78c39e64e0df4--slur--stop--1,nbbd78c39e64e0df4--slur--stop--1,slur,stamp,nbbd78c39e64e0df4
n6e40c8424910cda9--tie--1,,tie,derive,n6e40c8424910cda9
n6e40c8424910cda9--tied--stop--1,n6e40c8424910cda9--tied--stop--1,tied,stamp,n6e40c8424910cda9
ea9db84a794ac64ec,ea9db84a794ac64ec,wedge,md,2
ed647564424466eed,ed647564424466eed,wedge,md,2
n0bfdb9d966b33f92--slur--start--1,n0bfdb9d966b33f92--slur--start--1,slur,stamp,n0bfdb9d966b33f92
n0bfdb9d966b33f92--staccato--1,,staccato,derive,n0bfdb9d966b33f92
n0bfdb9d966b33f92--arpeggiate--1,n0bfdb9d966b33f92--arpeggiate--1,arpeggiate,stamp,n0bfdb9d966b33f92
nb1ceb1eb92df208d--arpeggiate--1,nb1ceb1eb92df208d--arpeggiate--1,arpeggiate,stamp,nb1ceb1eb92df208d
nfbddde892d62f03c--arpeggiate--1,nfbddde892d62f03c--arpeggiate--1,arpeggiate,stamp,nfbddde892d62f03c
nb36e7f10fdcfe1f7--staccato--1,,staccato,derive,nb36e7f10fdcfe1f7
nd58351aa10e1c545--slur--stop--1,nd58351aa10e1c545--slur--stop--1,slur,stamp,nd58351aa10e1c545
nd58351aa10e1c545--staccato--1,,staccato,derive,nd58351aa10e1c545
n24757f1922698d7a--fermata--upright--1,n24757f1922698d7a--fermata--upright--1,fermata,stamp,n24757f1922698d7a
n24757f1922698d7a--accent--1,,accent,derive,n24757f1922698d7a
n7936b5f4f3564a29--slur--start--1,n7936b5f4f3564a29--slur--start--1,slur,stamp,n7936b5f4f3564a29
n5e52ff8717b9bf9a--tie--1,,tie,derive,n5e52ff8717b9bf9a
n5e52ff8717b9bf9a--tied--start--1,n5e52ff8717b9bf9a--tied--start--1,tied,stamp,n5e52ff8717b9bf9a
n7e5dda8df3f5d59b--slur--stop--1,n7e5dda8df3f5d59b--slur--stop--1,slur,stamp,n7e5dda8df3f5d59b
nf9c00e21ffa3fe90--fermata--upright--1,nf9c00e21ffa3fe90--fermata--upright--1,fermata,stamp,nf9c00e21ffa3fe90
n8a0bdb180729444c--tie--1,,tie,derive,n8a0bdb180729444c
n8a0bdb180729444c--tied--stop--1,n8a0bdb180729444c--tied--stop--1,tied,stamp,n8a0bdb180729444c
n58b3ddb55bf1fa58--slur--start--1,n58b3ddb55bf1fa58--slur--start--1,slur,stamp,n58b3ddb55bf1fa58
n58b3ddb55bf1fa58--arpeggiate--1,n58b3ddb55bf1fa58--arpeggiate--1,arpeggiate,stamp,n58b3ddb55bf1fa58
nce14d854adb1887a--arpeggiate--1,nce14d854adb1887a--arpeggiate--1,arpeggiate,stamp,nce14d854adb1887a
n0f33fd15e6bf20a9--arpeggiate--1,n0f33fd15e6bf20a9--arpeggiate--1,arpeggiate,stamp,n0f33fd15e6bf20a9
n11a326355da3d1ac--arpeggiate--1,n11a326355da3d1ac--arpeggiate--1,arpeggiate,stamp,n11a326355da3d1ac
n6f7c2cc8c68be9ba--tuplet--start--1,n6f7c2cc8c68be9ba--tuplet--start--1,tuplet,stamp,n6f7c2cc8c68be9ba
n2960c3de8b31b44d--tuplet--stop--1,n2960c3de8b31b44d--tuplet--stop--1,tuplet,stamp,n2960c3de8b31b44d
n2be3d4e1a49a42e8--slur--stop--1,n2be3d4e1a49a42e8--slur--stop--1,slur,stamp,n2be3d4e1a49a42e8
n99cdc4aa7b3c78a2--slur--start--1,n99cdc4aa7b3c78a2--slur--start--1,slur,stamp,n99cdc4aa7b3c78a2
n99cdc4aa7b3c78a2--accent--1,,accent,derive,n99cdc4aa7b3c78a2
n13ea1151572f8e91--slur--stop--1,n13ea1151572f8e91--slur--stop--1,slur,stamp,n13ea1151572f8e91
n654e15b5782bbd2a--slur--start--1,n654e15b5782bbd2a--slur--start--1,slur,stamp,n654e15b5782bbd2a
nc922a6bb2389297c--tie--1,,tie,derive,nc922a6bb2389297c
nc922a6bb2389297c--tied--start--1,nc922a6bb2389297c--tied--start--1,tied,stamp,nc922a6bb2389297c
n30b8f97b1ddf8afc--tuplet--start--1,n30b8f97b1ddf8afc--tuplet--start--1,tuplet,stamp,n30b8f97b1ddf8afc
nef6df9bad1dee578--tuplet--stop--1,nef6df9bad1dee578--tuplet--stop--1,tuplet,stamp,nef6df9bad1dee578
n8d82393d1b991557--slur--stop--1,n8d82393d1b991557--slur--stop--1,slur,stamp,n8d82393d1b991557
n0bda5897de016a33--tie--1,,tie,derive,n0bda5897de016a33
n0bda5897de016a33--tied--stop--1,n0bda5897de016a33--tied--stop--1,tied,stamp,n0bda5897de016a33
n5fd74d5f881c7586--slur--start--1,n5fd74d5f881c7586--slur--start--1,slur,stamp,n5fd74d5f881c7586
n5fd74d5f881c7586--arpeggiate--1,n5fd74d5f881c7586--arpeggiate--1,arpeggiate,stamp,n5fd74d5f881c7586
nd69ee5b120b5bfae--arpeggiate--1,nd69ee5b120b5bfae--arpeggiate--1,arpeggiate,stamp,nd69ee5b120b5bfae
n363582199869c361--arpeggiate--1,n363582199869c361--arpeggiate--1,arpeggiate,stamp,n363582199869c361
neb39d91438555db9--tuplet--start--1,neb39d91438555db9--tuplet--start--1,tuplet,stamp,neb39d91438555db9
na4f0451430b18eef--tuplet--stop--1,na4f0451430b18eef--tuplet--stop--1,tuplet,stamp,na4f0451430b18eef
n9c1efe647efcf085--slur--stop--1,n9c1efe647efcf085--slur--stop--1,slur,stamp,n9c1efe647efcf085
ncc51db27a084e934--slur--start--1,ncc51db27a084e934--slur--start--1,slur,stamp,ncc51db27a084e934
ncc51db27a084e934--accent--1,,accent,derive,ncc51db27a084e934
nc868918a49b174c8--slur--stop--1,nc868918a49b174c8--slur--stop--1,slur,stamp,nc868918a49b174c8
n80fce1cfe3d31d30--slur--start--1,n80fce1cfe3d31d30--slur--start--1,slur,stamp,n80fce1cfe3d31d30
n97f7f5663b563f37--tie--1,,tie,derive,n97f7f5663b563f37
n97f7f5663b563f37--tied--start--1,n97f7f5663b563f37--tied--start--1,tied,stamp,n97f7f5663b563f37
n3462cacafa212eab--tuplet--start--1,n3462cacafa212eab--tuplet--start--1,tuplet,stamp,n3462cacafa212eab
n3b6413bade26ca0e--tuplet--stop--1,n3b6413bade26ca0e--tuplet--stop--1,tuplet,stamp,n3b6413bade26ca0e
ne786cba3c20d287a--slur--stop--1,ne786cba3c20d287a--slur--stop--1,slur,stamp,ne786cba3c20d287a
ndf7e86fb6c56b1f2--tie--1,,tie,derive,ndf7e86fb6c56b1f2
ndf7e86fb6c56b1f2--tied--stop--1,ndf7e86fb6c56b1f2--tied--stop--1,tied,stamp,ndf7e86fb6c56b1f2
n4411a81c66f00e0f--tie--1,,tie,derive,n4411a81c66f00e0f
n4411a81c66f00e0f--tied--start--1,n4411a81c66f00e0f--tied--start--1,tied,stamp,n4411a81c66f00e0f
n10c561924eb784a9--tie--1,,tie,derive,n10c561924eb784a9
n10c561924eb784a9--tied--start--1,n10c561924eb784a9--tied--start--1,tied,stamp,n10c561924eb784a9
n943ef223f426991d--tie--1,,tie,derive,n943ef223f426991d
n943ef223f426991d--tied--stop--1,n943ef223f426991d--tied--stop--1,tied,stamp,n943ef223f426991d
n943ef223f426991d--tuplet--start--1,n943ef223f426991d--tuplet--start--1,tuplet,stamp,n943ef223f426991d
n943ef223f426991d--slur--start--1,n943ef223f426991d--slur--start--1,slur,stamp,n943ef223f426991d
nc2d11a241c9e168c--tie--1,,tie,derive,nc2d11a241c9e168c
nc2d11a241c9e168c--tied--stop--1,nc2d11a241c9e168c--tied--stop--1,tied,stamp,nc2d11a241c9e168c
nfb5339e4912576ca--tuplet--stop--1,nfb5339e4912576ca--tuplet--stop--1,tuplet,stamp,nfb5339e4912576ca
n57084d0fc7c932aa--tie--1,,tie,derive,n57084d0fc7c932aa
n57084d0fc7c932aa--tied--start--1,n57084d0fc7c932aa--tied--start--1,tied,stamp,n57084d0fc7c932aa
n16c94c21e25485a9--tie--1,,tie,derive,n16c94c21e25485a9
n16c94c21e25485a9--tied--stop--1,n16c94c21e25485a9--tied--stop--1,tied,stamp,n16c94c21e25485a9
n2bf2c4b1d5129d89--tie--1,,tie,derive,n2bf2c4b1d5129d89
n2bf2c4b1d5129d89--tied--start--1,n2bf2c4b1d5129d89--tied--start--1,tied,stamp,n2bf2c4b1d5129d89
nfabbc4a47fb46a30--tie--1,,tie,derive,nfabbc4a47fb46a30
nfabbc4a47fb46a30--tied--start--1,nfabbc4a47fb46a30--tied--start--1,tied,stamp,nfabbc4a47fb46a30
ncf58e82466a4d012--tie--1,,tie,derive,ncf58e82466a4d012
ncf58e82466a4d012--tie--2,,tie,derive,ncf58e82466a4d012
ncf58e82466a4d012--tied--stop--1,ncf58e82466a4d012--tied--stop--1,tied,stamp,ncf58e82466a4d012
ncf58e82466a4d012--tied--start--2,ncf58e82466a4d012--tied--start--2,tied,stamp,ncf58e82466a4d012
n41709d0274ab43ac--tie--1,,tie,derive,n41709d0274ab43ac
n41709d0274ab43ac--tied--start--1,n41709d0274ab43ac--tied--start--1,tied,stamp,n41709d0274ab43ac
nbb05dbde6da05973--tie--1,,tie,derive,nbb05dbde6da05973
nbb05dbde6da05973--tied--stop--1,nbb05dbde6da05973--tied--stop--1,tied,stamp,nbb05dbde6da05973
n15c3a3bd85068e28--tie--1,,tie,derive,n15c3a3bd85068e28
n15c3a3bd85068e28--tied--stop--1,n15c3a3bd85068e28--tied--stop--1,tied,stamp,n15c3a3bd85068e28
n741b4c628679a96e--tie--1,,tie,derive,n741b4c628679a96e
n741b4c628679a96e--tied--stop--1,n741b4c628679a96e--tied--stop--1,tied,stamp,n741b4c628679a96e
n704fcc37e26f7889--tie--1,,tie,derive,n704fcc37e26f7889
n704fcc37e26f7889--tied--stop--1,n704fcc37e26f7889--tied--stop--1,tied,stamp,n704fcc37e26f7889
n91e24c509cb9ebb2--tie--1,,tie,derive,n91e24c509cb9ebb2
n91e24c509cb9ebb2--tied--stop--1,n91e24c509cb9ebb2--tied--stop--1,tied,stamp,n91e24c509cb9ebb2
nc41698057a011cdb--tie--1,,tie,derive,nc41698057a011cdb
nc41698057a011cdb--tied--start--1,nc41698057a011cdb--tied--start--1,tied,stamp,nc41698057a011cdb
nc424821c4edd3d91--tie--1,,tie,derive,nc424821c4edd3d91
nc424821c4edd3d91--tied--start--1,nc424821c4edd3d91--tied--start--1,tied,stamp,nc424821c4edd3d91
e7ae2de124cfbaa28,e7ae2de124cfbaa28,words,md,1
ef981f082914974ba,ef981f082914974ba,wedge,md,2
efa947a13599c2da9,efa947a13599c2da9,wedge,md,2
n671f8a31e6ddfd08--tuplet--start--1,n671f8a31e6ddfd08--tuplet--start--1,tuplet,stamp,n671f8a31e6ddfd08
n1066c3ec98c8a489--tuplet--stop--1,n1066c3ec98c8a489--tuplet--stop--1,tuplet,stamp,n1066c3ec98c8a489
n0aa1a1e4521c4d52--tuplet--start--1,n0aa1a1e4521c4d52--tuplet--start--1,tuplet,stamp,n0aa1a1e4521c4d52
n122d948f0d6c6881--tuplet--stop--1,n122d948f0d6c6881--tuplet--stop--1,tuplet,stamp,n122d948f0d6c6881
n6f977620d5a53d8b--tuplet--start--1,n6f977620d5a53d8b--tuplet--start--1,tuplet,stamp,n6f977620d5a53d8b
ne82705ef1472ddf2--tuplet--stop--1,ne82705ef1472ddf2--tuplet--stop--1,tuplet,stamp,ne82705ef1472ddf2
n0eb018babbf0c304--tuplet--start--1,n0eb018babbf0c304--tuplet--start--1,tuplet,stamp,n0eb018babbf0c304
nd289670d1d566a43--tuplet--stop--1,nd289670d1d566a43--tuplet--stop--1,tuplet,stamp,nd289670d1d566a43
nd5aef219bd28a9c1--tuplet--start--1,nd5aef219bd28a9c1--tuplet--start--1,tuplet,stamp,nd5aef219bd28a9c1
nff70505361488af1--tuplet--stop--1,nff70505361488af1--tuplet--stop--1,tuplet,stamp,nff70505361488af1
n5cd0a4ac8140bd79--tuplet--start--1,n5cd0a4ac8140bd79--tuplet--start--1,tuplet,stamp,n5cd0a4ac8140bd79
n39ee23f856a9dbb0--tuplet--stop--1,n39ee23f856a9dbb0--tuplet--stop--1,tuplet,stamp,n39ee23f856a9dbb0
n39ee23f856a9dbb0--slur--stop--1,n39ee23f856a9dbb0--slur--stop--1,slur,stamp,n39ee23f856a9dbb0
na95b425fddc51248--fermata--upright--1,na95b425fddc51248--fermata--upright--1,fermata,stamp,na95b425fddc51248
n81d75e978ec33366--fermata--upright--1,n81d75e978ec33366--fermata--upright--1,fermata,stamp,n81d75e978ec33366
e9e7db447bad43f57,e9e7db447bad43f57,wedge,md,2
e9078c113af3e2091,e9078c113af3e2091,wedge,md,2
nebde9a0925405960--tie--1,,tie,derive,nebde9a0925405960
nebde9a0925405960--tied--start--1,nebde9a0925405960--tied--start--1,tied,stamp,nebde9a0925405960
nfe29cc38596cbfac--tie--1,,tie,derive,nfe29cc38596cbfac
nfe29cc38596cbfac--tied--start--1,nfe29cc38596cbfac--tied--start--1,tied,stamp,nfe29cc38596cbfac
n2ba60a8146f68cd9--tie--1,,tie,derive,n2ba60a8146f68cd9
n2ba60a8146f68cd9--tied--start--1,n2ba60a8146f68cd9--tied--start--1,tied,stamp,n2ba60a8146f68cd9
nec0abba32597c9ae--tie--1,,tie,derive,nec0abba32597c9ae
nec0abba32597c9ae--tied--stop--1,nec0abba32597c9ae--tied--stop--1,tied,stamp,nec0abba32597c9ae
nefb9580d64da29f0--tie--1,,tie,derive,nefb9580d64da29f0
nefb9580d64da29f0--tied--stop--1,nefb9580d64da29f0--tied--stop--1,tied,stamp,nefb9580d64da29f0
n336792267c778b79--tie--1,,tie,derive,n336792267c778b79
n336792267c778b79--tied--stop--1,n336792267c778b79--tied--stop--1,tied,stamp,n336792267c778b79
e930173eeda6ffd10,e930173eeda6ffd10,words,md,1
e69de568ea9d8fbc0,e69de568ea9d8fbc0,words,md,1
e659efd5a3fece316,e659efd5a3fece316,words,md,1
e1901418384c93275,e1901418384c93275,words,md,1
e416f6add3358449d,e416f6add3358449d,words,md,1
e0f3a4dafb2044758,e0f3a4dafb2044758,words,md,1
nb30a4bae2dea68be--tie--1,,tie,derive,nb30a4bae2dea68be
nb30a4bae2dea68be--tied--start--1,nb30a4bae2dea68be--tied--start--1,tied,stamp,nb30a4bae2dea68be
n967040eea4f1e86f--tie--1,,tie,derive,n967040eea4f1e86f
n967040eea4f1e86f--tied--start--1,n967040eea4f1e86f--tied--start--1,tied,stamp,n967040eea4f1e86f
n5e5d4852e54878c3--tie--1,,tie,derive,n5e5d4852e54878c3
n5e5d4852e54878c3--tied--stop--1,n5e5d4852e54878c3--tied--stop--1,tied,stamp,n5e5d4852e54878c3
n172ad22f6da1e296--tie--1,,tie,derive,n172ad22f6da1e296
n172ad22f6da1e296--tied--stop--1,n172ad22f6da1e296--tied--stop--1,tied,stamp,n172ad22f6da1e296
n4ec64625a961dafc--tie--1,,tie,derive,n4ec64625a961dafc
n4ec64625a961dafc--tied--start--1,n4ec64625a961dafc--tied--start--1,tied,stamp,n4ec64625a961dafc
nbd44540f73f13182--tie--1,,tie,derive,nbd44540f73f13182
nbd44540f73f13182--tied--start--1,nbd44540f73f13182--tied--start--1,tied,stamp,nbd44540f73f13182
n877e6e54c811b5ad--tie--1,,tie,derive,n877e6e54c811b5ad
n877e6e54c811b5ad--tied--stop--1,n877e6e54c811b5ad--tied--stop--1,tied,stamp,n877e6e54c811b5ad
n08b1da93739f0900--tie--1,,tie,derive,n08b1da93739f0900
n08b1da93739f0900--tied--stop--1,n08b1da93739f0900--tied--stop--1,tied,stamp,n08b1da93739f0900
n6aa044b22b42bdaf--tie--1,,tie,derive,n6aa044b22b42bdaf
n6aa044b22b42bdaf--tied--start--1,n6aa044b22b42bdaf--tied--start--1,tied,stamp,n6aa044b22b42bdaf
ncb35e82f6404a89b--tie--1,,tie,derive,ncb35e82f6404a89b
ncb35e82f6404a89b--tied--start--1,ncb35e82f6404a89b--tied--start--1,tied,stamp,ncb35e82f6404a89b
n1d65a1bee05aac74--tie--1,,tie,derive,n1d65a1bee05aac74
n1d65a1bee05aac74--tied--stop--1,n1d65a1bee05aac74--tied--stop--1,tied,stamp,n1d65a1bee05aac74
nbcf89503feb8703e--tie--1,,tie,derive,nbcf89503feb8703e
nbcf89503feb8703e--tied--stop--1,nbcf89503feb8703e--tied--stop--1,tied,stamp,nbcf89503feb8703e
neafc4aaa51a06363--tie--1,,tie,derive,neafc4aaa51a06363
neafc4aaa51a06363--tied--start--1,neafc4aaa51a06363--tied--start--1,tied,stamp,neafc4aaa51a06363
n6a59a6243699aee2--tie--1,,tie,derive,n6a59a6243699aee2
n6a59a6243699aee2--tied--start--1,n6a59a6243699aee2--tied--start--1,tied,stamp,n6a59a6243699aee2
nc3f2df50b88419c0--tie--1,,tie,derive,nc3f2df50b88419c0
nc3f2df50b88419c0--tied--stop--1,nc3f2df50b88419c0--tied--stop--1,tied,stamp,nc3f2df50b88419c0
n53cb3fcafdbe90cf--tie--1,,tie,derive,n53cb3fcafdbe90cf
n53cb3fcafdbe90cf--tied--stop--1,n53cb3fcafdbe90cf--tied--stop--1,tied,stamp,n53cb3fcafdbe90cf
n615ab95c44a022f2--tie--1,,tie,derive,n615ab95c44a022f2
n615ab95c44a022f2--tied--start--1,n615ab95c44a022f2--tied--start--1,tied,stamp,n615ab95c44a022f2
na551c1580c5b8cdb--tie--1,,tie,derive,na551c1580c5b8cdb
na551c1580c5b8cdb--tied--start--1,na551c1580c5b8cdb--tied--start--1,tied,stamp,na551c1580c5b8cdb
nee89dd18b684746b--tie--1,,tie,derive,nee89dd18b684746b
nee89dd18b684746b--tied--start--1,nee89dd18b684746b--tied--start--1,tied,stamp,nee89dd18b684746b
nc08fadb372901bd6--tie--1,,tie,derive,nc08fadb372901bd6
nc08fadb372901bd6--tied--start--1,nc08fadb372901bd6--tied--start--1,tied,stamp,nc08fadb372901bd6
n0cac25855ee8f219--tie--1,,tie,derive,n0cac25855ee8f219
n0cac25855ee8f219--tie--2,,tie,derive,n0cac25855ee8f219
n0cac25855ee8f219--tied--stop--1,n0cac25855ee8f219--tied--stop--1,tied,stamp,n0cac25855ee8f219
n0cac25855ee8f219--tied--start--2,n0cac25855ee8f219--tied--start--2,tied,stamp,n0cac25855ee8f219
nbb3c0be3572ade23--tie--1,,tie,derive,nbb3c0be3572ade23
nbb3c0be3572ade23--tie--2,,tie,derive,nbb3c0be3572ade23
nbb3c0be3572ade23--tied--stop--1,nbb3c0be3572ade23--tied--stop--1,tied,stamp,nbb3c0be3572ade23
nbb3c0be3572ade23--tied--start--2,nbb3c0be3572ade23--tied--start--2,tied,stamp,nbb3c0be3572ade23
nffeb15a134272b53--tie--1,,tie,derive,nffeb15a134272b53
nffeb15a134272b53--tie--2,,tie,derive,nffeb15a134272b53
nffeb15a134272b53--tied--stop--1,nffeb15a134272b53--tied--stop--1,tied,stamp,nffeb15a134272b53
nffeb15a134272b53--tied--start--2,nffeb15a134272b53--tied--start--2,tied,stamp,nffeb15a134272b53
n099b8b82c4f0adbc--tie--1,,tie,derive,n099b8b82c4f0adbc
n099b8b82c4f0adbc--tied--stop--1,n099b8b82c4f0adbc--tied--stop--1,tied,stamp,n099b8b82c4f0adbc
n9b68ab2115218901--tie--1,,tie,derive,n9b68ab2115218901
n9b68ab2115218901--tied--stop--1,n9b68ab2115218901--tied--stop--1,tied,stamp,n9b68ab2115218901
n4cd50b4e2b5eb43b--tie--1,,tie,derive,n4cd50b4e2b5eb43b
n4cd50b4e2b5eb43b--tied--stop--1,n4cd50b4e2b5eb43b--tied--stop--1,tied,stamp,n4cd50b4e2b5eb43b
nd95fb4aa6a1c4b7b--tie--1,,tie,derive,nd95fb4aa6a1c4b7b
nd95fb4aa6a1c4b7b--tied--stop--1,nd95fb4aa6a1c4b7b--tied--stop--1,tied,stamp,nd95fb4aa6a1c4b7b
na1320565babbff02--tie--1,,tie,derive,na1320565babbff02
na1320565babbff02--tied--start--1,na1320565babbff02--tied--start--1,tied,stamp,na1320565babbff02
n765151d47d1ffba9--tie--1,,tie,derive,n765151d47d1ffba9
n765151d47d1ffba9--tied--stop--1,n765151d47d1ffba9--tied--stop--1,tied,stamp,n765151d47d1ffba9
nbb876cba757f232c--tie--1,,tie,derive,nbb876cba757f232c
nbb876cba757f232c--tied--start--1,nbb876cba757f232c--tied--start--1,tied,stamp,nbb876cba757f232c
na6c02ceb54317b75--tie--1,,tie,derive,na6c02ceb54317b75
na6c02ceb54317b75--tied--stop--1,na6c02ceb54317b75--tied--stop--1,tied,stamp,na6c02ceb54317b75
n45f79a9e7cc3d940--tie--1,,tie,derive,n45f79a9e7cc3d940
n45f79a9e7cc3d940--tied--start--1,n45f79a9e7cc3d940--tied--start--1,tied,stamp,n45f79a9e7cc3d940
nf6fc153147d04d5b--tie--1,,tie,derive,nf6fc153147d04d5b
nf6fc153147d04d5b--tied--start--1,nf6fc153147d04d5b--tied--start--1,tied,stamp,nf6fc153147d04d5b
n7a2785b125284097--tie--1,,tie,derive,n7a2785b125284097
n7a2785b125284097--tied--stop--1,n7a2785b125284097--tied--stop--1,tied,stamp,n7a2785b125284097
n69a5d75ac9204c30--tie--1,,tie,derive,n69a5d75ac9204c30
n69a5d75ac9204c30--tied--stop--1,n69a5d75ac9204c30--tied--stop--1,tied,stamp,n69a5d75ac9204c30
n26122bf71f4ceaf1--tie--1,,tie,derive,n26122bf71f4ceaf1
n26122bf71f4ceaf1--tied--start--1,n26122bf71f4ceaf1--tied--start--1,tied,stamp,n26122bf71f4ceaf1
n1b1389e801d1c62f--tie--1,,tie,derive,n1b1389e801d1c62f
n1b1389e801d1c62f--tied--start--1,n1b1389e801d1c62f--tied--start--1,tied,stamp,n1b1389e801d1c62f
nebe9ff01b95d6802--tie--1,,tie,derive,nebe9ff01b95d6802
nebe9ff01b95d6802--tied--stop--1,nebe9ff01b95d6802--tied--stop--1,tied,stamp,nebe9ff01b95d6802
nadf67239ec6921cd--tie--1,,tie,derive,nadf67239ec6921cd
nadf67239ec6921cd--tied--stop--1,nadf67239ec6921cd--tied--stop--1,tied,stamp,nadf67239ec6921cd
nd6415ef1ae54817a--tie--1,,tie,derive,nd6415ef1ae54817a
nd6415ef1ae54817a--tied--start--1,nd6415ef1ae54817a--tied--start--1,tied,stamp,nd6415ef1ae54817a
n3df0f25870424ea5--tie--1,,tie,derive,n3df0f25870424ea5
n3df0f25870424ea5--tied--start--1,n3df0f25870424ea5--tied--start--1,tied,stamp,n3df0f25870424ea5
nf34838fb27250546--tie--1,,tie,derive,nf34838fb27250546
nf34838fb27250546--tied--stop--1,nf34838fb27250546--tied--stop--1,tied,stamp,nf34838fb27250546
nb5dc7bbd4dfb282d--tie--1,,tie,derive,nb5dc7bbd4dfb282d
nb5dc7bbd4dfb282d--tied--stop--1,nb5dc7bbd4dfb282d--tied--stop--1,tied,stamp,nb5dc7bbd4dfb282d
n0e1076aa0ff056a2--tie--1,,tie,derive,n0e1076aa0ff056a2
n0e1076aa0ff056a2--tied--start--1,n0e1076aa0ff056a2--tied--start--1,tied,stamp,n0e1076aa0ff056a2
ef296b79995d691e2,ef296b79995d691e2,wedge,md,1
eca409a6e279a41e9,eca409a6e279a41e9,wedge,md,1
n76ee8a07ee84bbc9--tie--1,,tie,derive,n76ee8a07ee84bbc9
n76ee8a07ee84bbc9--tied--stop--1,n76ee8a07ee84bbc9--tied--stop--1,tied,stamp,n76ee8a07ee84bbc9
n905cd34cf8c3b337--tie--1,,tie,derive,n905cd34cf8c3b337
n905cd34cf8c3b337--tied--start--1,n905cd34cf8c3b337--tied--start--1,tied,stamp,n905cd34cf8c3b337
n9dccc3e0183e0abb--tie--1,,tie,derive,n9dccc3e0183e0abb
n9dccc3e0183e0abb--tied--stop--1,n9dccc3e0183e0abb--tied--stop--1,tied,stamp,n9dccc3e0183e0abb
n6d64204e5fbcca52--slur--start--1,n6d64204e5fbcca52--slur--start--1,slur,stamp,n6d64204e5fbcca52
n8db326bc6b7ad068--fermata--upright--1,n8db326bc6b7ad068--fermata--upright--1,fermata,stamp,n8db326bc6b7ad068
nc7bfcc786a803806--slur--stop--1,nc7bfcc786a803806--slur--stop--1,slur,stamp,nc7bfcc786a803806
n1c0d468d86292af7--slur--start--1,n1c0d468d86292af7--slur--start--1,slur,stamp,n1c0d468d86292af7
n8084e71e9b6aa508--fermata--upright--1,n8084e71e9b6aa508--fermata--upright--1,fermata,stamp,n8084e71e9b6aa508
ndc67732e8c8c5d6c--slur--stop--1,ndc67732e8c8c5d6c--slur--stop--1,slur,stamp,ndc67732e8c8c5d6c
efb20c6353ac59615,efb20c6353ac59615,words,md,1
e9957fad7eb48aafe,e9957fad7eb48aafe,wedge,md,1
ef2b919a870b387b8,ef2b919a870b387b8,wedge,md,1
e900a6a4fe31e410e,e900a6a4fe31e410e,wedge,md,1
ecf655b8322033f0a,ecf655b8322033f0a,wedge,md,1
n21beca3652553b71--slur--start--1,n21beca3652553b71--slur--start--1,slur,stamp,n21beca3652553b71
nd7eb8e90a50d0391--slur--stop--1,nd7eb8e90a50d0391--slur--stop--1,slur,stamp,nd7eb8e90a50d0391
na332e04c43b01446--tie--1,,tie,derive,na332e04c43b01446
na332e04c43b01446--tied--start--1,na332e04c43b01446--tied--start--1,tied,stamp,na332e04c43b01446
n4d81e7a9672a53c6--tie--1,,tie,derive,n4d81e7a9672a53c6
n4d81e7a9672a53c6--tied--stop--1,n4d81e7a9672a53c6--tied--stop--1,tied,stamp,n4d81e7a9672a53c6
n1cbd395b06912053--arpeggiate--1,n1cbd395b06912053--arpeggiate--1,arpeggiate,stamp,n1cbd395b06912053
nd8a23e359c31a441--arpeggiate--1,nd8a23e359c31a441--arpeggiate--1,arpeggiate,stamp,nd8a23e359c31a441
ecc4ff97f0e6b5edc,,other-direction,md,1
e3ee6c5d921b527f4,e3ee6c5d921b527f4,words,md,1
e5248d17c9ea2281d,e5248d17c9ea2281d,words,md,1
na0c392747794748e--slur--start--1,na0c392747794748e--slur--start--1,slur,stamp,na0c392747794748e
nfe94d8e9adb8a91b--slur--stop--1,nfe94d8e9adb8a91b--slur--stop--1,slur,stamp,nfe94d8e9adb8a91b
nbee34fae6943ad2a--tie--1,,tie,derive,nbee34fae6943ad2a
nbee34fae6943ad2a--tied--start--1,nbee34fae6943ad2a--tied--start--1,tied,stamp,nbee34fae6943ad2a
n36949587b6b7b1b6--tie--1,,tie,derive,n36949587b6b7b1b6
n36949587b6b7b1b6--tied--stop--1,n36949587b6b7b1b6--tied--stop--1,tied,stamp,n36949587b6b7b1b6
n3b8503f333f86b1e--slur--start--1,n3b8503f333f86b1e--slur--start--1,slur,stamp,n3b8503f333f86b1e
n10aa39f7859b50fe--slur--stop--1,n10aa39f7859b50fe--slur--stop--1,slur,stamp,n10aa39f7859b50fe
n8440b5bd96789677--arpeggiate--1,n8440b5bd96789677--arpeggiate--1,arpeggiate,stamp,n8440b5bd96789677
nd473eaa79eb7f564--arpeggiate--1,nd473eaa79eb7f564--arpeggiate--1,arpeggiate,stamp,nd473eaa79eb7f564
n536eed3d111d62bd--slur--start--1,n536eed3d111d62bd--slur--start--1,slur,stamp,n536eed3d111d62bd
n28e246a02557c85b--slur--stop--1,n28e246a02557c85b--slur--stop--1,slur,stamp,n28e246a02557c85b
n0538567a3f04f865--tie--1,,tie,derive,n0538567a3f04f865
n0538567a3f04f865--tied--start--1,n0538567a3f04f865--tied--start--1,tied,stamp,n0538567a3f04f865
n54038f4c6ada7ed9--tie--1,,tie,derive,n54038f4c6ada7ed9
n54038f4c6ada7ed9--tied--stop--1,n54038f4c6ada7ed9--tied--stop--1,tied,stamp,n54038f4c6ada7ed9
nae46c5594356581a--arpeggiate--1,nae46c5594356581a--arpeggiate--1,arpeggiate,stamp,nae46c5594356581a
n30471344003ceafd--arpeggiate--1,n30471344003ceafd--arpeggiate--1,arpeggiate,stamp,n30471344003ceafd
n59c6f0fb6ba81cb8--arpeggiate--1,n59c6f0fb6ba81cb8--arpeggiate--1,arpeggiate,stamp,n59c6f0fb6ba81cb8
ne91f91003ec2069f--slur--start--1,ne91f91003ec2069f--slur--start--1,slur,stamp,ne91f91003ec2069f
ne91f91003ec2069f--staccato--1,,staccato,derive,ne91f91003ec2069f
n2c7f9e807b7fcd2f--slur--stop--1,n2c7f9e807b7fcd2f--slur--stop--1,slur,stamp,n2c7f9e807b7fcd2f
n2c7f9e807b7fcd2f--staccato--1,,staccato,derive,n2c7f9e807b7fcd2f
n39185a78311753e8--slur--start--1,n39185a78311753e8--slur--start--1,slur,stamp,n39185a78311753e8
n2513a894e706bb96--slur--stop--1,n2513a894e706bb96--slur--stop--1,slur,stamp,n2513a894e706bb96
n022493837e480098--tie--1,,tie,derive,n022493837e480098
n022493837e480098--tied--start--1,n022493837e480098--tied--start--1,tied,stamp,n022493837e480098
n3d371edbe5aa1bc0--tie--1,,tie,derive,n3d371edbe5aa1bc0
n3d371edbe5aa1bc0--tied--stop--1,n3d371edbe5aa1bc0--tied--stop--1,tied,stamp,n3d371edbe5aa1bc0
n6055fdd6276f5247--arpeggiate--1,n6055fdd6276f5247--arpeggiate--1,arpeggiate,stamp,n6055fdd6276f5247
nddbada02cdf5f0b9--arpeggiate--1,nddbada02cdf5f0b9--arpeggiate--1,arpeggiate,stamp,nddbada02cdf5f0b9
na4fab39b9dd338e5--slur--start--1,na4fab39b9dd338e5--slur--start--1,slur,stamp,na4fab39b9dd338e5
ne945c1e9a611ed1f--slur--stop--1,ne945c1e9a611ed1f--slur--stop--1,slur,stamp,ne945c1e9a611ed1f
n5abdf1cb15200001--slur--start--1,n5abdf1cb15200001--slur--start--1,slur,stamp,n5abdf1cb15200001
n2c7847118aa00bb5--slur--stop--1,n2c7847118aa00bb5--slur--stop--1,slur,stamp,n2c7847118aa00bb5
na9bcf11f44301fee--arpeggiate--1,na9bcf11f44301fee--arpeggiate--1,arpeggiate,stamp,na9bcf11f44301fee
n338b70e04d840fd4--arpeggiate--1,n338b70e04d840fd4--arpeggiate--1,arpeggiate,stamp,n338b70e04d840fd4
e7015ddb8a5c8a58c,e7015ddb8a5c8a58c,wedge,md,2
nfa9b1ab007e0de69--slur--start--1,nfa9b1ab007e0de69--slur--start--1,slur,stamp,nfa9b1ab007e0de69
n2ac0efe3da795381--slur--stop--1,n2ac0efe3da795381--slur--stop--1,slur,stamp,n2ac0efe3da795381
n5df83cbca1e81fbc--slur--start--1,n5df83cbca1e81fbc--slur--start--1,slur,stamp,n5df83cbca1e81fbc
n0b8324be0f0f699f--slur--stop--1,n0b8324be0f0f699f--slur--stop--1,slur,stamp,n0b8324be0f0f699f
n4d4d85bd7fe5160c--arpeggiate--1,n4d4d85bd7fe5160c--arpeggiate--1,arpeggiate,stamp,n4d4d85bd7fe5160c
n1acfd4f89bc63f14--arpeggiate--1,n1acfd4f89bc63f14--arpeggiate--1,arpeggiate,stamp,n1acfd4f89bc63f14
ef31ab0eb1849af2e,ef31ab0eb1849af2e,wedge,md,2
n8c2f070dfa381cbe--slur--start--1,n8c2f070dfa381cbe--slur--start--1,slur,stamp,n8c2f070dfa381cbe
n3dcb8a539f783805--slur--stop--1,n3dcb8a539f783805--slur--stop--1,slur,stamp,n3dcb8a539f783805
n486ce0c9f798b035--tie--1,,tie,derive,n486ce0c9f798b035
n486ce0c9f798b035--tied--start--1,n486ce0c9f798b035--tied--start--1,tied,stamp,n486ce0c9f798b035
n486ce0c9f798b035--slur--start--1,n486ce0c9f798b035--slur--start--1,slur,stamp,n486ce0c9f798b035
ne82ada1e5c5141ce--tie--1,,tie,derive,ne82ada1e5c5141ce
ne82ada1e5c5141ce--tied--stop--1,ne82ada1e5c5141ce--tied--stop--1,tied,stamp,ne82ada1e5c5141ce
nd3ad679c018eb5c9--staccato--1,,staccato,derive,nd3ad679c018eb5c9
n986a0400b04b27ac--slur--stop--1,n986a0400b04b27ac--slur--stop--1,slur,stamp,n986a0400b04b27ac
n986a0400b04b27ac--staccato--1,,staccato,derive,n986a0400b04b27ac
n42713954d7457880--arpeggiate--1,n42713954d7457880--arpeggiate--1,arpeggiate,stamp,n42713954d7457880
nf2f9cca5e86dc04e--slur--start--1,nf2f9cca5e86dc04e--slur--start--1,slur,stamp,nf2f9cca5e86dc04e
n347e0d4b4b1f25b8--slur--stop--1,n347e0d4b4b1f25b8--slur--stop--1,slur,stamp,n347e0d4b4b1f25b8
n075dcb7025254bf7--slur--start--1,n075dcb7025254bf7--slur--start--1,slur,stamp,n075dcb7025254bf7
n5ce4dd066fba9b09--slur--stop--1,n5ce4dd066fba9b09--slur--stop--1,slur,stamp,n5ce4dd066fba9b09
n9a5d55d5ec175390--strong-accent--1,,strong-accent,derive,n9a5d55d5ec175390
nf7290a07ee7b55b1--arpeggiate--1,nf7290a07ee7b55b1--arpeggiate--1,arpeggiate,stamp,nf7290a07ee7b55b1
nc268cecf6c594135--arpeggiate--1,nc268cecf6c594135--arpeggiate--1,arpeggiate,stamp,nc268cecf6c594135
ne3071bfaefd21f91--arpeggiate--1,ne3071bfaefd21f91--arpeggiate--1,arpeggiate,stamp,ne3071bfaefd21f91
n16f29bde872dd68c--staccato--1,,staccato,derive,n16f29bde872dd68c
n16f29bde872dd68c--arpeggiate--1,n16f29bde872dd68c--arpeggiate--1,arpeggiate,stamp,n16f29bde872dd68c
nb0b21249640eb261--arpeggiate--1,nb0b21249640eb261--arpeggiate--1,arpeggiate,stamp,nb0b21249640eb261
nd7afeeb6fcf48a59--arpeggiate--1,nd7afeeb6fcf48a59--arpeggiate--1,arpeggiate,stamp,nd7afeeb6fcf48a59
ecf116f8075530ff3,ecf116f8075530ff3,words,md,1
e79eba12a6b6b8450,e79eba12a6b6b8450,bracket,md,1
e3f0c3d07cacadfcd,e3f0c3d07cacadfcd,bracket,md,1
n4a196fddc31d7832--tuplet--start--1,n4a196fddc31d7832--tuplet--start--1,tuplet,stamp,n4a196fddc31d7832
ned3c2a5f52e664ff--tuplet--stop--1,ned3c2a5f52e664ff--tuplet--stop--1,tuplet,stamp,ned3c2a5f52e664ff
ned3c2a5f52e664ff--slur--start--1,ned3c2a5f52e664ff--slur--start--1,slur,stamp,ned3c2a5f52e664ff
nad1173b8717fbee8--tuplet--start--1,nad1173b8717fbee8--tuplet--start--1,tuplet,stamp,nad1173b8717fbee8
ncf1e49d8ce2e1b26--tuplet--stop--1,ncf1e49d8ce2e1b26--tuplet--stop--1,tuplet,stamp,ncf1e49d8ce2e1b26
n31829db15e30b4e0--tuplet--start--1,n31829db15e30b4e0--tuplet--start--1,tuplet,stamp,n31829db15e30b4e0
nb5a1cc013ea2f3f3--tuplet--stop--1,nb5a1cc013ea2f3f3--tuplet--stop--1,tuplet,stamp,nb5a1cc013ea2f3f3
n5f7273a841fe5c65--slur--stop--1,n5f7273a841fe5c65--slur--stop--1,slur,stamp,n5f7273a841fe5c65
n55c6a489fd2c33f6--tenuto--1,,tenuto,derive,n55c6a489fd2c33f6
nfaf03ef5aad35cbe--tenuto--1,,tenuto,derive,nfaf03ef5aad35cbe
nb56148eedc25e53e--arpeggiate--1,nb56148eedc25e53e--arpeggiate--1,arpeggiate,stamp,nb56148eedc25e53e
n9750f308f2aec791--arpeggiate--1,n9750f308f2aec791--arpeggiate--1,arpeggiate,stamp,n9750f308f2aec791
n954722c4c4edd8cf--arpeggiate--1,n954722c4c4edd8cf--arpeggiate--1,arpeggiate,stamp,n954722c4c4edd8cf
n6b499f3d71673619--arpeggiate--1,n6b499f3d71673619--arpeggiate--1,arpeggiate,stamp,n6b499f3d71673619
n553e3ee4f61f4fab--tuplet--start--1,n553e3ee4f61f4fab--tuplet--start--1,tuplet,stamp,n553e3ee4f61f4fab
n553e3ee4f61f4fab--slur--start--1,n553e3ee4f61f4fab--slur--start--1,slur,stamp,n553e3ee4f61f4fab
n5dc744fb6d726498--tuplet--stop--1,n5dc744fb6d726498--tuplet--stop--1,tuplet,stamp,n5dc744fb6d726498
n590d49b6f8ad7fa0--tuplet--start--1,n590d49b6f8ad7fa0--tuplet--start--1,tuplet,stamp,n590d49b6f8ad7fa0
nb23f2ec7aacaedd2--tuplet--stop--1,nb23f2ec7aacaedd2--tuplet--stop--1,tuplet,stamp,nb23f2ec7aacaedd2
n0ca89451956cedc3--slur--stop--1,n0ca89451956cedc3--slur--stop--1,slur,stamp,n0ca89451956cedc3
n92d72a911d27ac84--tuplet--start--1,n92d72a911d27ac84--tuplet--start--1,tuplet,stamp,n92d72a911d27ac84
n46d4db8a8db4d7f2--tuplet--stop--1,n46d4db8a8db4d7f2--tuplet--stop--1,tuplet,stamp,n46d4db8a8db4d7f2
n46d4db8a8db4d7f2--slur--start--1,n46d4db8a8db4d7f2--slur--start--1,slur,stamp,n46d4db8a8db4d7f2
ncaf385fa22e6ff78--tuplet--start--1,ncaf385fa22e6ff78--tuplet--start--1,tuplet,stamp,ncaf385fa22e6ff78
naae017d6ced14596--tuplet--stop--1,naae017d6ced14596--tuplet--stop--1,tuplet,stamp,naae017d6ced14596
nda097bc860a81bc3--tuplet--start--1,nda097bc860a81bc3--tuplet--start--1,tuplet,stamp,nda097bc860a81bc3
nbf9b5a0096866ae6--tuplet--stop--1,nbf9b5a0096866ae6--tuplet--stop--1,tuplet,stamp,nbf9b5a0096866ae6
n3c41d8613003054e--slur--stop--1,n3c41d8613003054e--slur--stop--1,slur,stamp,n3c41d8613003054e
n4938244e3ca156d5--slur--start--1,n4938244e3ca156d5--slur--start--1,slur,stamp,n4938244e3ca156d5
n334e61b2eb46bc9a--slur--stop--1,n334e61b2eb46bc9a--slur--stop--1,slur,stamp,n334e61b2eb46bc9a
n0fe5eddf62ef0786--tenuto--1,,tenuto,derive,n0fe5eddf62ef0786
nfd0ff527c5c95f77--tuplet--start--1,nfd0ff527c5c95f77--tuplet--start--1,tuplet,stamp,nfd0ff527c5c95f77
nfd0ff527c5c95f77--slur--start--1,nfd0ff527c5c95f77--slur--start--1,slur,stamp,nfd0ff527c5c95f77
nd5cdc0577f705035--tuplet--stop--1,nd5cdc0577f705035--tuplet--stop--1,tuplet,stamp,nd5cdc0577f705035
ne32665d6b94220d8--tuplet--start--1,ne32665d6b94220d8--tuplet--start--1,tuplet,stamp,ne32665d6b94220d8
n3ba5b4647feb4272--tuplet--stop--1,n3ba5b4647feb4272--tuplet--stop--1,tuplet,stamp,n3ba5b4647feb4272
n8695b5f18a2cb55f--tuplet--start--1,n8695b5f18a2cb55f--tuplet--start--1,tuplet,stamp,n8695b5f18a2cb55f
n6042cb4721fb06ee--tuplet--stop--1,n6042cb4721fb06ee--tuplet--stop--1,tuplet,stamp,n6042cb4721fb06ee
nd7b60d443d84a5ee--slur--stop--1,nd7b60d443d84a5ee--slur--stop--1,slur,stamp,nd7b60d443d84a5ee
ea48d08dac28f6f2a,ea48d08dac28f6f2a,octave-shift,md,1
edf2df3a1ac80b2dd,edf2df3a1ac80b2dd,octave-shift,md,1
n59712e7cdce73c93--tuplet--start--1,n59712e7cdce73c93--tuplet--start--1,tuplet,stamp,n59712e7cdce73c93
n8fc856fd543ccdaf--tuplet--stop--1,n8fc856fd543ccdaf--tuplet--stop--1,tuplet,stamp,n8fc856fd543ccdaf
n8fc856fd543ccdaf--slur--start--1,n8fc856fd543ccdaf--slur--start--1,slur,stamp,n8fc856fd543ccdaf
n5099c6652dbbb7c6--tuplet--start--1,n5099c6652dbbb7c6--tuplet--start--1,tuplet,stamp,n5099c6652dbbb7c6
nd528c082f92586cd--tuplet--stop--1,nd528c082f92586cd--tuplet--stop--1,tuplet,stamp,nd528c082f92586cd
na758f82db253ec55--tuplet--start--1,na758f82db253ec55--tuplet--start--1,tuplet,stamp,na758f82db253ec55
nf3b87fd0fae1da70--tuplet--stop--1,nf3b87fd0fae1da70--tuplet--stop--1,tuplet,stamp,nf3b87fd0fae1da70
n37d82397c570ea93--slur--stop--1,n37d82397c570ea93--slur--stop--1,slur,stamp,n37d82397c570ea93
n8932df2735210a61--accent--1,,accent,derive,n8932df2735210a61
n8d082003dfc2ba85--tuplet--start--1,n8d082003dfc2ba85--tuplet--start--1,tuplet,stamp,n8d082003dfc2ba85
n8d082003dfc2ba85--slur--start--1,n8d082003dfc2ba85--slur--start--1,slur,stamp,n8d082003dfc2ba85
n81afad11e7e78cc0--tuplet--stop--1,n81afad11e7e78cc0--tuplet--stop--1,tuplet,stamp,n81afad11e7e78cc0
nba481e1d7e641d6b--tuplet--start--1,nba481e1d7e641d6b--tuplet--start--1,tuplet,stamp,nba481e1d7e641d6b
n5f0a2ebe94efaf12--tuplet--stop--1,n5f0a2ebe94efaf12--tuplet--stop--1,tuplet,stamp,n5f0a2ebe94efaf12
nf43c00772cb40d9e--tuplet--start--1,nf43c00772cb40d9e--tuplet--start--1,tuplet,stamp,nf43c00772cb40d9e
nca2836d687231422--tuplet--stop--1,nca2836d687231422--tuplet--stop--1,tuplet,stamp,nca2836d687231422
ne9d7b9ea7f25ca13--slur--stop--1,ne9d7b9ea7f25ca13--slur--stop--1,slur,stamp,ne9d7b9ea7f25ca13
n5a05c04ffc12de2a--tuplet--start--1,n5a05c04ffc12de2a--tuplet--start--1,tuplet,stamp,n5a05c04ffc12de2a
n6bb65039fbf98718--tuplet--stop--1,n6bb65039fbf98718--tuplet--stop--1,tuplet,stamp,n6bb65039fbf98718
n6bb65039fbf98718--slur--start--1,n6bb65039fbf98718--slur--start--1,slur,stamp,n6bb65039fbf98718
n55f36cae5ac84b70--tuplet--start--1,n55f36cae5ac84b70--tuplet--start--1,tuplet,stamp,n55f36cae5ac84b70
n49a042d32f689ce7--tuplet--stop--1,n49a042d32f689ce7--tuplet--stop--1,tuplet,stamp,n49a042d32f689ce7
n68c11fdd18bca2d9--tuplet--start--1,n68c11fdd18bca2d9--tuplet--start--1,tuplet,stamp,n68c11fdd18bca2d9
n3734b28dcbc6e678--tuplet--stop--1,n3734b28dcbc6e678--tuplet--stop--1,tuplet,stamp,n3734b28dcbc6e678
n811b8b1ba1efef64--slur--stop--1,n811b8b1ba1efef64--slur--stop--1,slur,stamp,n811b8b1ba1efef64
n3583ba3e8c75331f--tuplet--start--1,n3583ba3e8c75331f--tuplet--start--1,tuplet,stamp,n3583ba3e8c75331f
n3583ba3e8c75331f--slur--start--1,n3583ba3e8c75331f--slur--start--1,slur,stamp,n3583ba3e8c75331f
nec29f18d0573e421--tuplet--stop--1,nec29f18d0573e421--tuplet--stop--1,tuplet,stamp,nec29f18d0573e421
ndb680788c13e41fc--tuplet--start--1,ndb680788c13e41fc--tuplet--start--1,tuplet,stamp,ndb680788c13e41fc
ncd2123eed94e9aac--tuplet--stop--1,ncd2123eed94e9aac--tuplet--stop--1,tuplet,stamp,ncd2123eed94e9aac
n90b9ffb48924b32d--tuplet--start--1,n90b9ffb48924b32d--tuplet--start--1,tuplet,stamp,n90b9ffb48924b32d
n47d097ed5995b826--tuplet--stop--1,n47d097ed5995b826--tuplet--stop--1,tuplet,stamp,n47d097ed5995b826
n5922aacc82810757--slur--stop--1,n5922aacc82810757--slur--stop--1,slur,stamp,n5922aacc82810757
n4d8701316efef605--tuplet--start--1,n4d8701316efef605--tuplet--start--1,tuplet,stamp,n4d8701316efef605
n0b56a5985bd353de--slur--start--1,n0b56a5985bd353de--slur--start--1,slur,stamp,n0b56a5985bd353de
n8b9f9e7bc75a0506--tuplet--stop--1,n8b9f9e7bc75a0506--tuplet--stop--1,tuplet,stamp,n8b9f9e7bc75a0506
n4b454c7b2d1ab58f--tuplet--start--1,n4b454c7b2d1ab58f--tuplet--start--1,tuplet,stamp,n4b454c7b2d1ab58f
n5c56e5d47b93af03--tuplet--stop--1,n5c56e5d47b93af03--tuplet--stop--1,tuplet,stamp,n5c56e5d47b93af03
n6121408ecd96ac03--slur--stop--1,n6121408ecd96ac03--slur--stop--1,slur,stamp,n6121408ecd96ac03
nb6b5c33585fad024--tuplet--start--1,nb6b5c33585fad024--tuplet--start--1,tuplet,stamp,nb6b5c33585fad024
n536794ba65865ac7--slur--start--1,n536794ba65865ac7--slur--start--1,slur,stamp,n536794ba65865ac7
nba5edcb9847bb8e1--tuplet--stop--1,nba5edcb9847bb8e1--tuplet--stop--1,tuplet,stamp,nba5edcb9847bb8e1
n95877a70acaef943--tuplet--start--1,n95877a70acaef943--tuplet--start--1,tuplet,stamp,n95877a70acaef943
nb8ed0b633c7a6bbf--tuplet--stop--1,nb8ed0b633c7a6bbf--tuplet--stop--1,tuplet,stamp,nb8ed0b633c7a6bbf
n7f4182da1e41a97c--slur--stop--1,n7f4182da1e41a97c--slur--stop--1,slur,stamp,n7f4182da1e41a97c
n3a0a932516ee43ed--tenuto--1,,tenuto,derive,n3a0a932516ee43ed
n94a628a7fefc1e18--tenuto--1,,tenuto,derive,n94a628a7fefc1e18
nb4f95eacbb0071ca--slur--start--1,nb4f95eacbb0071ca--slur--start--1,slur,stamp,nb4f95eacbb0071ca
na498de6eef02e36b--slur--stop--1,na498de6eef02e36b--slur--stop--1,slur,stamp,na498de6eef02e36b
n8f84bf158f117f56--slur--start--1,n8f84bf158f117f56--slur--start--1,slur,stamp,n8f84bf158f117f56
nc640e0531034fddd--slur--stop--1,nc640e0531034fddd--slur--stop--1,slur,stamp,nc640e0531034fddd
na42fd0e9e16691ec--tuplet--start--1,na42fd0e9e16691ec--tuplet--start--1,tuplet,stamp,na42fd0e9e16691ec
n563a730077eae6d8--slur--start--1,n563a730077eae6d8--slur--start--1,slur,stamp,n563a730077eae6d8
n4e9590b51aa9bfe0--tuplet--stop--1,n4e9590b51aa9bfe0--tuplet--stop--1,tuplet,stamp,n4e9590b51aa9bfe0
n5fddb3a83386f24c--tuplet--start--1,n5fddb3a83386f24c--tuplet--start--1,tuplet,stamp,n5fddb3a83386f24c
naca97054c87118df--tuplet--stop--1,naca97054c87118df--tuplet--stop--1,tuplet,stamp,naca97054c87118df
nc03328b01bf2b597--slur--stop--1,nc03328b01bf2b597--slur--stop--1,slur,stamp,nc03328b01bf2b597
nff1ec7f8ce1c8fb0--tuplet--start--1,nff1ec7f8ce1c8fb0--tuplet--start--1,tuplet,stamp,nff1ec7f8ce1c8fb0
nb5b222fdfa794b59--slur--start--1,nb5b222fdfa794b59--slur--start--1,slur,stamp,nb5b222fdfa794b59
nfc23c28964cf78d5--tuplet--stop--1,nfc23c28964cf78d5--tuplet--stop--1,tuplet,stamp,nfc23c28964cf78d5
n9c69ef34fa721fac--tuplet--start--1,n9c69ef34fa721fac--tuplet--start--1,tuplet,stamp,n9c69ef34fa721fac
nb2e8bdbbe70461e1--tuplet--stop--1,nb2e8bdbbe70461e1--tuplet--stop--1,tuplet,stamp,nb2e8bdbbe70461e1
na41cc5060f915a83--slur--stop--1,na41cc5060f915a83--slur--stop--1,slur,stamp,na41cc5060f915a83
n3090dcac9ae7778e--accent--1,,accent,derive,n3090dcac9ae7778e
n3090dcac9ae7778e--tenuto--1,,tenuto,derive,n3090dcac9ae7778e
n6f9a55bfa29cc884--accent--1,,accent,derive,n6f9a55bfa29cc884
n6f9a55bfa29cc884--tenuto--1,,tenuto,derive,n6f9a55bfa29cc884
n359fea5251111cce--slur--start--1,n359fea5251111cce--slur--start--1,slur,stamp,n359fea5251111cce
n139a384230cb2ed1--slur--stop--1,n139a384230cb2ed1--slur--stop--1,slur,stamp,n139a384230cb2ed1
n61d6d9a82909861e--slur--start--1,n61d6d9a82909861e--slur--start--1,slur,stamp,n61d6d9a82909861e
n243e75baa82f8234--slur--stop--1,n243e75baa82f8234--slur--stop--1,slur,stamp,n243e75baa82f8234
n243e75baa82f8234--accent--1,,accent,derive,n243e75baa82f8234
n758794fc753fecfc--tuplet--start--1,n758794fc753fecfc--tuplet--start--1,tuplet,stamp,n758794fc753fecfc
nd813ef1d4e4c7cae--tuplet--stop--1,nd813ef1d4e4c7cae--tuplet--stop--1,tuplet,stamp,nd813ef1d4e4c7cae
nd813ef1d4e4c7cae--slur--start--1,nd813ef1d4e4c7cae--slur--start--1,slur,stamp,nd813ef1d4e4c7cae
n40489e8d0decad49--tuplet--start--1,n40489e8d0decad49--tuplet--start--1,tuplet,stamp,n40489e8d0decad49
n4809269ab3a82ac2--tuplet--stop--1,n4809269ab3a82ac2--tuplet--stop--1,tuplet,stamp,n4809269ab3a82ac2
nf01dc0b57accd5fc--tuplet--start--1,nf01dc0b57accd5fc--tuplet--start--1,tuplet,stamp,nf01dc0b57accd5fc
ne3f8c3d9301b3dbe--tuplet--stop--1,ne3f8c3d9301b3dbe--tuplet--stop--1,tuplet,stamp,ne3f8c3d9301b3dbe
n2230e8404827247c--tuplet--start--1,n2230e8404827247c--tuplet--start--1,tuplet,stamp,n2230e8404827247c
n93f96276225731bf--tuplet--stop--1,n93f96276225731bf--tuplet--stop--1,tuplet,stamp,n93f96276225731bf
nd039b200d962e85a--tuplet--start--1,nd039b200d962e85a--tuplet--start--1,tuplet,stamp,nd039b200d962e85a
nf0bcc8da3694c83e--tuplet--stop--1,nf0bcc8da3694c83e--tuplet--stop--1,tuplet,stamp,nf0bcc8da3694c83e
n6fe5909a7a9e63b4--tuplet--start--1,n6fe5909a7a9e63b4--tuplet--start--1,tuplet,stamp,n6fe5909a7a9e63b4
nfdf1e9c5a5e6d22a--tuplet--stop--1,nfdf1e9c5a5e6d22a--tuplet--stop--1,tuplet,stamp,nfdf1e9c5a5e6d22a
nfdf1e9c5a5e6d22a--slur--stop--1,nfdf1e9c5a5e6d22a--slur--stop--1,slur,stamp,nfdf1e9c5a5e6d22a
n288ea5df8227a24a--strong-accent--1,,strong-accent,derive,n288ea5df8227a24a
nd5a1ff5a70830646--tuplet--start--1,nd5a1ff5a70830646--tuplet--start--1,tuplet,stamp,nd5a1ff5a70830646
n97dc0c8c5a20f316--accent--1,,accent,derive,n97dc0c8c5a20f316
n6c2d0ffb3e8cce0c--tuplet--stop--1,n6c2d0ffb3e8cce0c--tuplet--stop--1,tuplet,stamp,n6c2d0ffb3e8cce0c
n7e5f2fd883337ceb--tuplet--start--1,n7e5f2fd883337ceb--tuplet--start--1,tuplet,stamp,n7e5f2fd883337ceb
n7e5f2fd883337ceb--slur--start--1,n7e5f2fd883337ceb--slur--start--1,slur,stamp,n7e5f2fd883337ceb
n2a902b4e66d28864--tuplet--stop--1,n2a902b4e66d28864--tuplet--stop--1,tuplet,stamp,n2a902b4e66d28864
ne2d84b532e1d2a41--tuplet--start--1,ne2d84b532e1d2a41--tuplet--start--1,tuplet,stamp,ne2d84b532e1d2a41
n4e8772a44dc54506--tuplet--stop--1,n4e8772a44dc54506--tuplet--stop--1,tuplet,stamp,n4e8772a44dc54506
n564c247269b21811--tuplet--start--1,n564c247269b21811--tuplet--start--1,tuplet,stamp,n564c247269b21811
n90384727f99603b6--tuplet--stop--1,n90384727f99603b6--tuplet--stop--1,tuplet,stamp,n90384727f99603b6
n90384727f99603b6--slur--stop--1,n90384727f99603b6--slur--stop--1,slur,stamp,n90384727f99603b6
e0a2a478404e34fe0,e0a2a478404e34fe0,wedge,md,1
ec6728c7cc9ab8b37,ec6728c7cc9ab8b37,octave-shift,md,1
e6552e238aa26fa8a,e6552e238aa26fa8a,wedge,md,1
e02d04e5db777bbcd,e02d04e5db777bbcd,octave-shift,md,1
e25dd24d48453759a,e25dd24d48453759a,words,md,2
n5e3d614c7260d073--slur--start--1,n5e3d614c7260d073--slur--start--1,slur,stamp,n5e3d614c7260d073
ne23db56ebfae180f--slur--stop--1,ne23db56ebfae180f--slur--stop--1,slur,stamp,ne23db56ebfae180f
nf81f8be24536b654--slur--start--1,nf81f8be24536b654--slur--start--1,slur,stamp,nf81f8be24536b654
n535831a49197758d--slur--stop--1,n535831a49197758d--slur--stop--1,slur,stamp,n535831a49197758d
n535831a49197758d--staccato--1,,staccato,derive,n535831a49197758d
e1b39518c67a99d8d,,other-direction,md,1
e50cd9def9fd2d359,e50cd9def9fd2d359,words,md,1
ndfdb7f455f0aae8b--slur--start--1,ndfdb7f455f0aae8b--slur--start--1,slur,stamp,ndfdb7f455f0aae8b
ndfdb7f455f0aae8b--arpeggiate--1,ndfdb7f455f0aae8b--arpeggiate--1,arpeggiate,stamp,ndfdb7f455f0aae8b
nfc87a4200c77c91d--arpeggiate--1,nfc87a4200c77c91d--arpeggiate--1,arpeggiate,stamp,nfc87a4200c77c91d
ncf47a060a56cde8d--arpeggiate--1,ncf47a060a56cde8d--arpeggiate--1,arpeggiate,stamp,ncf47a060a56cde8d
n20d5f4f815adb48a--arpeggiate--1,n20d5f4f815adb48a--arpeggiate--1,arpeggiate,stamp,n20d5f4f815adb48a
neb27edbea33fd442--slur--start--1,neb27edbea33fd442--slur--start--1,slur,stamp,neb27edbea33fd442
nc4a51d8150461b19--slur--stop--1,nc4a51d8150461b19--slur--stop--1,slur,stamp,nc4a51d8150461b19
n54a7627f3dc9bc33--tuplet--start--1,n54a7627f3dc9bc33--tuplet--start--1,tuplet,stamp,n54a7627f3dc9bc33
n55ad161f1a79232b--tuplet--stop--1,n55ad161f1a79232b--tuplet--stop--1,tuplet,stamp,n55ad161f1a79232b
n55ad161f1a79232b--slur--stop--1,n55ad161f1a79232b--slur--stop--1,slur,stamp,n55ad161f1a79232b
n4671d7e25554c3a6--slur--start--1,n4671d7e25554c3a6--slur--start--1,slur,stamp,n4671d7e25554c3a6
n3e5ee9347aca4625--slur--stop--1,n3e5ee9347aca4625--slur--stop--1,slur,stamp,n3e5ee9347aca4625
n3e5ee9347aca4625--staccato--1,,staccato,derive,n3e5ee9347aca4625
nf8ddc9742b50f62e--slur--start--1,nf8ddc9742b50f62e--slur--start--1,slur,stamp,nf8ddc9742b50f62e
n9166d4bd7d3b5507--slur--start--1,n9166d4bd7d3b5507--slur--start--1,slur,stamp,n9166d4bd7d3b5507
n13d288811cef8900--slur--stop--1,n13d288811cef8900--slur--stop--1,slur,stamp,n13d288811cef8900
n255dcecab9a5640a--tuplet--start--1,n255dcecab9a5640a--tuplet--start--1,tuplet,stamp,n255dcecab9a5640a
n40d459eadb5221ae--tuplet--stop--1,n40d459eadb5221ae--tuplet--stop--1,tuplet,stamp,n40d459eadb5221ae
n40d459eadb5221ae--slur--stop--1,n40d459eadb5221ae--slur--stop--1,slur,stamp,n40d459eadb5221ae
n53fa9362dc227c72--slur--start--1,n53fa9362dc227c72--slur--start--1,slur,stamp,n53fa9362dc227c72
ncf16bf0540d8852a--slur--stop--1,ncf16bf0540d8852a--slur--stop--1,slur,stamp,ncf16bf0540d8852a
ncf16bf0540d8852a--staccato--1,,staccato,derive,ncf16bf0540d8852a
n88d5f0e71607fee0--arpeggiate--1,n88d5f0e71607fee0--arpeggiate--1,arpeggiate,stamp,n88d5f0e71607fee0
n95495928a617f340--arpeggiate--1,n95495928a617f340--arpeggiate--1,arpeggiate,stamp,n95495928a617f340
n0d6543a1f5f0301f--arpeggiate--1,n0d6543a1f5f0301f--arpeggiate--1,arpeggiate,stamp,n0d6543a1f5f0301f
ne489e156e925cd3b--slur--start--1,ne489e156e925cd3b--slur--start--1,slur,stamp,ne489e156e925cd3b
n950e8260fd79a2d7--slur--stop--1,n950e8260fd79a2d7--slur--stop--1,slur,stamp,n950e8260fd79a2d7
n950e8260fd79a2d7--staccato--1,,staccato,derive,n950e8260fd79a2d7
n72111a78c4a60764--slur--start--1,n72111a78c4a60764--slur--start--1,slur,stamp,n72111a78c4a60764
n28f08896fe058ec0--slur--stop--1,n28f08896fe058ec0--slur--stop--1,slur,stamp,n28f08896fe058ec0
n47b57c34d711cb60--slur--start--1,n47b57c34d711cb60--slur--start--1,slur,stamp,n47b57c34d711cb60
n308d9e65f9889987--slur--stop--1,n308d9e65f9889987--slur--stop--1,slur,stamp,n308d9e65f9889987
ne5856f121abd7d0a--slur--start--1,ne5856f121abd7d0a--slur--start--1,slur,stamp,ne5856f121abd7d0a
n2f14270146f7bdb6--slur--stop--1,n2f14270146f7bdb6--slur--stop--1,slur,stamp,n2f14270146f7bdb6
n2f14270146f7bdb6--staccato--1,,staccato,derive,n2f14270146f7bdb6
e62ccca0946c398fd,e62ccca0946c398fd,octave-shift,md,1
ne97eaaaaac6506b7--tuplet--start--1,ne97eaaaaac6506b7--tuplet--start--1,tuplet,stamp,ne97eaaaaac6506b7
n3971997404408024--tuplet--stop--1,n3971997404408024--tuplet--stop--1,tuplet,stamp,n3971997404408024
nfadb3a39c5ad6af7--slur--start--1,nfadb3a39c5ad6af7--slur--start--1,slur,stamp,nfadb3a39c5ad6af7
nd144ac88a177291b--slur--stop--1,nd144ac88a177291b--slur--stop--1,slur,stamp,nd144ac88a177291b
nd144ac88a177291b--staccato--1,,staccato,derive,nd144ac88a177291b
nb1740e207de80a6c--tuplet--start--1,nb1740e207de80a6c--tuplet--start--1,tuplet,stamp,nb1740e207de80a6c
nfb93cec6f873a58e--tuplet--stop--1,nfb93cec6f873a58e--tuplet--stop--1,tuplet,stamp,nfb93cec6f873a58e
nc1c0a2164ecea587--slur--start--1,nc1c0a2164ecea587--slur--start--1,slur,stamp,nc1c0a2164ecea587
n9d38efb9fbd092c6--slur--stop--1,n9d38efb9fbd092c6--slur--stop--1,slur,stamp,n9d38efb9fbd092c6
n9d38efb9fbd092c6--staccato--1,,staccato,derive,n9d38efb9fbd092c6
e7b25dc05aa4a1d4a,e7b25dc05aa4a1d4a,wedge,md,1
e30140b1a25474d90,e30140b1a25474d90,wedge,md,1
e1f49487a89640bfd,e1f49487a89640bfd,wedge,md,1
n9c1374fdce70181b--tie--1,,tie,derive,n9c1374fdce70181b
n9c1374fdce70181b--tied--start--1,n9c1374fdce70181b--tied--start--1,tied,stamp,n9c1374fdce70181b
n9c1374fdce70181b--strong-accent--1,,strong-accent,derive,n9c1374fdce70181b
nf77566cd77d25f0e--tie--1,,tie,derive,nf77566cd77d25f0e
nf77566cd77d25f0e--tied--start--1,nf77566cd77d25f0e--tied--start--1,tied,stamp,nf77566cd77d25f0e
ndff2b525549f8221--tie--1,,tie,derive,ndff2b525549f8221
ndff2b525549f8221--tied--start--1,ndff2b525549f8221--tied--start--1,tied,stamp,ndff2b525549f8221
n52562808e8432837--tie--1,,tie,derive,n52562808e8432837
n52562808e8432837--tied--start--1,n52562808e8432837--tied--start--1,tied,stamp,n52562808e8432837
nebc56fd60c5ca3ec--arpeggiate--1,nebc56fd60c5ca3ec--arpeggiate--1,arpeggiate,stamp,nebc56fd60c5ca3ec
n3ac3e9e725a76cdd--arpeggiate--1,n3ac3e9e725a76cdd--arpeggiate--1,arpeggiate,stamp,n3ac3e9e725a76cdd
e4f9fca4716da9997,e4f9fca4716da9997,wedge,md,1
e417efe974f8265d8,e417efe974f8265d8,dynamics,md,1
e7b98a0c6eaa2eb06,e7b98a0c6eaa2eb06,wedge,md,2
n4fa8270d1a9397ed--tie--1,,tie,derive,n4fa8270d1a9397ed
n4fa8270d1a9397ed--tied--stop--1,n4fa8270d1a9397ed--tied--stop--1,tied,stamp,n4fa8270d1a9397ed
n331a36177d0dc01d--tie--1,,tie,derive,n331a36177d0dc01d
n331a36177d0dc01d--tied--stop--1,n331a36177d0dc01d--tied--stop--1,tied,stamp,n331a36177d0dc01d
nba45c5c423d95ff7--tie--1,,tie,derive,nba45c5c423d95ff7
nba45c5c423d95ff7--tied--stop--1,nba45c5c423d95ff7--tied--stop--1,tied,stamp,nba45c5c423d95ff7
n336392805f9a6b88--tie--1,,tie,derive,n336392805f9a6b88
n336392805f9a6b88--tied--stop--1,n336392805f9a6b88--tied--stop--1,tied,stamp,n336392805f9a6b88
nef61ed1085944c47--staccato--1,,staccato,derive,nef61ed1085944c47
e4fab10829d3eecb0,e4fab10829d3eecb0,words,md,1
e833ee76d3d6a7e81,e833ee76d3d6a7e81,octave-shift,md,1
ea9d186224496ee9e,ea9d186224496ee9e,wedge,md,2
nd2c1fbd73441556c--accent--1,,accent,derive,nd2c1fbd73441556c
na26dbd3f9f0fabba--accent--1,,accent,derive,na26dbd3f9f0fabba
n358de7f8391c7aeb--accent--1,,accent,derive,n358de7f8391c7aeb
n68f356f5496ae1c6--accent--1,,accent,derive,n68f356f5496ae1c6
ec1a14ccbbdb291cd,ec1a14ccbbdb291cd,wedge,md,1
e4600c2a281dbf2c0,e4600c2a281dbf2c0,wedge,md,1
e5695f1db7224a137,e5695f1db7224a137,wedge,md,1
ef2fb45e6940218a4,ef2fb45e6940218a4,wedge,md,1
n5555a8df45cdeefc--accent--1,,accent,derive,n5555a8df45cdeefc
n5aa39f8883e9825c--accent--1,,accent,derive,n5aa39f8883e9825c
n00affc5b003cab6d--accent--1,,accent,derive,n00affc5b003cab6d
n8d74061c5f0b1fc9--accent--1,,accent,derive,n8d74061c5f0b1fc9
e6415ba657f08240b,e6415ba657f08240b,wedge,md,1
ee13214b179243773,ee13214b179243773,wedge,md,1
ebef699022ca48cad,ebef699022ca48cad,wedge,md,1
e716b3d0b04bb548b,e716b3d0b04bb548b,wedge,md,1
edf5bae9b6b25cb39,edf5bae9b6b25cb39,dynamics,md,1
na6ff7ff78f012889--staccatissimo--1,,staccatissimo,derive,na6ff7ff78f012889
n4ad094decfb64c3f--tuplet--start--1,n4ad094decfb64c3f--tuplet--start--1,tuplet,stamp,n4ad094decfb64c3f
n6df7db4c3b47d4c6--tuplet--stop--1,n6df7db4c3b47d4c6--tuplet--stop--1,tuplet,stamp,n6df7db4c3b47d4c6
n3336bf1ea2662c2d--tuplet--start--1,n3336bf1ea2662c2d--tuplet--start--1,tuplet,stamp,n3336bf1ea2662c2d
n1cdbdb16a3a66234--tuplet--stop--1,n1cdbdb16a3a66234--tuplet--stop--1,tuplet,stamp,n1cdbdb16a3a66234
ne3f51725289a1cce--tuplet--start--1,ne3f51725289a1cce--tuplet--start--1,tuplet,stamp,ne3f51725289a1cce
n805c51d06cc8b184--tuplet--stop--1,n805c51d06cc8b184--tuplet--stop--1,tuplet,stamp,n805c51d06cc8b184
ne8385baf9c9e792d--tuplet--start--1,ne8385baf9c9e792d--tuplet--start--1,tuplet,stamp,ne8385baf9c9e792d
nd9306bfb4668cc10--tuplet--stop--1,nd9306bfb4668cc10--tuplet--stop--1,tuplet,stamp,nd9306bfb4668cc10
eedebc6837e152d6c,,other-direction,md,1
e5bd2e0a88aa341a4,e5bd2e0a88aa341a4,words,md,1
ea180162075330689,ea180162075330689,words,md,1
e8ab287f21cc94bb6,e8ab287f21cc94bb6,dynamics,md,2
nf098ce2c82caf8b7--staccatissimo--1,,staccatissimo,derive,nf098ce2c82caf8b7
n63b7cc864944054e--slur--start--1,n63b7cc864944054e--slur--start--1,slur,stamp,n63b7cc864944054e
n4e70fc7f6ffbea92--slur--stop--1,n4e70fc7f6ffbea92--slur--stop--1,slur,stamp,n4e70fc7f6ffbea92
nd53c271cec4fa6eb--tuplet--start--1,nd53c271cec4fa6eb--tuplet--start--1,tuplet,stamp,nd53c271cec4fa6eb
nfc74195446517cc4--tuplet--stop--1,nfc74195446517cc4--tuplet--stop--1,tuplet,stamp,nfc74195446517cc4
nafc9273902b22031--tuplet--start--1,nafc9273902b22031--tuplet--start--1,tuplet,stamp,nafc9273902b22031
nb7f63aa5a0d7a30d--tuplet--stop--1,nb7f63aa5a0d7a30d--tuplet--stop--1,tuplet,stamp,nb7f63aa5a0d7a30d
nc3f2ccee3dcdce41--slur--start--1,nc3f2ccee3dcdce41--slur--start--1,slur,stamp,nc3f2ccee3dcdce41
nc3f2ccee3dcdce41--arpeggiate--1,nc3f2ccee3dcdce41--arpeggiate--1,arpeggiate,stamp,nc3f2ccee3dcdce41
nfca9052a3bc8f296--arpeggiate--1,nfca9052a3bc8f296--arpeggiate--1,arpeggiate,stamp,nfca9052a3bc8f296
n1d2897daabf16bac--arpeggiate--1,n1d2897daabf16bac--arpeggiate--1,arpeggiate,stamp,n1d2897daabf16bac
ne8aff1bf09d5b108--arpeggiate--1,ne8aff1bf09d5b108--arpeggiate--1,arpeggiate,stamp,ne8aff1bf09d5b108
n2acdad75d6a360b0--tuplet--start--1,n2acdad75d6a360b0--tuplet--start--1,tuplet,stamp,n2acdad75d6a360b0
nc4c4148077a7c78a--tuplet--stop--1,nc4c4148077a7c78a--tuplet--stop--1,tuplet,stamp,nc4c4148077a7c78a
n58cfbd78cd68ee1f--tuplet--start--1,n58cfbd78cd68ee1f--tuplet--start--1,tuplet,stamp,n58cfbd78cd68ee1f
n9bb07f9b686d004a--tuplet--stop--1,n9bb07f9b686d004a--tuplet--stop--1,tuplet,stamp,n9bb07f9b686d004a
n1875d2b10cef449a--slur--stop--1,n1875d2b10cef449a--slur--stop--1,slur,stamp,n1875d2b10cef449a
ncca3ad4209271fd2--strong-accent--1,,strong-accent,derive,ncca3ad4209271fd2
n33aad59b0a076f62--staccatissimo--1,,staccatissimo,derive,n33aad59b0a076f62
na8069bac24fe5561--tuplet--start--1,na8069bac24fe5561--tuplet--start--1,tuplet,stamp,na8069bac24fe5561
n9f4d11537fc6af80--tuplet--stop--1,n9f4d11537fc6af80--tuplet--stop--1,tuplet,stamp,n9f4d11537fc6af80
ndd20c8b9b732c51a--tuplet--start--1,ndd20c8b9b732c51a--tuplet--start--1,tuplet,stamp,ndd20c8b9b732c51a
n7af037f418b289cb--tuplet--stop--1,n7af037f418b289cb--tuplet--stop--1,tuplet,stamp,n7af037f418b289cb
ne2d6349c02bb2552--tuplet--start--1,ne2d6349c02bb2552--tuplet--start--1,tuplet,stamp,ne2d6349c02bb2552
na3b72b393a470669--tuplet--stop--1,na3b72b393a470669--tuplet--stop--1,tuplet,stamp,na3b72b393a470669
n48f403227db9e2df--tuplet--start--1,n48f403227db9e2df--tuplet--start--1,tuplet,stamp,n48f403227db9e2df
n271c04f3e0cca55f--tuplet--stop--1,n271c04f3e0cca55f--tuplet--stop--1,tuplet,stamp,n271c04f3e0cca55f
n5c5979bf4e18ba5e--staccatissimo--1,,staccatissimo,derive,n5c5979bf4e18ba5e
n3b05e00ab6edf07b--tuplet--start--1,n3b05e00ab6edf07b--tuplet--start--1,tuplet,stamp,n3b05e00ab6edf07b
nb1e1054252a6821c--tuplet--stop--1,nb1e1054252a6821c--tuplet--stop--1,tuplet,stamp,nb1e1054252a6821c
n9f54250c11295c61--tuplet--start--1,n9f54250c11295c61--tuplet--start--1,tuplet,stamp,n9f54250c11295c61
nb322cc7524d01f32--tuplet--stop--1,nb322cc7524d01f32--tuplet--stop--1,tuplet,stamp,nb322cc7524d01f32
nf057261749b344fb--tuplet--start--1,nf057261749b344fb--tuplet--start--1,tuplet,stamp,nf057261749b344fb
n9c45725b7c09a3fb--tuplet--stop--1,n9c45725b7c09a3fb--tuplet--stop--1,tuplet,stamp,n9c45725b7c09a3fb
n7195247c6b35d384--tuplet--start--1,n7195247c6b35d384--tuplet--start--1,tuplet,stamp,n7195247c6b35d384
ndf668d3abf711ef0--tuplet--stop--1,ndf668d3abf711ef0--tuplet--stop--1,tuplet,stamp,ndf668d3abf711ef0
n820102e1530bb71f--staccatissimo--1,,staccatissimo,derive,n820102e1530bb71f
n5c332192c10d29fb--tuplet--start--1,n5c332192c10d29fb--tuplet--start--1,tuplet,stamp,n5c332192c10d29fb
nc0bbe3289ab9ee21--tuplet--stop--1,nc0bbe3289ab9ee21--tuplet--stop--1,tuplet,stamp,nc0bbe3289ab9ee21
n48a65df3659be027--tuplet--start--1,n48a65df3659be027--tuplet--start--1,tuplet,stamp,n48a65df3659be027
ne8342ed3d2216a96--tuplet--stop--1,ne8342ed3d2216a96--tuplet--stop--1,tuplet,stamp,ne8342ed3d2216a96
n668c6962663680b6--tuplet--start--1,n668c6962663680b6--tuplet--start--1,tuplet,stamp,n668c6962663680b6
na9894ac46410be4f--tuplet--stop--1,na9894ac46410be4f--tuplet--stop--1,tuplet,stamp,na9894ac46410be4f
n4e3fee2d5676153e--tuplet--start--1,n4e3fee2d5676153e--tuplet--start--1,tuplet,stamp,n4e3fee2d5676153e
n4b527a0ef73715f5--tuplet--stop--1,n4b527a0ef73715f5--tuplet--stop--1,tuplet,stamp,n4b527a0ef73715f5
ne8b5858347b603bc--staccatissimo--1,,staccatissimo,derive,ne8b5858347b603bc
n59968b4b7eef08cf--tuplet--start--1,n59968b4b7eef08cf--tuplet--start--1,tuplet,stamp,n59968b4b7eef08cf
n5508c8bf975650db--tuplet--stop--1,n5508c8bf975650db--tuplet--stop--1,tuplet,stamp,n5508c8bf975650db
n07ec53b0fc06135e--tuplet--start--1,n07ec53b0fc06135e--tuplet--start--1,tuplet,stamp,n07ec53b0fc06135e
n6c9544c0700d6a77--tuplet--stop--1,n6c9544c0700d6a77--tuplet--stop--1,tuplet,stamp,n6c9544c0700d6a77
na1f032a66b97d5aa--tuplet--start--1,na1f032a66b97d5aa--tuplet--start--1,tuplet,stamp,na1f032a66b97d5aa
na7e0ce5e0fbabc95--tuplet--stop--1,na7e0ce5e0fbabc95--tuplet--stop--1,tuplet,stamp,na7e0ce5e0fbabc95
n1a522bc0186ee973--tuplet--start--1,n1a522bc0186ee973--tuplet--start--1,tuplet,stamp,n1a522bc0186ee973
na3551f777b209613--tuplet--stop--1,na3551f777b209613--tuplet--stop--1,tuplet,stamp,na3551f777b209613
n5543f9b37d21577b--staccato--1,,staccato,derive,n5543f9b37d21577b
nec6dabde84624625--staccato--1,,staccato,derive,nec6dabde84624625
nf208dade8c386c6a--staccato--1,,staccato,derive,nf208dade8c386c6a
n990f83f9e58a6264--staccato--1,,staccato,derive,n990f83f9e58a6264
n00cd36c2e2a0c804--staccato--1,,staccato,derive,n00cd36c2e2a0c804
n72c16c399c7b2d8a--staccato--1,,staccato,derive,n72c16c399c7b2d8a
n36c74b38da4128e6--staccato--1,,staccato,derive,n36c74b38da4128e6
n12aa3b69e4f4da11--staccato--1,,staccato,derive,n12aa3b69e4f4da11
nd2ea5e5182b83252--staccato--1,,staccato,derive,nd2ea5e5182b83252
n910f3d0aa30bcc48--staccato--1,,staccato,derive,n910f3d0aa30bcc48
ne016432d6248a5ae--staccato--1,,staccato,derive,ne016432d6248a5ae
n4c80847aab4413fb--staccato--1,,staccato,derive,n4c80847aab4413fb
e6858682a1f98095a,e6858682a1f98095a,dynamics,md,1
nc6a87820d114ffc3--strong-accent--1,,strong-accent,derive,nc6a87820d114ffc3
n4609d91194481e1f--strong-accent--1,,strong-accent,derive,n4609d91194481e1f
ecc6b2244258b3556,ecc6b2244258b3556,octave-shift,md,1
e2d4e48004b1f7063,e2d4e48004b1f7063,octave-shift,md,1
e325210908ecb1055,e325210908ecb1055,wedge,md,2
e8c7cc901377c03ff,e8c7cc901377c03ff,wedge,md,2
ee65b82bdd2872689,ee65b82bdd2872689,wedge,md,2
e0cf1f2a9a7949db6,e0cf1f2a9a7949db6,wedge,md,2
n70ea1ab95f885e8c--slur--start--1,n70ea1ab95f885e8c--slur--start--1,slur,stamp,n70ea1ab95f885e8c
n6972f6ce1a5f6128--tuplet--start--1,n6972f6ce1a5f6128--tuplet--start--1,tuplet,stamp,n6972f6ce1a5f6128
nf3efbfb0219d72d8--tuplet--stop--1,nf3efbfb0219d72d8--tuplet--stop--1,tuplet,stamp,nf3efbfb0219d72d8
nf69475ac25bdb4f8--tuplet--start--1,nf69475ac25bdb4f8--tuplet--start--1,tuplet,stamp,nf69475ac25bdb4f8
nf5b841f47bef9efd--tuplet--stop--1,nf5b841f47bef9efd--tuplet--stop--1,tuplet,stamp,nf5b841f47bef9efd
n43d1c6f32aafee13--tuplet--start--1,n43d1c6f32aafee13--tuplet--start--1,tuplet,stamp,n43d1c6f32aafee13
n0752d5acbc6ae04a--tuplet--stop--1,n0752d5acbc6ae04a--tuplet--stop--1,tuplet,stamp,n0752d5acbc6ae04a
n49ef48386eb4f878--tuplet--start--1,n49ef48386eb4f878--tuplet--start--1,tuplet,stamp,n49ef48386eb4f878
n5cb375b538e7f63f--tuplet--stop--1,n5cb375b538e7f63f--tuplet--stop--1,tuplet,stamp,n5cb375b538e7f63f
n81d56e59e57eef96--slur--stop--1,n81d56e59e57eef96--slur--stop--1,slur,stamp,n81d56e59e57eef96
n9296e03596bcec07--strong-accent--1,,strong-accent,derive,n9296e03596bcec07
n13a89ff1c27c9615--slur--start--1,n13a89ff1c27c9615--slur--start--1,slur,stamp,n13a89ff1c27c9615
n13a89ff1c27c9615--strong-accent--1,,strong-accent,derive,n13a89ff1c27c9615
n7b14fa0d1848e6f2--tuplet--start--1,n7b14fa0d1848e6f2--tuplet--start--1,tuplet,stamp,n7b14fa0d1848e6f2
na4ca6d096ca0c7ef--tuplet--stop--1,na4ca6d096ca0c7ef--tuplet--stop--1,tuplet,stamp,na4ca6d096ca0c7ef
n34681299a6d841b9--tuplet--start--1,n34681299a6d841b9--tuplet--start--1,tuplet,stamp,n34681299a6d841b9
nb07c2ff78b82bc1b--tuplet--stop--1,nb07c2ff78b82bc1b--tuplet--stop--1,tuplet,stamp,nb07c2ff78b82bc1b
n5a8b21dfee7f0322--slur--stop--1,n5a8b21dfee7f0322--slur--stop--1,slur,stamp,n5a8b21dfee7f0322
n5a8b21dfee7f0322--staccato--1,,staccato,derive,n5a8b21dfee7f0322
ne462acf396f2c186--accent--1,,accent,derive,ne462acf396f2c186
n081e19d49b35248a--accent--1,,accent,derive,n081e19d49b35248a
e0a39773c7df35c53,e0a39773c7df35c53,dynamics,md,1
e9d7dd24e6a3159da,e9d7dd24e6a3159da,words,md,1
e747e8ac57665a76f,e747e8ac57665a76f,octave-shift,md,1
ea4b8d430f79a5221,ea4b8d430f79a5221,octave-shift,md,1
na9afbfc8b84174f3--slur--start--1,na9afbfc8b84174f3--slur--start--1,slur,stamp,na9afbfc8b84174f3
na7cd26ef7805cfe2--tuplet--start--1,na7cd26ef7805cfe2--tuplet--start--1,tuplet,stamp,na7cd26ef7805cfe2
n858c817cfbb7b676--tuplet--stop--1,n858c817cfbb7b676--tuplet--stop--1,tuplet,stamp,n858c817cfbb7b676
n060cbe28962b11c4--tuplet--start--1,n060cbe28962b11c4--tuplet--start--1,tuplet,stamp,n060cbe28962b11c4
n06941b455de15392--tuplet--stop--1,n06941b455de15392--tuplet--stop--1,tuplet,stamp,n06941b455de15392
nf2f49a078268358e--tuplet--start--1,nf2f49a078268358e--tuplet--start--1,tuplet,stamp,nf2f49a078268358e
n54aa55da12e9f13c--tuplet--stop--1,n54aa55da12e9f13c--tuplet--stop--1,tuplet,stamp,n54aa55da12e9f13c
n31370226b172c63c--tuplet--start--1,n31370226b172c63c--tuplet--start--1,tuplet,stamp,n31370226b172c63c
n8b42c7b9c85e903c--tuplet--stop--1,n8b42c7b9c85e903c--tuplet--stop--1,tuplet,stamp,n8b42c7b9c85e903c
n8dce8c4185db3035--slur--stop--1,n8dce8c4185db3035--slur--stop--1,slur,stamp,n8dce8c4185db3035
n8be4a17866159e23--strong-accent--1,,strong-accent,derive,n8be4a17866159e23
n639975e168caef1c--slur--start--1,n639975e168caef1c--slur--start--1,slur,stamp,n639975e168caef1c
n639975e168caef1c--strong-accent--1,,strong-accent,derive,n639975e168caef1c
n2c7f6644151ec4ba--tuplet--start--1,n2c7f6644151ec4ba--tuplet--start--1,tuplet,stamp,n2c7f6644151ec4ba
n1eac3da0dfc515fa--tuplet--stop--1,n1eac3da0dfc515fa--tuplet--stop--1,tuplet,stamp,n1eac3da0dfc515fa
n0d129258883f6d39--tuplet--start--1,n0d129258883f6d39--tuplet--start--1,tuplet,stamp,n0d129258883f6d39
n57da0b06dea6b175--tuplet--stop--1,n57da0b06dea6b175--tuplet--stop--1,tuplet,stamp,n57da0b06dea6b175
ne2a89c50741aaaca--slur--stop--1,ne2a89c50741aaaca--slur--stop--1,slur,stamp,ne2a89c50741aaaca
ne2a89c50741aaaca--staccato--1,,staccato,derive,ne2a89c50741aaaca
n1162ff3ddc9ecf3b--arpeggiate--1,n1162ff3ddc9ecf3b--arpeggiate--1,arpeggiate,stamp,n1162ff3ddc9ecf3b
nce7700ee66a842e7--arpeggiate--1,nce7700ee66a842e7--arpeggiate--1,arpeggiate,stamp,nce7700ee66a842e7
na578b428b7685fa7--arpeggiate--1,na578b428b7685fa7--arpeggiate--1,arpeggiate,stamp,na578b428b7685fa7
edceb0ad1733528aa,edceb0ad1733528aa,octave-shift,md,1
eeb8ba17c5578a277,eeb8ba17c5578a277,octave-shift,md,1
n6425dccce0827c56--slur--start--1,n6425dccce0827c56--slur--start--1,slur,stamp,n6425dccce0827c56
n7634839eb6b7a23e--tuplet--start--1,n7634839eb6b7a23e--tuplet--start--1,tuplet,stamp,n7634839eb6b7a23e
n2a3f53b7bcff9e76--tuplet--stop--1,n2a3f53b7bcff9e76--tuplet--stop--1,tuplet,stamp,n2a3f53b7bcff9e76
n9f4100da881530dd--tuplet--start--1,n9f4100da881530dd--tuplet--start--1,tuplet,stamp,n9f4100da881530dd
n00e60c56e82debda--tuplet--stop--1,n00e60c56e82debda--tuplet--stop--1,tuplet,stamp,n00e60c56e82debda
na6d31f2960ac15b6--tuplet--start--1,na6d31f2960ac15b6--tuplet--start--1,tuplet,stamp,na6d31f2960ac15b6
na8349dac42b00850--tuplet--stop--1,na8349dac42b00850--tuplet--stop--1,tuplet,stamp,na8349dac42b00850
n294868cace1a88dc--tuplet--start--1,n294868cace1a88dc--tuplet--start--1,tuplet,stamp,n294868cace1a88dc
n64fdd6d2e3c268d0--tuplet--stop--1,n64fdd6d2e3c268d0--tuplet--stop--1,tuplet,stamp,n64fdd6d2e3c268d0
nec5f810921d64c7b--slur--stop--1,nec5f810921d64c7b--slur--stop--1,slur,stamp,nec5f810921d64c7b
ncebb173ea8794a1b--strong-accent--1,,strong-accent,derive,ncebb173ea8794a1b
n767b57066a2bed5e--slur--start--1,n767b57066a2bed5e--slur--start--1,slur,stamp,n767b57066a2bed5e
n579a044257f5a8ec--tuplet--start--1,n579a044257f5a8ec--tuplet--start--1,tuplet,stamp,n579a044257f5a8ec
n9feff7826961a8a3--tuplet--stop--1,n9feff7826961a8a3--tuplet--stop--1,tuplet,stamp,n9feff7826961a8a3
nf1ccae2795c8a942--tuplet--start--1,nf1ccae2795c8a942--tuplet--start--1,tuplet,stamp,nf1ccae2795c8a942
n39d2c12a479ecb0a--tuplet--stop--1,n39d2c12a479ecb0a--tuplet--stop--1,tuplet,stamp,n39d2c12a479ecb0a
n9a9dec80e42cf899--slur--stop--1,n9a9dec80e42cf899--slur--stop--1,slur,stamp,n9a9dec80e42cf899
n9a9dec80e42cf899--staccato--1,,staccato,derive,n9a9dec80e42cf899
n526b175a619e90b2--accent--1,,accent,derive,n526b175a619e90b2
n23ffd777c7d4c5c4--accent--1,,accent,derive,n23ffd777c7d4c5c4
n677e76d58f09aafb--strong-accent--1,,strong-accent,derive,n677e76d58f09aafb
e555c845a4078d686,e555c845a4078d686,octave-shift,md,1
ebcd7b34d3286280e,ebcd7b34d3286280e,octave-shift,md,1
ne6b620b575022677--slur--start--1,ne6b620b575022677--slur--start--1,slur,stamp,ne6b620b575022677
n6b62a0f260d87744--tuplet--start--1,n6b62a0f260d87744--tuplet--start--1,tuplet,stamp,n6b62a0f260d87744
n8e17b7ef1210ed30--tuplet--stop--1,n8e17b7ef1210ed30--tuplet--stop--1,tuplet,stamp,n8e17b7ef1210ed30
n2f512574cf4c1697--tuplet--start--1,n2f512574cf4c1697--tuplet--start--1,tuplet,stamp,n2f512574cf4c1697
n8c4dd4a2a3ffde9d--tuplet--stop--1,n8c4dd4a2a3ffde9d--tuplet--stop--1,tuplet,stamp,n8c4dd4a2a3ffde9d
nd86ac9f463c03b03--tuplet--start--1,nd86ac9f463c03b03--tuplet--start--1,tuplet,stamp,nd86ac9f463c03b03
nb4d5c9a9e151be0b--tuplet--stop--1,nb4d5c9a9e151be0b--tuplet--stop--1,tuplet,stamp,nb4d5c9a9e151be0b
n7c37608736964359--tuplet--start--1,n7c37608736964359--tuplet--start--1,tuplet,stamp,n7c37608736964359
ne0da522ac8b3cd49--tuplet--stop--1,ne0da522ac8b3cd49--tuplet--stop--1,tuplet,stamp,ne0da522ac8b3cd49
ncfea0326073449b1--slur--stop--1,ncfea0326073449b1--slur--stop--1,slur,stamp,ncfea0326073449b1
nbdec6579b1213a0b--strong-accent--1,,strong-accent,derive,nbdec6579b1213a0b
nf83fbc03853ad64a--slur--start--1,nf83fbc03853ad64a--slur--start--1,slur,stamp,nf83fbc03853ad64a
n1cdc71356dc1c976--tuplet--start--1,n1cdc71356dc1c976--tuplet--start--1,tuplet,stamp,n1cdc71356dc1c976
n811cce512f305bab--tuplet--stop--1,n811cce512f305bab--tuplet--stop--1,tuplet,stamp,n811cce512f305bab
n06afd7aff1ad7e37--tuplet--start--1,n06afd7aff1ad7e37--tuplet--start--1,tuplet,stamp,n06afd7aff1ad7e37
nb27d809ce1136bdc--tuplet--stop--1,nb27d809ce1136bdc--tuplet--stop--1,tuplet,stamp,nb27d809ce1136bdc
n410ac2eaabf9e314--tuplet--start--1,n410ac2eaabf9e314--tuplet--start--1,tuplet,stamp,n410ac2eaabf9e314
n1f4f99af16b3b075--tuplet--stop--1,n1f4f99af16b3b075--tuplet--stop--1,tuplet,stamp,n1f4f99af16b3b075
n776ecb6b8eebe57f--slur--stop--1,n776ecb6b8eebe57f--slur--stop--1,slur,stamp,n776ecb6b8eebe57f
n776ecb6b8eebe57f--staccato--1,,staccato,derive,n776ecb6b8eebe57f
ea1afe948dc1fefc5,ea1afe948dc1fefc5,octave-shift,md,1
e2ece963030f6872d,e2ece963030f6872d,octave-shift,md,1
nfdea6ca8ed8e2013--slur--start--1,nfdea6ca8ed8e2013--slur--start--1,slur,stamp,nfdea6ca8ed8e2013
nbd1a37c9549795a7--tuplet--start--1,nbd1a37c9549795a7--tuplet--start--1,tuplet,stamp,nbd1a37c9549795a7
n63d7e3282b211ced--tuplet--stop--1,n63d7e3282b211ced--tuplet--stop--1,tuplet,stamp,n63d7e3282b211ced
n83e53b498d0518de--tuplet--start--1,n83e53b498d0518de--tuplet--start--1,tuplet,stamp,n83e53b498d0518de
n32943379c9b60415--tuplet--stop--1,n32943379c9b60415--tuplet--stop--1,tuplet,stamp,n32943379c9b60415
nf4ddd0b35df1ff12--slur--stop--1,nf4ddd0b35df1ff12--slur--stop--1,slur,stamp,nf4ddd0b35df1ff12
n0dc0a4e7ef2a38ed--strong-accent--1,,strong-accent,derive,n0dc0a4e7ef2a38ed
nf26e4589f4f319d9--slur--start--1,nf26e4589f4f319d9--slur--start--1,slur,stamp,nf26e4589f4f319d9
n45f10de5c9776813--tuplet--start--1,n45f10de5c9776813--tuplet--start--1,tuplet,stamp,n45f10de5c9776813
nbc8927294255653a--tuplet--stop--1,nbc8927294255653a--tuplet--stop--1,tuplet,stamp,nbc8927294255653a
nae79f06f4508e271--tuplet--start--1,nae79f06f4508e271--tuplet--start--1,tuplet,stamp,nae79f06f4508e271
nd968382515ccabb3--tuplet--stop--1,nd968382515ccabb3--tuplet--stop--1,tuplet,stamp,nd968382515ccabb3
nb4e361ccb303f693--slur--stop--1,nb4e361ccb303f693--slur--stop--1,slur,stamp,nb4e361ccb303f693
nb4e361ccb303f693--staccato--1,,staccato,derive,nb4e361ccb303f693
n5ea6d34c298ed577--accent--1,,accent,derive,n5ea6d34c298ed577
n83ae424d22503fd1--accent--1,,accent,derive,n83ae424d22503fd1
n6a3c03dd025cb100--strong-accent--1,,strong-accent,derive,n6a3c03dd025cb100
efd576b220a894e59,efd576b220a894e59,octave-shift,md,1
e9349bddb3de1172a,e9349bddb3de1172a,octave-shift,md,1
n8e045c04d0030550--slur--start--1,n8e045c04d0030550--slur--start--1,slur,stamp,n8e045c04d0030550
n3a4e2e62ea77b16b--tuplet--start--1,n3a4e2e62ea77b16b--tuplet--start--1,tuplet,stamp,n3a4e2e62ea77b16b
n0165d33837020ed6--tuplet--stop--1,n0165d33837020ed6--tuplet--stop--1,tuplet,stamp,n0165d33837020ed6
n4d6a8b4c19c570bc--tuplet--start--1,n4d6a8b4c19c570bc--tuplet--start--1,tuplet,stamp,n4d6a8b4c19c570bc
naafdc99e3d43588d--tuplet--stop--1,naafdc99e3d43588d--tuplet--stop--1,tuplet,stamp,naafdc99e3d43588d
naafdc99e3d43588d--slur--stop--1,naafdc99e3d43588d--slur--stop--1,slur,stamp,naafdc99e3d43588d
ndbe2690247d90fc5--tuplet--start--1,ndbe2690247d90fc5--tuplet--start--1,tuplet,stamp,ndbe2690247d90fc5
ndbe2690247d90fc5--slur--start--1,ndbe2690247d90fc5--slur--start--1,slur,stamp,ndbe2690247d90fc5
ndbe2690247d90fc5--strong-accent--1,,strong-accent,derive,ndbe2690247d90fc5
n7d4f173a8749ae02--tuplet--stop--1,n7d4f173a8749ae02--tuplet--stop--1,tuplet,stamp,n7d4f173a8749ae02
n7d4f173a8749ae02--slur--stop--1,n7d4f173a8749ae02--slur--stop--1,slur,stamp,n7d4f173a8749ae02
n4889188abe4ae82c--strong-accent--1,,strong-accent,derive,n4889188abe4ae82c
n9c8557df1c99886d--slur--start--1,n9c8557df1c99886d--slur--start--1,slur,stamp,n9c8557df1c99886d
n793ca322fac9fb5f--tuplet--start--1,n793ca322fac9fb5f--tuplet--start--1,tuplet,stamp,n793ca322fac9fb5f
n8d9f06e7937d65e4--tuplet--stop--1,n8d9f06e7937d65e4--tuplet--stop--1,tuplet,stamp,n8d9f06e7937d65e4
nbf043e436c377769--tuplet--start--1,nbf043e436c377769--tuplet--start--1,tuplet,stamp,nbf043e436c377769
n5e10275a3d9c36fe--tuplet--stop--1,n5e10275a3d9c36fe--tuplet--stop--1,tuplet,stamp,n5e10275a3d9c36fe
n5e10275a3d9c36fe--slur--stop--1,n5e10275a3d9c36fe--slur--stop--1,slur,stamp,n5e10275a3d9c36fe
n65e7d556aa4970cf--strong-accent--1,,strong-accent,derive,n65e7d556aa4970cf
nff49e03e3032f92d--strong-accent--1,,strong-accent,derive,nff49e03e3032f92d
e96341c4e7b7c7102,e96341c4e7b7c7102,octave-shift,md,1
eca0190d0a03f6777,eca0190d0a03f6777,octave-shift,md,1
nb87077b390b95b87--tie--1,,tie,derive,nb87077b390b95b87
nb87077b390b95b87--tied--start--1,nb87077b390b95b87--tied--start--1,tied,stamp,nb87077b390b95b87
nb87077b390b95b87--accent--1,,accent,derive,nb87077b390b95b87
nb1b36384b4019c23--tie--1,,tie,derive,nb1b36384b4019c23
nb1b36384b4019c23--tied--start--1,nb1b36384b4019c23--tied--start--1,tied,stamp,nb1b36384b4019c23
n890684528e477114--tie--1,,tie,derive,n890684528e477114
n890684528e477114--tied--stop--1,n890684528e477114--tied--stop--1,tied,stamp,n890684528e477114
n890684528e477114--tuplet--start--1,n890684528e477114--tuplet--start--1,tuplet,stamp,n890684528e477114
n51efcf901217a0c6--tie--1,,tie,derive,n51efcf901217a0c6
n51efcf901217a0c6--tied--stop--1,n51efcf901217a0c6--tied--stop--1,tied,stamp,n51efcf901217a0c6
ne03ed768257bd0ee--tie--1,,tie,derive,ne03ed768257bd0ee
ne03ed768257bd0ee--tied--start--1,ne03ed768257bd0ee--tied--start--1,tied,stamp,ne03ed768257bd0ee
ne03ed768257bd0ee--tuplet--stop--1,ne03ed768257bd0ee--tuplet--stop--1,tuplet,stamp,ne03ed768257bd0ee
n33f912f991d617f0--tie--1,,tie,derive,n33f912f991d617f0
n33f912f991d617f0--tied--start--1,n33f912f991d617f0--tied--start--1,tied,stamp,n33f912f991d617f0
nf3505dcca5cbb875--tie--1,,tie,derive,nf3505dcca5cbb875
nf3505dcca5cbb875--tied--stop--1,nf3505dcca5cbb875--tied--stop--1,tied,stamp,nf3505dcca5cbb875
nf3505dcca5cbb875--tuplet--start--1,nf3505dcca5cbb875--tuplet--start--1,tuplet,stamp,nf3505dcca5cbb875
naf0d6df6fbab4295--tie--1,,tie,derive,naf0d6df6fbab4295
naf0d6df6fbab4295--tied--stop--1,naf0d6df6fbab4295--tied--stop--1,tied,stamp,naf0d6df6fbab4295
nc2afd535f0f23c5a--tie--1,,tie,derive,nc2afd535f0f23c5a
nc2afd535f0f23c5a--tied--start--1,nc2afd535f0f23c5a--tied--start--1,tied,stamp,nc2afd535f0f23c5a
nc2afd535f0f23c5a--tuplet--stop--1,nc2afd535f0f23c5a--tuplet--stop--1,tuplet,stamp,nc2afd535f0f23c5a
n3fa0e57509ecd575--tie--1,,tie,derive,n3fa0e57509ecd575
n3fa0e57509ecd575--tied--start--1,n3fa0e57509ecd575--tied--start--1,tied,stamp,n3fa0e57509ecd575
n13835b1d3f0cd2c2--tie--1,,tie,derive,n13835b1d3f0cd2c2
n13835b1d3f0cd2c2--tied--stop--1,n13835b1d3f0cd2c2--tied--stop--1,tied,stamp,n13835b1d3f0cd2c2
n13835b1d3f0cd2c2--tuplet--start--1,n13835b1d3f0cd2c2--tuplet--start--1,tuplet,stamp,n13835b1d3f0cd2c2
n82b2a7a551375a96--tie--1,,tie,derive,n82b2a7a551375a96
n82b2a7a551375a96--tied--stop--1,n82b2a7a551375a96--tied--stop--1,tied,stamp,n82b2a7a551375a96
n21d3aa0942bd96d1--tie--1,,tie,derive,n21d3aa0942bd96d1
n21d3aa0942bd96d1--tied--start--1,n21d3aa0942bd96d1--tied--start--1,tied,stamp,n21d3aa0942bd96d1
n21d3aa0942bd96d1--tuplet--stop--1,n21d3aa0942bd96d1--tuplet--stop--1,tuplet,stamp,n21d3aa0942bd96d1
n75a5d6c168c0f42e--tie--1,,tie,derive,n75a5d6c168c0f42e
n75a5d6c168c0f42e--tied--start--1,n75a5d6c168c0f42e--tied--start--1,tied,stamp,n75a5d6c168c0f42e
nd89796c587b131c7--strong-accent--1,,strong-accent,derive,nd89796c587b131c7
n8e0882222cfb867c--tuplet--start--1,n8e0882222cfb867c--tuplet--start--1,tuplet,stamp,n8e0882222cfb867c
n8e0882222cfb867c--staccato--1,,staccato,derive,n8e0882222cfb867c
n16f64ea0b2721b5a--tuplet--stop--1,n16f64ea0b2721b5a--tuplet--stop--1,tuplet,stamp,n16f64ea0b2721b5a
n16f64ea0b2721b5a--staccato--1,,staccato,derive,n16f64ea0b2721b5a
nb3f9f64cb1ee333a--tuplet--start--1,nb3f9f64cb1ee333a--tuplet--start--1,tuplet,stamp,nb3f9f64cb1ee333a
nb3f9f64cb1ee333a--staccato--1,,staccato,derive,nb3f9f64cb1ee333a
n3eee2ac58d983497--tuplet--stop--1,n3eee2ac58d983497--tuplet--stop--1,tuplet,stamp,n3eee2ac58d983497
n3eee2ac58d983497--staccato--1,,staccato,derive,n3eee2ac58d983497
nd2a82403487b6158--tuplet--start--1,nd2a82403487b6158--tuplet--start--1,tuplet,stamp,nd2a82403487b6158
nd2a82403487b6158--staccato--1,,staccato,derive,nd2a82403487b6158
n311075dad534c35a--tuplet--stop--1,n311075dad534c35a--tuplet--stop--1,tuplet,stamp,n311075dad534c35a
n311075dad534c35a--staccato--1,,staccato,derive,n311075dad534c35a
e74abaeeb55d88bb6,,other-direction,md,1
efc71d6ba6f78096b,efc71d6ba6f78096b,dynamics,md,1
ee9a1d331524223fc,ee9a1d331524223fc,wedge,md,1
n51a51d23fd40744a--tie--1,,tie,derive,n51a51d23fd40744a
n51a51d23fd40744a--tied--stop--1,n51a51d23fd40744a--tied--stop--1,tied,stamp,n51a51d23fd40744a
n51a51d23fd40744a--tuplet--start--1,n51a51d23fd40744a--tuplet--start--1,tuplet,stamp,n51a51d23fd40744a
n80b5efa879c3ae3e--tie--1,,tie,derive,n80b5efa879c3ae3e
n80b5efa879c3ae3e--tied--stop--1,n80b5efa879c3ae3e--tied--stop--1,tied,stamp,n80b5efa879c3ae3e
n5e30a1e5eaf45b19--tie--1,,tie,derive,n5e30a1e5eaf45b19
n5e30a1e5eaf45b19--tied--start--1,n5e30a1e5eaf45b19--tied--start--1,tied,stamp,n5e30a1e5eaf45b19
n5e30a1e5eaf45b19--tuplet--stop--1,n5e30a1e5eaf45b19--tuplet--stop--1,tuplet,stamp,n5e30a1e5eaf45b19
ndf71e2eb5569a352--tie--1,,tie,derive,ndf71e2eb5569a352
ndf71e2eb5569a352--tied--start--1,ndf71e2eb5569a352--tied--start--1,tied,stamp,ndf71e2eb5569a352
n77c2488e45fc9df1--tie--1,,tie,derive,n77c2488e45fc9df1
n77c2488e45fc9df1--tied--stop--1,n77c2488e45fc9df1--tied--stop--1,tied,stamp,n77c2488e45fc9df1
n77c2488e45fc9df1--tuplet--start--1,n77c2488e45fc9df1--tuplet--start--1,tuplet,stamp,n77c2488e45fc9df1
nb32b78ed324bddcb--tie--1,,tie,derive,nb32b78ed324bddcb
nb32b78ed324bddcb--tied--stop--1,nb32b78ed324bddcb--tied--stop--1,tied,stamp,nb32b78ed324bddcb
n2e22169959662552--tie--1,,tie,derive,n2e22169959662552
n2e22169959662552--tied--start--1,n2e22169959662552--tied--start--1,tied,stamp,n2e22169959662552
n2e22169959662552--tuplet--stop--1,n2e22169959662552--tuplet--stop--1,tuplet,stamp,n2e22169959662552
n830d82f3b48c03e4--tie--1,,tie,derive,n830d82f3b48c03e4
n830d82f3b48c03e4--tied--start--1,n830d82f3b48c03e4--tied--start--1,tied,stamp,n830d82f3b48c03e4
n610612e393563ee4--tie--1,,tie,derive,n610612e393563ee4
n610612e393563ee4--tied--stop--1,n610612e393563ee4--tied--stop--1,tied,stamp,n610612e393563ee4
n610612e393563ee4--tuplet--start--1,n610612e393563ee4--tuplet--start--1,tuplet,stamp,n610612e393563ee4
nebae3eafafa13811--tie--1,,tie,derive,nebae3eafafa13811
nebae3eafafa13811--tied--stop--1,nebae3eafafa13811--tied--stop--1,tied,stamp,nebae3eafafa13811
ne4b8457b3f838be4--tie--1,,tie,derive,ne4b8457b3f838be4
ne4b8457b3f838be4--tied--start--1,ne4b8457b3f838be4--tied--start--1,tied,stamp,ne4b8457b3f838be4
ne4b8457b3f838be4--tuplet--stop--1,ne4b8457b3f838be4--tuplet--stop--1,tuplet,stamp,ne4b8457b3f838be4
n92c7e304a47c7d38--tie--1,,tie,derive,n92c7e304a47c7d38
n92c7e304a47c7d38--tied--start--1,n92c7e304a47c7d38--tied--start--1,tied,stamp,n92c7e304a47c7d38
n2aac8f2ecb21543d--tie--1,,tie,derive,n2aac8f2ecb21543d
n2aac8f2ecb21543d--tied--stop--1,n2aac8f2ecb21543d--tied--stop--1,tied,stamp,n2aac8f2ecb21543d
n2aac8f2ecb21543d--tuplet--start--1,n2aac8f2ecb21543d--tuplet--start--1,tuplet,stamp,n2aac8f2ecb21543d
n1a138a782723f3b0--tie--1,,tie,derive,n1a138a782723f3b0
n1a138a782723f3b0--tied--stop--1,n1a138a782723f3b0--tied--stop--1,tied,stamp,n1a138a782723f3b0
nf326aeda59421796--tuplet--stop--1,nf326aeda59421796--tuplet--stop--1,tuplet,stamp,nf326aeda59421796
n4d00514b7c7577a7--tuplet--start--1,n4d00514b7c7577a7--tuplet--start--1,tuplet,stamp,n4d00514b7c7577a7
n4d00514b7c7577a7--staccato--1,,staccato,derive,n4d00514b7c7577a7
n7d7ea1af374c545f--tuplet--stop--1,n7d7ea1af374c545f--tuplet--stop--1,tuplet,stamp,n7d7ea1af374c545f
n7d7ea1af374c545f--staccato--1,,staccato,derive,n7d7ea1af374c545f
n74d65e04185d7cc0--tuplet--start--1,n74d65e04185d7cc0--tuplet--start--1,tuplet,stamp,n74d65e04185d7cc0
n74d65e04185d7cc0--staccato--1,,staccato,derive,n74d65e04185d7cc0
n51518028880e4d28--tuplet--stop--1,n51518028880e4d28--tuplet--stop--1,tuplet,stamp,n51518028880e4d28
n51518028880e4d28--staccato--1,,staccato,derive,n51518028880e4d28
n8fd1ebab15d62c79--tuplet--start--1,n8fd1ebab15d62c79--tuplet--start--1,tuplet,stamp,n8fd1ebab15d62c79
n8fd1ebab15d62c79--staccato--1,,staccato,derive,n8fd1ebab15d62c79
nf08cac0ee3175690--tuplet--stop--1,nf08cac0ee3175690--tuplet--stop--1,tuplet,stamp,nf08cac0ee3175690
nf08cac0ee3175690--staccato--1,,staccato,derive,nf08cac0ee3175690
nfbc05c93efbc429b--tuplet--start--1,nfbc05c93efbc429b--tuplet--start--1,tuplet,stamp,nfbc05c93efbc429b
nfbc05c93efbc429b--staccato--1,,staccato,derive,nfbc05c93efbc429b
n6c892d858d4967fb--tuplet--stop--1,n6c892d858d4967fb--tuplet--stop--1,tuplet,stamp,n6c892d858d4967fb
n6c892d858d4967fb--staccato--1,,staccato,derive,n6c892d858d4967fb
e91125f7c839b52f3,e91125f7c839b52f3,wedge,md,1
e8c9536ec878471e9,e8c9536ec878471e9,octave-shift,md,1
e78d2d4bea9008230,e78d2d4bea9008230,wedge,md,1
e9a9aeb19d71bf95e,e9a9aeb19d71bf95e,wedge,md,1
nc4a5f6d8605e8c37--staccato--1,,staccato,derive,nc4a5f6d8605e8c37
nc7508a6d41cd9120--slur--start--1,nc7508a6d41cd9120--slur--start--1,slur,stamp,nc7508a6d41cd9120
n86ff227100b8d0c6--slur--stop--1,n86ff227100b8d0c6--slur--stop--1,slur,stamp,n86ff227100b8d0c6
e63ec5c81ff49a070,e63ec5c81ff49a070,dynamics,md,1
e484caf7f2897a956,e484caf7f2897a956,octave-shift,md,1
edefa32ea0a8c4899,edefa32ea0a8c4899,words,md,1
e99f9821198882198,e99f9821198882198,dynamics,md,1
e53edc6c43c336010,e53edc6c43c336010,dynamics,md,2
n986320b6bf18cbf5--slur--start--1,n986320b6bf18cbf5--slur--start--1,slur,stamp,n986320b6bf18cbf5
n10a39845f433b853--slur--stop--1,n10a39845f433b853--slur--stop--1,slur,stamp,n10a39845f433b853
nac2e1468491f74e7--accent--1,,accent,derive,nac2e1468491f74e7
n30e3627a026ff201--slur--start--1,n30e3627a026ff201--slur--start--1,slur,stamp,n30e3627a026ff201
nf83243a34a0cce6c--slur--stop--1,nf83243a34a0cce6c--slur--stop--1,slur,stamp,nf83243a34a0cce6c
n73e1ad4559930d45--accent--1,,accent,derive,n73e1ad4559930d45
n0276edd8371a3827--slur--start--1,n0276edd8371a3827--slur--start--1,slur,stamp,n0276edd8371a3827
n19230574aa0c0d03--tie--1,,tie,derive,n19230574aa0c0d03
n19230574aa0c0d03--tied--start--1,n19230574aa0c0d03--tied--start--1,tied,stamp,n19230574aa0c0d03
nf60217ea22fb51a7--tie--1,,tie,derive,nf60217ea22fb51a7
nf60217ea22fb51a7--tied--stop--1,nf60217ea22fb51a7--tied--stop--1,tied,stamp,nf60217ea22fb51a7
n1877c98b2a89a21c--tie--1,,tie,derive,n1877c98b2a89a21c
n1877c98b2a89a21c--tied--start--1,n1877c98b2a89a21c--tied--start--1,tied,stamp,n1877c98b2a89a21c
n823c82826db1b403--tenuto--1,,tenuto,derive,n823c82826db1b403
n9e21c61feaaccaaa--tie--1,,tie,derive,n9e21c61feaaccaaa
n9e21c61feaaccaaa--tied--start--1,n9e21c61feaaccaaa--tied--start--1,tied,stamp,n9e21c61feaaccaaa
n09cfcb5939a410b9--tie--1,,tie,derive,n09cfcb5939a410b9
n09cfcb5939a410b9--tie--2,,tie,derive,n09cfcb5939a410b9
n09cfcb5939a410b9--tied--stop--1,n09cfcb5939a410b9--tied--stop--1,tied,stamp,n09cfcb5939a410b9
n09cfcb5939a410b9--tied--start--2,n09cfcb5939a410b9--tied--start--2,tied,stamp,n09cfcb5939a410b9
e1107dc2bc93496e0,e1107dc2bc93496e0,words,md,1
e9f4d99d4da76b90c,e9f4d99d4da76b90c,words,md,1
ee5c7a0f2c9f439b7,ee5c7a0f2c9f439b7,words,md,2
e88a322c059cd1950,e88a322c059cd1950,words,md,2
n59b0d32ce0f39b7b--slur--start--1,n59b0d32ce0f39b7b--slur--start--1,slur,stamp,n59b0d32ce0f39b7b
n7d39f94295f7ec5a--slur--stop--1,n7d39f94295f7ec5a--slur--stop--1,slur,stamp,n7d39f94295f7ec5a
n3db79d42343fc1fd--slur--stop--1,n3db79d42343fc1fd--slur--stop--1,slur,stamp,n3db79d42343fc1fd
n1e92e0b48ffe8f0a--tie--1,,tie,derive,n1e92e0b48ffe8f0a
n1e92e0b48ffe8f0a--tied--stop--1,n1e92e0b48ffe8f0a--tied--stop--1,tied,stamp,n1e92e0b48ffe8f0a
nd830ff284c1381eb--tie--1,,tie,derive,nd830ff284c1381eb
nd830ff284c1381eb--tied--start--1,nd830ff284c1381eb--tied--start--1,tied,stamp,nd830ff284c1381eb
n7759dca3fbff3367--tie--1,,tie,derive,n7759dca3fbff3367
n7759dca3fbff3367--tied--stop--1,n7759dca3fbff3367--tied--stop--1,tied,stamp,n7759dca3fbff3367
nebd0fafe1d986859--slur--start--1,nebd0fafe1d986859--slur--start--1,slur,stamp,nebd0fafe1d986859
nd887c60828903417--tie--1,,tie,derive,nd887c60828903417
nd887c60828903417--tied--stop--1,nd887c60828903417--tied--stop--1,tied,stamp,nd887c60828903417
nf5f7e1ecf3ed01f8--tie--1,,tie,derive,nf5f7e1ecf3ed01f8
nf5f7e1ecf3ed01f8--tied--start--1,nf5f7e1ecf3ed01f8--tied--start--1,tied,stamp,nf5f7e1ecf3ed01f8
n838795e77b46d9bb--tie--1,,tie,derive,n838795e77b46d9bb
n838795e77b46d9bb--tie--2,,tie,derive,n838795e77b46d9bb
n838795e77b46d9bb--tied--stop--1,n838795e77b46d9bb--tied--stop--1,tied,stamp,n838795e77b46d9bb
n838795e77b46d9bb--tied--start--2,n838795e77b46d9bb--tied--start--2,tied,stamp,n838795e77b46d9bb
ndef3597da5e07ab7--tie--1,,tie,derive,ndef3597da5e07ab7
ndef3597da5e07ab7--tied--start--1,ndef3597da5e07ab7--tied--start--1,tied,stamp,ndef3597da5e07ab7
n020c9c6d68caa400--slur--start--1,n020c9c6d68caa400--slur--start--1,slur,stamp,n020c9c6d68caa400
n54360ce798b3c7a2--slur--stop--1,n54360ce798b3c7a2--slur--stop--1,slur,stamp,n54360ce798b3c7a2
n54360ce798b3c7a2--slur--start--2,n54360ce798b3c7a2--slur--start--2,slur,stamp,n54360ce798b3c7a2
ncfff837ff1ec9e86--slur--stop--1,ncfff837ff1ec9e86--slur--stop--1,slur,stamp,ncfff837ff1ec9e86
n9f0cc8e35b27544a--slur--stop--1,n9f0cc8e35b27544a--slur--stop--1,slur,stamp,n9f0cc8e35b27544a
nd2382dc75fb19f10--tie--1,,tie,derive,nd2382dc75fb19f10
nd2382dc75fb19f10--tied--start--1,nd2382dc75fb19f10--tied--start--1,tied,stamp,nd2382dc75fb19f10
nfbdcead3b9485bb9--tie--1,,tie,derive,nfbdcead3b9485bb9
nfbdcead3b9485bb9--tied--stop--1,nfbdcead3b9485bb9--tied--stop--1,tied,stamp,nfbdcead3b9485bb9
n69e3e8596ef6ec15--tie--1,,tie,derive,n69e3e8596ef6ec15
n69e3e8596ef6ec15--tied--start--1,n69e3e8596ef6ec15--tied--start--1,tied,stamp,n69e3e8596ef6ec15
n227f8201ab796bd2--tie--1,,tie,derive,n227f8201ab796bd2
n227f8201ab796bd2--tied--stop--1,n227f8201ab796bd2--tied--stop--1,tied,stamp,n227f8201ab796bd2
nfd3d2e263e1a9d80--tie--1,,tie,derive,nfd3d2e263e1a9d80
nfd3d2e263e1a9d80--tied--start--1,nfd3d2e263e1a9d80--tied--start--1,tied,stamp,nfd3d2e263e1a9d80
n98e8ecfdf62a4fc2--tie--1,,tie,derive,n98e8ecfdf62a4fc2
n98e8ecfdf62a4fc2--tie--2,,tie,derive,n98e8ecfdf62a4fc2
n98e8ecfdf62a4fc2--tied--stop--1,n98e8ecfdf62a4fc2--tied--stop--1,tied,stamp,n98e8ecfdf62a4fc2
n98e8ecfdf62a4fc2--tied--start--2,n98e8ecfdf62a4fc2--tied--start--2,tied,stamp,n98e8ecfdf62a4fc2
n46b82f45b65259b7--tie--1,,tie,derive,n46b82f45b65259b7
n46b82f45b65259b7--tied--stop--1,n46b82f45b65259b7--tied--stop--1,tied,stamp,n46b82f45b65259b7
n67fafb933a97e593--tie--1,,tie,derive,n67fafb933a97e593
n67fafb933a97e593--tied--start--1,n67fafb933a97e593--tied--start--1,tied,stamp,n67fafb933a97e593
e240d875bea4b59f7,e240d875bea4b59f7,wedge,md,2
ncfefcd3ac38b12ba--slur--start--1,ncfefcd3ac38b12ba--slur--start--1,slur,stamp,ncfefcd3ac38b12ba
n29b01d6294c96052--slur--stop--1,n29b01d6294c96052--slur--stop--1,slur,stamp,n29b01d6294c96052
n29b01d6294c96052--slur--start--2,n29b01d6294c96052--slur--start--2,slur,stamp,n29b01d6294c96052
n28c60509133c3687--tie--1,,tie,derive,n28c60509133c3687
n28c60509133c3687--tied--stop--1,n28c60509133c3687--tied--stop--1,tied,stamp,n28c60509133c3687
n133ca7ec7ff0e69e--tie--1,,tie,derive,n133ca7ec7ff0e69e
n133ca7ec7ff0e69e--tied--stop--1,n133ca7ec7ff0e69e--tied--stop--1,tied,stamp,n133ca7ec7ff0e69e
n85232073a0d29ac7--tie--1,,tie,derive,n85232073a0d29ac7
n85232073a0d29ac7--tied--stop--1,n85232073a0d29ac7--tied--stop--1,tied,stamp,n85232073a0d29ac7
n21db2f56b0a30709--staccato--1,,staccato,derive,n21db2f56b0a30709
n03b473025b56cc4f--tie--1,,tie,derive,n03b473025b56cc4f
n03b473025b56cc4f--tied--start--1,n03b473025b56cc4f--tied--start--1,tied,stamp,n03b473025b56cc4f
n5c4706955c6112b8--tie--1,,tie,derive,n5c4706955c6112b8
n5c4706955c6112b8--tied--stop--1,n5c4706955c6112b8--tied--stop--1,tied,stamp,n5c4706955c6112b8
n5c4706955c6112b8--slur--stop--1,n5c4706955c6112b8--slur--stop--1,slur,stamp,n5c4706955c6112b8
n8dfcc221751b61de--tie--1,,tie,derive,n8dfcc221751b61de
n8dfcc221751b61de--tied--start--1,n8dfcc221751b61de--tied--start--1,tied,stamp,n8dfcc221751b61de
ne71601e574e36994--tie--1,,tie,derive,ne71601e574e36994
ne71601e574e36994--tied--stop--1,ne71601e574e36994--tied--stop--1,tied,stamp,ne71601e574e36994
edf3e045933a79819,edf3e045933a79819,dynamics,md,1
n72890b5352240130--slur--start--1,n72890b5352240130--slur--start--1,slur,stamp,n72890b5352240130
n62f3a3fca3ef34dc--tuplet--start--1,n62f3a3fca3ef34dc--tuplet--start--1,tuplet,stamp,n62f3a3fca3ef34dc
n5ae1cbb4674ff057--tuplet--stop--1,n5ae1cbb4674ff057--tuplet--stop--1,tuplet,stamp,n5ae1cbb4674ff057
n5ae1cbb4674ff057--slur--stop--1,n5ae1cbb4674ff057--slur--stop--1,slur,stamp,n5ae1cbb4674ff057
n9f051fc8446ea36a--tie--1,,tie,derive,n9f051fc8446ea36a
n9f051fc8446ea36a--tied--start--1,n9f051fc8446ea36a--tied--start--1,tied,stamp,n9f051fc8446ea36a
nedfa59a404e4ee5c--tie--1,,tie,derive,nedfa59a404e4ee5c
nedfa59a404e4ee5c--tied--start--1,nedfa59a404e4ee5c--tied--start--1,tied,stamp,nedfa59a404e4ee5c
n9a73becca4b9aa84--tie--1,,tie,derive,n9a73becca4b9aa84
n9a73becca4b9aa84--tied--start--1,n9a73becca4b9aa84--tied--start--1,tied,stamp,n9a73becca4b9aa84
n8af10ce785cb87aa--tie--1,,tie,derive,n8af10ce785cb87aa
n8af10ce785cb87aa--tied--stop--1,n8af10ce785cb87aa--tied--stop--1,tied,stamp,n8af10ce785cb87aa
n080d30b2e8804e65--tie--1,,tie,derive,n080d30b2e8804e65
n080d30b2e8804e65--tied--stop--1,n080d30b2e8804e65--tied--stop--1,tied,stamp,n080d30b2e8804e65
n8692d8087e42db80--tie--1,,tie,derive,n8692d8087e42db80
n8692d8087e42db80--tied--stop--1,n8692d8087e42db80--tied--stop--1,tied,stamp,n8692d8087e42db80
n0f22b3e116c9c33b--tie--1,,tie,derive,n0f22b3e116c9c33b
n0f22b3e116c9c33b--tied--start--1,n0f22b3e116c9c33b--tied--start--1,tied,stamp,n0f22b3e116c9c33b
n0f22b3e116c9c33b--arpeggiate--1,n0f22b3e116c9c33b--arpeggiate--1,arpeggiate,stamp,n0f22b3e116c9c33b
nb3261bbf98bd41be--tie--1,,tie,derive,nb3261bbf98bd41be
nb3261bbf98bd41be--tied--start--1,nb3261bbf98bd41be--tied--start--1,tied,stamp,nb3261bbf98bd41be
nb3261bbf98bd41be--arpeggiate--1,nb3261bbf98bd41be--arpeggiate--1,arpeggiate,stamp,nb3261bbf98bd41be
nea396720c35062f0--tie--1,,tie,derive,nea396720c35062f0
nea396720c35062f0--tied--start--1,nea396720c35062f0--tied--start--1,tied,stamp,nea396720c35062f0
nea396720c35062f0--arpeggiate--1,nea396720c35062f0--arpeggiate--1,arpeggiate,stamp,nea396720c35062f0
n0c42afd35b439d29--tie--1,,tie,derive,n0c42afd35b439d29
n0c42afd35b439d29--tied--start--1,n0c42afd35b439d29--tied--start--1,tied,stamp,n0c42afd35b439d29
n0c42afd35b439d29--arpeggiate--1,n0c42afd35b439d29--arpeggiate--1,arpeggiate,stamp,n0c42afd35b439d29
n47cbbf0e30c33d96--tie--1,,tie,derive,n47cbbf0e30c33d96
n47cbbf0e30c33d96--tied--start--1,n47cbbf0e30c33d96--tied--start--1,tied,stamp,n47cbbf0e30c33d96
nb426bd4662b26687--tie--1,,tie,derive,nb426bd4662b26687
nb426bd4662b26687--tied--start--1,nb426bd4662b26687--tied--start--1,tied,stamp,nb426bd4662b26687
nebe72751ffc53d3a--tie--1,,tie,derive,nebe72751ffc53d3a
nebe72751ffc53d3a--tied--start--1,nebe72751ffc53d3a--tied--start--1,tied,stamp,nebe72751ffc53d3a
n62a5a09a7f77567c--tie--1,,tie,derive,n62a5a09a7f77567c
n62a5a09a7f77567c--tied--stop--1,n62a5a09a7f77567c--tied--stop--1,tied,stamp,n62a5a09a7f77567c
n077e0af0cc9000fc--accent--1,,accent,derive,n077e0af0cc9000fc
nd863a6b9a409c69f--tie--1,,tie,derive,nd863a6b9a409c69f
nd863a6b9a409c69f--tied--stop--1,nd863a6b9a409c69f--tied--stop--1,tied,stamp,nd863a6b9a409c69f
ne19941b7d71c1f05--tie--1,,tie,derive,ne19941b7d71c1f05
ne19941b7d71c1f05--tied--stop--1,ne19941b7d71c1f05--tied--stop--1,tied,stamp,ne19941b7d71c1f05
n05e3dee4773aa545--tie--1,,tie,derive,n05e3dee4773aa545
n05e3dee4773aa545--tied--stop--1,n05e3dee4773aa545--tied--stop--1,tied,stamp,n05e3dee4773aa545
n658cda3894a33668--tie--1,,tie,derive,n658cda3894a33668
n658cda3894a33668--tied--start--1,n658cda3894a33668--tied--start--1,tied,stamp,n658cda3894a33668
n658cda3894a33668--accent--1,,accent,derive,n658cda3894a33668
n658cda3894a33668--arpeggiate--1,n658cda3894a33668--arpeggiate--1,arpeggiate,stamp,n658cda3894a33668
n46dfb7f018cb7088--tie--1,,tie,derive,n46dfb7f018cb7088
n46dfb7f018cb7088--tied--start--1,n46dfb7f018cb7088--tied--start--1,tied,stamp,n46dfb7f018cb7088
n46dfb7f018cb7088--arpeggiate--1,n46dfb7f018cb7088--arpeggiate--1,arpeggiate,stamp,n46dfb7f018cb7088
ne94c956792858042--tie--1,,tie,derive,ne94c956792858042
ne94c956792858042--tied--start--1,ne94c956792858042--tied--start--1,tied,stamp,ne94c956792858042
ne94c956792858042--arpeggiate--1,ne94c956792858042--arpeggiate--1,arpeggiate,stamp,ne94c956792858042
n57e96837fddbb4da--tie--1,,tie,derive,n57e96837fddbb4da
n57e96837fddbb4da--tied--stop--1,n57e96837fddbb4da--tied--stop--1,tied,stamp,n57e96837fddbb4da
ncd0996f9eb6bc8af--tie--1,,tie,derive,ncd0996f9eb6bc8af
ncd0996f9eb6bc8af--tied--stop--1,ncd0996f9eb6bc8af--tied--stop--1,tied,stamp,ncd0996f9eb6bc8af
na3a2c30df3e60d0d--tie--1,,tie,derive,na3a2c30df3e60d0d
na3a2c30df3e60d0d--tied--stop--1,na3a2c30df3e60d0d--tied--stop--1,tied,stamp,na3a2c30df3e60d0d
ne374a360be299e04--tie--1,,tie,derive,ne374a360be299e04
ne374a360be299e04--tied--start--1,ne374a360be299e04--tied--start--1,tied,stamp,ne374a360be299e04
ne374a360be299e04--accent--1,,accent,derive,ne374a360be299e04
n7160866887ffbbfa--tie--1,,tie,derive,n7160866887ffbbfa
n7160866887ffbbfa--tied--start--1,n7160866887ffbbfa--tied--start--1,tied,stamp,n7160866887ffbbfa
n07acc64bc2a55fd8--tie--1,,tie,derive,n07acc64bc2a55fd8
n07acc64bc2a55fd8--tied--start--1,n07acc64bc2a55fd8--tied--start--1,tied,stamp,n07acc64bc2a55fd8
ncc16f9e48440d2be--tie--1,,tie,derive,ncc16f9e48440d2be
ncc16f9e48440d2be--tied--stop--1,ncc16f9e48440d2be--tied--stop--1,tied,stamp,ncc16f9e48440d2be
ncc16f9e48440d2be--fermata--upright--1,ncc16f9e48440d2be--fermata--upright--1,fermata,stamp,ncc16f9e48440d2be
nb698fc443994d61e--tie--1,,tie,derive,nb698fc443994d61e
nb698fc443994d61e--tied--stop--1,nb698fc443994d61e--tied--stop--1,tied,stamp,nb698fc443994d61e
n73578e759b542ad3--tie--1,,tie,derive,n73578e759b542ad3
n73578e759b542ad3--tied--stop--1,n73578e759b542ad3--tied--stop--1,tied,stamp,n73578e759b542ad3
nc464e1619269f304--tie--1,,tie,derive,nc464e1619269f304
nc464e1619269f304--tied--stop--1,nc464e1619269f304--tied--stop--1,tied,stamp,nc464e1619269f304
nc464e1619269f304--fermata--upright--1,nc464e1619269f304--fermata--upright--1,fermata,stamp,nc464e1619269f304
n38e4c5b88f312d47--tie--1,,tie,derive,n38e4c5b88f312d47
n38e4c5b88f312d47--tied--stop--1,n38e4c5b88f312d47--tied--stop--1,tied,stamp,n38e4c5b88f312d47
n6ddeb0d2b8afc7e6--tie--1,,tie,derive,n6ddeb0d2b8afc7e6
n6ddeb0d2b8afc7e6--tied--stop--1,n6ddeb0d2b8afc7e6--tied--stop--1,tied,stamp,n6ddeb0d2b8afc7e6
ed56bc54db20cf798,ed56bc54db20cf798,dynamics,md,1
