note_id,original_id,printed_bar
n7af6b3c1b72febd1,n7af6b3c1b72febd1,0
n842d1e5ad2d8839d,n842d1e5ad2d8839d,0
ncae0e7ec3634d539,ncae0e7ec3634d539,1
nee683076c4ab0f1b,nee683076c4ab0f1b,1
nddcefa34d7421bed,nddcefa34d7421bed,1
n05bcd9253d2388a3,n05bcd9253d2388a3,1
n328a6f88d8219602,n328a6f88d8219602,1
n938e726d075811c9,n938e726d075811c9,1
n6e5ecca6ce2d78cb,n6e5ecca6ce2d78cb,1
n2b3812a5eb42c7d3,n2b3812a5eb42c7d3,1
ne86a0a8b3269af1a,ne86a0a8b3269af1a,1
n2cdc9dd33b10ff7d,n2cdc9dd33b10ff7d,1
n63ec6c04ab0ecd46,n63ec6c04ab0ecd46,1
ndfa32fa9dd9dd489,ndfa32fa9dd9dd489,1
n38baad269ecac27d,n38baad269ecac27d,1
nbe19bf272114759b,nbe19bf272114759b,1
n4ce34fb819a82448,n4ce34fb819a82448,1
n0492a10c66216e08,n0492a10c66216e08,1
nf43d35f122cb9420,nf43d35f122cb9420,1
n9f5e947a31c74a92,n9f5e947a31c74a92,1
nf5085195266f6fc1,nf5085195266f6fc1,1
ne4eaf18ed3e06c61,ne4eaf18ed3e06c61,2
nb5da92dd0147e4cc,nb5da92dd0147e4cc,2
ne0e7f5920e6d6137,ne0e7f5920e6d6137,2
n57a30dbfe1a19acd,n57a30dbfe1a19acd,2
n2b7ab5ce2be3b3dd,n2b7ab5ce2be3b3dd,2
nbcfbf9bdb26b9833,nbcfbf9bdb26b9833,2
nb2cb00f2d66705c2,nb2cb00f2d66705c2,2
n82d0f056ba8bc718,n82d0f056ba8bc718,2
n968fe583e4704b1c,n968fe583e4704b1c,2
n55ad7140b05f5587,n55ad7140b05f5587,2
n3f1b57c3590d0059,n3f1b57c3590d0059,2
n57f00c640fba6d33,n57f00c640fba6d33,2
n1d368b94f87b27a9,n1d368b94f87b27a9,2
nfe883c0bcc3da250,nfe883c0bcc3da250,2
n97e90019524a6922,n97e90019524a6922,2
n53e7e54d6f601a66,n53e7e54d6f601a66,2
n561f28a1bddfb0e7,n561f28a1bddfb0e7,2
n9f884e1be8ddb312,n9f884e1be8ddb312,2
ncd4c6181959673d0,ncd4c6181959673d0,2
na9b3fff5f538b8be,na9b3fff5f538b8be,3
ndf3ae15ec11253a0,ndf3ae15ec11253a0,3
ndd3e672281dbe3e1,ndd3e672281dbe3e1,3
n221a10984cba0173,n221a10984cba0173,3
ndaae27c847b80f12,ndaae27c847b80f12,3
nb878ca18c25de4e4,nb878ca18c25de4e4,3
nfb5111631b2a0dd5,nfb5111631b2a0dd5,3
nfa7bfba53d6c3759,nfa7bfba53d6c3759,3
n130e5ce69ffe53da,n130e5ce69ffe53da,3
nc6873332d446372d,nc6873332d446372d,3
n888a96e1ed7609e9,n888a96e1ed7609e9,3
nd22b42d90aecfd28,nd22b42d90aecfd28,3
nc3179f2d1e5d6bc4,nc3179f2d1e5d6bc4,3
nf1c50c4a43d0722f,nf1c50c4a43d0722f,3
nb0ba9e563024333c,nb0ba9e563024333c,3
n05fc0a82a22c7599,n05fc0a82a22c7599,3
n1a3a1353078a5596,n1a3a1353078a5596,3
n6c4084c6f4b54d11,n6c4084c6f4b54d11,3
n632904681b610953,n632904681b610953,3
n1f82ec778b8ac1f4,n1f82ec778b8ac1f4,3
n03254132cb4ade5c,n03254132cb4ade5c,3
nb2c39119615c82cb,nb2c39119615c82cb,3
nd55fdaa06b53944b,nd55fdaa06b53944b,3
nb3a0ec32fc3be36e,nb3a0ec32fc3be36e,3
n8e59dfd2279a6d59,n8e59dfd2279a6d59,3
n7a67f123422695e8,n7a67f123422695e8,3
n32d83e69f5fdeff7,n32d83e69f5fdeff7,3
n839561be0d85dbb3,n839561be0d85dbb3,4
n94b3d152c8909140,n94b3d152c8909140,4
n6f7d7de1bee7bfb5,n6f7d7de1bee7bfb5,4
nedfdbebcdaba3a24,nedfdbebcdaba3a24,4
nb717cd65ea44b0f3,nb717cd65ea44b0f3,4
nc0ea4dc96812196b,nc0ea4dc96812196b,4
n14b1bcd870c1706d,n14b1bcd870c1706d,4
n6d997df7bbd05c28,n6d997df7bbd05c28,4
n2b00da3a9c986097,n2b00da3a9c986097,4
nc4b637f54dbd535f,nc4b637f54dbd535f,4
n4449110e374823d1,n4449110e374823d1,4
nd57b5e2c7bbd0e0f,nd57b5e2c7bbd0e0f,4
n577f40ef1c7e8af5,n577f40ef1c7e8af5,4
n6b182e8f6f09718c,n6b182e8f6f09718c,4
n3346010ee8c647a4,n3346010ee8c647a4,4
n014d08c3586cf6ce,n014d08c3586cf6ce,4
nd9dac86ce4e859f2,nd9dac86ce4e859f2,4
n29df3d59f286fc1f,n29df3d59f286fc1f,4
n2ffc5fa36abed8b9,n2ffc5fa36abed8b9,4
n0769f2e89e0b9cd6,n0769f2e89e0b9cd6,4
nc7cf90c0dc449fdd,nc7cf90c0dc449fdd,4
naddfa1ea382b4203,naddfa1ea382b4203,4
nf379ae7cff4a23d1,nf379ae7cff4a23d1,4
n169329d07945e133,n169329d07945e133,4
ndf4a26dc23655acd,ndf4a26dc23655acd,4
n00e195be79ee0de4,n00e195be79ee0de4,4
nd74c10de201ce25d,nd74c10de201ce25d,4
na8d1854e38b8143a,na8d1854e38b8143a,4
ne291feb268162aee,ne291feb268162aee,5
nea0f34daa5b8111d,nea0f34daa5b8111d,5
n84c18a044279c2f6,n84c18a044279c2f6,5
n33a45a783856ba1d,n33a45a783856ba1d,5
nb86294832bc613d0,nb86294832bc613d0,5
n1e075c311d8ebc16,n1e075c311d8ebc16,5
n8311d8e10a1b007e,n8311d8e10a1b007e,5
nfbd0ffc54fdea1eb,nfbd0ffc54fdea1eb,5
n93137eb978ab0da8,n93137eb978ab0da8,5
n3a8259b5b5a3d6e9,n3a8259b5b5a3d6e9,5
n2e1af57039f25e89,n2e1af57039f25e89,5
nc7ed917dfb1ba4b2,nc7ed917dfb1ba4b2,5
n65b6b304a7f21990,n65b6b304a7f21990,5
n7593ab33fcd5b5fb,n7593ab33fcd5b5fb,5
ncf36ccc07522048c,ncf36ccc07522048c,5
nbd2d8386a1741c59,nbd2d8386a1741c59,5
nf442b0ab974c645a,nf442b0ab974c645a,5
nfd7c2549312f6cf1,nfd7c2549312f6cf1,5
nc3ecd65fbb6b1001,nc3ecd65fbb6b1001,5
n20091767a8d331b7,n20091767a8d331b7,5
n3dff05b92c76f165,n3dff05b92c76f165,5
n7042a243410ccb27,n7042a243410ccb27,5
nb702a9f98369c655,nb702a9f98369c655,5
n0084eabb005300c7,n0084eabb005300c7,5
n8a63c0bacb69fa70,n8a63c0bacb69fa70,5
n8e9a85e7e95e2601,n8e9a85e7e95e2601,5
nd6da1cf57100dc29,nd6da1cf57100dc29,5
nefd68efd37580d35,nefd68efd37580d35,6
n4c14728c674a9cbc,n4c14728c674a9cbc,6
ne98b6ac31de061af,ne98b6ac31de061af,6
na4d9415387e4e50e,na4d9415387e4e50e,6
n8ba50d84239093e2,n8ba50d84239093e2,6
n197139b0be5fe259,n197139b0be5fe259,6
n1c8a505414a147ba,n1c8a505414a147ba,6
n8079334494b08c49,n8079334494b08c49,6
n2eb4e87bc84a70cf,n2eb4e87bc84a70cf,6
nf0da4c3a6d54de54,nf0da4c3a6d54de54,6
n18f8dbf6c422a5e0,n18f8dbf6c422a5e0,6
n7f0e8f9b70317432,n7f0e8f9b70317432,6
n30efe5306df7aabc,n30efe5306df7aabc,6
n8552ebfb3881e3fe,n8552ebfb3881e3fe,6
na51993e0e09dab7b,na51993e0e09dab7b,6
neb3782031ab6c4de,neb3782031ab6c4de,6
n9a3f1227bb708488,n9a3f1227bb708488,6
nfef688bad49b5bda,nfef688bad49b5bda,6
na076a78cb2a522f4,na076a78cb2a522f4,6
n785481161e388ff0,n785481161e388ff0,6
n5795c2eebfdccafe,n5795c2eebfdccafe,6
n473c30fa602982c8,n473c30fa602982c8,6
n4c1137e11598c36c,n4c1137e11598c36c,6
nc56047d701a6fbc4,nc56047d701a6fbc4,6
nf78dfc45485834f5,nf78dfc45485834f5,6
n564728b31eb5d504,n564728b31eb5d504,6
n1bef3812339ff269,n1bef3812339ff269,6
n87d25985335649be,n87d25985335649be,6
n1836180ce8ec9c62,n1836180ce8ec9c62,6
nd64c952328977505,nd64c952328977505,6
n3385b4c76df2d62b,n3385b4c76df2d62b,7
n2176f9024ff8a5b3,n2176f9024ff8a5b3,7
n3135a18641fbae9c,n3135a18641fbae9c,7
n8355a503a2d146a7,n8355a503a2d146a7,7
n7588c6ba6e61ca33,n7588c6ba6e61ca33,7
n92696085db9adeb3,n92696085db9adeb3,7
nf643868fc139feaf,nf643868fc139feaf,7
nb04187637ca6dc4f,nb04187637ca6dc4f,7
n3afe1b5ba5698e7d,n3afe1b5ba5698e7d,7
n0685a897a661121e,n0685a897a661121e,7
n08fa5ec2eba36242,n08fa5ec2eba36242,7
n7350a9c33a0f3384,n7350a9c33a0f3384,7
ne6dcfbe66e37e46b,ne6dcfbe66e37e46b,7
n99b05fc61d3b7d52,n99b05fc61d3b7d52,7
ne72e6d2cb6625032,ne72e6d2cb6625032,7
n7371b578a81f1f37,n7371b578a81f1f37,7
n55a2d198694a06db,n55a2d198694a06db,7
n068d8fbca1cf1701,n068d8fbca1cf1701,7
nf8beac11f6b40ca3,nf8beac11f6b40ca3,7
nd67777b5fecd3d2b,nd67777b5fecd3d2b,7
n6a4d5f1e3a90586f,n6a4d5f1e3a90586f,7
nc7b039c8b8f4c40b,nc7b039c8b8f4c40b,7
n57859d19ea57b70f,n57859d19ea57b70f,7
n9b51fd555d1ef9b0,n9b51fd555d1ef9b0,7
ncc53b885a745b48b,ncc53b885a745b48b,7
n1f49f462c4e82bdb,n1f49f462c4e82bdb,7
n042f50d020e35ad6,n042f50d020e35ad6,7
n0c7dae1fddef86ed,n0c7dae1fddef86ed,8
nbd22bd3530387bbe,nbd22bd3530387bbe,8
n48491fbf47f9b5ff,n48491fbf47f9b5ff,8
n0a76c01cc412733b,n0a76c01cc412733b,8
n21d351b413521233,n21d351b413521233,8
nf6a7ef6fa97368a0,nf6a7ef6fa97368a0,8
n0b1199aa27ae5566,n0b1199aa27ae5566,8
n6e95ed848d344771,n6e95ed848d344771,8
ncfc90282fc757f8f,ncfc90282fc757f8f,8
n6d185c97e05449bf,n6d185c97e05449bf,8
n78b9fbcfe877b9b2,n78b9fbcfe877b9b2,8
nd93eeb5a3ffd003c,nd93eeb5a3ffd003c,8
nf4547415229acf98,nf4547415229acf98,8
n3fa7b85bf337374d,n3fa7b85bf337374d,8
n5b35d503f8d4debd,n5b35d503f8d4debd,8
n837cd3b9ab266d93,n837cd3b9ab266d93,8
n374fee6565479adf,n374fee6565479adf,8
n63f64a0de00e889d,n63f64a0de00e889d,8
nfe7862701d6557c1,nfe7862701d6557c1,8
nc5d5d8dbab7d7923,nc5d5d8dbab7d7923,8
nfc45c58556d08c94,nfc45c58556d08c94,8
n96d7999d42961f72,n96d7999d42961f72,8
n2b83586daaa1f5f2,n2b83586daaa1f5f2,8
n05f05f4abd9725da,n05f05f4abd9725da,8
n040c43226b2ed746,n040c43226b2ed746,8
ndaf3667f099de996,ndaf3667f099de996,8
nc7f1c408f69afa05,nc7f1c408f69afa05,8
n2810749376c93621,n2810749376c93621,8
n74d573ae7a0fed95,n74d573ae7a0fed95,9
n58dd088c29b2e1d2,n58dd088c29b2e1d2,9
nfe8b2d13123f6161,nfe8b2d13123f6161,9
n0ffd69c8e56f9e1d,n0ffd69c8e56f9e1d,9
n023380fa05d7011c,n023380fa05d7011c,9
ne6dafdac0e5753b6,ne6dafdac0e5753b6,9
n694500252cd157b6,n694500252cd157b6,9
n47e4e5036a5568a7,n47e4e5036a5568a7,9
n3c67c88d094bd689,n3c67c88d094bd689,9
n04ecbf489de3de37,n04ecbf489de3de37,9
n255316dcc4e4740e,n255316dcc4e4740e,9
n42b00dca3002157e,n42b00dca3002157e,9
neb8a539b1036d2a2,neb8a539b1036d2a2,9
ncbeebcd17810a27a,ncbeebcd17810a27a,9
nc9e9f717d33a4fdf,nc9e9f717d33a4fdf,9
n9a417e3588449a0e,n9a417e3588449a0e,9
n2feefde724d3fa5b,n2feefde724d3fa5b,9
n62065fcef114dc36,n62065fcef114dc36,9
n2a145b6e09f03024,n2a145b6e09f03024,9
n4f89f4a31880e596,n4f89f4a31880e596,9
nc6c2da1d375e06e4,nc6c2da1d375e06e4,9
na6f794d8a3c8dabe,na6f794d8a3c8dabe,9
nc6eb7d474702f802,nc6eb7d474702f802,9
n80291cabd2d745c3,n80291cabd2d745c3,9
nea4aa187735e14b7,nea4aa187735e14b7,9
ndc751969ef287fb8,ndc751969ef287fb8,9
n64dda136c7a29c61,n64dda136c7a29c61,9
nc950d2dd8506e325,nc950d2dd8506e325,10
n924e8228ccd470db,n924e8228ccd470db,10
nc278e08d129855d6,nc278e08d129855d6,10
n8af83b9fa19f5bf8,n8af83b9fa19f5bf8,10
n2232b784bca9d561,n2232b784bca9d561,10
nde5b0a55a0baf4d6,nde5b0a55a0baf4d6,10
nfec47bbe17ee6176,nfec47bbe17ee6176,10
n7a03402b1dc9e93f,n7a03402b1dc9e93f,10
n1f617b19d59acb80,n1f617b19d59acb80,10
ne1809ae3e57aa6bf,ne1809ae3e57aa6bf,10
nb205e172d44e03b9,nb205e172d44e03b9,10
ncb9373dc9169efd7,ncb9373dc9169efd7,10
na31f95a960a0c5bb,na31f95a960a0c5bb,10
n7260d1311ddfbb6f,n7260d1311ddfbb6f,10
n1743314354a1c078,n1743314354a1c078,10
nd8e72010012837a3,nd8e72010012837a3,10
n84cc4cc43db0fec1,n84cc4cc43db0fec1,10
n559e495c839efe71,n559e495c839efe71,10
nb08df8e570af0dc0,nb08df8e570af0dc0,10
n4697f8fda8701b92,n4697f8fda8701b92,10
n252b04425f55503f,n252b04425f55503f,10
n374c848b0c469e40,n374c848b0c469e40,10
n7b605bfa6ce92c6f,n7b605bfa6ce92c6f,10
n103a6dc8eb9c369f,n103a6dc8eb9c369f,10
n32389708e25a2bf1,n32389708e25a2bf1,10
n54f25897779eaf83,n54f25897779eaf83,10
ned743a0340da3f1a,ned743a0340da3f1a,10
neb93e57dab1d7087,neb93e57dab1d7087,10
na400ddde36ef71db,na400ddde36ef71db,11
nb802e0c322be8e6e,nb802e0c322be8e6e,11
n672fe35825e98472,n672fe35825e98472,11
n73d2479bcb9632e7,n73d2479bcb9632e7,11
n624c76622e57a530,n624c76622e57a530,11
n4ef442d9f64ced66,n4ef442d9f64ced66,11
n4b88228b1352413a,n4b88228b1352413a,11
n2c098c8ba4e0f5d2,n2c098c8ba4e0f5d2,11
n608891d3511e61d1,n608891d3511e61d1,11
n6d608cd4a24eeb0c,n6d608cd4a24eeb0c,11
n1483435e27755685,n1483435e27755685,11
n4728d5b0932bdc1c,n4728d5b0932bdc1c,11
n9e03a6e0e7173540,n9e03a6e0e7173540,11
nf7922a1e19e35110,nf7922a1e19e35110,11
n06b70cc4611bd0af,n06b70cc4611bd0af,11
nb45c94e5e74877e5,nb45c94e5e74877e5,11
n01f6c275e58153de,n01f6c275e58153de,11
n1c44dc10f7664d7a,n1c44dc10f7664d7a,11
n50acb74293911a1e,n50acb74293911a1e,11
n8213078ec09311cc,n8213078ec09311cc,11
n10bbe01240ab99e9,n10bbe01240ab99e9,11
n6d7f07a0c0ab8186,n6d7f07a0c0ab8186,11
nad0fdb894aa6149b,nad0fdb894aa6149b,11
n2f7e48e28a6e2d37,n2f7e48e28a6e2d37,11
neb16f0ac74888ce5,neb16f0ac74888ce5,11
n005f9db57d058e4a,n005f9db57d058e4a,11
na70714e9f241a19e,na70714e9f241a19e,11
n7be9197076abec17,n7be9197076abec17,12
nb15ca29835dde08e,nb15ca29835dde08e,12
n2d758a13b4d87716,n2d758a13b4d87716,12
n118d2eabd8435533,n118d2eabd8435533,12
ndf963543ba5adad4,ndf963543ba5adad4,12
n74d5f06aafde76ae,n74d5f06aafde76ae,12
n05b9dc9fb012ffa9,n05b9dc9fb012ffa9,12
n09e0c26d48d0e313,n09e0c26d48d0e313,12
n8e49552e765abeee,n8e49552e765abeee,12
n240e7481c1072636,n240e7481c1072636,12
n5dc45af5d1ed302d,n5dc45af5d1ed302d,12
nc1661937cb2e8831,nc1661937cb2e8831,12
n3d3f7c3998abebcd,n3d3f7c3998abebcd,12
n4f348917e5f45b05,n4f348917e5f45b05,12
n1e7391899d95f41c,n1e7391899d95f41c,12
naba85104b8b3ad3e,naba85104b8b3ad3e,12
n71de48d1dae366b0,n71de48d1dae366b0,12
n6bc121e8cfbcc86f,n6bc121e8cfbcc86f,12
nb36daf149de41fce,nb36daf149de41fce,12
n19df7b79dda58787,n19df7b79dda58787,12
n2b03788ef6c21d81,n2b03788ef6c21d81,12
nd2c643f3d746701a,nd2c643f3d746701a,12
n4f64101bf226964d,n4f64101bf226964d,12
n909745921edad272,n909745921edad272,12
n505b362afd671873,n505b362afd671873,12
n0d328b1bb1d1d2e6,n0d328b1bb1d1d2e6,12
nc3da1350aa358713,nc3da1350aa358713,13
n2eb56867990fc0c6,n2eb56867990fc0c6,13
n00e1a5ffe70ce189,n00e1a5ffe70ce189,13
ndb518161f9581927,ndb518161f9581927,13
nc2c589c18a93d9be,nc2c589c18a93d9be,13
n10f45a76877a58c7,n10f45a76877a58c7,13
n6d7d7297a47f5abd,n6d7d7297a47f5abd,13
n1af724ef4ae8e6c3,n1af724ef4ae8e6c3,13
nf6761ffa30723356,nf6761ffa30723356,13
ncb971911b33754d5,ncb971911b33754d5,13
ndb935f5fb1fe18e0,ndb935f5fb1fe18e0,13
nf6901be6947b20ea,nf6901be6947b20ea,13
ne813f8f8cc971d9b,ne813f8f8cc971d9b,13
n0bae2ebd6a065a07,n0bae2ebd6a065a07,13
ndbca12d5e2f1c86b,ndbca12d5e2f1c86b,13
nb17a585e44e7fa42,nb17a585e44e7fa42,13
n89faa50e28851665,n89faa50e28851665,13
n3673ebf36fdc4675,n3673ebf36fdc4675,13
n90abfc2dff88b975,n90abfc2dff88b975,13
n2c4651bee328c049,n2c4651bee328c049,13
nb5c7a3f3dc7eeb0a,nb5c7a3f3dc7eeb0a,13
nbc3fb9d2380abf9c,nbc3fb9d2380abf9c,13
nf6f5e15b601a798a,nf6f5e15b601a798a,13
nfe582626ef5b4dc6,nfe582626ef5b4dc6,13
n4b29db75dc46b247,n4b29db75dc46b247,13
n98d5fa8fc4fcc7a8,n98d5fa8fc4fcc7a8,13
n551192a927139c4e,n551192a927139c4e,13
n13e496d8b0df6e6e,n13e496d8b0df6e6e,14
nb36a0d23d3dbadfe,nb36a0d23d3dbadfe,14
n8179fd4c007d1e3a,n8179fd4c007d1e3a,14
nab914cbfb4ebdff0,nab914cbfb4ebdff0,14
n7aeeb8fcde6f00b9,n7aeeb8fcde6f00b9,14
n110aa777ef573ecd,n110aa777ef573ecd,14
ne2ffda66b4e74129,ne2ffda66b4e74129,14
nf9819d4344371a92,nf9819d4344371a92,14
nf4ecfae2c1dbe4e2,nf4ecfae2c1dbe4e2,14
n9a00153681fded2c,n9a00153681fded2c,14
nc9f056a3e9d0f8d5,nc9f056a3e9d0f8d5,14
n3c046930c08c8289,n3c046930c08c8289,14
nb232355b1ea36505,nb232355b1ea36505,14
ncb941bfb7c438115,ncb941bfb7c438115,14
n5f8693b437fb687d,n5f8693b437fb687d,14
n48511285a5a972d7,n48511285a5a972d7,14
n5d2b37dce788a00f,n5d2b37dce788a00f,14
nced5a9d09541c9a8,nced5a9d09541c9a8,14
n1803ba73bd5656e8,n1803ba73bd5656e8,14
n4d81684157df9b99,n4d81684157df9b99,14
ncf5f6c86c0135796,ncf5f6c86c0135796,14
n1bcb48fa83a16e4a,n1bcb48fa83a16e4a,14
n27d24b960b97d704,n27d24b960b97d704,14
na23adb93e1a19cc1,na23adb93e1a19cc1,14
ncb06aeed26fac27c,ncb06aeed26fac27c,14
nd1dacf75b812710a,nd1dacf75b812710a,14
n7fe0eb091fca68e9,n7fe0eb091fca68e9,14
n960b6c9f3b5a8047,n960b6c9f3b5a8047,14
nd09aa718f00b4993,nd09aa718f00b4993,15
nef52e18996f17c3e,nef52e18996f17c3e,15
nb58c34836ef48c0e,nb58c34836ef48c0e,15
n02c60111ff94f750,n02c60111ff94f750,15
nb390bb99e17e0f49,nb390bb99e17e0f49,15
n9686f432f0fc037a,n9686f432f0fc037a,15
n8f266fccb3b9afad,n8f266fccb3b9afad,15
n5e320bcf65249b05,n5e320bcf65249b05,15
n8357adeaf258ff80,n8357adeaf258ff80,15
n0a06cf8959bea83b,n0a06cf8959bea83b,15
n82447e4b1c8075fe,n82447e4b1c8075fe,15
nfc9d46a62b16c29a,nfc9d46a62b16c29a,15
nf48ca3ca64884e1f,nf48ca3ca64884e1f,15
nbc34be4a6f2e34aa,nbc34be4a6f2e34aa,15
n5d6d2b6b9315ddef,n5d6d2b6b9315ddef,15
n6852b343c8dd475e,n6852b343c8dd475e,15
ncf7396127be43bc4,ncf7396127be43bc4,15
ne2d8792033cd8976,ne2d8792033cd8976,15
nac399e0050faeb6e,nac399e0050faeb6e,15
n7442cfc79ace62b0,n7442cfc79ace62b0,15
nf063c86c903efb4f,nf063c86c903efb4f,15
n98cd8809860f8cea,n98cd8809860f8cea,15
nb9a798aaaedbafba,nb9a798aaaedbafba,15
n4c3c17dd088cc900,n4c3c17dd088cc900,15
n715303ad145db19b,n715303ad145db19b,15
nd81c5b188370f44d,nd81c5b188370f44d,15
n91c4b026ccb7252a,n91c4b026ccb7252a,15
ne3e6bc098f6fa190,ne3e6bc098f6fa190,16
n5533887e5c6b7850,n5533887e5c6b7850,16
n7ddf9eee5dc37f11,n7ddf9eee5dc37f11,16
n5a35c03da88a81e5,n5a35c03da88a81e5,16
n5e1eab2342fe966a,n5e1eab2342fe966a,16
n8d725c165ff1ec9f,n8d725c165ff1ec9f,16
n5a302767be164a45,n5a302767be164a45,16
n57bcdfbaf7b106c7,n57bcdfbaf7b106c7,16
n53e50d04670a4d97,n53e50d04670a4d97,16
n9426a50e37680ee7,n9426a50e37680ee7,16
n5f46462132e1f190,n5f46462132e1f190,16
n2139f0c1067103ed,n2139f0c1067103ed,16
n8d498b82f7690fdd,n8d498b82f7690fdd,16
n62a948f3028d1e2d,n62a948f3028d1e2d,16
ne012fbb33a7f7124,ne012fbb33a7f7124,16
nb6585790a990a603,nb6585790a990a603,16
n7f000fe974046165,n7f000fe974046165,16
n34e0fa593a8b2928,n34e0fa593a8b2928,16
ned2c03b019cc1451,ned2c03b019cc1451,16
n121b5ed504818ba0,n121b5ed504818ba0,16
n55d9406616bb59e9,n55d9406616bb59e9,16
n8388a7fa61f5ea5d,n8388a7fa61f5ea5d,16
n5e6613e86a666ecc,n5e6613e86a666ecc,16
nb7727896dae2bd8d,nb7727896dae2bd8d,16
n526923fa1b8ab019,n526923fa1b8ab019,16
na2e178328ff8d772,na2e178328ff8d772,16
nc31a527a5a91ccbc,nc31a527a5a91ccbc,16
nf2bda9b7d63a1bcd,nf2bda9b7d63a1bcd,16
n5fa2f51b6b8e7663,n5fa2f51b6b8e7663,16
ne76798b75e85cc3d,ne76798b75e85cc3d,17
n0f1e8c732ceaf9d4,n0f1e8c732ceaf9d4,17
n35bd001995db44b6,n35bd001995db44b6,17
n16f68062cf315464,n16f68062cf315464,17
n4beb8cf212746457,n4beb8cf212746457,17
n8af3ea25e7e840b3,n8af3ea25e7e840b3,17
n8f18f11b616f8c81,n8f18f11b616f8c81,17
n711d34de09efcee3,n711d34de09efcee3,17
n130826c4952e3de4,n130826c4952e3de4,17
nc51ad71aaa024a3f,nc51ad71aaa024a3f,17
n7081556e37b0af08,n7081556e37b0af08,17
n88227d63dc9f079f,n88227d63dc9f079f,17
n62d98b63ead9a581,n62d98b63ead9a581,17
n423a56692cb4e47c,n423a56692cb4e47c,17
n9475424da58c421d,n9475424da58c421d,17
n6b24ea222db3e042,n6b24ea222db3e042,17
n88033b58f1e30944,n88033b58f1e30944,17
n330376f7a3ca0c9e,n330376f7a3ca0c9e,17
n9d93d53f3200aa88,n9d93d53f3200aa88,17
n61b0f777c6d5f6dc,n61b0f777c6d5f6dc,17
ndddb3a85c9a237f3,ndddb3a85c9a237f3,18
n5fc7ceb6402686e0,n5fc7ceb6402686e0,18
naa3a442f71aa728b,naa3a442f71aa728b,18
n2df3515bf468c1d8,n2df3515bf468c1d8,18
nb16cd5384a2efeba,nb16cd5384a2efeba,18
ne97ffeedf970c1ec,ne97ffeedf970c1ec,18
ne7d20f8b4f82ecb5,ne7d20f8b4f82ecb5,18
nc1aa1bdeebcd5160,nc1aa1bdeebcd5160,18
na93080b7fe301ad0,na93080b7fe301ad0,18
nd8d41cb268e76b93,nd8d41cb268e76b93,18
n86250439c11c876c,n86250439c11c876c,18
n7de449ebff066d57,n7de449ebff066d57,19
ne3c44dbeac823f0e,ne3c44dbeac823f0e,19
n2dfa427874c47378,n2dfa427874c47378,19
nc05b99823858c800,nc05b99823858c800,19
n5d702d7d4b6fa97f,n5d702d7d4b6fa97f,19
n3e3d9a04d0d48837,n3e3d9a04d0d48837,19
n27bf7a9657a11239,n27bf7a9657a11239,20
nd48d7cf4ad4d764f,nd48d7cf4ad4d764f,20
n82cef3d5ba7b0960,n82cef3d5ba7b0960,20
n22dd9ea5d61b4986,n22dd9ea5d61b4986,20
nc57ee1c6bdc32829,nc57ee1c6bdc32829,20
ne009ec95b00790a4,ne009ec95b00790a4,20
na4cbba3c99793f57,na4cbba3c99793f57,20
n8b3925bac86914fc,n8b3925bac86914fc,20
n3a980495c319c0d9,n3a980495c319c0d9,20
n6595b6ce46badc1d,n6595b6ce46badc1d,21
n1003c96ce2fbe1e2,n1003c96ce2fbe1e2,21
n6d680f2f27c4dace,n6d680f2f27c4dace,21
n07e0706b6eba0213,n07e0706b6eba0213,21
n14af11ee9a1b1e5a,n14af11ee9a1b1e5a,21
n5944490ad1ec528d,n5944490ad1ec528d,21
nc1a07e48048ac9cb,nc1a07e48048ac9cb,21
n9fd2758f9784663f,n9fd2758f9784663f,21
nc850564b45bd70e0,nc850564b45bd70e0,21
n64fc77e891d0336d,n64fc77e891d0336d,21
n6b000efbff0f0bca,n6b000efbff0f0bca,21
nb7667256c1316639,nb7667256c1316639,21
nf64a474589e0e17a,nf64a474589e0e17a,22
n3fcd097e59da270d,n3fcd097e59da270d,22
n44b446d0569aebaa,n44b446d0569aebaa,22
n67533918787b8419,n67533918787b8419,22
nf1472f50833cdffd,nf1472f50833cdffd,22
n405b2b511ddb34b2,n405b2b511ddb34b2,22
nc0f6fdb637cbaa47,nc0f6fdb637cbaa47,22
n626584f9e04f815f,n626584f9e04f815f,22
n1a46886760860e7e,n1a46886760860e7e,22
ne5eeddba40c66167,ne5eeddba40c66167,22
n0fde8100c50a6cff,n0fde8100c50a6cff,23
nafd7a34772faca36,nafd7a34772faca36,23
nd48ef83bba73cd52,nd48ef83bba73cd52,23
n5132fd4aa9ab1a4b,n5132fd4aa9ab1a4b,23
ndc20e2dae089538b,ndc20e2dae089538b,23
nae80e75b6428e092,nae80e75b6428e092,23
n649fec2b2bdef16f,n649fec2b2bdef16f,23
nd01c46c531007e26,nd01c46c531007e26,23
n9a145ad525e8584a,n9a145ad525e8584a,23
nb05a7aad97af652b,nb05a7aad97af652b,23
n7b2b04e1976481ac,n7b2b04e1976481ac,23
n197a28fe60a46c66,n197a28fe60a46c66,24
n7135956a173d0080,n7135956a173d0080,24
nece1a506faada48c,nece1a506faada48c,24
nf57ae885833a0e63,nf57ae885833a0e63,24
n597d8f1ede18284a,n597d8f1ede18284a,24
nb7f674d86c990ae6,nb7f674d86c990ae6,24
n4195ea58679689ea,n4195ea58679689ea,24
n0af9549b855d2675,n0af9549b855d2675,24
n5c824c21528c7873,n5c824c21528c7873,24
na9d73952bcc00911,na9d73952bcc00911,24
n2d5c60fd1ce180b9,n2d5c60fd1ce180b9,24
ne67b5cee728c37a6,ne67b5cee728c37a6,24
nfbf336a20ee0c57e,nfbf336a20ee0c57e,24
n3723973f5233e4a9,n3723973f5233e4a9,24
n53ea3fefd2cba2cb,n53ea3fefd2cba2cb,24
ncd060e424eba7e7f,ncd060e424eba7e7f,24
n04dcbc1d2f74542d,n04dcbc1d2f74542d,24
nac27972db9601405,nac27972db9601405,24
nd235018749abed3c,nd235018749abed3c,25
n227df511658c4452,n227df511658c4452,25
n923eb19eb1358014,n923eb19eb1358014,25
n32d12abee3586743,n32d12abee3586743,25
n15b2d8170d795e5a,n15b2d8170d795e5a,25
n0fdeea1128089c27,n0fdeea1128089c27,25
nf5120ca0baf30df6,nf5120ca0baf30df6,25
n033cbf12123ad76c,n033cbf12123ad76c,25
n8d4f7094476a2c21,n8d4f7094476a2c21,25
n12bbbcbebd7cfd79,n12bbbcbebd7cfd79,25
n9c011294aa3685c7,n9c011294aa3685c7,25
n87ffb0b7d0f32fc7,n87ffb0b7d0f32fc7,25
n2bfb1eb67a5622f0,n2bfb1eb67a5622f0,25
ne12e5e61f2a5cd3c,ne12e5e61f2a5cd3c,25
n9083df0295711916,n9083df0295711916,25
n5542d107f11b3f39,n5542d107f11b3f39,25
n4830f00150742cbe,n4830f00150742cbe,25
n76373d137fae02c6,n76373d137fae02c6,25
n40f8a57536698377,n40f8a57536698377,25
n7ff158ab531c0fba,n7ff158ab531c0fba,25
n5addbea3f6a832c3,n5addbea3f6a832c3,25
n17a332c5d28a362f,n17a332c5d28a362f,25
n45521f0348a2967d,n45521f0348a2967d,25
n226d66f08c0ec6fe,n226d66f08c0ec6fe,26
n87e52bb7f8d43d03,n87e52bb7f8d43d03,26
nfaef694cd21f7ac3,nfaef694cd21f7ac3,26
ndaacd7e7afd2b549,ndaacd7e7afd2b549,26
nd58833f80fedf3b0,nd58833f80fedf3b0,26
naef0276a60bf1500,naef0276a60bf1500,26
na307c38c2e2050b4,na307c38c2e2050b4,26
nb577c33d674146e0,nb577c33d674146e0,26
n4cd5ac42f163783b,n4cd5ac42f163783b,26
n8f3452fab58ef8e2,n8f3452fab58ef8e2,26
nbe2991e64e98444a,nbe2991e64e98444a,26
naaba2c5f669f286b,naaba2c5f669f286b,26
na8d5b89ed660fca7,na8d5b89ed660fca7,26
nfbaf1c56d1b20769,nfbaf1c56d1b20769,26
n2aedfdd8bcacf4c3,n2aedfdd8bcacf4c3,26
n833f7d1bf56b752f,n833f7d1bf56b752f,26
n26dd224c727c4f30,n26dd224c727c4f30,27
ndbd433fa61d31288,ndbd433fa61d31288,27
n92cbd8a72b7e4ff4,n92cbd8a72b7e4ff4,27
nf04d2de5db6aa6a6,nf04d2de5db6aa6a6,27
n3f2881b21016a034,n3f2881b21016a034,27
n984f01e8a5dba7e0,n984f01e8a5dba7e0,27
n67b0f822c8ecb960,n67b0f822c8ecb960,27
n145f9bad95f7fafb,n145f9bad95f7fafb,27
na9ca3ad7ded547c8,na9ca3ad7ded547c8,27
n3cafcd2c22122e6f,n3cafcd2c22122e6f,27
ne48e9c20cdf4cc09,ne48e9c20cdf4cc09,27
n6905583065483458,n6905583065483458,27
n1847b15a791966a6,n1847b15a791966a6,27
na80fae9eee00b62b,na80fae9eee00b62b,27
na8b95bdf810b8954,na8b95bdf810b8954,27
n621e0173100fbd8a,n621e0173100fbd8a,27
ne0bf98c301fc5dc7,ne0bf98c301fc5dc7,27
n344c7e3f93296d10,n344c7e3f93296d10,27
n706daeea3248a197,n706daeea3248a197,27
neef33b86e8ce0fbe,neef33b86e8ce0fbe,27
n7a2b8b914e3c4b04,n7a2b8b914e3c4b04,27
n16c0337d9e6bb30a,n16c0337d9e6bb30a,28
n189a47f59bab6859,n189a47f59bab6859,28
n87df300baa29c94f,n87df300baa29c94f,28
n97138325c89be5f0,n97138325c89be5f0,28
ncd7ab860b74c5416,ncd7ab860b74c5416,28
n80a99f33c70b1427,n80a99f33c70b1427,28
n8bceb542f9b5e507,n8bceb542f9b5e507,28
n35045e2e50f3a19d,n35045e2e50f3a19d,28
n00699a679734098a,n00699a679734098a,28
n8652846c7c73b985,n8652846c7c73b985,28
n1b46a00ecf6636bb,n1b46a00ecf6636bb,28
ne114e7cf970cd02f,ne114e7cf970cd02f,28
n403cadfd159c5219,n403cadfd159c5219,28
nca23117251700256,nca23117251700256,28
nb7a02b508863491f,nb7a02b508863491f,28
n136f6c07b0085c9b,n136f6c07b0085c9b,28
n06c7a8539f392489,n06c7a8539f392489,28
n7f4208e54dd13af6,n7f4208e54dd13af6,28
n9ca456da99d9e19d,n9ca456da99d9e19d,28
nbf0423791b511df5,nbf0423791b511df5,28
nd6248d6c52c81dc3,nd6248d6c52c81dc3,28
n77498f056e618b59,n77498f056e618b59,28
n29c384111e6927e1,n29c384111e6927e1,29
nc5b21a550aee4853,nc5b21a550aee4853,29
n80d5a31b447fd009,n80d5a31b447fd009,29
n20ded6098179ce13,n20ded6098179ce13,29
n428094955f52698f,n428094955f52698f,29
n6dcef7265e5f854b,n6dcef7265e5f854b,29
nacd910056b23052b,nacd910056b23052b,29
n54dc8872799e80bc,n54dc8872799e80bc,29
n0326f7d266490128,n0326f7d266490128,29
nc8b11541ab113bca,nc8b11541ab113bca,29
n43110053ba5b9d16,n43110053ba5b9d16,29
ne96bb04b9f4c2e32,ne96bb04b9f4c2e32,29
n6c5d4155d6021055,n6c5d4155d6021055,29
n4ed0f72cabd400fe,n4ed0f72cabd400fe,29
na14c9fb5b0511b4c,na14c9fb5b0511b4c,29
n6d0fa111a7a9db2e,n6d0fa111a7a9db2e,29
nac3be1b5ad64bcf6,nac3be1b5ad64bcf6,29
n2af218834daeaf06,n2af218834daeaf06,29
nfc22c2695fb7e27e,nfc22c2695fb7e27e,29
nf4a498d938257e8f,nf4a498d938257e8f,29
n0440c17d0ee7ab78,n0440c17d0ee7ab78,30
n7e66cf24290532b6,n7e66cf24290532b6,30
n23e338af70f7e545,n23e338af70f7e545,30
nec0901715ba780aa,nec0901715ba780aa,30
ncc9fcde7545dec45,ncc9fcde7545dec45,30
ncfed853190040cef,ncfed853190040cef,30
n3087d18a185fd3e9,n3087d18a185fd3e9,30
n0c14569e3f27277d,n0c14569e3f27277d,30
nb55eed4385b2680b,nb55eed4385b2680b,30
n66f515b5d0c4937d,n66f515b5d0c4937d,30
nfa7ca5ecd6ec4c17,nfa7ca5ecd6ec4c17,30
n775842efe85f19dd,n775842efe85f19dd,30
n944a9fe38b4a103e,n944a9fe38b4a103e,30
n9cba794c6bee2949,n9cba794c6bee2949,30
n3007bfd627772751,n3007bfd627772751,30
n57fa051182b9a328,n57fa051182b9a328,30
n2bae45bd911fad3d,n2bae45bd911fad3d,30
n1e85ae6decdac955,n1e85ae6decdac955,30
n82fe33c481cff7be,n82fe33c481cff7be,30
nf321f8b175213649,nf321f8b175213649,30
n3ad396d4f1f8b9db,n3ad396d4f1f8b9db,30
n0a01eab108ef87f5,n0a01eab108ef87f5,30
n803d5f888ee33a7a,n803d5f888ee33a7a,30
n0d3515d031601126,n0d3515d031601126,30
ncc359d6bcdd61ea3,ncc359d6bcdd61ea3,30
n84fc29f503a31ddc,n84fc29f503a31ddc,30
n75a235837c4604bd,n75a235837c4604bd,31
n6e8d0db687653ef4,n6e8d0db687653ef4,31
n2b6a61142e90ca06,n2b6a61142e90ca06,31
nf4e540ec61d523d0,nf4e540ec61d523d0,31
n9e33651def8bb39d,n9e33651def8bb39d,31
n6e56fc9cca4a8ecc,n6e56fc9cca4a8ecc,31
nffa2c9fd645a4d8e,nffa2c9fd645a4d8e,31
nfac04541f06aba74,nfac04541f06aba74,31
nd198dcac2f3a6f86,nd198dcac2f3a6f86,31
n2dacd9db1e09440f,n2dacd9db1e09440f,31
n109d2598ed089c73,n109d2598ed089c73,31
n3c3b7edda77fa9fa,n3c3b7edda77fa9fa,31
n7ea35168a2dd35b5,n7ea35168a2dd35b5,31
n693ff7604b8a5cc9,n693ff7604b8a5cc9,31
n2ef6cceed1dee520,n2ef6cceed1dee520,31
nf9171769fd9ef3da,nf9171769fd9ef3da,31
n4327a23f8fa349e8,n4327a23f8fa349e8,31
ne851973120d45a4d,ne851973120d45a4d,31
na21c76eb6b5c6733,na21c76eb6b5c6733,31
n3ec03234b78ee1d9,n3ec03234b78ee1d9,31
nba079b024f1276ae,nba079b024f1276ae,31
nb36fee1603072739,nb36fee1603072739,32
n2d00c582113e5a14,n2d00c582113e5a14,32
nae986962f3343830,nae986962f3343830,32
n89b723c23d089c75,n89b723c23d089c75,32
n20087442ab8f9e52,n20087442ab8f9e52,32
n12893fb3e0ced33f,n12893fb3e0ced33f,32
nfe2a32adc9326c10,nfe2a32adc9326c10,32
nc333f6ccfdb97c80,nc333f6ccfdb97c80,32
nfdb2354daa9b4450,nfdb2354daa9b4450,32
n18b4550086d16deb,n18b4550086d16deb,32
n66aad8f3eedd08a5,n66aad8f3eedd08a5,32
nd04e39748867d320,nd04e39748867d320,32
n6564c370413306d1,n6564c370413306d1,32
n5d9795467ca659b4,n5d9795467ca659b4,32
n44432f43dbf03968,n44432f43dbf03968,32
n577836ac6a082ef8,n577836ac6a082ef8,32
nec6a27f1f89f9583,nec6a27f1f89f9583,32
n61e4599b2d07a4c5,n61e4599b2d07a4c5,32
n6a4d5b8bd5c5b2bb,n6a4d5b8bd5c5b2bb,32
n7e36843648f5d708,n7e36843648f5d708,32
nc9a61adabb6c4073,nc9a61adabb6c4073,32
n1703fdf5414eebdf,n1703fdf5414eebdf,32
n8168cff66b414542,n8168cff66b414542,32
n8a9c40200f3f283c,n8a9c40200f3f283c,33
n388c7f81be56b823,n388c7f81be56b823,33
nb94a0e415518e04b,nb94a0e415518e04b,33
n23ed0bfa9c430510,n23ed0bfa9c430510,33
n62086700071ddeda,n62086700071ddeda,34
n3ad647a25f37a350,n3ad647a25f37a350,34
n4e82c853f3a27642,n4e82c853f3a27642,34
nf85e508249645567,nf85e508249645567,34
n918e24034936ddef,n918e24034936ddef,34
ne6d0ded315cc8161,ne6d0ded315cc8161,34
nedbf10949e90f4fc,nedbf10949e90f4fc,34
n94ccbcfadbf1705a,n94ccbcfadbf1705a,34
n6251044850ec68b3,n6251044850ec68b3,34
n0b9c022c1e6dbc8b,n0b9c022c1e6dbc8b,34
ne26f05d1f28832ca,ne26f05d1f28832ca,35
n68785886a9b8a76b,n68785886a9b8a76b,35
ndf846d3f89efb898,ndf846d3f89efb898,35
nd0ea6f1c4f593287,nd0ea6f1c4f593287,35
n4159de5c06967369,n4159de5c06967369,35
n33129e761b71446e,n33129e761b71446e,35
n7108c8e76c100313,n7108c8e76c100313,36
n1565d7f6fc25d8e7,n1565d7f6fc25d8e7,36
n7c3455edc6a93332,n7c3455edc6a93332,36
n4e56ec8e7ea49133,n4e56ec8e7ea49133,36
nc9acc9775e6bad9f,nc9acc9775e6bad9f,36
n0bc91cbd86453890,n0bc91cbd86453890,36
ncb695e02a2e4a8f3,ncb695e02a2e4a8f3,36
nc8fd0b55a4041e0a,nc8fd0b55a4041e0a,36
naba3764d9f3d606a,naba3764d9f3d606a,36
nc7914392cc9a243a,nc7914392cc9a243a,36
nfea872884b955626,nfea872884b955626,36
ndd2be4678760f0da,ndd2be4678760f0da,36
n0bf0a63e34ec3d09,n0bf0a63e34ec3d09,36
n886ecb3f45ecfc86,n886ecb3f45ecfc86,36
n76341f3878321735,n76341f3878321735,36
n17d2ea282bc6407d,n17d2ea282bc6407d,36
nb8f33d866dd57540,nb8f33d866dd57540,36
n54981ac9104074fc,n54981ac9104074fc,36
n5d35a39916a47973,n5d35a39916a47973,36
n6859cc05932b1961,n6859cc05932b1961,37
n08d10327edc115ec,n08d10327edc115ec,37
n5ccc663172551fe6,n5ccc663172551fe6,37
n0710c1cc7d88a815,n0710c1cc7d88a815,37
n5833f58bfe0f1c8d,n5833f58bfe0f1c8d,37
n7d7f50d5100cd46d,n7d7f50d5100cd46d,37
na3006cc8b07091a3,na3006cc8b07091a3,37
n5fc214430f829dd1,n5fc214430f829dd1,37
nb91efb0a6be09573,nb91efb0a6be09573,37
n40c052c2b4fb9d21,n40c052c2b4fb9d21,37
n3981a16028f48b2b,n3981a16028f48b2b,37
n38a46a6bee9670d8,n38a46a6bee9670d8,37
ne5b468e16bdeea07,ne5b468e16bdeea07,37
n6710f672954a0da6,n6710f672954a0da6,37
n2889756df9653ced,n2889756df9653ced,37
n4be9c22371ca8b30,n4be9c22371ca8b30,37
n4af357973fa264cb,n4af357973fa264cb,37
n9a54e052ed12b6a5,n9a54e052ed12b6a5,37
nc80980873a0ca010,nc80980873a0ca010,37
n67d561093138c9ef,n67d561093138c9ef,38
n7ef969790ae12ad1,n7ef969790ae12ad1,38
ne62bda0e8a3bf4b2,ne62bda0e8a3bf4b2,38
n91f1a4a4aff9850d,n91f1a4a4aff9850d,38
nf80d0ceef2030b9c,nf80d0ceef2030b9c,38
n7dcf2d186dd970cd,n7dcf2d186dd970cd,38
ndd607d0644970712,ndd607d0644970712,38
nb3ca5725d269bfa6,nb3ca5725d269bfa6,38
n9349fa3d384113ff,n9349fa3d384113ff,38
n7f20d1188042a170,n7f20d1188042a170,38
nce802376882770d2,nce802376882770d2,38
n7bff3d91cb972873,n7bff3d91cb972873,38
n84ee2a6eb4c0ad4e,n84ee2a6eb4c0ad4e,38
n09ad867de6a3cdc5,n09ad867de6a3cdc5,38
na649a5e1483fd78a,na649a5e1483fd78a,38
n37e95d8f713a77fa,n37e95d8f713a77fa,38
n4ea24f10b34b06c2,n4ea24f10b34b06c2,38
n42ce359a00fa7814,n42ce359a00fa7814,38
nb71923413d97e598,nb71923413d97e598,38
nd4b305a24a05cc0f,nd4b305a24a05cc0f,38
n00980550db04d0c4,n00980550db04d0c4,38
n595461ec02c3c89c,n595461ec02c3c89c,38
nca20b27e6fb037d5,nca20b27e6fb037d5,38
nb179bb8dd83082b2,nb179bb8dd83082b2,38
ne9788f3e8971955f,ne9788f3e8971955f,38
n5e75feee228ee440,n5e75feee228ee440,38
n54a92baba275575c,n54a92baba275575c,38
n95ed19518a7d4e41,n95ed19518a7d4e41,39
n7a670c99c9a65273,n7a670c99c9a65273,39
n080b2b1223470fa2,n080b2b1223470fa2,39
n6d00cf910bcab710,n6d00cf910bcab710,39
n8bfc8ad52873f4ed,n8bfc8ad52873f4ed,39
nb7b57ab305d9e98d,nb7b57ab305d9e98d,39
n81c005eafd5b8800,n81c005eafd5b8800,39
n8ba1d2d535cd84b9,n8ba1d2d535cd84b9,39
n80e1161512e9ff82,n80e1161512e9ff82,39
n30846a337c04b0f7,n30846a337c04b0f7,39
nd0cc7f6b2b84b6f3,nd0cc7f6b2b84b6f3,39
n77087d24c7ed4c58,n77087d24c7ed4c58,39
n10f86b8e3319b84d,n10f86b8e3319b84d,39
n4b8f7f9f4f1781b9,n4b8f7f9f4f1781b9,39
n3dfdb9ed0fd97786,n3dfdb9ed0fd97786,39
n4d350dc415b5da7c,n4d350dc415b5da7c,39
n66e7344692770e72,n66e7344692770e72,39
n967a37c77f33c2a8,n967a37c77f33c2a8,39
n71652e58d09844a2,n71652e58d09844a2,39
n438f00a0a14c3fe1,n438f00a0a14c3fe1,39
nb5b901200a4ce1d9,nb5b901200a4ce1d9,39
n1b1fe9b1398b5cf6,n1b1fe9b1398b5cf6,39
na92d9222b625afc0,na92d9222b625afc0,39
n861612581933f37e,n861612581933f37e,39
nfcaea0affc86011c,nfcaea0affc86011c,39
ne608f1e9b244c8ee,ne608f1e9b244c8ee,39
n9263036c9c98c909,n9263036c9c98c909,39
nb7c4bda334e9bdac,nb7c4bda334e9bdac,39
n7f45030dc4fc8d25,n7f45030dc4fc8d25,40
ndca27dbae49142eb,ndca27dbae49142eb,40
n2e98592199031621,n2e98592199031621,40
n4e763f3fd2238e65,n4e763f3fd2238e65,40
n4ddbcfd9a25b4e4b,n4ddbcfd9a25b4e4b,40
nb703744b1f80ce36,nb703744b1f80ce36,40
nffb199881b19b5ff,nffb199881b19b5ff,40
na67ea8a5d761ae2e,na67ea8a5d761ae2e,40
n4befb078c5fd39fa,n4befb078c5fd39fa,40
nc324551a85da290d,nc324551a85da290d,40
nbd1e5965a435dd7e,nbd1e5965a435dd7e,40
n3c6cb3377baa803d,n3c6cb3377baa803d,40
nde5c5a0c7ffb9b43,nde5c5a0c7ffb9b43,40
nb2d4f5dfa4b3500f,nb2d4f5dfa4b3500f,40
n39e7512ea0feedde,n39e7512ea0feedde,40
n86bedcb920764e85,n86bedcb920764e85,40
ndd726b758d787b39,ndd726b758d787b39,40
n569c610a6b6561ee,n569c610a6b6561ee,40
n64a861ccca1939ad,n64a861ccca1939ad,40
n08196cfddcc3a24b,n08196cfddcc3a24b,40
n1b88b176537c5b91,n1b88b176537c5b91,40
n4bd3d94d0bfeac38,n4bd3d94d0bfeac38,40
n3eeb74985952e822,n3eeb74985952e822,40
n08b663a70b7f7b1d,n08b663a70b7f7b1d,40
n81975ad802ac7ba9,n81975ad802ac7ba9,40
n8cbaf250cce6566e,n8cbaf250cce6566e,40
n6a7e40404de297f1,n6a7e40404de297f1,40
n5c90be03011a4bd9,n5c90be03011a4bd9,41
n6a4b917b3fc49908,n6a4b917b3fc49908,41
nfae45c5abb45c8b1,nfae45c5abb45c8b1,41
nedb569a5d790b12f,nedb569a5d790b12f,41
n9a461ea47deb7986,n9a461ea47deb7986,41
n0cff2a69a0b05301,n0cff2a69a0b05301,41
n905b465849a3584f,n905b465849a3584f,41
nd853a6bb96411e1c,nd853a6bb96411e1c,41
n20979f0ffd2dc122,n20979f0ffd2dc122,41
nec1e9cacd22be0cf,nec1e9cacd22be0cf,41
na1eae6b64ad4d784,na1eae6b64ad4d784,41
n29f5f673ffbc06de,n29f5f673ffbc06de,41
n9f68a9b4dde63d27,n9f68a9b4dde63d27,41
n230cee7492b8e85c,n230cee7492b8e85c,41
n7946ef08b9ef2c80,n7946ef08b9ef2c80,41
n6281f43a0b164c71,n6281f43a0b164c71,41
na3611d3f49fb96b1,na3611d3f49fb96b1,41
ncc87d4dacf7a2c19,ncc87d4dacf7a2c19,41
n4987c9935f514da5,n4987c9935f514da5,41
n4d58a0746380aa76,n4d58a0746380aa76,41
n7559988a72d97f17,n7559988a72d97f17,41
nc0b47e9bdc7b8c2c,nc0b47e9bdc7b8c2c,41
n87e0e4d62d63775a,n87e0e4d62d63775a,41
nbc201579836a5c4f,nbc201579836a5c4f,41
n4f01bda300a7c9ca,n4f01bda300a7c9ca,41
ndce225ad9476348f,ndce225ad9476348f,41
na1bdf6b5ce6575cd,na1bdf6b5ce6575cd,41
n23412c8bcb84fc71,n23412c8bcb84fc71,41
na473d31645e78960,na473d31645e78960,41
na4ad2dfd27bdd390,na4ad2dfd27bdd390,41
n91ba862fe07a898a,n91ba862fe07a898a,42
n390c51f4391b6ba4,n390c51f4391b6ba4,42
n7a1848f63b88bdeb,n7a1848f63b88bdeb,42
n06d9c4e3f16e5b41,n06d9c4e3f16e5b41,42
n0f9f196a13539f12,n0f9f196a13539f12,42
n53501ceeb7ba12f2,n53501ceeb7ba12f2,42
n7070bc8e4dc0154c,n7070bc8e4dc0154c,42
n8a6959cf18fceab4,n8a6959cf18fceab4,42
n8320a1331645618c,n8320a1331645618c,42
nc6dbcb88f3aa6248,nc6dbcb88f3aa6248,42
n86cd5782519ccc3d,n86cd5782519ccc3d,42
nb5c4abb8ff969535,nb5c4abb8ff969535,42
ndfc0b565d235822f,ndfc0b565d235822f,42
n7e7aec2eddae34bd,n7e7aec2eddae34bd,42
n30947403b32ac75c,n30947403b32ac75c,42
n5aea79f2fb8efd86,n5aea79f2fb8efd86,42
n202b2694d773736b,n202b2694d773736b,42
n91d750e67b784453,n91d750e67b784453,42
n9368e1ff04d2b327,n9368e1ff04d2b327,42
n9a2b2e6fbb33a2cd,n9a2b2e6fbb33a2cd,42
n53038a992259ca03,n53038a992259ca03,42
n573272c3c6d82afc,n573272c3c6d82afc,42
n95bd6644b2e53e93,n95bd6644b2e53e93,42
n61fa0fced92e0288,n61fa0fced92e0288,42
n5c34d6dc6c642d07,n5c34d6dc6c642d07,42
n23b503defa17362f,n23b503defa17362f,42
nc06d968bc0d93b07,nc06d968bc0d93b07,42
n70e550d1533e51b3,n70e550d1533e51b3,43
n965f27363a342127,n965f27363a342127,43
n3df0f6ee70a08fa4,n3df0f6ee70a08fa4,43
n436d559597b03323,n436d559597b03323,43
n9d989e5ac95b3dab,n9d989e5ac95b3dab,43
nd500b906431c8527,nd500b906431c8527,43
nd0b302da00243b21,nd0b302da00243b21,43
n5c3bc68f3b89a594,n5c3bc68f3b89a594,43
n8d2bc4ad61e1e843,n8d2bc4ad61e1e843,43
nb21d7f6d948e70ef,nb21d7f6d948e70ef,43
ne3de2436d605ef76,ne3de2436d605ef76,43
na8c6c2c137a961b2,na8c6c2c137a961b2,43
n409650a272d1e687,n409650a272d1e687,43
na1b26ab3fab3cb7d,na1b26ab3fab3cb7d,43
n0e23f63f4ad68021,n0e23f63f4ad68021,43
n8497474432f34086,n8497474432f34086,43
ne4fc4515a7cde3dc,ne4fc4515a7cde3dc,43
nf24b23da66ff8874,nf24b23da66ff8874,43
nf274fbfccfc2a597,nf274fbfccfc2a597,43
nff63938488dece44,nff63938488dece44,43
n67e424c673424960,n67e424c673424960,43
n0443343aca6f2759,n0443343aca6f2759,43
n3b257905d0c36b29,n3b257905d0c36b29,43
na706dec687f2204e,na706dec687f2204e,43
n9c309438e873ab56,n9c309438e873ab56,43
ncf771d7ca890afd1,ncf771d7ca890afd1,43
n3986b38f84ef6662,n3986b38f84ef6662,43
n8cc5e33c7191daa4,n8cc5e33c7191daa4,43
n2e19978bba28f113,n2e19978bba28f113,44
n907becf9ad092630,n907becf9ad092630,44
n93c109d8491ad68e,n93c109d8491ad68e,44
nad2686d45e4c1d69,nad2686d45e4c1d69,44
n51cb132a2ae4d1d5,n51cb132a2ae4d1d5,44
n093a8d39a3e363f4,n093a8d39a3e363f4,44
n3bc140aa11f5f48f,n3bc140aa11f5f48f,44
n14ea2bbb2500ffa3,n14ea2bbb2500ffa3,44
n560d8446b572ead9,n560d8446b572ead9,44
n6d234c534d8f8bdd,n6d234c534d8f8bdd,44
nfe708297c57ddd41,nfe708297c57ddd41,44
n47e5a94679b3ffb2,n47e5a94679b3ffb2,44
n96100ada1ecf44a2,n96100ada1ecf44a2,44
n4d680a39201e3c82,n4d680a39201e3c82,44
n0faea5ab1a136093,n0faea5ab1a136093,44
nd4614b0aff1df80c,nd4614b0aff1df80c,44
n194e718efde0cd4d,n194e718efde0cd4d,44
nf517c7115853b5dd,nf517c7115853b5dd,44
n9b77cefac3708980,n9b77cefac3708980,44
n7d20a63796c8bb84,n7d20a63796c8bb84,44
n8f6955207698dd5b,n8f6955207698dd5b,44
nbaa6a36e85f856f1,nbaa6a36e85f856f1,44
n0636e8a6b2af3cbf,n0636e8a6b2af3cbf,44
n58768cacccb67fd4,n58768cacccb67fd4,44
n5b65b54e725db343,n5b65b54e725db343,44
nc2336a888bf9464e,nc2336a888bf9464e,44
n573d1f8efed059d8,n573d1f8efed059d8,44
n388d33f47dccbaba,n388d33f47dccbaba,45
nfa6aca3b7e96d4fc,nfa6aca3b7e96d4fc,45
n88e382374e333bcc,n88e382374e333bcc,45
n9700197f837e4d8b,n9700197f837e4d8b,45
n21c31ef66bcc0efe,n21c31ef66bcc0efe,45
nbf910f222cba664d,nbf910f222cba664d,45
n01fb90d09c08c08b,n01fb90d09c08c08b,45
ncf3ed624afcc9a2f,ncf3ed624afcc9a2f,45
n97b9d059284666f1,n97b9d059284666f1,45
n77495f5e12a6dcce,n77495f5e12a6dcce,45
n31bc2f79757336c3,n31bc2f79757336c3,45
n324f130de675f8e0,n324f130de675f8e0,45
n401f54ce5671dceb,n401f54ce5671dceb,45
n45434cca2cae8e21,n45434cca2cae8e21,45
nb5c6360eac8dcddf,nb5c6360eac8dcddf,45
n44c6cb8d0aaca94c,n44c6cb8d0aaca94c,45
n749808261e114d02,n749808261e114d02,45
na43ed2689ad82ed3,na43ed2689ad82ed3,45
n3f6fbf8633a9d785,n3f6fbf8633a9d785,45
n79850c89571c348e,n79850c89571c348e,45
n301c86302c1a996d,n301c86302c1a996d,45
nab719f5f5d137177,nab719f5f5d137177,45
n5e637c25540a9ae0,n5e637c25540a9ae0,45
n51623ab1d9bbb370,n51623ab1d9bbb370,45
n9be6fbf44317b7a9,n9be6fbf44317b7a9,45
n850811e6168346a1,n850811e6168346a1,45
n1781fb09d27d1fd6,n1781fb09d27d1fd6,45
n0566af0086b65889,n0566af0086b65889,45
n337c7a50b1842773,n337c7a50b1842773,46
n68569476d3990c32,n68569476d3990c32,46
n542088e9e76617a4,n542088e9e76617a4,46
n26517d8bcc8b4f04,n26517d8bcc8b4f04,46
n398d617e3d4a1bc2,n398d617e3d4a1bc2,46
nd5912de9f70e4d53,nd5912de9f70e4d53,46
n92ea232a944efb4d,n92ea232a944efb4d,46
n4b2557eef3f251ee,n4b2557eef3f251ee,46
ncfc11039897afac1,ncfc11039897afac1,46
n968899facafd667b,n968899facafd667b,46
n62bdf06b08c2b83b,n62bdf06b08c2b83b,46
n69cd853aae67b704,n69cd853aae67b704,46
nda3ee2cacaf819e0,nda3ee2cacaf819e0,46
nd3b0fe38505ff416,nd3b0fe38505ff416,46
n80421399a6031790,n80421399a6031790,46
nebdef07c47016eaf,nebdef07c47016eaf,46
n7f918c815d5da175,n7f918c815d5da175,46
n481919ebebf3a780,n481919ebebf3a780,46
nc0afb0496936dc43,nc0afb0496936dc43,46
n1cf6f2584a248067,n1cf6f2584a248067,46
n5fe60f57c91babe1,n5fe60f57c91babe1,46
n62eee89a711a1eeb,n62eee89a711a1eeb,46
n97a4459bfbeb9f99,n97a4459bfbeb9f99,46
n42cd6f9579f81f33,n42cd6f9579f81f33,46
na7e773e55a5121b2,na7e773e55a5121b2,46
n920f4651e7632148,n920f4651e7632148,46
n93ff5a8b08a56677,n93ff5a8b08a56677,46
n6a95b365555c4399,n6a95b365555c4399,47
nddbcdb49b503eaaa,nddbcdb49b503eaaa,47
n5e53e85d3d204bc2,n5e53e85d3d204bc2,47
n55e46862b86a5a26,n55e46862b86a5a26,47
n9b437ba5111d53ac,n9b437ba5111d53ac,47
n0d692e6a3b744370,n0d692e6a3b744370,47
n8010edee55671fde,n8010edee55671fde,47
nf730558a56411a69,nf730558a56411a69,47
nbf28f40a29cd854c,nbf28f40a29cd854c,47
ndcbbf14900d18fc5,ndcbbf14900d18fc5,47
na5d02d05035f9c6a,na5d02d05035f9c6a,47
na00fbdfa1be3ce95,na00fbdfa1be3ce95,47
n4d9fbc30745816ed,n4d9fbc30745816ed,47
nb04aac6058a6c9d9,nb04aac6058a6c9d9,47
nbb85b9fdd2974a41,nbb85b9fdd2974a41,47
nbd6a9a54aea2e75a,nbd6a9a54aea2e75a,47
ncb109a5a71123741,ncb109a5a71123741,47
nf1d534a453318503,nf1d534a453318503,47
n25a6f546a7df8f63,n25a6f546a7df8f63,47
n052c7348a5266b60,n052c7348a5266b60,47
n41d2f0ae9ae292e9,n41d2f0ae9ae292e9,47
nac22fcedd5853b77,nac22fcedd5853b77,47
n0690569673731740,n0690569673731740,47
nee57cea41a992b5e,nee57cea41a992b5e,47
n93820fb334f3c95a,n93820fb334f3c95a,47
n983293d72f668add,n983293d72f668add,47
n8557b1c8f2986631,n8557b1c8f2986631,47
nf120d8d94736fd11,nf120d8d94736fd11,47
n652401285714c14e,n652401285714c14e,47
ncea0dc07bbb95d5c,ncea0dc07bbb95d5c,48
n417005ae0815d000,n417005ae0815d000,48
n58665b4de57fe97c,n58665b4de57fe97c,48
nf027771433b5cba7,nf027771433b5cba7,48
nd70fd8518af02467,nd70fd8518af02467,48
ndf6716d5ab769693,ndf6716d5ab769693,48
n1ec8f09601fbfc64,n1ec8f09601fbfc64,48
n192b0ed5767b5f93,n192b0ed5767b5f93,48
n35834aa440d429a3,n35834aa440d429a3,48
nd99b4d0c3404674c,nd99b4d0c3404674c,48
nb61adcc89b8ad421,nb61adcc89b8ad421,48
n0f9462f826197468,n0f9462f826197468,48
n695ac576ab6d313f,n695ac576ab6d313f,48
n76ceb40cf469c618,n76ceb40cf469c618,48
nf6689fb09ff395e6,nf6689fb09ff395e6,48
n60cff3b5bfcb9461,n60cff3b5bfcb9461,48
n9c073e3f9dbbda00,n9c073e3f9dbbda00,48
n582a8c416a7c1dfe,n582a8c416a7c1dfe,48
n738afc3ebf98ea97,n738afc3ebf98ea97,48
n38815d55db932ed6,n38815d55db932ed6,48
n64b02310edcb205a,n64b02310edcb205a,48
nd963d946b7728fe0,nd963d946b7728fe0,48
nd0e65a9f7dcbb498,nd0e65a9f7dcbb498,48
n33c5e42fa222ac76,n33c5e42fa222ac76,48
ne34f15fa79af10e4,ne34f15fa79af10e4,48
nfaf3ffb7f6c5b1b2,nfaf3ffb7f6c5b1b2,48
naec874f8d6362457,naec874f8d6362457,48
n7f8c212a92064c5b,n7f8c212a92064c5b,49
ncb3437fc6d7caabe,ncb3437fc6d7caabe,49
naa320d8da9a3b3ba,naa320d8da9a3b3ba,49
n4271b75e8e2dbd43,n4271b75e8e2dbd43,49
n0124729a16d9d0d3,n0124729a16d9d0d3,49
n4d0c5f5c967eb464,n4d0c5f5c967eb464,49
n789cc13395f20a64,n789cc13395f20a64,49
ncdd4a5be7cca5977,ncdd4a5be7cca5977,49
n520d716c01ce322e,n520d716c01ce322e,49
ndc2fcee6b33b19f9,ndc2fcee6b33b19f9,49
n870c0b94383f76ce,n870c0b94383f76ce,49
n96f4f5193c73ce8e,n96f4f5193c73ce8e,49
n39c6eccc789359c8,n39c6eccc789359c8,49
n4a95bae5c08081eb,n4a95bae5c08081eb,49
n67b7f5ab97ced48f,n67b7f5ab97ced48f,49
n7dbfd57d7d37983c,n7dbfd57d7d37983c,49
n493ecd7c1c1351f9,n493ecd7c1c1351f9,49
n052d5d48a5d5d682,n052d5d48a5d5d682,49
n870fc8a3464b458e,n870fc8a3464b458e,49
n55c6531672b83e47,n55c6531672b83e47,49
nf000cbe7f36c339a,nf000cbe7f36c339a,49
n63713632c8f40f3d,n63713632c8f40f3d,49
nef06ef143060ebcc,nef06ef143060ebcc,49
nf9d60f5b640a6993,nf9d60f5b640a6993,49
n9f338e7f3d5de3a5,n9f338e7f3d5de3a5,49
naf71660f7bb987d8,naf71660f7bb987d8,49
nd826da7eebab9912,nd826da7eebab9912,49
n99bc86d88ce99846,n99bc86d88ce99846,49
naaafe207bc971cfb,naaafe207bc971cfb,50
n1f7a9d92241aac74,n1f7a9d92241aac74,50
nf334b81290f1afb6,nf334b81290f1afb6,50
n57d069302f9e647f,n57d069302f9e647f,50
nadb104097d15e26b,nadb104097d15e26b,50
n9db663818317e36b,n9db663818317e36b,50
nad6c429f3a71a7bc,nad6c429f3a71a7bc,50
n2aafa174e3884e20,n2aafa174e3884e20,50
nf9b4d53ad4e46e0b,nf9b4d53ad4e46e0b,50
n121eccc7762d986b,n121eccc7762d986b,50
nd3147a0c6d2b6579,nd3147a0c6d2b6579,50
n088b54ebb7f91eb1,n088b54ebb7f91eb1,50
na5d9917f40a32644,na5d9917f40a32644,50
nbd83478f81a7eabe,nbd83478f81a7eabe,50
n0d89b375d11918eb,n0d89b375d11918eb,50
ne1281310ac92a936,ne1281310ac92a936,50
n2402d32358a87485,n2402d32358a87485,50
n8875145f8f66bf00,n8875145f8f66bf00,50
n40a026aa27cd40c8,n40a026aa27cd40c8,50
n1e31be3720d1e04a,n1e31be3720d1e04a,50
n83aa057e735131f6,n83aa057e735131f6,50
n46c15e7eb850e78e,n46c15e7eb850e78e,50
n03713d79cab9ea64,n03713d79cab9ea64,50
nfb1771785f07061e,nfb1771785f07061e,50
nb86950010d577938,nb86950010d577938,50
n6639004ed9a37772,n6639004ed9a37772,50
n2ee1309e40eb3805,n2ee1309e40eb3805,50
n1f3302a2ee8ce944,n1f3302a2ee8ce944,51
nf1e04d9b7ca32dd0,nf1e04d9b7ca32dd0,51
n0203d40d7da4941c,n0203d40d7da4941c,51
na02fca4983cef609,na02fca4983cef609,51
nf7e6f16ef7f388cc,nf7e6f16ef7f388cc,51
ndaf0e382831a45cf,ndaf0e382831a45cf,51
n070cccb9ec48ed08,n070cccb9ec48ed08,51
n6a5213f6914dfc57,n6a5213f6914dfc57,51
n357d140711074acf,n357d140711074acf,51
n0777f616d5169c37,n0777f616d5169c37,51
n03c3971489888182,n03c3971489888182,51
n783631b56f9e4dc7,n783631b56f9e4dc7,51
n7c5776871a85ae5c,n7c5776871a85ae5c,51
ne9ba3c4d8fd2f835,ne9ba3c4d8fd2f835,51
n662493b2b17e296e,n662493b2b17e296e,51
n432793ea199ecb6c,n432793ea199ecb6c,51
n8f5a4a43d347b91b,n8f5a4a43d347b91b,51
nfaa4d30227621b68,nfaa4d30227621b68,51
n6b2a6c210240fb91,n6b2a6c210240fb91,51
na912ec453662ce45,na912ec453662ce45,51
nf832f1f2b29b6c45,nf832f1f2b29b6c45,51
n6bb9b3b1aafd5fd4,n6bb9b3b1aafd5fd4,51
n264fff7a03044cc1,n264fff7a03044cc1,51
n4454dce353029215,n4454dce353029215,51
n20978ec71174055d,n20978ec71174055d,51
n3dc7059b90f9f7ca,n3dc7059b90f9f7ca,51
n21cbd86098c16c07,n21cbd86098c16c07,51
n6dcc23e4e4202bc7,n6dcc23e4e4202bc7,51
n6805ee81789b7ed3,n6805ee81789b7ed3,51
n67b95ab8a3ec3fad,n67b95ab8a3ec3fad,52
n90523ad4ff7c6656,n90523ad4ff7c6656,52
necb2c18bd01694c7,necb2c18bd01694c7,52
n4c0d716ad77167d3,n4c0d716ad77167d3,52
n141eb8db1a9eec6d,n141eb8db1a9eec6d,52
n80b84dc117946b1c,n80b84dc117946b1c,52
n1a1f72c9e8115e05,n1a1f72c9e8115e05,52
n300764c2fcf4a038,n300764c2fcf4a038,52
ne0a7eb826d440d8b,ne0a7eb826d440d8b,52
n0193caff6ca72f8c,n0193caff6ca72f8c,52
n9aa5685b25d1992d,n9aa5685b25d1992d,52
n29bbab6eb161176a,n29bbab6eb161176a,52
nafcbfd230529fb13,nafcbfd230529fb13,52
n3263b4d20ac2c8bb,n3263b4d20ac2c8bb,52
n388dac16a9c6e328,n388dac16a9c6e328,52
n525ef6865809fd7c,n525ef6865809fd7c,52
nde8460e14e018aca,nde8460e14e018aca,52
nd17aa6a72e2ee746,nd17aa6a72e2ee746,52
nd519fe5712f5055f,nd519fe5712f5055f,52
n563bcfdcd9cc183f,n563bcfdcd9cc183f,52
n1412b253c511b16c,n1412b253c511b16c,53
n8fd41a5fb0f99de7,n8fd41a5fb0f99de7,53
nd82bbded2088925f,nd82bbded2088925f,53
n4cea8dd64273a102,n4cea8dd64273a102,53
n8f30f39cf28d021c,n8f30f39cf28d021c,53
n051d7798ebf1af60,n051d7798ebf1af60,53
n79ad7cbe82273b3c,n79ad7cbe82273b3c,53
n3d39468a9f453f8c,n3d39468a9f453f8c,53
n35b8ee00d9b5acc4,n35b8ee00d9b5acc4,53
nb74215c4895bf846,nb74215c4895bf846,53
n7651897f2c998108,n7651897f2c998108,53
n59dce5dd482b37ae,n59dce5dd482b37ae,54
n82d2a701dadb8a01,n82d2a701dadb8a01,54
nf1d2b9240458108b,nf1d2b9240458108b,54
n1cf3d48b0723e1b1,n1cf3d48b0723e1b1,54
n9b9a7bf96e190870,n9b9a7bf96e190870,54
n0c0265840a23b637,n0c0265840a23b637,54
n63a5ff3dde17d365,n63a5ff3dde17d365,55
nd6adffc57c31fa74,nd6adffc57c31fa74,55
n542f84ca8cbdfd35,n542f84ca8cbdfd35,55
n4096ede3da3813b6,n4096ede3da3813b6,55
nc75cbe5fb1f9ffa7,nc75cbe5fb1f9ffa7,55
n4c42bcc7d2a1de6f,n4c42bcc7d2a1de6f,55
n263268bfd9f7a170,n263268bfd9f7a170,55
n7c92523f9db2b456,n7c92523f9db2b456,55
n83b9a9d591177b90,n83b9a9d591177b90,55
nb90c772c6d7386c0,nb90c772c6d7386c0,56
nac633a92d1a1a636,nac633a92d1a1a636,56
n6b27c2fcb922d2b8,n6b27c2fcb922d2b8,56
naffd95b9f9114214,naffd95b9f9114214,56
n83790b1c12f84fd1,n83790b1c12f84fd1,56
nf18d3546833aa79e,nf18d3546833aa79e,56
n0396546b7b5f7ae3,n0396546b7b5f7ae3,56
n6bdc350113e12b54,n6bdc350113e12b54,56
n286648eed1c44856,n286648eed1c44856,56
ne434aae1fee91af7,ne434aae1fee91af7,56
n01be4621aa7aeaff,n01be4621aa7aeaff,56
nd111b175d592aeb6,nd111b175d592aeb6,56
nf3d34598c2ea83e3,nf3d34598c2ea83e3,57
nf3adcc6f0261f947,nf3adcc6f0261f947,57
nd1fae25e75d47cb4,nd1fae25e75d47cb4,57
n7fab6d6e17824f51,n7fab6d6e17824f51,57
nae33cfbfb6eab8a1,nae33cfbfb6eab8a1,57
n4e77a121d824cfa8,n4e77a121d824cfa8,57
nc9dc8653ee8926eb,nc9dc8653ee8926eb,57
nc382a6a415025062,nc382a6a415025062,57
n6e4b8a13cc4f764d,n6e4b8a13cc4f764d,57
ndaa7f28924edc8a6,ndaa7f28924edc8a6,57
n9e06d749abd401b4,n9e06d749abd401b4,58
n586308a552beaefc,n586308a552beaefc,58
nc3279cd89918ab1e,nc3279cd89918ab1e,58
n534aa0b234b4dfb6,n534aa0b234b4dfb6,58
n2d67f99b45653cd2,n2d67f99b45653cd2,58
n414dcdfeb5694480,n414dcdfeb5694480,58
n11681be2e4bc0e7c,n11681be2e4bc0e7c,58
n5e5a53d3fa65dd58,n5e5a53d3fa65dd58,58
nfdb6a2021257ae2d,nfdb6a2021257ae2d,58
nbb646fe78d5cc252,nbb646fe78d5cc252,58
ncb6c1703a104fcd2,ncb6c1703a104fcd2,58
n5f0eca42ab317cf7,n5f0eca42ab317cf7,59
n81df0dafaf225aff,n81df0dafaf225aff,59
nd799c6543848f37a,nd799c6543848f37a,59
nfa9235237d1dccdd,nfa9235237d1dccdd,59
n112060a322a31ff4,n112060a322a31ff4,59
nc76999c85dd20613,nc76999c85dd20613,59
n66a1d569f73d51b4,n66a1d569f73d51b4,59
na7df85bcc293903f,na7df85bcc293903f,59
n0111746518010ab9,n0111746518010ab9,59
na37c881726e5d6bb,na37c881726e5d6bb,59
n503dd3cc56445c34,n503dd3cc56445c34,59
nba2439d731a664e3,nba2439d731a664e3,59
nb0d945e099dd6e83,nb0d945e099dd6e83,59
n304645ddd4d33df8,n304645ddd4d33df8,59
n17030fb7580cdb13,n17030fb7580cdb13,59
n80c7d00f6f0c4849,n80c7d00f6f0c4849,59
n776f5efc19e9cce4,n776f5efc19e9cce4,59
n2cef1da04923d9ab,n2cef1da04923d9ab,59
n4d57f653aeb8d317,n4d57f653aeb8d317,60
n4308325b866506f0,n4308325b866506f0,60
n1bb224ac8b96cf14,n1bb224ac8b96cf14,60
n5ba039be99e87fef,n5ba039be99e87fef,60
n5baed3535b20cdbe,n5baed3535b20cdbe,60
nb3827aba07d6b395,nb3827aba07d6b395,60
n711c3a53689b950f,n711c3a53689b950f,60
ne4d5e5f0646ce4f6,ne4d5e5f0646ce4f6,60
n5551bb66c715539d,n5551bb66c715539d,60
naabf4581fd49306b,naabf4581fd49306b,60
n2d9aba821901c59f,n2d9aba821901c59f,60
n8d8f55d8eda73f4c,n8d8f55d8eda73f4c,60
n9494d50cc9b7d1b0,n9494d50cc9b7d1b0,60
nf353e8b328eb95a5,nf353e8b328eb95a5,60
n41cbfcd80fbcf83d,n41cbfcd80fbcf83d,60
na9c03dade1d6611e,na9c03dade1d6611e,60
n7cb8e7ccb4426c40,n7cb8e7ccb4426c40,60
n41119c33c18555e6,n41119c33c18555e6,60
n064447775a572986,n064447775a572986,60
nfdd4fa41a0e5e431,nfdd4fa41a0e5e431,60
n3591c868cb0c6349,n3591c868cb0c6349,60
n41c3f98e682651ff,n41c3f98e682651ff,60
n47e388b78d5c173f,n47e388b78d5c173f,60
n8c3587bf41a7aa3e,n8c3587bf41a7aa3e,61
nff627f58a19c1dc8,nff627f58a19c1dc8,61
nb717b7b0aa5a4941,nb717b7b0aa5a4941,61
n80aaab73e6008f89,n80aaab73e6008f89,61
nbf00cc759dc79f84,nbf00cc759dc79f84,61
nde1a1a724d66c43f,nde1a1a724d66c43f,61
nd2412c0b10aba482,nd2412c0b10aba482,61
n8a538c8363e324eb,n8a538c8363e324eb,61
n84aa20196c1776e0,n84aa20196c1776e0,61
n1657c1b6c8c61b2a,n1657c1b6c8c61b2a,61
n4ec8fb81df7fa0d5,n4ec8fb81df7fa0d5,61
n344af260bcd79663,n344af260bcd79663,61
ned53981cfe0adf98,ned53981cfe0adf98,61
na3adfb7736c21207,na3adfb7736c21207,61
na36ed9f18442a472,na36ed9f18442a472,61
n79ee6c8565d722e9,n79ee6c8565d722e9,61
nb65cec57b17f4b91,nb65cec57b17f4b91,62
n61b77dc1891b078d,n61b77dc1891b078d,62
ne5da6adfc72e61be,ne5da6adfc72e61be,62
n5157494e472492a0,n5157494e472492a0,62
nb9cf044d2d736d41,nb9cf044d2d736d41,62
n509ee6489d8304dd,n509ee6489d8304dd,62
na6a603686652b289,na6a603686652b289,62
n608d07ed8719b97a,n608d07ed8719b97a,62
n145a0563ea006e5a,n145a0563ea006e5a,62
n0c651dcee157a35b,n0c651dcee157a35b,62
n8d137ffd07d5d975,n8d137ffd07d5d975,62
n65baa1a37870b7bc,n65baa1a37870b7bc,62
n0a16416c105d62a5,n0a16416c105d62a5,62
naa51c68c93e09220,naa51c68c93e09220,62
nddc89b585c815a9a,nddc89b585c815a9a,62
nf11fa9e17c41083b,nf11fa9e17c41083b,62
n2597b3b71950649a,n2597b3b71950649a,62
nd268f6de009abe81,nd268f6de009abe81,62
ndee09bce38ee3171,ndee09bce38ee3171,62
n5203a8bf98e8df93,n5203a8bf98e8df93,62
ne8ffc47c7dede85f,ne8ffc47c7dede85f,62
n518ea1a2315bc985,n518ea1a2315bc985,63
n2f445391d32f7f2e,n2f445391d32f7f2e,63
nac28962ed4a4725d,nac28962ed4a4725d,63
nd8edf7129e435a06,nd8edf7129e435a06,63
nc5b9e0293fd139ed,nc5b9e0293fd139ed,63
n8cdd2599a126eed3,n8cdd2599a126eed3,63
n1117a4bef4df6b93,n1117a4bef4df6b93,63
n6e74a7c3e6188bdd,n6e74a7c3e6188bdd,63
ne68dcddc8aba072e,ne68dcddc8aba072e,63
nc88be84fa798a926,nc88be84fa798a926,63
n2f11aa3939b174ea,n2f11aa3939b174ea,63
n0f20aba8be36327f,n0f20aba8be36327f,63
n280972034a9d2337,n280972034a9d2337,63
n48380f1f8c8ff222,n48380f1f8c8ff222,63
nedb1b83037d76f37,nedb1b83037d76f37,63
n7116f8ef15a12e99,n7116f8ef15a12e99,63
ndb8b7cae4def0649,ndb8b7cae4def0649,63
n391baf8bb018d8cd,n391baf8bb018d8cd,63
n2656d0bdf987d655,n2656d0bdf987d655,63
ncfc30d1f918bca6f,ncfc30d1f918bca6f,63
n4577ae5bac5ac8e2,n4577ae5bac5ac8e2,63
n059008e7eef9d138,n059008e7eef9d138,63
n041d20fec23249fc,n041d20fec23249fc,64
na14ea01ec7fc518d,na14ea01ec7fc518d,64
n6dbb2fcb798db3fc,n6dbb2fcb798db3fc,64
na606fe161f062db1,na606fe161f062db1,64
n42d472dcd8b61c15,n42d472dcd8b61c15,64
nde88ad22f2ead601,nde88ad22f2ead601,64
n2dddf3359cc2f019,n2dddf3359cc2f019,64
nbaf4415a54a95b3d,nbaf4415a54a95b3d,64
n401d31cfc131036e,n401d31cfc131036e,64
n0362109ab5e0f1fc,n0362109ab5e0f1fc,64
n7559a2b3b64e7821,n7559a2b3b64e7821,64
n94764a6e53a6f2a0,n94764a6e53a6f2a0,64
n151173089a5e5b30,n151173089a5e5b30,64
n5a954510cdbe14ce,n5a954510cdbe14ce,64
n1b0dd7273f65d3ab,n1b0dd7273f65d3ab,64
n38814efd62a8e3b2,n38814efd62a8e3b2,64
n762e679a81a325f2,n762e679a81a325f2,64
nf93f469353076289,nf93f469353076289,64
n33d7d2b177e63901,n33d7d2b177e63901,64
n3a49d41d801880e1,n3a49d41d801880e1,64
ne23c39ab343b2ad7,ne23c39ab343b2ad7,65
n3ecd4fd204953602,n3ecd4fd204953602,65
ncff98de1b4283553,ncff98de1b4283553,65
n4e755c9d68e1cc89,n4e755c9d68e1cc89,65
nf4a57b1d364a3bd1,nf4a57b1d364a3bd1,65
n9b6ba5ea1481bf49,n9b6ba5ea1481bf49,65
n667afcb7877224d1,n667afcb7877224d1,65
n848d5bd7bd821168,n848d5bd7bd821168,65
n3842f98b29efa43e,n3842f98b29efa43e,65
nb7944293a637b32b,nb7944293a637b32b,65
n5a4b2c26da5bcee9,n5a4b2c26da5bcee9,65
n0aea71a2c6b40945,n0aea71a2c6b40945,65
n80783bdbfdb5440c,n80783bdbfdb5440c,65
nee736835a2c29e15,nee736835a2c29e15,65
n14a16d233c463c83,n14a16d233c463c83,65
ndd0501e13692778b,ndd0501e13692778b,65
n5da519acdc3d22c8,n5da519acdc3d22c8,65
nba7c2085d7733a37,nba7c2085d7733a37,65
n19730e913dbced23,n19730e913dbced23,65
nc8c32e0a4f043d3f,nc8c32e0a4f043d3f,65
n24042114fd5ca092,n24042114fd5ca092,65
n39057fcae96c54fc,n39057fcae96c54fc,65
nbcbb9ec1c5758add,nbcbb9ec1c5758add,65
n6a574d3ab6721b47,n6a574d3ab6721b47,65
n2e7ee555c8bcd86a,n2e7ee555c8bcd86a,65
n0bd511516b1ec1dc,n0bd511516b1ec1dc,65
nb34049e59a6d5096,nb34049e59a6d5096,66
n7fb030349e8109fc,n7fb030349e8109fc,66
n7bf47d790b0ed49a,n7bf47d790b0ed49a,66
n65262fb224aa160b,n65262fb224aa160b,66
n538bd0e83452ad27,n538bd0e83452ad27,66
n98444cfe89cd2974,n98444cfe89cd2974,66
n306d2d25131fd0e8,n306d2d25131fd0e8,66
nff6527eee477c2b9,nff6527eee477c2b9,66
n689e8beb411c12a5,n689e8beb411c12a5,66
n430fd10aad0428a3,n430fd10aad0428a3,66
nc284ba0a25c66749,nc284ba0a25c66749,66
n464598c3fede5f97,n464598c3fede5f97,66
n591ea62159983010,n591ea62159983010,66
nf67768d07f5710c3,nf67768d07f5710c3,66
nc756d48e3bca99fc,nc756d48e3bca99fc,66
n0727c64fc33b0703,n0727c64fc33b0703,66
nb1625fa67d3e8404,nb1625fa67d3e8404,66
n1e6dfb2851215d71,n1e6dfb2851215d71,66
n8176737000680212,n8176737000680212,66
ne18cf3a4de6d9a16,ne18cf3a4de6d9a16,66
n4d667fc4d920f1d6,n4d667fc4d920f1d6,66
n6c78b5ac77b9ceae,n6c78b5ac77b9ceae,67
n72f0e6086a392238,n72f0e6086a392238,67
na8bc284ed6b3349f,na8bc284ed6b3349f,67
nbcbf2261fb896c95,nbcbf2261fb896c95,67
ne240953be0eecace,ne240953be0eecace,67
n4ee956a9779cf435,n4ee956a9779cf435,67
n155f061a7199713b,n155f061a7199713b,67
nf5c0c89818d58845,nf5c0c89818d58845,67
n7bae515cf3d8d21f,n7bae515cf3d8d21f,67
nf4b0be4f413dc53c,nf4b0be4f413dc53c,67
nad24b84324711fcb,nad24b84324711fcb,67
n4fbc322df7ff960b,n4fbc322df7ff960b,67
ncd3b90f2eca2a879,ncd3b90f2eca2a879,67
n7083cf5f0bafdd4c,n7083cf5f0bafdd4c,67
n2313a806c6b1e797,n2313a806c6b1e797,67
ne6c377795c8df577,ne6c377795c8df577,67
nc4cee97e313777b7,nc4cee97e313777b7,67
n770f23ead581ab16,n770f23ead581ab16,67
n07454bd800599983,n07454bd800599983,67
n78b05ffd207b1ee3,n78b05ffd207b1ee3,67
n3b0fbf46bfedc714,n3b0fbf46bfedc714,67
nc582d8f42e0d3e51,nc582d8f42e0d3e51,67
n7818750cc9ebbac4,n7818750cc9ebbac4,67
n909e4bb50fe4d8df,n909e4bb50fe4d8df,68
n5851f4134d6af768,n5851f4134d6af768,68
n35fc8528d5689fee,n35fc8528d5689fee,68
n666ddf5e0329a71e,n666ddf5e0329a71e,68
n60f001387b39767a,n60f001387b39767a,69
n8a27fd52d7780f0b,n8a27fd52d7780f0b,69
n68a4cf737fb867e4,n68a4cf737fb867e4,69
n68fa38c5e4201b75,n68fa38c5e4201b75,69
n76696fd54b9c4c37,n76696fd54b9c4c37,69
n813132e03432a683,n813132e03432a683,69
n9abe3ae0f4d890c9,n9abe3ae0f4d890c9,69
n009e63fceb1a6ea1,n009e63fceb1a6ea1,69
nbf04795828ff6715,nbf04795828ff6715,69
n65a7c1ba8ca9f944,n65a7c1ba8ca9f944,69
n73ed4680d7688b30,n73ed4680d7688b30,70
n729b4659d97e290d,n729b4659d97e290d,70
nfe6240a5316232f2,nfe6240a5316232f2,70
n691a8c625baace97,n691a8c625baace97,70
n4ee866251f1d149d,n4ee866251f1d149d,70
naeeb0b4ea917a6b0,naeeb0b4ea917a6b0,70
n428e97f9de61fcc2,n428e97f9de61fcc2,71
nb83b248085e15c7f,nb83b248085e15c7f,71
n605b96db3e0f13f0,n605b96db3e0f13f0,71
n039c406f6d027a45,n039c406f6d027a45,71
n5eb2901fa3d1cf0e,n5eb2901fa3d1cf0e,71
na5fdcb2a78ef6613,na5fdcb2a78ef6613,71
ne39e6d18cfde164a,ne39e6d18cfde164a,71
n5c5e4eeeb4adc8a9,n5c5e4eeeb4adc8a9,71
na0ec39a530fe6e69,na0ec39a530fe6e69,71
nd1d20e6b8c554f99,nd1d20e6b8c554f99,71
nc1a562a6f975d1ff,nc1a562a6f975d1ff,71
n71dfa52d0941d3d8,n71dfa52d0941d3d8,71
n406d9976fb644e62,n406d9976fb644e62,71
n5241e8cd12175552,n5241e8cd12175552,71
n0012d676eacfc664,n0012d676eacfc664,71
n3201182e1fa8673d,n3201182e1fa8673d,72
ndb8ae0a34452ff62,ndb8ae0a34452ff62,72
nef6150cf848d1498,nef6150cf848d1498,72
n01d328e75efe7b19,n01d328e75efe7b19,72
n534230ef0bb36af2,n534230ef0bb36af2,72
nb9b412e1a11170c7,nb9b412e1a11170c7,72
n870d8997cd07a8a5,n870d8997cd07a8a5,72
n00695a9e6be67073,n00695a9e6be67073,72
n0009dcbc327aaaab,n0009dcbc327aaaab,72
n39ed1323fa073980,n39ed1323fa073980,72
nbb563e8ddf26af38,nbb563e8ddf26af38,72
n9fda1f13720fd33f,n9fda1f13720fd33f,72
nf88d31a47061ec4b,nf88d31a47061ec4b,72
n7f9cd9c80a49bc21,n7f9cd9c80a49bc21,72
n75fdc8558f9f175b,n75fdc8558f9f175b,72
ne39798ddbe5533ed,ne39798ddbe5533ed,72
n5531f07ee6aaf60f,n5531f07ee6aaf60f,72
nf11f4aabfafb30f0,nf11f4aabfafb30f0,72
n7c68c267a0023973,n7c68c267a0023973,72
n72e8b90dc8f710ca,n72e8b90dc8f710ca,72
n3860f401c660ed4b,n3860f401c660ed4b,72
n078632ae86686e6f,n078632ae86686e6f,72
n85ae331cc7d41edd,n85ae331cc7d41edd,72
nf8e4cd0111d83fac,nf8e4cd0111d83fac,72
n830f88b1ef1605ba,n830f88b1ef1605ba,72
n26f05c76ccefa637,n26f05c76ccefa637,72
n873b224584b9daff,n873b224584b9daff,72
n9b64272437ba4e3b,n9b64272437ba4e3b,72
ndadccbb7f54ebfc0,ndadccbb7f54ebfc0,72
nc17cea15c736a1c3,nc17cea15c736a1c3,72
n00d16e24aa747a4e,n00d16e24aa747a4e,72
n16d74da9b73a5e2e,n16d74da9b73a5e2e,72
n3c5af4e41289dbc3,n3c5af4e41289dbc3,72
nb5204ade1a6cdc16,nb5204ade1a6cdc16,72
na4d6fa2a3b0d126c,na4d6fa2a3b0d126c,72
na1f317e52f4f8173,na1f317e52f4f8173,72
n9b272e89e86d7c42,n9b272e89e86d7c42,73
n98acccb17e40a836,n98acccb17e40a836,73
n25831e5e3e41f920,n25831e5e3e41f920,73
naf88428b9d289028,naf88428b9d289028,73
n15c30d4d80cf8c84,n15c30d4d80cf8c84,73
n4355500b86a36225,n4355500b86a36225,73
n7c6f3872ff16d30c,n7c6f3872ff16d30c,73
n6167051f9c8bca11,n6167051f9c8bca11,73
n7613f36b78c6d953,n7613f36b78c6d953,73
n50cb87393c7d5343,n50cb87393c7d5343,73
nc2709f08de83d34d,nc2709f08de83d34d,73
n133535327641f2b6,n133535327641f2b6,73
n92912c8e503542a6,n92912c8e503542a6,73
ndd5afe6f982b4d7d,ndd5afe6f982b4d7d,73
nfab20f0b5d2cd2d4,nfab20f0b5d2cd2d4,73
n74b145af1d9fd6d7,n74b145af1d9fd6d7,73
n189f0e38b423276b,n189f0e38b423276b,73
n381c62b75529c2d6,n381c62b75529c2d6,73
n3245b52bd35b4726,n3245b52bd35b4726,73
n3603bec518e9de70,n3603bec518e9de70,73
nc984b18b421b93f6,nc984b18b421b93f6,73
n1465f17529d2379d,n1465f17529d2379d,74
n956332ac87470946,n956332ac87470946,74
n44a29f7e8ba0d0dc,n44a29f7e8ba0d0dc,74
n84e6eaebacdbe186,n84e6eaebacdbe186,74
nad60bd6674b93fa6,nad60bd6674b93fa6,74
n1bd04d1ed7970bdd,n1bd04d1ed7970bdd,74
ndb2ce75e0677184e,ndb2ce75e0677184e,74
nfce8eefb566de4e0,nfce8eefb566de4e0,74
nfa9e5d9cf2c417ac,nfa9e5d9cf2c417ac,74
n5d6756c3e3176810,n5d6756c3e3176810,74
n1f58a6ba8a5adeb8,n1f58a6ba8a5adeb8,74
n7d137410faddadb6,n7d137410faddadb6,74
n771f5d2104335c5a,n771f5d2104335c5a,74
n517be9d698561b38,n517be9d698561b38,74
na4fea2537ebb9665,na4fea2537ebb9665,74
nc15631470303b31b,nc15631470303b31b,74
na24e500c12706db7,na24e500c12706db7,74
n1dc608309a98340f,n1dc608309a98340f,74
nc23c72076c2070a4,nc23c72076c2070a4,74
n49152f051db1e03a,n49152f051db1e03a,74
n616b04057f3889e4,n616b04057f3889e4,74
na9766a541e1feaa5,na9766a541e1feaa5,74
n5a987294fbb2cd1c,n5a987294fbb2cd1c,74
ne20cff4f3d78abbd,ne20cff4f3d78abbd,74
n52b3902d7880491e,n52b3902d7880491e,74
n7301ce46be1e4275,n7301ce46be1e4275,74
n1aa34e38983aa441,n1aa34e38983aa441,74
ne944e002e8a12896,ne944e002e8a12896,74
n4a4f891df02893cc,n4a4f891df02893cc,74
nab4fed7b4fce5214,nab4fed7b4fce5214,74
nd3e86b03b1656c51,nd3e86b03b1656c51,74
n4552689c39cabb41,n4552689c39cabb41,74
n5c0e6545f9fd02c8,n5c0e6545f9fd02c8,74
n302004e52dd47078,n302004e52dd47078,74
n2765fd1d42a76ed0,n2765fd1d42a76ed0,74
n64b5e806b4eedae6,n64b5e806b4eedae6,74
n72fb724086f863d0,n72fb724086f863d0,75
nbad2b53c8642cc3b,nbad2b53c8642cc3b,75
n406bdbc9cd697fbf,n406bdbc9cd697fbf,75
nd0af700ce07e0371,nd0af700ce07e0371,75
n32b00c7d617af778,n32b00c7d617af778,75
n4a56da52b563cc5d,n4a56da52b563cc5d,75
nbb93585358d4f64e,nbb93585358d4f64e,75
nd0b3b1c8ab175db6,nd0b3b1c8ab175db6,75
n65b6e9268015f6f5,n65b6e9268015f6f5,75
nf152d272bf90bcf8,nf152d272bf90bcf8,75
n87eb00bb1dbfedc8,n87eb00bb1dbfedc8,75
nc20034f28e350f02,nc20034f28e350f02,75
n6cd02f1feed00d75,n6cd02f1feed00d75,75
n723f5c97b1a2b617,n723f5c97b1a2b617,75
nc0d837c853ab7499,nc0d837c853ab7499,75
n257049233e036f15,n257049233e036f15,75
nc13bef78ca122769,nc13bef78ca122769,75
n78f7375a6a0ac001,n78f7375a6a0ac001,75
nbe16ae55df8cf8a9,nbe16ae55df8cf8a9,75
na11d7d0751054f01,na11d7d0751054f01,75
n479a5f01f233c93d,n479a5f01f233c93d,75
n06308ffdea25e68d,n06308ffdea25e68d,76
naf3db2a0b636cbcc,naf3db2a0b636cbcc,76
n4fff948d6462b7a5,n4fff948d6462b7a5,76
n010f26f8a37cc636,n010f26f8a37cc636,76
nd962ca2a1d49b0a9,nd962ca2a1d49b0a9,76
nfb9b9b29087cf3a7,nfb9b9b29087cf3a7,76
ne6c00a78f6767f0d,ne6c00a78f6767f0d,76
nced97de2ca4d2804,nced97de2ca4d2804,76
nc30e09144518fa01,nc30e09144518fa01,76
n6260c82ab5e065be,n6260c82ab5e065be,76
n3f5146c4ac2f3018,n3f5146c4ac2f3018,76
n451b87bd652190f7,n451b87bd652190f7,76
n6abac7086bc8456e,n6abac7086bc8456e,76
n6a440c8fe4a0bc75,n6a440c8fe4a0bc75,76
na7089c1866754fc3,na7089c1866754fc3,76
nafa977f45336d745,nafa977f45336d745,76
n289fbeef1cc741cf,n289fbeef1cc741cf,76
n8ebde518b38d516a,n8ebde518b38d516a,76
ne52ac956ab9f0765,ne52ac956ab9f0765,76
n04c07ef529efe335,n04c07ef529efe335,76
n72df4671843a2136,n72df4671843a2136,76
ne1204aba782eb9e8,ne1204aba782eb9e8,76
n2e0b9fdecb72c5fe,n2e0b9fdecb72c5fe,76
n228ff33911fc1c4a,n228ff33911fc1c4a,76
nc84fffbb00187159,nc84fffbb00187159,76
n801674a1c4f9f001,n801674a1c4f9f001,76
n32364628a78372f9,n32364628a78372f9,76
n1f5f8c8ac4bdaed5,n1f5f8c8ac4bdaed5,76
n71d96c7122e0e01b,n71d96c7122e0e01b,76
ne8b31e490edf29d5,ne8b31e490edf29d5,76
nff70390e087277cf,nff70390e087277cf,76
n7b8766340c3f0abf,n7b8766340c3f0abf,76
na4597ac108539471,na4597ac108539471,76
na5f2e0b12025f134,na5f2e0b12025f134,76
n4c3aa80dad838111,n4c3aa80dad838111,76
n53c83ce804a3d2db,n53c83ce804a3d2db,76
nfab3ef0e671f6c45,nfab3ef0e671f6c45,76
nbf281981672d7dbd,nbf281981672d7dbd,76
n40b8347cd4a9e783,n40b8347cd4a9e783,76
n80617a138b70bdb6,n80617a138b70bdb6,76
n43e3e83889cfdfc1,n43e3e83889cfdfc1,76
n93b048e69a8e58fd,n93b048e69a8e58fd,76
ncf24a17f957c007f,ncf24a17f957c007f,77
n69b861f1af08eb45,n69b861f1af08eb45,77
n802c9861450857ec,n802c9861450857ec,77
n209a3b9aadf9d052,n209a3b9aadf9d052,77
ne9a40d66caf9a081,ne9a40d66caf9a081,77
n9f5ae6f49f8726be,n9f5ae6f49f8726be,77
nf82c1d2b6e80dc9b,nf82c1d2b6e80dc9b,77
n04e08278918a2336,n04e08278918a2336,77
nba7b8584b1489906,nba7b8584b1489906,77
nf2401c30af772293,nf2401c30af772293,77
n32781b08c753272b,n32781b08c753272b,77
n22850b353c3fabb4,n22850b353c3fabb4,77
n516a40a71c065afe,n516a40a71c065afe,77
nf80abc207fb419b3,nf80abc207fb419b3,77
n02c6eef2a901516b,n02c6eef2a901516b,77
nd2ea3ca6214c7bcc,nd2ea3ca6214c7bcc,77
n4df63de370702cc9,n4df63de370702cc9,77
n6c4f9eff8718c59f,n6c4f9eff8718c59f,77
nae0377005c8b88e3,nae0377005c8b88e3,77
n9c297f02a9da479f,n9c297f02a9da479f,77
nf070db23326643a0,nf070db23326643a0,77
ne0f08da82229ae7a,ne0f08da82229ae7a,78
n3f1c4b321077ff98,n3f1c4b321077ff98,78
n030afb5ed5f6a716,n030afb5ed5f6a716,78
n5d41b3a391f60718,n5d41b3a391f60718,78
nb78412fadf1eda61,nb78412fadf1eda61,78
n199a55b1d264672a,n199a55b1d264672a,78
ne2f89ff4697819cd,ne2f89ff4697819cd,78
n4f6f29b092eb5d2c,n4f6f29b092eb5d2c,78
n624c2595c9870dfb,n624c2595c9870dfb,78
n4aae6c336e039cba,n4aae6c336e039cba,78
n2c8117eb1a912451,n2c8117eb1a912451,78
n2c7d64cd11790d9a,n2c7d64cd11790d9a,78
n9c4c95c3261338e3,n9c4c95c3261338e3,78
n99506cc67c8f4a6e,n99506cc67c8f4a6e,78
nd2fa2e59607e0b8b,nd2fa2e59607e0b8b,78
ncf5302a6cf4af142,ncf5302a6cf4af142,78
na4fa2a68f6a283ab,na4fa2a68f6a283ab,78
n4ee6823bff4d1c84,n4ee6823bff4d1c84,78
n32970c8735a9186f,n32970c8735a9186f,78
n33144901cf886bcb,n33144901cf886bcb,78
n0c89f7fa050d4c92,n0c89f7fa050d4c92,78
n0b1507b2c68615f5,n0b1507b2c68615f5,78
n72baa5d7baf450cb,n72baa5d7baf450cb,78
nf77dd7f640b8b1ce,nf77dd7f640b8b1ce,78
na722ab4d8605af00,na722ab4d8605af00,78
n627c540589441b9c,n627c540589441b9c,78
n32fbefe2f29241c6,n32fbefe2f29241c6,78
nc219388b380f39ee,nc219388b380f39ee,78
n1dab26f989cbc120,n1dab26f989cbc120,78
n6186a57950558bb5,n6186a57950558bb5,78
naddeb2d9c326920f,naddeb2d9c326920f,78
n789d15fd1873c191,n789d15fd1873c191,78
n0de210ec9ce90382,n0de210ec9ce90382,78
n63ef209913586c73,n63ef209913586c73,78
na400bdf62492f56e,na400bdf62492f56e,78
nd450099d262370a7,nd450099d262370a7,78
n8ef269a3b64c39f9,n8ef269a3b64c39f9,78
nc950f043ec09a18f,nc950f043ec09a18f,78
n4290162da0f7dbb4,n4290162da0f7dbb4,78
nad57a07c11df2bc7,nad57a07c11df2bc7,78
nf059b40b40225a22,nf059b40b40225a22,78
n9de1e9c9d2644287,n9de1e9c9d2644287,78
nfd48c769f87e67ae,nfd48c769f87e67ae,79
nce6d7962ff3fae80,nce6d7962ff3fae80,79
n5b60056918587328,n5b60056918587328,79
nbb3c9b8d80b1571f,nbb3c9b8d80b1571f,79
n2cd2ed2344ff3ff4,n2cd2ed2344ff3ff4,79
n6c4f2e1293964dbe,n6c4f2e1293964dbe,79
n5c5d10b4515f3632,n5c5d10b4515f3632,79
n7d608f7a9b43089d,n7d608f7a9b43089d,79
nc6bee3d06a00957a,nc6bee3d06a00957a,79
n663cc7d18bd4ba96,n663cc7d18bd4ba96,79
n2255b82ba62d58be,n2255b82ba62d58be,79
n28df528d0db7976e,n28df528d0db7976e,79
n76cf515d226fbec8,n76cf515d226fbec8,79
n9940cb3af02a66e9,n9940cb3af02a66e9,79
n14830c746668ad5a,n14830c746668ad5a,79
nda3489d1bf110604,nda3489d1bf110604,79
nf118b4e51328aeb8,nf118b4e51328aeb8,79
nbef34b166e3c0569,nbef34b166e3c0569,79
n07dfd646f81f1568,n07dfd646f81f1568,79
n5cb8b0c774b9100b,n5cb8b0c774b9100b,79
n0050d41467372fb5,n0050d41467372fb5,79
nc674825660fce6bb,nc674825660fce6bb,79
n079b613640b9ef3c,n079b613640b9ef3c,79
nebd8020b359c6c8f,nebd8020b359c6c8f,79
n57418dce9a0fcc8e,n57418dce9a0fcc8e,79
n819233543c26931e,n819233543c26931e,79
ncaa195fe8e57fa4c,ncaa195fe8e57fa4c,79
n18ee5d4fe6885b84,n18ee5d4fe6885b84,79
nd5415331b575ecd4,nd5415331b575ecd4,79
na8bd7ffb6040c40f,na8bd7ffb6040c40f,79
nacaad4799ed17d5c,nacaad4799ed17d5c,79
n5299a2bfc43fdbe3,n5299a2bfc43fdbe3,79
n73c8cab2682bda3a,n73c8cab2682bda3a,79
n4a1d6bba3d8202b0,n4a1d6bba3d8202b0,79
nd92373dcd197f3d1,nd92373dcd197f3d1,79
n996bdf3b391b78ea,n996bdf3b391b78ea,79
n8858bf0892f36345,n8858bf0892f36345,80
n6cb3017b4857ff68,n6cb3017b4857ff68,80
n5cda00aadeaa52aa,n5cda00aadeaa52aa,80
n74271e6a4e621de9,n74271e6a4e621de9,80
n4fa69bbc47a9acf5,n4fa69bbc47a9acf5,80
n9a1e1ee62b325d25,n9a1e1ee62b325d25,80
n4f98f60125fbf57e,n4f98f60125fbf57e,80
n3e4a3d427aaf5877,n3e4a3d427aaf5877,80
n8514f324de780aa9,n8514f324de780aa9,80
nf46bb75400b5a072,nf46bb75400b5a072,80
na8c05c7c6db76d7b,na8c05c7c6db76d7b,80
nfe32ae6c2089c0f6,nfe32ae6c2089c0f6,80
n16b6be0d1334a0d1,n16b6be0d1334a0d1,80
na42b07318692bad2,na42b07318692bad2,80
n1ba9a7a415e65fa4,n1ba9a7a415e65fa4,80
n37d8f3113306dfc6,n37d8f3113306dfc6,80
nff59e8926aa57503,nff59e8926aa57503,80
n0f52eb9468942e1d,n0f52eb9468942e1d,80
n6b28d036bd7c0e22,n6b28d036bd7c0e22,80
n2bfc529128101874,n2bfc529128101874,80
n0ae8adb832b3b461,n0ae8adb832b3b461,80
n1149c5b9df91c6ee,n1149c5b9df91c6ee,80
n24f67580822a6ec6,n24f67580822a6ec6,80
nddce6472a61b2d35,nddce6472a61b2d35,80
n60e426b5d2f4c85f,n60e426b5d2f4c85f,80
ndadac80af7219fc1,ndadac80af7219fc1,80
na9545c52d46370c3,na9545c52d46370c3,80
n41b25986ba208abd,n41b25986ba208abd,80
n76184a45e7c98ff0,n76184a45e7c98ff0,80
nf785d69222bad7ff,nf785d69222bad7ff,80
n6351490c1fee0d1b,n6351490c1fee0d1b,80
n0b3e1652cb76dad7,n0b3e1652cb76dad7,80
n8176f2b9bb829d0a,n8176f2b9bb829d0a,80
n9a3d7ca1bcea94dd,n9a3d7ca1bcea94dd,80
nfdb4aca01deba315,nfdb4aca01deba315,80
n1b0743ef7ef506a1,n1b0743ef7ef506a1,80
n7b3b3809e58abf2a,n7b3b3809e58abf2a,81
ndd9d1048d474e36e,ndd9d1048d474e36e,81
nc6924fde061f5f3a,nc6924fde061f5f3a,81
n68e9c0ab59b30dbe,n68e9c0ab59b30dbe,81
nbc38cd2dff3eabf5,nbc38cd2dff3eabf5,81
n9f53d5d0c83db181,n9f53d5d0c83db181,81
na6e5a2ba75453eb7,na6e5a2ba75453eb7,81
n28051b7c132de262,n28051b7c132de262,81
n7d90b3cd33e190bc,n7d90b3cd33e190bc,81
ndff64c3cd892a34f,ndff64c3cd892a34f,81
nad057eeef5d151a2,nad057eeef5d151a2,81
n1c5f87f7ceb4de95,n1c5f87f7ceb4de95,81
nd937c038e271a871,nd937c038e271a871,81
n426b8d4871d406ca,n426b8d4871d406ca,81
n0dc1236923dc98fa,n0dc1236923dc98fa,81
nc17047ce37b97cfb,nc17047ce37b97cfb,81
n9ef190b89a04a6e5,n9ef190b89a04a6e5,81
nf659ae38c72a4c4a,nf659ae38c72a4c4a,81
n53407fca97e2b017,n53407fca97e2b017,81
n662141daa1d1c644,n662141daa1d1c644,81
nd03d9772a20038a6,nd03d9772a20038a6,81
nf243ef49f252cccf,nf243ef49f252cccf,81
nc94282b12574e037,nc94282b12574e037,81
n8550945bcd624b75,n8550945bcd624b75,81
nec86159b8dc7cac2,nec86159b8dc7cac2,81
n96c9c7ca4e646efe,n96c9c7ca4e646efe,81
neeca44377a54b6fc,neeca44377a54b6fc,81
nbce51a52154ca881,nbce51a52154ca881,81
nf00b655e306ad680,nf00b655e306ad680,81
n1e13dd81ef7b3624,n1e13dd81ef7b3624,81
ncabbc3213195370c,ncabbc3213195370c,81
n5dd0f8c7008f5a34,n5dd0f8c7008f5a34,82
n97180ed74f165231,n97180ed74f165231,82
n09b1a5a515b03fad,n09b1a5a515b03fad,82
n95b628f241c05bdd,n95b628f241c05bdd,82
na9825cb1fc316e77,na9825cb1fc316e77,82
nc2bf87a0fc4befb2,nc2bf87a0fc4befb2,82
n2600ae47681eb44e,n2600ae47681eb44e,82
n0b255f4b1e27f2f5,n0b255f4b1e27f2f5,82
nba8209049fb3b5ab,nba8209049fb3b5ab,82
n8e0fd9b9d482272c,n8e0fd9b9d482272c,82
n3082f04b0fdb8df4,n3082f04b0fdb8df4,82
nc00bdb06f47d1471,nc00bdb06f47d1471,82
nbbb3ab4291a9d993,nbbb3ab4291a9d993,82
n635fb64294e4f418,n635fb64294e4f418,82
n69331979c897b257,n69331979c897b257,82
n279a5f4093eace93,n279a5f4093eace93,82
n7a96ecc84e1ad747,n7a96ecc84e1ad747,82
nccd0789c61b1e68a,nccd0789c61b1e68a,82
nf5ff95f19d6e5110,nf5ff95f19d6e5110,82
n23de6ba73071046e,n23de6ba73071046e,82
nd36e3e2d74f06329,nd36e3e2d74f06329,82
na1f71ff90b3a94ee,na1f71ff90b3a94ee,82
nf5d016c1b3a9731d,nf5d016c1b3a9731d,82
na2150372cb735517,na2150372cb735517,82
n6dcf188eb19c1003,n6dcf188eb19c1003,82
n215c3b4b4003210f,n215c3b4b4003210f,82
n15aae814e0162de4,n15aae814e0162de4,82
ne32c03ab8bcf5e24,ne32c03ab8bcf5e24,82
n246e5aef6c5ba2fa,n246e5aef6c5ba2fa,82
nc82e9ac5d134ee21,nc82e9ac5d134ee21,82
n9341916b2da2f213,n9341916b2da2f213,82
n2183804b845235d2,n2183804b845235d2,82
n6825845394f19e65,n6825845394f19e65,83
n27269c44cb9c55f8,n27269c44cb9c55f8,83
nd0f42ab8a7fbdcb5,nd0f42ab8a7fbdcb5,83
na43fe49a637ba61a,na43fe49a637ba61a,83
n298f316c7903cc3b,n298f316c7903cc3b,83
nf8a48a79b9bc591e,nf8a48a79b9bc591e,83
ndc7a7d6f174016ce,ndc7a7d6f174016ce,83
n44db6983cf496427,n44db6983cf496427,83
n452da3ba7eff3178,n452da3ba7eff3178,83
n5d72b6b25ca40c6a,n5d72b6b25ca40c6a,83
n1c5d2e74a3f11529,n1c5d2e74a3f11529,83
nb1627c00da3647c4,nb1627c00da3647c4,83
nb4c13a9efde91dc6,nb4c13a9efde91dc6,83
nb95683368a971e46,nb95683368a971e46,83
n3adc8413fbbe23cb,n3adc8413fbbe23cb,83
n072b185155065a48,n072b185155065a48,83
n94a49d02fede9236,n94a49d02fede9236,83
n932f784b38bfab54,n932f784b38bfab54,83
nd6bfc4620bebca61,nd6bfc4620bebca61,83
n450bb820c34a7d6b,n450bb820c34a7d6b,83
na1d6f9f810cdb2be,na1d6f9f810cdb2be,83
n4ec42f06bae94113,n4ec42f06bae94113,83
ncee037893dad7cca,ncee037893dad7cca,83
ne8e5b52e123f2e54,ne8e5b52e123f2e54,83
n108c2e765d4ef3c2,n108c2e765d4ef3c2,83
n479dd8426ba89cd2,n479dd8426ba89cd2,83
n69713951028e6c31,n69713951028e6c31,83
nadd6d9bdb735e06e,nadd6d9bdb735e06e,83
n25cbaacb6f9975a1,n25cbaacb6f9975a1,83
n08c4e69c89208703,n08c4e69c89208703,83
nfd900cec0726e739,nfd900cec0726e739,83
n4c32e9b831a9bdde,n4c32e9b831a9bdde,84
nd2e56dc8cd7008c9,nd2e56dc8cd7008c9,84
n14f125d82efd0bc0,n14f125d82efd0bc0,84
nc9b2831a50f7c031,nc9b2831a50f7c031,84
n2561b36d1fc3724a,n2561b36d1fc3724a,84
ndc33bd6c4acfb46a,ndc33bd6c4acfb46a,84
n03fdb754ab9024f4,n03fdb754ab9024f4,84
n4ba317a5d4c7e9de,n4ba317a5d4c7e9de,84
nbd2490b11b4af34c,nbd2490b11b4af34c,84
n507ff8e53d2011e8,n507ff8e53d2011e8,84
ne9fa6a71800a9b56,ne9fa6a71800a9b56,84
n4429f0291498715c,n4429f0291498715c,84
ncddab182a58a95a5,ncddab182a58a95a5,84
nd7c6bec62371e177,nd7c6bec62371e177,84
n3154b612235c57f5,n3154b612235c57f5,84
n2fe0d977d3dabd07,n2fe0d977d3dabd07,84
n9f6449cbae6a6c65,n9f6449cbae6a6c65,84
nc9ac37631cd45997,nc9ac37631cd45997,84
n75b28fad0db8b944,n75b28fad0db8b944,84
n16b8076ee6cb529d,n16b8076ee6cb529d,84
ndf391f9fd087a921,ndf391f9fd087a921,84
n24e8bdb73afa29bc,n24e8bdb73afa29bc,84
n1856a1048f8b81f0,n1856a1048f8b81f0,84
n4e3cdc6098d96cd9,n4e3cdc6098d96cd9,84
nc1deed975a48b90f,nc1deed975a48b90f,84
ne37fa73d089ef9c5,ne37fa73d089ef9c5,84
n658ef5a8faee9d83,n658ef5a8faee9d83,84
ndbb7a60aa6e1b486,ndbb7a60aa6e1b486,84
ndd3d08dab96b2345,ndd3d08dab96b2345,85
n4f37795d4359d41b,n4f37795d4359d41b,85
nf37541db8d59749a,nf37541db8d59749a,85
n06e02dda1d7a9ed5,n06e02dda1d7a9ed5,85
n0d5f93caafa7d407,n0d5f93caafa7d407,85
nde0bde04ed8c68a5,nde0bde04ed8c68a5,85
nd68c781c0d20239f,nd68c781c0d20239f,85
n78e96334423bd79b,n78e96334423bd79b,85
nd3b04c8bb489ca86,nd3b04c8bb489ca86,85
n1472b489fbdaf152,n1472b489fbdaf152,85
n954ffe12031c5cde,n954ffe12031c5cde,85
ncb5f698a24b638aa,ncb5f698a24b638aa,85
n85c741233b2acfbe,n85c741233b2acfbe,85
n4a139ee647160bf2,n4a139ee647160bf2,85
n517d9ea1f78e4198,n517d9ea1f78e4198,85
nd9bdf11ead979545,nd9bdf11ead979545,85
n37c66e010f473e0b,n37c66e010f473e0b,85
nf1ca5cde13478fa8,nf1ca5cde13478fa8,85
nbf4c5fd7b4c0cb9c,nbf4c5fd7b4c0cb9c,85
na7051d3756bd5b83,na7051d3756bd5b83,85
nf0968b819bd6b254,nf0968b819bd6b254,85
n8451bd2cd943a257,n8451bd2cd943a257,85
n9f86d867073b882c,n9f86d867073b882c,85
n932bb02685f4e6f8,n932bb02685f4e6f8,85
n3f5f8a2fe00a60e3,n3f5f8a2fe00a60e3,85
n2fb121fc8542749c,n2fb121fc8542749c,85
nd0caa31d988fdf79,nd0caa31d988fdf79,85
ne4490c9b522069e3,ne4490c9b522069e3,85
nd7210c55b6dc6bc6,nd7210c55b6dc6bc6,86
nb4afb22fe8107a3e,nb4afb22fe8107a3e,86
n6d42b7b83d23fc5f,n6d42b7b83d23fc5f,86
n25b1692a2a06265e,n25b1692a2a06265e,86
n153c7b557d755d73,n153c7b557d755d73,86
n87b59407b1fd611a,n87b59407b1fd611a,86
nced04e33066310ef,nced04e33066310ef,86
n565674f976858177,n565674f976858177,86
n373637a4e8548aba,n373637a4e8548aba,86
ncaa35809d83fbe9f,ncaa35809d83fbe9f,86
nf9d13e385652ec71,nf9d13e385652ec71,86
na126921595b83213,na126921595b83213,86
nd585d1bba3df7598,nd585d1bba3df7598,86
n8baefd465c22b5ab,n8baefd465c22b5ab,86
na715ba32c6450d1a,na715ba32c6450d1a,86
nd5b634469d9ddbf6,nd5b634469d9ddbf6,86
n82d5f3df69c03da8,n82d5f3df69c03da8,86
nb664813591aceb57,nb664813591aceb57,86
n4d1560ef8f311019,n4d1560ef8f311019,86
n723dad6532c313a6,n723dad6532c313a6,86
n6741c1d7e3f222f8,n6741c1d7e3f222f8,87
n9eb91fee3c60ab56,n9eb91fee3c60ab56,87
n144b4b2456f48bdd,n144b4b2456f48bdd,87
n651204ce91dd5047,n651204ce91dd5047,87
nc63ef16af628174f,nc63ef16af628174f,87
n0167956e8750a1a7,n0167956e8750a1a7,87
n5b640ac5686b7e02,n5b640ac5686b7e02,87
nc34903a5133a8212,nc34903a5133a8212,87
n8ffd7449df49fbf6,n8ffd7449df49fbf6,87
nb697d34ad1f78f92,nb697d34ad1f78f92,87
nb5e585039c6c4867,nb5e585039c6c4867,87
na9a8000ef2158567,na9a8000ef2158567,87
n9ea55325657990cd,n9ea55325657990cd,87
n1cac44e175c1fdab,n1cac44e175c1fdab,87
n738d742df4ccb0b5,n738d742df4ccb0b5,87
nfa65425b9d52236c,nfa65425b9d52236c,87
n246106d2ac024861,n246106d2ac024861,87
ne555c66db9414c3d,ne555c66db9414c3d,87
n2c90637c7b55e307,n2c90637c7b55e307,87
n570625fa2904281f,n570625fa2904281f,87
n2c5415b5601d620b,n2c5415b5601d620b,87
nbd9f4bf20a4bac84,nbd9f4bf20a4bac84,87
nd14a95bfcaadba6c,nd14a95bfcaadba6c,87
n8bcc4064666121f2,n8bcc4064666121f2,88
n1376140eaab2ff2d,n1376140eaab2ff2d,88
n350a56db40cac48a,n350a56db40cac48a,88
n4dc4cc0d07639d77,n4dc4cc0d07639d77,88
n48136949373c3a0c,n48136949373c3a0c,88
na22c15ef7a7fc1f5,na22c15ef7a7fc1f5,88
na8221a3e81298b67,na8221a3e81298b67,88
n76ccca903403d371,n76ccca903403d371,88
n811b2017b356e07a,n811b2017b356e07a,88
nb7078a5e32afa9a4,nb7078a5e32afa9a4,88
na660d1e22f706706,na660d1e22f706706,88
nc9a459cef21c0d50,nc9a459cef21c0d50,88
n30bbddb6aefc9935,n30bbddb6aefc9935,88
n56dadc09e6ad2e7c,n56dadc09e6ad2e7c,88
n12e974995e75830f,n12e974995e75830f,88
nd3058a2122ec8919,nd3058a2122ec8919,88
na1b554e59654847e,na1b554e59654847e,88
n033753021b3d2467,n033753021b3d2467,88
n5536b11ba671c814,n5536b11ba671c814,88
n0d94ee7682e34d4c,n0d94ee7682e34d4c,88
n1dea3667d8d54cc5,n1dea3667d8d54cc5,88
n096e567b905f41b7,n096e567b905f41b7,88
ne3804ff30cb8c4c6,ne3804ff30cb8c4c6,89
nbe362fbc3bbe755a,nbe362fbc3bbe755a,89
nefe87d230a57baaa,nefe87d230a57baaa,89
nd12ed924780058e6,nd12ed924780058e6,89
nc3d7cca7a4dd0aa5,nc3d7cca7a4dd0aa5,89
n0d12924d2f8ed282,n0d12924d2f8ed282,89
nec8404a8ef9834b4,nec8404a8ef9834b4,89
n64ead5c4f9db2938,n64ead5c4f9db2938,89
ncfa47d9e672c74d3,ncfa47d9e672c74d3,89
n14344a63efb5d2fa,n14344a63efb5d2fa,89
nad91e7b27b54a817,nad91e7b27b54a817,89
ne59426a92c455e64,ne59426a92c455e64,89
n99c30e67b02efe7e,n99c30e67b02efe7e,89
n0a2ddadd126f94eb,n0a2ddadd126f94eb,89
n8cf1be82e7764866,n8cf1be82e7764866,89
n95d9d20c39e282c2,n95d9d20c39e282c2,89
n2a95dc42403f59a4,n2a95dc42403f59a4,89
nf8dce871b99c9129,nf8dce871b99c9129,89
n45f27f398087c4de,n45f27f398087c4de,89
nbf103fa088c1f4d4,nbf103fa088c1f4d4,89
n14978ac383724076,n14978ac383724076,89
n29af5262b9be3a8c,n29af5262b9be3a8c,89
n68da9a0a66e5e094,n68da9a0a66e5e094,89
n798273ca30d300b3,n798273ca30d300b3,90
n6b3770bf956bdc12,n6b3770bf956bdc12,90
n3f3df6f1d6b14c7f,n3f3df6f1d6b14c7f,90
n45bd7ad7afb5938a,n45bd7ad7afb5938a,90
n06d1cb3998b1a114,n06d1cb3998b1a114,90
n5bdb53ef3caad395,n5bdb53ef3caad395,90
n7649532216f13b48,n7649532216f13b48,90
n283a50422ee0e6f1,n283a50422ee0e6f1,90
n173a60d7c1dc8a29,n173a60d7c1dc8a29,90
nf343d5d8514756a3,nf343d5d8514756a3,90
nbbb3e64e25ed0340,nbbb3e64e25ed0340,90
n07d9123bd6227e39,n07d9123bd6227e39,90
nfe2f4502d444de26,nfe2f4502d444de26,90
n9d66f271ff123a42,n9d66f271ff123a42,90
ncda1f4e12d24d5a6,ncda1f4e12d24d5a6,90
n293cc23fe7c0c46d,n293cc23fe7c0c46d,90
n5c5c3a2047bf8394,n5c5c3a2047bf8394,90
n6cff18c89432fb3f,n6cff18c89432fb3f,90
n36e6ef0e99af5c5c,n36e6ef0e99af5c5c,90
nae86b5d500a483f6,nae86b5d500a483f6,90
nea15217be9b0e368,nea15217be9b0e368,90
n9c12f8e104173f33,n9c12f8e104173f33,90
nce0d06aa18f5f8ee,nce0d06aa18f5f8ee,90
nac9502440f842060,nac9502440f842060,91
na4a5167cd141761a,na4a5167cd141761a,91
ndfb7bbdd793af7c2,ndfb7bbdd793af7c2,91
n4f3a7780404cd180,n4f3a7780404cd180,91
n0ee759ebce4ace2f,n0ee759ebce4ace2f,91
nab8e398c5736047e,nab8e398c5736047e,91
n623fa567df527406,n623fa567df527406,91
n4b86cc6ea9586431,n4b86cc6ea9586431,91
na10d7dc527e546f4,na10d7dc527e546f4,91
n0706f5e6097576fc,n0706f5e6097576fc,91
n84ec054f1b0a308d,n84ec054f1b0a308d,91
n6ce20d9e01d88af9,n6ce20d9e01d88af9,91
nab703749b13a6b43,nab703749b13a6b43,91
n69c4608d374ca142,n69c4608d374ca142,91
n5cc1846adf0ed8ca,n5cc1846adf0ed8ca,91
n4bc43529cfe6615e,n4bc43529cfe6615e,91
neee1d64dedcdd2be,neee1d64dedcdd2be,91
n4750aebec97ef54a,n4750aebec97ef54a,91
n5dd71168205db8cf,n5dd71168205db8cf,91
na275413650f95051,na275413650f95051,91
nb9742dc7381f494e,nb9742dc7381f494e,91
n13bec0b2f0bac1b1,n13bec0b2f0bac1b1,91
n9869fec1f95886ed,n9869fec1f95886ed,91
n9a16f3b39f2aadf3,n9a16f3b39f2aadf3,92
nab158ff630d55d80,nab158ff630d55d80,92
nc218137f62f668dd,nc218137f62f668dd,92
n7aadf1d3d623c256,n7aadf1d3d623c256,92
n5568e48bb15a17f7,n5568e48bb15a17f7,92
ne8c41283668df825,ne8c41283668df825,92
nfddb60b87f476f25,nfddb60b87f476f25,92
n656d0a9912569f19,n656d0a9912569f19,92
ndac8456737830a5c,ndac8456737830a5c,92
n42603965ab638ae2,n42603965ab638ae2,92
n9ee6ac7d66faaa00,n9ee6ac7d66faaa00,92
na5d9e94a41f36f80,na5d9e94a41f36f80,92
n5e9fbc6f9817290b,n5e9fbc6f9817290b,92
ne1b505b5f9ab4097,ne1b505b5f9ab4097,92
n23bc549f42e39f0a,n23bc549f42e39f0a,92
n82b9c8b6466769f0,n82b9c8b6466769f0,92
nd3e7bcf152f1b8e8,nd3e7bcf152f1b8e8,92
n701c63d247bbb3ce,n701c63d247bbb3ce,92
nac330b8b6574219b,nac330b8b6574219b,92
n3275e88023c988cc,n3275e88023c988cc,92
n594655ec2d6ce7bf,n594655ec2d6ce7bf,93
ndb8bcdbafafa004a,ndb8bcdbafafa004a,93
nede830ac84731284,nede830ac84731284,93
n944c436a5894dc60,n944c436a5894dc60,93
n2938d5cb8274bd27,n2938d5cb8274bd27,93
nb501f0ea9161814a,nb501f0ea9161814a,93
n292fcc741ea4c85e,n292fcc741ea4c85e,93
n179eaa1f3610183e,n179eaa1f3610183e,93
nc2194b143a0a0055,nc2194b143a0a0055,93
n5c89e901229914b1,n5c89e901229914b1,93
n09f23a69c1915b1b,n09f23a69c1915b1b,93
n6d885d5bd50fc66a,n6d885d5bd50fc66a,93
ne52d78ea5fe134b2,ne52d78ea5fe134b2,93
nce6ba9530d2b5109,nce6ba9530d2b5109,93
n0c99d7ffee06a88d,n0c99d7ffee06a88d,93
nc19c84d33697fc7f,nc19c84d33697fc7f,93
nb1faa6ace4f74e73,nb1faa6ace4f74e73,94
nb60cf92e7c2ba3ae,nb60cf92e7c2ba3ae,94
n967de2bb23aa8468,n967de2bb23aa8468,94
n73c1be866f8d33c3,n73c1be866f8d33c3,94
nfb08730fe803feee,nfb08730fe803feee,94
na8e9803c02ca1238,na8e9803c02ca1238,94
n586240723b23118a,n586240723b23118a,94
nafa2b3dc52398b49,nafa2b3dc52398b49,94
n957f562613c79e6b,n957f562613c79e6b,95
nbe57d1a93811af21,nbe57d1a93811af21,95
n19445ef63d5f11de,n19445ef63d5f11de,95
nf09c1d4a576aa7a1,nf09c1d4a576aa7a1,95
n60d166e6115d1f2a,n60d166e6115d1f2a,95
n5d450a9ea2c1df2e,n5d450a9ea2c1df2e,95
n223e07c5789bf447,n223e07c5789bf447,96
nc6b8f503128e6d3e,nc6b8f503128e6d3e,96
n0bff33420b2554eb,n0bff33420b2554eb,96
nfda5ae9e820e19e0,nfda5ae9e820e19e0,96
n1566cde23e5dbb10,n1566cde23e5dbb10,96
n4339b46ee1edf294,n4339b46ee1edf294,96
n1b362bec0d901c1a,n1b362bec0d901c1a,96
n2f01162f4501ac8a,n2f01162f4501ac8a,96
nac7d41c5af66a439,nac7d41c5af66a439,96
n2f90de73569b7ad5,n2f90de73569b7ad5,96
n85826fdee00172d2,n85826fdee00172d2,96
n4d139839f1629340,n4d139839f1629340,96
ned5c055297b89402,ned5c055297b89402,96
n798f946207cb0039,n798f946207cb0039,96
nfe0e223b4b723a8a,nfe0e223b4b723a8a,96
nd75b0e44240d8d81,nd75b0e44240d8d81,96
n42b3de72dd5b4edc,n42b3de72dd5b4edc,96
n9c6d327bc031af6c,n9c6d327bc031af6c,96
n17448c8a8533e1c7,n17448c8a8533e1c7,96
nf179ea111cbb09ac,nf179ea111cbb09ac,96
n45f6e6faf0991efc,n45f6e6faf0991efc,96
n9509896b9d80feea,n9509896b9d80feea,96
n12957e93f962e709,n12957e93f962e709,96
n48a8d18f45eb53c1,n48a8d18f45eb53c1,96
n14833e26f1f90d0b,n14833e26f1f90d0b,96
n2d6a566df9a4ea26,n2d6a566df9a4ea26,96
nba16dc281704cde2,nba16dc281704cde2,96
nee37f9aac663a6bc,nee37f9aac663a6bc,96
n5a5263980765e0fb,n5a5263980765e0fb,96
n6c1167c95538aacf,n6c1167c95538aacf,96
n9d8d8fc8c875b322,n9d8d8fc8c875b322,96
n685218c4c502771b,n685218c4c502771b,96
n4931974b10d77ddd,n4931974b10d77ddd,96
nef787f40cd634f28,nef787f40cd634f28,97
na316f7de29c1dc9b,na316f7de29c1dc9b,97
nb921f1829b1112dd,nb921f1829b1112dd,97
n5f475518b8a14bff,n5f475518b8a14bff,97
ne7dbc3cdc8a6ee05,ne7dbc3cdc8a6ee05,97
nfbbfff49f8300c9f,nfbbfff49f8300c9f,97
nb5bcfb9c89c5cd73,nb5bcfb9c89c5cd73,97
n6f54cddafb19716e,n6f54cddafb19716e,97
n03aee7b7b5fc7c67,n03aee7b7b5fc7c67,97
n171527c83fe4a964,n171527c83fe4a964,97
n8cbfba027f825146,n8cbfba027f825146,97
n917fada95ee9e54a,n917fada95ee9e54a,97
n44e2d8f25041b070,n44e2d8f25041b070,97
ne3fdf59a01431299,ne3fdf59a01431299,97
n0460bd26ff0c733e,n0460bd26ff0c733e,97
nfbb274603de2ef26,nfbb274603de2ef26,97
n903d597dd04b7032,n903d597dd04b7032,97
n23b1185b18f4901b,n23b1185b18f4901b,97
n438a1e39aa7994b9,n438a1e39aa7994b9,97
nc92f53263d201abf,nc92f53263d201abf,97
n045d1c1a86061e87,n045d1c1a86061e87,97
n40d920a8ee261136,n40d920a8ee261136,97
n251692bda65ae8f7,n251692bda65ae8f7,97
n89651f471c8e1df7,n89651f471c8e1df7,97
nec893774a69ab61b,nec893774a69ab61b,97
n6216d7d76080e8e8,n6216d7d76080e8e8,97
n597bb3eb3fe23abb,n597bb3eb3fe23abb,97
n3ffbd2b4b705095e,n3ffbd2b4b705095e,97
n16c940bb4a78448f,n16c940bb4a78448f,97
nb0284109f6b1e73d,nb0284109f6b1e73d,97
na4ed02c4d7dcf2e8,na4ed02c4d7dcf2e8,98
nb0fb4d6a28da116c,nb0fb4d6a28da116c,98
n519fbb140886c126,n519fbb140886c126,98
n8bd3128249a64413,n8bd3128249a64413,98
na8248c22c6db3cf8,na8248c22c6db3cf8,98
n45f50f34a14275f9,n45f50f34a14275f9,98
nd490bbc10a456d3a,nd490bbc10a456d3a,98
n5f106a64a1c7c0a6,n5f106a64a1c7c0a6,98
nae53ca603738d3a1,nae53ca603738d3a1,98
ne64e662ff1f84ffb,ne64e662ff1f84ffb,98
nc0c1d2bc3a6e2c8d,nc0c1d2bc3a6e2c8d,98
ndad6a5ddf9cfb544,ndad6a5ddf9cfb544,98
n253c98051cb8e995,n253c98051cb8e995,98
n32b3a53c926ca0b2,n32b3a53c926ca0b2,98
nacccbc99af95a344,nacccbc99af95a344,98
n27ce71c653f7e0bb,n27ce71c653f7e0bb,98
nde953449ae598a5a,nde953449ae598a5a,98
ned1123c1f7eddd33,ned1123c1f7eddd33,98
naf31df5198442425,naf31df5198442425,98
nf2d67c4d3450a607,nf2d67c4d3450a607,98
n47c40585f8c9cf59,n47c40585f8c9cf59,98
n36cf5852da9bc7fb,n36cf5852da9bc7fb,98
n8fcaffebd3e34ead,n8fcaffebd3e34ead,98
n67b02966fa25d5ff,n67b02966fa25d5ff,98
n55d70b08a8687ad2,n55d70b08a8687ad2,98
n18255939ab7d14d6,n18255939ab7d14d6,98
nb83e4a236b89b19a,nb83e4a236b89b19a,98
n175ef9d0a18bf5b0,n175ef9d0a18bf5b0,98
ne267ca822380a272,ne267ca822380a272,98
n5645600d0b4f4d14,n5645600d0b4f4d14,98
n2b8f6fa2ed02bed7,n2b8f6fa2ed02bed7,98
n8653a90bc1fda4c0,n8653a90bc1fda4c0,98
n83eea1e326c4210c,n83eea1e326c4210c,98
n6861fd614c536dd8,n6861fd614c536dd8,99
n8e193effea90cf06,n8e193effea90cf06,99
n5daf0b2e5a621d57,n5daf0b2e5a621d57,99
n9fef6ac729fac580,n9fef6ac729fac580,99
ne31469b754220e79,ne31469b754220e79,99
nd7765b0596d7b426,nd7765b0596d7b426,99
n1a83b1b6f8ae8d43,n1a83b1b6f8ae8d43,99
nf82f9f4cda2e8e0b,nf82f9f4cda2e8e0b,99
nec2c6d047d7eabd2,nec2c6d047d7eabd2,99
nf5fef8d3beb665fd,nf5fef8d3beb665fd,99
n6cbcccc8b256baf9,n6cbcccc8b256baf9,99
n86ef730282de4f29,n86ef730282de4f29,99
n4121cc1dcf0afe30,n4121cc1dcf0afe30,99
n6625800d08a77a99,n6625800d08a77a99,99
nf6ef5f9211dee700,nf6ef5f9211dee700,99
n30e89f5c95d05760,n30e89f5c95d05760,99
n95409ce275afa220,n95409ce275afa220,99
na220641db2f37c28,na220641db2f37c28,99
n40940ed279c5a2b8,n40940ed279c5a2b8,99
n1e7549b68cd54970,n1e7549b68cd54970,99
ne8a55ef2787bfcf7,ne8a55ef2787bfcf7,99
nbc4872399b9cb885,nbc4872399b9cb885,99
ne2b296f5c3fb11b7,ne2b296f5c3fb11b7,99
n130b985a7618ce12,n130b985a7618ce12,99
n8aa2d4cd480ddf81,n8aa2d4cd480ddf81,99
nd2161215ec9a87dd,nd2161215ec9a87dd,99
nc7577f4abb457271,nc7577f4abb457271,99
n5ff74320df018493,n5ff74320df018493,99
nd3755c3c2825c819,nd3755c3c2825c819,99
nd5b7ea6b09491559,nd5b7ea6b09491559,99
ncf47716943c11c25,ncf47716943c11c25,100
n4707df1ac22b83b5,n4707df1ac22b83b5,100
n70a49ef0c8e6dd5d,n70a49ef0c8e6dd5d,100
n4d641777304ed40d,n4d641777304ed40d,100
n9aed977dc5cc539f,n9aed977dc5cc539f,100
n519867447c3c7ecd,n519867447c3c7ecd,100
n02e4a0f99bba4201,n02e4a0f99bba4201,100
nc81bb178d289f591,nc81bb178d289f591,100
n9843fb2bbddcb793,n9843fb2bbddcb793,100
nbeb1ada6ed2c904f,nbeb1ada6ed2c904f,100
n271be0fefd7261c4,n271be0fefd7261c4,100
n83ee0b5c6c375b62,n83ee0b5c6c375b62,100
ncb9af565b80fd93e,ncb9af565b80fd93e,100
n5d60b723ebd663e8,n5d60b723ebd663e8,100
n5c37b61d6849019d,n5c37b61d6849019d,100
n74e7d4aa80d30fcd,n74e7d4aa80d30fcd,100
n3304d08a461fcd0f,n3304d08a461fcd0f,100
n2cd18a9e0378c44c,n2cd18a9e0378c44c,100
nf45af17e5cd047f8,nf45af17e5cd047f8,100
n982f8c83f0fe5f90,n982f8c83f0fe5f90,100
nbb12d6836e0d59ab,nbb12d6836e0d59ab,100
nb989a6439c1c0729,nb989a6439c1c0729,100
n19dd35f074d298e2,n19dd35f074d298e2,100
n1c413d9c40b66017,n1c413d9c40b66017,100
n5a9ea6f828f832a2,n5a9ea6f828f832a2,100
n80daf73ae11f6ae1,n80daf73ae11f6ae1,100
n7666f157edbdacbe,n7666f157edbdacbe,100
n524530ecea7c4b67,n524530ecea7c4b67,100
ne0d30c4eec91b404,ne0d30c4eec91b404,100
n75b55778d75e3a4c,n75b55778d75e3a4c,100
n24dc77074a677c54,n24dc77074a677c54,100
nd2222984c2861835,nd2222984c2861835,100
nb5b3ce1bd9a68d2e,nb5b3ce1bd9a68d2e,100
n00a8ec8f7e18f2c3,n00a8ec8f7e18f2c3,101
na6699bbc38030068,na6699bbc38030068,101
n9a00bd3b2be837ea,n9a00bd3b2be837ea,101
nbab622f50fe4673c,nbab622f50fe4673c,101
n343e2e0c6a3c46a6,n343e2e0c6a3c46a6,101
n013a91430e144c5a,n013a91430e144c5a,101
n84f9c3315f1ee244,n84f9c3315f1ee244,101
nfbbdba100b2da570,nfbbdba100b2da570,101
n83619989162c2f20,n83619989162c2f20,101
n716ee2fdfa3ed6cd,n716ee2fdfa3ed6cd,101
nb62dc3d074b73915,nb62dc3d074b73915,101
nde6bc10f69100385,nde6bc10f69100385,101
nc738c6502f2cd326,nc738c6502f2cd326,101
nc562d9241e5e3794,nc562d9241e5e3794,101
n415d7ef40eb7cf00,n415d7ef40eb7cf00,101
n31c151bb777d0382,n31c151bb777d0382,101
nedfa1c11f9512326,nedfa1c11f9512326,101
ncf86f9e2561cc0dd,ncf86f9e2561cc0dd,101
n66feb4f1c860a99c,n66feb4f1c860a99c,101
n44b4c644540ad5db,n44b4c644540ad5db,101
n48e7810e93d88988,n48e7810e93d88988,101
nd9580c49c9ef8649,nd9580c49c9ef8649,101
n1f42105c61066d0f,n1f42105c61066d0f,101
nd0b65b81fab2f0fc,nd0b65b81fab2f0fc,101
nedfddf3f11eb3c18,nedfddf3f11eb3c18,101
n7e9d9e2c15f68bf0,n7e9d9e2c15f68bf0,101
n89d773ac61ea5ab7,n89d773ac61ea5ab7,101
nadb6d4cf06e548ba,nadb6d4cf06e548ba,101
n72708a80231942be,n72708a80231942be,101
n5dcce882ee7861d0,n5dcce882ee7861d0,101
nc9f5adcfaac17229,nc9f5adcfaac17229,101
n9b977a6800f416f1,n9b977a6800f416f1,101
nc747a9fa52bca2e6,nc747a9fa52bca2e6,101
nf6e31fb3fa9476c8,nf6e31fb3fa9476c8,102
n54fb93a1ab2f4daf,n54fb93a1ab2f4daf,102
n6afa2fef4d89970e,n6afa2fef4d89970e,102
n73517482fcee9700,n73517482fcee9700,102
nfba6dc39eee301ed,nfba6dc39eee301ed,102
n0e14c90cce04fee2,n0e14c90cce04fee2,102
nce3fb71e64c0fa9e,nce3fb71e64c0fa9e,102
n1aa472b8f48ecb7c,n1aa472b8f48ecb7c,102
nc0236a4353fd523f,nc0236a4353fd523f,102
n58d113747de0501b,n58d113747de0501b,102
n74d0ea0eb0d7a0f3,n74d0ea0eb0d7a0f3,102
n73b55e3f1ab16dbf,n73b55e3f1ab16dbf,102
n98c698313fa8cff9,n98c698313fa8cff9,102
nd310d3cd155cdd13,nd310d3cd155cdd13,102
nd45b77ad1dc74264,nd45b77ad1dc74264,102
n29752f55fab49963,n29752f55fab49963,102
n468d2f3aabbf9c44,n468d2f3aabbf9c44,102
ndab0c6a6c63cd279,ndab0c6a6c63cd279,102
n692a190837f41d5c,n692a190837f41d5c,102
n83a108373e272a16,n83a108373e272a16,102
n08799bcbf15c3463,n08799bcbf15c3463,102
n4500a5f4b3b1a692,n4500a5f4b3b1a692,102
n41eea9877feb4b4c,n41eea9877feb4b4c,102
nb20da524af5178af,nb20da524af5178af,102
n88b34b29545a6411,n88b34b29545a6411,102
n357bcada48ca8256,n357bcada48ca8256,102
n70761eaf6d262b82,n70761eaf6d262b82,102
n531e3305acb91828,n531e3305acb91828,102
nf5ca9248f8ace3e1,nf5ca9248f8ace3e1,102
n2f8b972e7cf286a2,n2f8b972e7cf286a2,102
n61ddbcd5e82f5bf0,n61ddbcd5e82f5bf0,102
na1a661fba49cb77f,na1a661fba49cb77f,102
ne161904e349a41e2,ne161904e349a41e2,102
n856dc389006e9f69,n856dc389006e9f69,103
nb7d144a33a120f8b,nb7d144a33a120f8b,103
n4f186b07cc3f9d2d,n4f186b07cc3f9d2d,103
nba8fde1ad8607081,nba8fde1ad8607081,103
n54fd513d28e7169a,n54fd513d28e7169a,103
nf57bd613b64b487c,nf57bd613b64b487c,103
nc6a1bb056cff5f52,nc6a1bb056cff5f52,103
n5d39502be5c4e194,n5d39502be5c4e194,103
nd30a9c2424453f98,nd30a9c2424453f98,103
n7e62d3050df6140d,n7e62d3050df6140d,103
n0b2d7fb04aac78af,n0b2d7fb04aac78af,103
n218586c3c617780d,n218586c3c617780d,103
nd79caa46f0792c7f,nd79caa46f0792c7f,103
n8e9c77cef4a3eb5a,n8e9c77cef4a3eb5a,103
n8087ff5c0a7bb547,n8087ff5c0a7bb547,103
n6b201b0670498d80,n6b201b0670498d80,103
n59ede1b6a3765d14,n59ede1b6a3765d14,103
n909fa684d1c69b21,n909fa684d1c69b21,103
n3baafc4464a5a976,n3baafc4464a5a976,103
ncdcc6796e33135dc,ncdcc6796e33135dc,103
n7a2c4388cd0ea06c,n7a2c4388cd0ea06c,103
n57ebf13fbcf62d4d,n57ebf13fbcf62d4d,103
ncfd76c9650a8083f,ncfd76c9650a8083f,103
n15fc21a70544cb82,n15fc21a70544cb82,103
n6e2087c9c6ea0452,n6e2087c9c6ea0452,103
nc11179a068783d21,nc11179a068783d21,103
n3ce2c65becb235ea,n3ce2c65becb235ea,103
n0ea5984557cf6759,n0ea5984557cf6759,103
n60431c008b0a4236,n60431c008b0a4236,103
n9688065c86c3c659,n9688065c86c3c659,103
n3c3b7bbe8f0ff481,n3c3b7bbe8f0ff481,103
na6ceb3e11acca995,na6ceb3e11acca995,103
n6d03b3b92e9f5f1b,n6d03b3b92e9f5f1b,103
n671a95da035c553a,n671a95da035c553a,104
nf3d21d6bb6c54fdc,nf3d21d6bb6c54fdc,104
n3695417717fc38e8,n3695417717fc38e8,104
n420432dffb9cc2a4,n420432dffb9cc2a4,104
nec9e19665f8c5bad,nec9e19665f8c5bad,104
n8c421fcebce19e09,n8c421fcebce19e09,104
n59454ca04e24ad4f,n59454ca04e24ad4f,104
ne3fa75ebaadf3695,ne3fa75ebaadf3695,104
necd6623e1df08a3c,necd6623e1df08a3c,104
n29f2d2f1ca0a3fd5,n29f2d2f1ca0a3fd5,104
n2af01fbe7abbb538,n2af01fbe7abbb538,104
n3e0ea766901eb2c5,n3e0ea766901eb2c5,104
n292d8f334e6373bb,n292d8f334e6373bb,104
n0ab4625b6ef83840,n0ab4625b6ef83840,104
n46aa201b3da6ef65,n46aa201b3da6ef65,104
ne7e5df220b10c8da,ne7e5df220b10c8da,104
na60af2f6c112fac7,na60af2f6c112fac7,104
nd30a078282970ab3,nd30a078282970ab3,104
nb15a62ce40327ca1,nb15a62ce40327ca1,104
n675e26753589e6c6,n675e26753589e6c6,104
n3ac10e2900b16a74,n3ac10e2900b16a74,104
nb22311a36b992ada,nb22311a36b992ada,104
nb4247e43f8df9f61,nb4247e43f8df9f61,104
na2b0f9edd1c56b37,na2b0f9edd1c56b37,104
n8ffb5fb1b024c97b,n8ffb5fb1b024c97b,104
n300b053e7e8d5ad9,n300b053e7e8d5ad9,105
n9502014826dd943d,n9502014826dd943d,105
nfd7213294098ad53,nfd7213294098ad53,105
n1eb93d2cbd31efdc,n1eb93d2cbd31efdc,105
n53978a6904afc400,n53978a6904afc400,105
nb2dd7732fd55c49d,nb2dd7732fd55c49d,105
n2c0f1e64a4015b93,n2c0f1e64a4015b93,105
n96a04e322f17f061,n96a04e322f17f061,105
n7170822da90f9ce9,n7170822da90f9ce9,105
n488a26ba8f8d3192,n488a26ba8f8d3192,105
n0690c62a4325bf2d,n0690c62a4325bf2d,105
n541bad2ca2ed94a8,n541bad2ca2ed94a8,105
n0e2bb27295892687,n0e2bb27295892687,105
n7581f0b425559534,n7581f0b425559534,105
n284c0a2b0b75e87a,n284c0a2b0b75e87a,105
n040bcf365a9182ed,n040bcf365a9182ed,105
n4ef4c9a7d1cc881b,n4ef4c9a7d1cc881b,105
n8c777738f0fa82b6,n8c777738f0fa82b6,105
n1efe55bb80b498d7,n1efe55bb80b498d7,105
n31e3c51718b12be9,n31e3c51718b12be9,105
n521665f6f3338876,n521665f6f3338876,105
naf094f6c49dea831,naf094f6c49dea831,105
n0f4d189b27284b0d,n0f4d189b27284b0d,105
n2ba9b96e73c66971,n2ba9b96e73c66971,105
n0db90426b1950102,n0db90426b1950102,105
n03ec93198fb9a9b3,n03ec93198fb9a9b3,105
n3c25881e0f998433,n3c25881e0f998433,105
ndbae73f4fbe0a762,ndbae73f4fbe0a762,105
nf9e6f6cac894d29d,nf9e6f6cac894d29d,105
nc6b16415443ee80e,nc6b16415443ee80e,105
n1f633705f3cc063d,n1f633705f3cc063d,105
ndc03a31691a7d5eb,ndc03a31691a7d5eb,105
n767a905dcc6c7102,n767a905dcc6c7102,105
n536c1a7253328d9b,n536c1a7253328d9b,105
nacd68092d45fa75c,nacd68092d45fa75c,105
na041b78e334cbcf3,na041b78e334cbcf3,106
n74ed34b3ef29e860,n74ed34b3ef29e860,106
n0dc172bb20e7a498,n0dc172bb20e7a498,106
n9236ae25165f2393,n9236ae25165f2393,106
ne19cd2e8b5a37c3e,ne19cd2e8b5a37c3e,106
nfca5dccf27527465,nfca5dccf27527465,106
ndffe5dbe10963da0,ndffe5dbe10963da0,106
n7a03d5c93c9317b7,n7a03d5c93c9317b7,106
n40308698da33c351,n40308698da33c351,106
n136504e529b08114,n136504e529b08114,106
nd8af9490b97f920b,nd8af9490b97f920b,106
nb0b83755e59d95ad,nb0b83755e59d95ad,106
n7e60f0f0c26940b8,n7e60f0f0c26940b8,106
n6cf9fbcba584657f,n6cf9fbcba584657f,106
n1b06278be625e622,n1b06278be625e622,106
n43bc6af9100ba3d6,n43bc6af9100ba3d6,106
na8acaa8b8c804a21,na8acaa8b8c804a21,106
nb5a2b2106d568672,nb5a2b2106d568672,106
n62cb3452fbaabdab,n62cb3452fbaabdab,106
nec0d0fd15bc9b1d5,nec0d0fd15bc9b1d5,106
n0327fb084ba17a93,n0327fb084ba17a93,106
nad52810ff123d6e7,nad52810ff123d6e7,106
nf3d026fa13dc5150,nf3d026fa13dc5150,106
n40a032f8dd9aa658,n40a032f8dd9aa658,106
nf269bf97bccce356,nf269bf97bccce356,106
nb085ac30ebc62f07,nb085ac30ebc62f07,106
n864e29bdc329cc00,n864e29bdc329cc00,106
ned3be6b8c4523d14,ned3be6b8c4523d14,106
n88a94208993abaf0,n88a94208993abaf0,106
n6ad9b4a13496ab39,n6ad9b4a13496ab39,106
nf5e97dcbebbe64aa,nf5e97dcbebbe64aa,106
n5db407de51044802,n5db407de51044802,106
n429ce49a784ba432,n429ce49a784ba432,106
ncb412676529de060,ncb412676529de060,106
ne6a59668f6881630,ne6a59668f6881630,106
neceb80e3a45b0fb2,neceb80e3a45b0fb2,107
ndb40cb80acbe94fc,ndb40cb80acbe94fc,107
n693efc0f751ace8a,n693efc0f751ace8a,107
n469cd747e6824d86,n469cd747e6824d86,107
n23d89a58b6994c6d,n23d89a58b6994c6d,107
n040185287c241f9e,n040185287c241f9e,107
nd610760338de9c47,nd610760338de9c47,107
nef147e34be47c9cc,nef147e34be47c9cc,107
n80e9c2891cb8fe0e,n80e9c2891cb8fe0e,107
nb4ad4327609a9cc9,nb4ad4327609a9cc9,107
n1a5c44d8e7160a94,n1a5c44d8e7160a94,107
n31195fd58690cbdb,n31195fd58690cbdb,107
nf16cfe036d285b9c,nf16cfe036d285b9c,107
na4785eeed13cd3d0,na4785eeed13cd3d0,107
n2f440b6557340b3c,n2f440b6557340b3c,107
n8bdf8da89ea1f0b5,n8bdf8da89ea1f0b5,107
n23b866188af4c397,n23b866188af4c397,107
n8ab010f8271aa9e7,n8ab010f8271aa9e7,107
n38be52ae531c1834,n38be52ae531c1834,107
ne8513d6234b62239,ne8513d6234b62239,107
n056c076e66af5934,n056c076e66af5934,107
nda2b1a188537273c,nda2b1a188537273c,107
n8e14926c614ba34e,n8e14926c614ba34e,107
nd95e9572785d836f,nd95e9572785d836f,107
naf1cce66dfcebc29,naf1cce66dfcebc29,107
n0184b6daf483e195,n0184b6daf483e195,107
nbc83087b5cbf66c2,nbc83087b5cbf66c2,107
n1aa2d97b5fe87993,n1aa2d97b5fe87993,107
n66df219aa132b83d,n66df219aa132b83d,107
n09c2494207a77934,n09c2494207a77934,107
nb9e1dab934f8f3ff,nb9e1dab934f8f3ff,107
naf8586a4d7d35793,naf8586a4d7d35793,107
n35c9e80baf9690ec,n35c9e80baf9690ec,107
nce89618a12d020d8,nce89618a12d020d8,107
n0760ce7d4389cf57,n0760ce7d4389cf57,107
n0db447571d8cc566,n0db447571d8cc566,108
nace807456419bcd7,nace807456419bcd7,108
n3b83533b3fe6cbf8,n3b83533b3fe6cbf8,108
n61e99a585978e1f6,n61e99a585978e1f6,108
ncd40552d963fa239,ncd40552d963fa239,108
n4344d2f0df1a774a,n4344d2f0df1a774a,108
n328d806da17b357f,n328d806da17b357f,108
nbf8c04639fe9ad41,nbf8c04639fe9ad41,108
nbb18040c11dea71c,nbb18040c11dea71c,108
n6537d39c30aca8a2,n6537d39c30aca8a2,108
n3410c8ad79d9c046,n3410c8ad79d9c046,108
naa76d526f91239ba,naa76d526f91239ba,108
n9f1599f115ed07f2,n9f1599f115ed07f2,108
n9111ca161993d973,n9111ca161993d973,108
n2118005d325e4c2b,n2118005d325e4c2b,108
nda76ee8f4d7a1861,nda76ee8f4d7a1861,108
n79536f14a8d7df6e,n79536f14a8d7df6e,108
n267e911dfff1cdc5,n267e911dfff1cdc5,108
ne0c8bb2fd7fe425c,ne0c8bb2fd7fe425c,108
ne9e1ba3e316a81d7,ne9e1ba3e316a81d7,108
ned889e4f46e9a91b,ned889e4f46e9a91b,108
nf267283b57ce20b4,nf267283b57ce20b4,108
nb6f371cda4730cf7,nb6f371cda4730cf7,108
nb7d813ec92da0f76,nb7d813ec92da0f76,108
na347594d089df0de,na347594d089df0de,108
n1ec40d78b86a6743,n1ec40d78b86a6743,108
ned994b52ec32378a,ned994b52ec32378a,108
n9adf843bb64ab33e,n9adf843bb64ab33e,108
n41533361c3654b84,n41533361c3654b84,108
n101a1e13c402f514,n101a1e13c402f514,108
nc602bbc12e192cc0,nc602bbc12e192cc0,108
n244b53ec3eccd7de,n244b53ec3eccd7de,108
nb6d24a05aa67a660,nb6d24a05aa67a660,108
n7103f36646fc8d5e,n7103f36646fc8d5e,108
n19301293507fa771,n19301293507fa771,108
n4561adfd993da991,n4561adfd993da991,109
nb11cfde937076597,nb11cfde937076597,109
n228b3803fe752846,n228b3803fe752846,109
na051eb8f524d48db,na051eb8f524d48db,109
n1fd6c13e4add4577,n1fd6c13e4add4577,109
ndfcfe068f0f0fcf9,ndfcfe068f0f0fcf9,109
na07439d0f4514086,na07439d0f4514086,109
nf4e700490c8ab4dd,nf4e700490c8ab4dd,109
nde9adee6f859a53d,nde9adee6f859a53d,109
nd77335e5419c81f6,nd77335e5419c81f6,109
n92813bbf801808c3,n92813bbf801808c3,109
n0782ed881d32e792,n0782ed881d32e792,109
n5164f6bee0cbbd72,n5164f6bee0cbbd72,109
n2c85cc650920b51d,n2c85cc650920b51d,109
nd03b75cbbf68fa10,nd03b75cbbf68fa10,109
n27a693bef2020ca4,n27a693bef2020ca4,109
nd8b796a1a437e4ee,nd8b796a1a437e4ee,109
na4a98d32826fa32f,na4a98d32826fa32f,109
n5ca60c28e2e4aa17,n5ca60c28e2e4aa17,109
n78fdcbef1fab5df2,n78fdcbef1fab5df2,109
ne60da6b2c19e7c62,ne60da6b2c19e7c62,109
nd7a6da40119f3dcd,nd7a6da40119f3dcd,109
nda59f1193893ad8c,nda59f1193893ad8c,109
n48f9c266b1a955ed,n48f9c266b1a955ed,109
nb3b7f26b5224812f,nb3b7f26b5224812f,109
n08ac1cff443e0abf,n08ac1cff443e0abf,109
nb86111495b41adc9,nb86111495b41adc9,109
n62bef8230c21d104,n62bef8230c21d104,109
n5c7e34c58279272f,n5c7e34c58279272f,109
nb031812df2c4088e,nb031812df2c4088e,109
nf6881e89ac308508,nf6881e89ac308508,109
n2a85337d2f97f99f,n2a85337d2f97f99f,109
n1edcb8f79b3caa7e,n1edcb8f79b3caa7e,109
n1279913dc12f64ce,n1279913dc12f64ce,109
n6b838f358ae211f7,n6b838f358ae211f7,109
n61e2afc25ca58312,n61e2afc25ca58312,109
n37e09abe351b2a2c,n37e09abe351b2a2c,109
n14d7267be91fe2e2,n14d7267be91fe2e2,109
n5c48021d068c84ac,n5c48021d068c84ac,109
nadb9f39ad7753e3d,nadb9f39ad7753e3d,110
n767782797170e0ce,n767782797170e0ce,110
nad3e865d75441197,nad3e865d75441197,110
n0f835b6016c521e8,n0f835b6016c521e8,110
n67cf29a4de0cdd6e,n67cf29a4de0cdd6e,110
nb0e1a97926124a77,nb0e1a97926124a77,110
n039b3ee6ae078812,n039b3ee6ae078812,110
nb6e65b842f6ff952,nb6e65b842f6ff952,110
ndcce05eb16024355,ndcce05eb16024355,110
n66ddad32c62e3de2,n66ddad32c62e3de2,110
nd89c7b997f7daba1,nd89c7b997f7daba1,110
nc616aa8af652938f,nc616aa8af652938f,110
ne96277fc3c292405,ne96277fc3c292405,110
n81b71596042b7b58,n81b71596042b7b58,110
n1371646d4f06bb4e,n1371646d4f06bb4e,110
nbdeb5f1e24c8c21b,nbdeb5f1e24c8c21b,110
nd00ad58d5ec1cbcd,nd00ad58d5ec1cbcd,110
n58c5b31e98bf33c2,n58c5b31e98bf33c2,110
n457deae6e1247bd1,n457deae6e1247bd1,110
nc26df60a0723f5ac,nc26df60a0723f5ac,110
n677137d94140e481,n677137d94140e481,110
n30b3bbef5f0b7a93,n30b3bbef5f0b7a93,110
n7551fe82409679ba,n7551fe82409679ba,110
n64f4229afb48af88,n64f4229afb48af88,110
n3c4e217502d52367,n3c4e217502d52367,110
n5116a5d8421956a6,n5116a5d8421956a6,110
n7b55e77e1763b723,n7b55e77e1763b723,110
n894da85dd8ba9d8d,n894da85dd8ba9d8d,110
ncf32691d53d191b7,ncf32691d53d191b7,110
n4735aaa2cd165c89,n4735aaa2cd165c89,110
n4c5cfb153de248af,n4c5cfb153de248af,110
n1bcda51f7f449faa,n1bcda51f7f449faa,110
n52234dffa7756565,n52234dffa7756565,110
ndcf22cf02c1ef503,ndcf22cf02c1ef503,110
ne6b61bce93fad30d,ne6b61bce93fad30d,110
n585ab62f0e149a4e,n585ab62f0e149a4e,110
n512b4a125c55d356,n512b4a125c55d356,110
n5303cd10e0a6be41,n5303cd10e0a6be41,110
n2222fb551a2a9c6f,n2222fb551a2a9c6f,110
n2d7b933957ad9726,n2d7b933957ad9726,111
n2f4e4a0bfcb67090,n2f4e4a0bfcb67090,111
ne3222ba5d49484fd,ne3222ba5d49484fd,111
ndf06040f1145926b,ndf06040f1145926b,111
n3c9950e0c5d5cd66,n3c9950e0c5d5cd66,111
n5ffaeb6ea7cac45a,n5ffaeb6ea7cac45a,111
n529e6f38ace778b1,n529e6f38ace778b1,111
n2072ae857c2bef7c,n2072ae857c2bef7c,111
n4a9f62c27a58ba41,n4a9f62c27a58ba41,111
n756c3afd31f4c187,n756c3afd31f4c187,111
n6b616f64a8aa8987,n6b616f64a8aa8987,111
n60b0213f36e3dfb0,n60b0213f36e3dfb0,111
n7537581d29e5b70c,n7537581d29e5b70c,111
n2101e27505d10dbb,n2101e27505d10dbb,111
n413e4af45b28a9e4,n413e4af45b28a9e4,111
nf6cd2cfcf22e4ab4,nf6cd2cfcf22e4ab4,111
n009b939302f0b1bd,n009b939302f0b1bd,111
nef9cecb0c198505b,nef9cecb0c198505b,111
n8295585b81868487,n8295585b81868487,111
n9c4d96261d70d896,n9c4d96261d70d896,111
n20b49eaf88986062,n20b49eaf88986062,111
n0a983bb3a555e714,n0a983bb3a555e714,111
na31da26a2ed11c30,na31da26a2ed11c30,111
na47297963e4a4853,na47297963e4a4853,111
n8d7533b91310e644,n8d7533b91310e644,111
n718dfd5f11174312,n718dfd5f11174312,111
n9b370629aa37f863,n9b370629aa37f863,111
n01ab01947db15c42,n01ab01947db15c42,111
n66bda77c34582766,n66bda77c34582766,111
n639ecf6912484c6b,n639ecf6912484c6b,111
nd0b1cf1a1fd99f3e,nd0b1cf1a1fd99f3e,111
na880ae07e8b88dc8,na880ae07e8b88dc8,111
n395c5526f3946d52,n395c5526f3946d52,111
n0e5be89977054840,n0e5be89977054840,111
n750ecfe6d4a30cd8,n750ecfe6d4a30cd8,111
nef8eecb68b5ed5c7,nef8eecb68b5ed5c7,111
n720d556aaa7b4335,n720d556aaa7b4335,111
nebbe597ead803b34,nebbe597ead803b34,112
nb3f4e8c80c2ffe04,nb3f4e8c80c2ffe04,112
n388889326dfa4c03,n388889326dfa4c03,112
nb1d742f13451ace2,nb1d742f13451ace2,112
n1559a59489a500ce,n1559a59489a500ce,112
n43aa42587a5bef32,n43aa42587a5bef32,112
n1d70386941f57050,n1d70386941f57050,112
n29736e4890cfc7ad,n29736e4890cfc7ad,112
nd495cb60656d898e,nd495cb60656d898e,112
nd8280069f9d079bf,nd8280069f9d079bf,112
nda6a41a35d09750b,nda6a41a35d09750b,112
n95b0acdf86458b61,n95b0acdf86458b61,112
n7b62fca8f3ab7c15,n7b62fca8f3ab7c15,112
nb579ae919c1f229f,nb579ae919c1f229f,112
n850582e14bcd8150,n850582e14bcd8150,112
n902bdcfa75bd17b8,n902bdcfa75bd17b8,112
n6f64bfd007740e7d,n6f64bfd007740e7d,112
n02b6fd80bf1ea9dc,n02b6fd80bf1ea9dc,112
n9e894985d9cacf25,n9e894985d9cacf25,112
nd0899736ea7f0eb8,nd0899736ea7f0eb8,112
neaf8b794c45782c5,neaf8b794c45782c5,112
n8bd027e5a4b54143,n8bd027e5a4b54143,112
nfe8eff8c588e924f,nfe8eff8c588e924f,112
nd1fa2f924f9eb541,nd1fa2f924f9eb541,112
n10585470bbb6c45a,n10585470bbb6c45a,112
n035fc1f613865196,n035fc1f613865196,112
n83b5d2de5bda5383,n83b5d2de5bda5383,112
n0f003e792a3e12de,n0f003e792a3e12de,112
na4d24a4212d61a29,na4d24a4212d61a29,112
n5f37f11b473ecb80,n5f37f11b473ecb80,112
n181bc6d603a2affb,n181bc6d603a2affb,112
n215df6738d348f03,n215df6738d348f03,112
neca8c26e72f5571d,neca8c26e72f5571d,112
nff2c51b6bf411fcc,nff2c51b6bf411fcc,112
nd0f110f55adeb6d5,nd0f110f55adeb6d5,112
n508b2352675bde96,n508b2352675bde96,112
n587bacf61e4bfd1e,n587bacf61e4bfd1e,112
n904199a6a2fddb7d,n904199a6a2fddb7d,112
n851b4599b919ae80,n851b4599b919ae80,113
n7fe200c17ebde6a4,n7fe200c17ebde6a4,113
n7c7c29d5054be680,n7c7c29d5054be680,113
n60786dc3f4839a3d,n60786dc3f4839a3d,113
nbec7c90a5df54cea,nbec7c90a5df54cea,113
n9ad8a3eea7dfb1a8,n9ad8a3eea7dfb1a8,113
n8c14dc22251cf3dd,n8c14dc22251cf3dd,113
n2169731a0106630c,n2169731a0106630c,113
n1c774b225e44cb58,n1c774b225e44cb58,113
nda16fd5169950e23,nda16fd5169950e23,113
n52cf8ca6334d381b,n52cf8ca6334d381b,113
ne4ab027f29b416d9,ne4ab027f29b416d9,113
n3b6a9354040ac451,n3b6a9354040ac451,113
n00517d97b04aa6e7,n00517d97b04aa6e7,113
n3c63073e0123735f,n3c63073e0123735f,113
n48c0297d434eaeae,n48c0297d434eaeae,113
ne4dc93598de63423,ne4dc93598de63423,113
n93ebdcc743d05f3a,n93ebdcc743d05f3a,113
n7e73fcaf96ff9467,n7e73fcaf96ff9467,113
n14a76b006c9d5fa9,n14a76b006c9d5fa9,113
nd24d82a15dd2a760,nd24d82a15dd2a760,113
n951d22b3e26a2d6a,n951d22b3e26a2d6a,113
n15ced681d34cb089,n15ced681d34cb089,113
n8e0b05f25dc29d01,n8e0b05f25dc29d01,113
n108d2e1cbb14a0cf,n108d2e1cbb14a0cf,113
nf477ed47ed1a7b76,nf477ed47ed1a7b76,113
nb4cf191fae29bb5e,nb4cf191fae29bb5e,113
n8aafe8618a1f158f,n8aafe8618a1f158f,113
n3c626adf59aff58c,n3c626adf59aff58c,113
n463f904b77cb6523,n463f904b77cb6523,113
n624a634c0d9ada36,n624a634c0d9ada36,113
nfb3595ef6736f55d,nfb3595ef6736f55d,113
na62ce5ceba32755a,na62ce5ceba32755a,113
nfcdacd3ab2223f81,nfcdacd3ab2223f81,114
n2df88edccec28d05,n2df88edccec28d05,114
n2f8d20ddde80abb5,n2f8d20ddde80abb5,114
n7a9f1ba1a58c3d74,n7a9f1ba1a58c3d74,114
n6b234131a67512f8,n6b234131a67512f8,114
nf0746d36110c119f,nf0746d36110c119f,114
n088e88b7aaa0d0d7,n088e88b7aaa0d0d7,114
ne175201cafd97021,ne175201cafd97021,114
n6b7bcea19eb4672c,n6b7bcea19eb4672c,114
n007d01cc6b4e7c97,n007d01cc6b4e7c97,114
nb44502f3e802f1c3,nb44502f3e802f1c3,114
nd38831937cfbd7a5,nd38831937cfbd7a5,114
n5f0dfe62e4a396af,n5f0dfe62e4a396af,114
n827a542dacad2237,n827a542dacad2237,114
nc96047159a99ccba,nc96047159a99ccba,114
n81e7a560448221cd,n81e7a560448221cd,114
nea8b5f2b33f1229f,nea8b5f2b33f1229f,114
n0d5ec05d92df3831,n0d5ec05d92df3831,114
n662732584e9d4085,n662732584e9d4085,114
nf7f0a2a4bd91b35e,nf7f0a2a4bd91b35e,114
n2b56bcfc2784d277,n2b56bcfc2784d277,114
n9748a6bb9abbf7ca,n9748a6bb9abbf7ca,114
n2ec61656be2ad885,n2ec61656be2ad885,114
ne0938fdf569ed26f,ne0938fdf569ed26f,114
nc7e16dc3781392eb,nc7e16dc3781392eb,114
n228b870ab022fc70,n228b870ab022fc70,114
n14bd6c57fcd765fe,n14bd6c57fcd765fe,114
n636946d23bb378bf,n636946d23bb378bf,114
na1800acb83fd17a8,na1800acb83fd17a8,114
n8bbc5da72166d2bb,n8bbc5da72166d2bb,114
n66ae56d00c403bc9,n66ae56d00c403bc9,114
nd1da094ffa54ef00,nd1da094ffa54ef00,115
nb8cf6c7599bcdc27,nb8cf6c7599bcdc27,115
n5a3fd254f9fba717,n5a3fd254f9fba717,115
nf255d95541abc37c,nf255d95541abc37c,115
n6ab117c27669ceea,n6ab117c27669ceea,115
nc79c10c12cb50b11,nc79c10c12cb50b11,115
n29aaeb876aa5a959,n29aaeb876aa5a959,115
na83086db061c9aac,na83086db061c9aac,115
nead9d8b1b4035fb9,nead9d8b1b4035fb9,115
naf8002509b98050b,naf8002509b98050b,115
nf34e60f10553e3c8,nf34e60f10553e3c8,115
n1f8f5b42a6580a64,n1f8f5b42a6580a64,115
ndea76654fbb9f2f3,ndea76654fbb9f2f3,115
ned1cc49e9f305d4d,ned1cc49e9f305d4d,115
n98b8a2cc48a3394c,n98b8a2cc48a3394c,115
n91eda7846c1236a2,n91eda7846c1236a2,115
nf66d79e0fcbb681e,nf66d79e0fcbb681e,115
n3a01cb654cc6c5f5,n3a01cb654cc6c5f5,115
n7fd310933627f409,n7fd310933627f409,115
n08888abe268c8be4,n08888abe268c8be4,115
n118bc5382af5233b,n118bc5382af5233b,115
nb25d6d695e67ceca,nb25d6d695e67ceca,115
n354a0534acb5ba89,n354a0534acb5ba89,115
n7a6dcd53107d3c33,n7a6dcd53107d3c33,115
nfa3320846321c763,nfa3320846321c763,115
n26ed055f2803ba0b,n26ed055f2803ba0b,115
n4db41598b1ee7704,n4db41598b1ee7704,115
n1b12bd78156b39a9,n1b12bd78156b39a9,115
n3b23ed6f33bc61d5,n3b23ed6f33bc61d5,115
n5d15e3e1f7b47b7e,n5d15e3e1f7b47b7e,115
n9de3b31d49df4f01,n9de3b31d49df4f01,115
n77317573e15708aa,n77317573e15708aa,115
ndf4732e8f4623b2b,ndf4732e8f4623b2b,115
n2b012f196a1db13d,n2b012f196a1db13d,116
n8b3b1b4394771433,n8b3b1b4394771433,116
n4eda24a9b104f4ec,n4eda24a9b104f4ec,116
na2cb7c78ea197c4f,na2cb7c78ea197c4f,116
ne500f68838e3268f,ne500f68838e3268f,116
nc5c4b1a9f8b3251c,nc5c4b1a9f8b3251c,116
nc2e99405be6a065b,nc2e99405be6a065b,116
nd5572b163449da32,nd5572b163449da32,116
n3bc1d078961ca04f,n3bc1d078961ca04f,116
nbc3911d772f9044d,nbc3911d772f9044d,116
ne698bf309857bc4e,ne698bf309857bc4e,116
nd2a673c9d1f1e6eb,nd2a673c9d1f1e6eb,116
n80a3fc968e35a7d5,n80a3fc968e35a7d5,116
nb133f0d1266c0c36,nb133f0d1266c0c36,116
n1b8707e00d4a8b94,n1b8707e00d4a8b94,116
na33fc2263b98d15b,na33fc2263b98d15b,116
n0bfc05eb75727faf,n0bfc05eb75727faf,116
n5c1af1d89d222d59,n5c1af1d89d222d59,116
nadcdc59de921034a,nadcdc59de921034a,116
n940f4357501f9c2a,n940f4357501f9c2a,116
nb263ce7f4cbe9a9a,nb263ce7f4cbe9a9a,116
nf059c58b22537512,nf059c58b22537512,116
n889180ba806874bf,n889180ba806874bf,116
nc0c92908773f8544,nc0c92908773f8544,116
nde311da32b1c792e,nde311da32b1c792e,116
n7592a889f22649ae,n7592a889f22649ae,116
ne08b255ecf0cbd30,ne08b255ecf0cbd30,116
n76cee8b734179585,n76cee8b734179585,116
neb3ac0352b1eebfd,neb3ac0352b1eebfd,116
n8172b941eb4c7a84,n8172b941eb4c7a84,116
n48a5c570629e7001,n48a5c570629e7001,116
nd6b15ce6e898ce1a,nd6b15ce6e898ce1a,116
ncba1d17212524aed,ncba1d17212524aed,116
n5677f14aa4f7245e,n5677f14aa4f7245e,117
n3339d7a035fc1433,n3339d7a035fc1433,117
n86d11208a227eae9,n86d11208a227eae9,117
n3e314e79244e866d,n3e314e79244e866d,117
n03d0afa6501b4f3f,n03d0afa6501b4f3f,117
n6b0776f3d5855d39,n6b0776f3d5855d39,117
n1b8bc3bb6c478cd4,n1b8bc3bb6c478cd4,117
n268717016c25496f,n268717016c25496f,117
n61a6cf0a078d3f94,n61a6cf0a078d3f94,117
n516f1b3c71eb13e1,n516f1b3c71eb13e1,117
n4fee4dbb2b729555,n4fee4dbb2b729555,117
n6e0121e1e50da5af,n6e0121e1e50da5af,117
nc821790df00ace5a,nc821790df00ace5a,117
nb64c2f87ab199f97,nb64c2f87ab199f97,117
nbb2f5f303bb1c987,nbb2f5f303bb1c987,117
nfd67a483e98caad4,nfd67a483e98caad4,117
nc7b4f0b27c9eca40,nc7b4f0b27c9eca40,117
ne87a98a50d79e207,ne87a98a50d79e207,117
n9108daa6729d6ba5,n9108daa6729d6ba5,117
n22eec4a0f4ac5f8f,n22eec4a0f4ac5f8f,117
ndc673034b0900b3a,ndc673034b0900b3a,117
n9fb75401fe3690b9,n9fb75401fe3690b9,117
n9955af0866d4333e,n9955af0866d4333e,117
nce1bb20cb84181d2,nce1bb20cb84181d2,117
n6987f493a3864535,n6987f493a3864535,117
n2fab465d6f0974e8,n2fab465d6f0974e8,117
n94504b42a5b4bd9e,n94504b42a5b4bd9e,117
n848f01bff2256f3b,n848f01bff2256f3b,117
nac1acb150d7e5838,nac1acb150d7e5838,117
nc504ef04744b23ef,nc504ef04744b23ef,117
n1773a037ef6638c8,n1773a037ef6638c8,117
n8e79851f1a62229a,n8e79851f1a62229a,117
n10078df7ada3bf2d,n10078df7ada3bf2d,117
nd6f5ad8294b472a7,nd6f5ad8294b472a7,117
n0a86d55c7e051065,n0a86d55c7e051065,117
nf5ea7bfc1e495882,nf5ea7bfc1e495882,118
n266ed016508e4725,n266ed016508e4725,118
nafeb3d26806a708e,nafeb3d26806a708e,118
nf201c016bb1617c8,nf201c016bb1617c8,118
n81f5a32cfb3ce1ee,n81f5a32cfb3ce1ee,118
n49e4b13386b14093,n49e4b13386b14093,118
na6d1763682d404cf,na6d1763682d404cf,118
nd132a9d81b81692e,nd132a9d81b81692e,118
n1f8d985199f80bcd,n1f8d985199f80bcd,118
na354da4776412f60,na354da4776412f60,118
n24e537915aab3554,n24e537915aab3554,118
n36237977deebff56,n36237977deebff56,118
nd49b88c914983d4e,nd49b88c914983d4e,118
n3dbebd46f5bb7f9f,n3dbebd46f5bb7f9f,118
ne4ad4c042b2bb93b,ne4ad4c042b2bb93b,118
n7921a65270cc4905,n7921a65270cc4905,118
n6e099bc717cb573a,n6e099bc717cb573a,118
na948276dc2768bd0,na948276dc2768bd0,118
n0a32ea2493707bd1,n0a32ea2493707bd1,118
neb5c2f7f98bc5d6f,neb5c2f7f98bc5d6f,118
nc9dec81136167910,nc9dec81136167910,118
n073f0492622ab0b0,n073f0492622ab0b0,119
nd82c012f43511b5c,nd82c012f43511b5c,119
ncc7b1d9b4df48512,ncc7b1d9b4df48512,119
ndc9b43ee00a928e7,ndc9b43ee00a928e7,119
n90585ee85d899ad6,n90585ee85d899ad6,119
ndf854b801c914830,ndf854b801c914830,119
nbc61a4634d847201,nbc61a4634d847201,119
na38f6dd1576894d6,na38f6dd1576894d6,119
nf4d586b32c8d0dc3,nf4d586b32c8d0dc3,119
nf27af22238d9bc61,nf27af22238d9bc61,119
n016252b5a371fbce,n016252b5a371fbce,119
n7e3f2f9bc546c49c,n7e3f2f9bc546c49c,119
n7020ffc021d010ed,n7020ffc021d010ed,119
n2893e8d38042c522,n2893e8d38042c522,119
nc030e362c9f418a0,nc030e362c9f418a0,119
n0a45be78c5f31228,n0a45be78c5f31228,119
n533512f12cca036d,n533512f12cca036d,119
nef2b1d34625c3c28,nef2b1d34625c3c28,119
n284b40543d902bcd,n284b40543d902bcd,119
n9f84022e317bd44d,n9f84022e317bd44d,119
n95ca4c36539bd618,n95ca4c36539bd618,119
n19b7db329e85f263,n19b7db329e85f263,119
nb87ad547961c3950,nb87ad547961c3950,119
neeb212650679ce7b,neeb212650679ce7b,119
n01c5d8f13363202a,n01c5d8f13363202a,119
n4801c45eca0e4ae1,n4801c45eca0e4ae1,119
n4c37607ba548bf0e,n4c37607ba548bf0e,119
nc35586e4196c9dd5,nc35586e4196c9dd5,119
n9ce78a490653806c,n9ce78a490653806c,119
n28ded887a7594d7d,n28ded887a7594d7d,119
na355a295f781d95f,na355a295f781d95f,119
ne3f69b2126f3fee0,ne3f69b2126f3fee0,119
n348a94529ed2cf76,n348a94529ed2cf76,119
nfb89da7cc0275367,nfb89da7cc0275367,119
n5628937bc94d1070,n5628937bc94d1070,119
n2d5e868b18cd363f,n2d5e868b18cd363f,119
nf99c7050b9c58a6a,nf99c7050b9c58a6a,119
n03961be26e5b9b52,n03961be26e5b9b52,119
nae76b58793c3ea2a,nae76b58793c3ea2a,119
n2508811ebbb4f4d6,n2508811ebbb4f4d6,119
nd2f753fc66433b63,nd2f753fc66433b63,119
n438206dc3c95f080,n438206dc3c95f080,119
nea39474584e68a63,nea39474584e68a63,120
n014d9a1605c98831,n014d9a1605c98831,120
n202acca9ae088eda,n202acca9ae088eda,120
n2bca6c80e5e7e1a5,n2bca6c80e5e7e1a5,120
na44c428449cd0f1d,na44c428449cd0f1d,120
n81753083d6579405,n81753083d6579405,120
nfc253ab56d649f4e,nfc253ab56d649f4e,120
nbca2624c1a3bc363,nbca2624c1a3bc363,120
nd820f3e74cfc7765,nd820f3e74cfc7765,120
n4acd9c487728d39a,n4acd9c487728d39a,120
n69d2bb683ebd72a6,n69d2bb683ebd72a6,120
n4b854b0d4ae99e73,n4b854b0d4ae99e73,120
nf038e2cb383cc7c1,nf038e2cb383cc7c1,120
ne683ef35c018098c,ne683ef35c018098c,120
n6992c9b849071369,n6992c9b849071369,120
nae02b42559bc2320,nae02b42559bc2320,120
n7a60de7e6475616a,n7a60de7e6475616a,120
n6c07b678fb0d34b7,n6c07b678fb0d34b7,120
nd0ce933e5b13f2d2,nd0ce933e5b13f2d2,120
nab32a392cca88127,nab32a392cca88127,120
nea1048b716280a6b,nea1048b716280a6b,120
n8b62989b9f5fb3ae,n8b62989b9f5fb3ae,120
ne6d652642936e316,ne6d652642936e316,120
n71c7e0d34588b282,n71c7e0d34588b282,120
nae5dcb3a48edc490,nae5dcb3a48edc490,120
n5e901fd6c909e494,n5e901fd6c909e494,120
n991f6b09eae02f9f,n991f6b09eae02f9f,120
na7c85352872c036e,na7c85352872c036e,120
n314ebb283c26a853,n314ebb283c26a853,120
ne6cea6a93d885e8c,ne6cea6a93d885e8c,120
n6874e3e7abb1c332,n6874e3e7abb1c332,120
n60a4614992f02466,n60a4614992f02466,120
n1dadc6bd4e0b2662,n1dadc6bd4e0b2662,121
n264f18d5bbc7be79,n264f18d5bbc7be79,121
na7996ec1bd7c9b10,na7996ec1bd7c9b10,121
n597f88de83cbe05b,n597f88de83cbe05b,121
n48b3e3574839ac59,n48b3e3574839ac59,121
n6a19d366ae7731c2,n6a19d366ae7731c2,121
n08e217c2ca3be906,n08e217c2ca3be906,121
n7663a4591879a8c9,n7663a4591879a8c9,121
n03173ce76c24241f,n03173ce76c24241f,121
nab9f355108793312,nab9f355108793312,121
n724a1691e193f9c1,n724a1691e193f9c1,121
n7cf8f96ff2abbfc8,n7cf8f96ff2abbfc8,121
n5a5b2eb5007a473b,n5a5b2eb5007a473b,121
n75062bc89c3e8bf9,n75062bc89c3e8bf9,121
n5631f4ce81aa1a6f,n5631f4ce81aa1a6f,121
nf6ea55ac72e8f17f,nf6ea55ac72e8f17f,121
nb85ff0c2170df2f0,nb85ff0c2170df2f0,121
nc3c606a036e300d7,nc3c606a036e300d7,121
n614635aec88ebf4e,n614635aec88ebf4e,121
na4a1cae28a1ba82f,na4a1cae28a1ba82f,121
n2e09687e93e6830f,n2e09687e93e6830f,121
ndea5190dad0c0a9f,ndea5190dad0c0a9f,121
n7f1af957a50b7977,n7f1af957a50b7977,121
ne42f6a851ceb68e6,ne42f6a851ceb68e6,121
n2cc87adfb994e43a,n2cc87adfb994e43a,121
n67201cdb77c0f89a,n67201cdb77c0f89a,121
n72d35d699405c95f,n72d35d699405c95f,121
n266c741c249abd58,n266c741c249abd58,121
n4be017c58e8285cf,n4be017c58e8285cf,121
n99ac3d183fa476b3,n99ac3d183fa476b3,121
n62c450f5403757da,n62c450f5403757da,121
n48fec0fa1a0c63a5,n48fec0fa1a0c63a5,121
n0ab0e8b2c32757cc,n0ab0e8b2c32757cc,121
nc672bedb2f9a0e93,nc672bedb2f9a0e93,121
nc17843cdcd3271a7,nc17843cdcd3271a7,121
n1c76ff501528069a,n1c76ff501528069a,121
n17e7c8ee7dfd6792,n17e7c8ee7dfd6792,121
n633306a26d43bc89,n633306a26d43bc89,121
n1045be98856f2ceb,n1045be98856f2ceb,121
nd335f7098253c8fe,nd335f7098253c8fe,121
n5b014a91154e12db,n5b014a91154e12db,121
n0b95b89e3574ec46,n0b95b89e3574ec46,121
n66cf3f887453270d,n66cf3f887453270d,121
n7ff01ab67d9fc491,n7ff01ab67d9fc491,121
nbbdb28a926e06edf,nbbdb28a926e06edf,121
nd526a1ed0e7439b8,nd526a1ed0e7439b8,121
n6665f9af504923bc,n6665f9af504923bc,122
n655088a5bbf950d5,n655088a5bbf950d5,122
nf37914c1a21cf9d4,nf37914c1a21cf9d4,122
n2f0d918ca8f7f1b3,n2f0d918ca8f7f1b3,122
ncd4acc1f6626ff9c,ncd4acc1f6626ff9c,122
na2fe5197a5c09f54,na2fe5197a5c09f54,122
nda109435a04f20fe,nda109435a04f20fe,122
n9c767e6db3ac210b,n9c767e6db3ac210b,122
n415a38e3798c03b5,n415a38e3798c03b5,122
n329add36c5f7eec1,n329add36c5f7eec1,122
n2d0a888ce381701a,n2d0a888ce381701a,122
n1cfdbb1335436b76,n1cfdbb1335436b76,122
n6923f54fc0439673,n6923f54fc0439673,122
n16360cc180b1baa4,n16360cc180b1baa4,122
n9ce0492dbcf3e5a2,n9ce0492dbcf3e5a2,122
nfac673d4ce17ae1f,nfac673d4ce17ae1f,122
n9cca3c4acb18cc91,n9cca3c4acb18cc91,122
nd00cb0653d575180,nd00cb0653d575180,122
n430345db95f5d899,n430345db95f5d899,122
n14fcc56524c82da3,n14fcc56524c82da3,122
n2055fba3754234b6,n2055fba3754234b6,122
n0a564e8173d99aa5,n0a564e8173d99aa5,122
n6cbf3d61bcc5a418,n6cbf3d61bcc5a418,122
n4d300f74f51f20cf,n4d300f74f51f20cf,122
n159a87632b9d2d4a,n159a87632b9d2d4a,122
n96867f86c1f815cf,n96867f86c1f815cf,122
n9975e4b7208f4c30,n9975e4b7208f4c30,122
nf552034a877fc60e,nf552034a877fc60e,122
n50106e2ed2e8e3c2,n50106e2ed2e8e3c2,122
n6a009d577473a3dc,n6a009d577473a3dc,122
na1010c51d7435b18,na1010c51d7435b18,122
n04106b65dc83d750,n04106b65dc83d750,122
ne6c6eeca75a1727d,ne6c6eeca75a1727d,122
nd5f4dd5fe19905c6,nd5f4dd5fe19905c6,122
n3257fa3833a9dfdb,n3257fa3833a9dfdb,122
n58714d999a7afd85,n58714d999a7afd85,123
n9ea1b72e0cc9d2f5,n9ea1b72e0cc9d2f5,123
n624c5f4d7ba7b686,n624c5f4d7ba7b686,123
n937001668623c4ed,n937001668623c4ed,123
n524ead4df3146a21,n524ead4df3146a21,123
naed8aab35b2f3ccc,naed8aab35b2f3ccc,123
n3d80888d6d097d0b,n3d80888d6d097d0b,123
nfef85bf7bcd8b5f1,nfef85bf7bcd8b5f1,123
nced56641a579bbe7,nced56641a579bbe7,123
ne0faba28e563ad8b,ne0faba28e563ad8b,123
n6e3cc47cf5898745,n6e3cc47cf5898745,123
n6d8fe663c2d81d69,n6d8fe663c2d81d69,123
n3b2f7349d15e0108,n3b2f7349d15e0108,123
n76384c2c49cc6d64,n76384c2c49cc6d64,123
n1e84c2600a72d595,n1e84c2600a72d595,123
nb7dacd69a378a1d4,nb7dacd69a378a1d4,123
na9796a6eb4534fe5,na9796a6eb4534fe5,123
n78f7632c8932f52f,n78f7632c8932f52f,123
nddace311ee7d4d3b,nddace311ee7d4d3b,123
n1169e7d04dbce4d5,n1169e7d04dbce4d5,123
nf982fd6caa088509,nf982fd6caa088509,123
nf13ac4dbe34c9baa,nf13ac4dbe34c9baa,123
nb38bfbb9293f5fac,nb38bfbb9293f5fac,123
ne47b880467259497,ne47b880467259497,123
n62c35b27c5df3eda,n62c35b27c5df3eda,123
n97d6019da3d76725,n97d6019da3d76725,123
neef042fc1786f04a,neef042fc1786f04a,123
n82eecc2075d2128b,n82eecc2075d2128b,123
na796a6cf8681b902,na796a6cf8681b902,123
n59658ac92b5fd7c5,n59658ac92b5fd7c5,123
n03ddbc40affdde4c,n03ddbc40affdde4c,123
n2c9c3cabffecafb3,n2c9c3cabffecafb3,123
n9c03acf0b8cf1266,n9c03acf0b8cf1266,123
n978e7de6d478aae1,n978e7de6d478aae1,123
nfcbd72867315f6d8,nfcbd72867315f6d8,123
n649763c608f254fb,n649763c608f254fb,123
n657437b87b52e348,n657437b87b52e348,123
na25cdf692c61c495,na25cdf692c61c495,123
n1d3dc92fb278535d,n1d3dc92fb278535d,123
n5c5cd233d85daa25,n5c5cd233d85daa25,123
n3f25d959a0f83419,n3f25d959a0f83419,123
n476ec903c27eb813,n476ec903c27eb813,123
nde23a9168d1597f8,nde23a9168d1597f8,124
nc66c5664dcb25c7f,nc66c5664dcb25c7f,124
n75aa0e101d24baea,n75aa0e101d24baea,124
nd4f8f83dbbadab2f,nd4f8f83dbbadab2f,124
n091c1e499aa6c7ba,n091c1e499aa6c7ba,124
nd02a5a00a2b970bc,nd02a5a00a2b970bc,124
nb7879b61509cb953,nb7879b61509cb953,124
n405a414919558683,n405a414919558683,124
n795738f1e3a8b0f7,n795738f1e3a8b0f7,124
n34ee705562c89f6a,n34ee705562c89f6a,124
n9c7fb95953c9fb0e,n9c7fb95953c9fb0e,124
n86b04aabed3f0407,n86b04aabed3f0407,124
nf2f21be811bdb73d,nf2f21be811bdb73d,124
n6355293ec62cb450,n6355293ec62cb450,124
nd45ba7ff18ae07cf,nd45ba7ff18ae07cf,124
ne0b2f1b165db81b1,ne0b2f1b165db81b1,124
nbca920e8d633b1c1,nbca920e8d633b1c1,124
nace133ff310fdbec,nace133ff310fdbec,124
n459d0c8c014cd309,n459d0c8c014cd309,124
nb0d57a79ebb2b9ac,nb0d57a79ebb2b9ac,124
n8142510d159427bc,n8142510d159427bc,124
n5fdf17b598bd76f3,n5fdf17b598bd76f3,124
n4cd41f1376b6453f,n4cd41f1376b6453f,124
n3c04eca023a18888,n3c04eca023a18888,124
n82bf47b90a4a9d80,n82bf47b90a4a9d80,124
nbe1d762232fcddbc,nbe1d762232fcddbc,124
nddd09420e456dbbd,nddd09420e456dbbd,124
n4f3cf2769ca56a59,n4f3cf2769ca56a59,124
n37beeac9341d4a0d,n37beeac9341d4a0d,124
n2aa5158e5eab224e,n2aa5158e5eab224e,124
n3f6f27f8cf547b5a,n3f6f27f8cf547b5a,124
nc2862a5f82cc3ede,nc2862a5f82cc3ede,124
n6919d7bf8e2f3868,n6919d7bf8e2f3868,125
n6f9ffadd45c3109b,n6f9ffadd45c3109b,125
n80fa0d8e65191735,n80fa0d8e65191735,125
n0c17525fbc33fd21,n0c17525fbc33fd21,125
ne918265bb8581fea,ne918265bb8581fea,125
nad5aa82d3c8a621b,nad5aa82d3c8a621b,125
n93c9406bb48ca815,n93c9406bb48ca815,125
n79239b31ae449434,n79239b31ae449434,125
n801448b9e09ddb33,n801448b9e09ddb33,125
ne85fd86e6eb8cc17,ne85fd86e6eb8cc17,125
ne9329970f661092a,ne9329970f661092a,125
nbd31b53a95b8c9a3,nbd31b53a95b8c9a3,125
n5022ed92221eef93,n5022ed92221eef93,125
n19928ea2a9b9d9e1,n19928ea2a9b9d9e1,125
n245dca5c29dacde3,n245dca5c29dacde3,125
nac625dab26fa7f91,nac625dab26fa7f91,125
n59b25feb58dce8be,n59b25feb58dce8be,125
neb3c441e46820b82,neb3c441e46820b82,125
n57779fc0e354f79c,n57779fc0e354f79c,125
n07d16c411df8be33,n07d16c411df8be33,125
n9b1cfc740cccb234,n9b1cfc740cccb234,125
ne0f18c4adfc080fb,ne0f18c4adfc080fb,125
n542bd6ed34b99261,n542bd6ed34b99261,125
n8edc85c8f3fcb64a,n8edc85c8f3fcb64a,125
nf0bd533dcc447989,nf0bd533dcc447989,125
nbb821ea906937650,nbb821ea906937650,125
nc42781bf412c3349,nc42781bf412c3349,125
n88bab8041a047f16,n88bab8041a047f16,125
n779bc5a5ea1c5106,n779bc5a5ea1c5106,125
n2af5c02aadc5fa0b,n2af5c02aadc5fa0b,125
n9aa2c60e1d9207df,n9aa2c60e1d9207df,125
n0e140746717b77e4,n0e140746717b77e4,125
nb033260b18b09ccf,nb033260b18b09ccf,125
nad0119654b40dcfd,nad0119654b40dcfd,125
nfec42706ce99b520,nfec42706ce99b520,125
n86e58e6bc226ff16,n86e58e6bc226ff16,125
n4b701ded0d9c4cad,n4b701ded0d9c4cad,125
n2b259f838e4a4691,n2b259f838e4a4691,125
ne4e0093671c17c7f,ne4e0093671c17c7f,125
nccf8a691c0066ed5,nccf8a691c0066ed5,125
n4f0d4568cb0576ac,n4f0d4568cb0576ac,125
n6d79cb167fa31103,n6d79cb167fa31103,125
n417b67a12e803203,n417b67a12e803203,125
n62c547c17c5334bb,n62c547c17c5334bb,125
n5f09c856e09a0912,n5f09c856e09a0912,125
n7f294dfa4a656531,n7f294dfa4a656531,125
n6b305ebbd0275d6b,n6b305ebbd0275d6b,126
n35481e33a53bb0dc,n35481e33a53bb0dc,126
n207881a0051197d6,n207881a0051197d6,126
n76238f283fbd793a,n76238f283fbd793a,126
nd25fda8970c68787,nd25fda8970c68787,126
n8e286fd8123ef96b,n8e286fd8123ef96b,126
n0aa8eff83c3d9821,n0aa8eff83c3d9821,126
ne4dd58e1982eee40,ne4dd58e1982eee40,126
n470871307974ca0a,n470871307974ca0a,126
n9d7a14d7b3848fe8,n9d7a14d7b3848fe8,126
n9da88f077294b4eb,n9da88f077294b4eb,126
na0b1618afa8a8b61,na0b1618afa8a8b61,126
n6704c8adc82beef2,n6704c8adc82beef2,126
n52a5ce84fd5d4db7,n52a5ce84fd5d4db7,126
n5b84ebc43d4c8912,n5b84ebc43d4c8912,126
n8f62c9a248813ef5,n8f62c9a248813ef5,126
n7d043a023c0b46f8,n7d043a023c0b46f8,126
n8f6b46dd9c951f9f,n8f6b46dd9c951f9f,126
n1822b62da23ce677,n1822b62da23ce677,126
nd4323fbde1de8303,nd4323fbde1de8303,126
n66a7d58e31850fc4,n66a7d58e31850fc4,126
n003d3de403c7aa4b,n003d3de403c7aa4b,126
n5f9ba2487f663a8b,n5f9ba2487f663a8b,126
na5ceb7e448fd2770,na5ceb7e448fd2770,126
n38284d7a1169ffe7,n38284d7a1169ffe7,126
n61ea0b74a13c81a6,n61ea0b74a13c81a6,126
n95ecd83005af1bdc,n95ecd83005af1bdc,126
n68101864df487f48,n68101864df487f48,126
n352277d9757859cc,n352277d9757859cc,126
nd74b6578b8f08558,nd74b6578b8f08558,126
nfe3ceed262cf71d0,nfe3ceed262cf71d0,126
n7e9185eea00503ce,n7e9185eea00503ce,126
n51fe9b7b12b0b758,n51fe9b7b12b0b758,126
n8345fed80343f368,n8345fed80343f368,126
nc41ce519031b8ea6,nc41ce519031b8ea6,126
n4fec504379b21627,n4fec504379b21627,126
nb5552fdaf602692e,nb5552fdaf602692e,126
n0d7d7cc93b1d92fe,n0d7d7cc93b1d92fe,126
nc0bbf2c06f266e6e,nc0bbf2c06f266e6e,126
naa3bc63a9516f71a,naa3bc63a9516f71a,126
n0a3149e55f054949,n0a3149e55f054949,126
n604c33d989786dcb,n604c33d989786dcb,126
n774a176f09cc92d1,n774a176f09cc92d1,126
n0f4448470d43ca8e,n0f4448470d43ca8e,127
ne09f50b378c32286,ne09f50b378c32286,127
n0d032bd54325ce18,n0d032bd54325ce18,127
n53e27c6f1e5d7224,n53e27c6f1e5d7224,127
n6fab52899d51e6e3,n6fab52899d51e6e3,127
n16c0e5788e080314,n16c0e5788e080314,127
n7da8c030d1b20834,n7da8c030d1b20834,127
n871b2c4b3d6a7129,n871b2c4b3d6a7129,127
n3c848abf8af00c8d,n3c848abf8af00c8d,127
n0b29a4e86d7afa69,n0b29a4e86d7afa69,127
n5015255d9232eb8a,n5015255d9232eb8a,127
n0b06e1fa9e12c545,n0b06e1fa9e12c545,127
ndf672d9e7f5739ed,ndf672d9e7f5739ed,127
n483c5ac9bce6788e,n483c5ac9bce6788e,127
nf036befb3721ec9e,nf036befb3721ec9e,127
n5efea4c354611b14,n5efea4c354611b14,127
n14040536c5dd99ed,n14040536c5dd99ed,127
nf6c6230a941316e8,nf6c6230a941316e8,127
n8883b23fcc5434c4,n8883b23fcc5434c4,127
n4daf171c772453aa,n4daf171c772453aa,127
n0b983990e83de6f7,n0b983990e83de6f7,127
nbb6d56d9dfbc237a,nbb6d56d9dfbc237a,127
n9d8f85ce94263dba,n9d8f85ce94263dba,127
n3046411337e58103,n3046411337e58103,127
n4675d833d4b4a451,n4675d833d4b4a451,127
naeaf5bba36d6ed7b,naeaf5bba36d6ed7b,127
n9a8f62fa72a24364,n9a8f62fa72a24364,127
n4535558814b3cb6c,n4535558814b3cb6c,127
nbc80d5ec9dbd7869,nbc80d5ec9dbd7869,128
n06ec8a122a781faf,n06ec8a122a781faf,128
n084d70faf7789128,n084d70faf7789128,128
nc1d4e781ed5a0737,nc1d4e781ed5a0737,128
nd9f7b063972a7e21,nd9f7b063972a7e21,128
n7ed1a0f04eb802eb,n7ed1a0f04eb802eb,128
n196ee66fc09508b1,n196ee66fc09508b1,128
n0f6f11c11c888232,n0f6f11c11c888232,128
nfd08f5f3a54793cc,nfd08f5f3a54793cc,128
n68543b879c00cf09,n68543b879c00cf09,128
n4c47a7c5ffc286a2,n4c47a7c5ffc286a2,128
n5bd151c852cf4f98,n5bd151c852cf4f98,128
n4c9fecc5685f167e,n4c9fecc5685f167e,128
n57df65c46ec3b1e7,n57df65c46ec3b1e7,128
n8f68bdc7e0f1029b,n8f68bdc7e0f1029b,128
n8c3792596b53b9fb,n8c3792596b53b9fb,128
n1dc24abae7e0c133,n1dc24abae7e0c133,128
n099e1a3396e946d4,n099e1a3396e946d4,128
ne2247ee2156e1a60,ne2247ee2156e1a60,128
n4c94221bab13d277,n4c94221bab13d277,128
n66ffe5ac4bbda77f,n66ffe5ac4bbda77f,128
n0c8ac9117dc3236a,n0c8ac9117dc3236a,128
n3095cd8a088eae56,n3095cd8a088eae56,128
n1bb686c8709bfd06,n1bb686c8709bfd06,128
n06aa1c072fc5b84f,n06aa1c072fc5b84f,128
nf78e0c002971d78f,nf78e0c002971d78f,128
n868b0f919f282c1d,n868b0f919f282c1d,128
n388967798da57e88,n388967798da57e88,128
nfb4c4edb51f9ea68,nfb4c4edb51f9ea68,128
ne15f4e27ba9259a8,ne15f4e27ba9259a8,128
n10c00b38ad683a47,n10c00b38ad683a47,128
na451ab754137d44b,na451ab754137d44b,128
n3fb3ea481b2899bc,n3fb3ea481b2899bc,128
n662c73586f0fe5a9,n662c73586f0fe5a9,128
n9dca7ab37ec7963d,n9dca7ab37ec7963d,129
n575dc2dd41ae73a8,n575dc2dd41ae73a8,129
na019f9aa9b8ea23d,na019f9aa9b8ea23d,129
n7708485a1e8a9370,n7708485a1e8a9370,129
nbf48f6c4ecf634e9,nbf48f6c4ecf634e9,129
nc35b8038d459358b,nc35b8038d459358b,129
ncbe7dcec25e505bf,ncbe7dcec25e505bf,129
nd564ddf41b141d85,nd564ddf41b141d85,129
n2f0254125dd97335,n2f0254125dd97335,129
n89be02c7d26eb973,n89be02c7d26eb973,129
n75e7fbb6ab7f6069,n75e7fbb6ab7f6069,129
n1cffc7b52742ac17,n1cffc7b52742ac17,129
nccc84e553ec98cdb,nccc84e553ec98cdb,129
nea046e8a4e8ca78c,nea046e8a4e8ca78c,129
n0f3d1e0adb490410,n0f3d1e0adb490410,130
n61258c01aa2771a4,n61258c01aa2771a4,130
nb037304c5ad57e12,nb037304c5ad57e12,130
n1a07beec36d1fb58,n1a07beec36d1fb58,130
n9ee61da80c8e1d5a,n9ee61da80c8e1d5a,130
nac2a45f791c6a717,nac2a45f791c6a717,130
ne68496d4d6e5d75a,ne68496d4d6e5d75a,130
nf5753c39eb4b2705,nf5753c39eb4b2705,130
nc72b81cb34af3821,nc72b81cb34af3821,130
n804b93908fde7503,n804b93908fde7503,130
n824a766ed2de9e27,n824a766ed2de9e27,130
n3c9d1438f9d68b67,n3c9d1438f9d68b67,130
n39f7109c5b6f51b2,n39f7109c5b6f51b2,130
n72579ba58df9f4ff,n72579ba58df9f4ff,130
n8f81b88a89aaedde,n8f81b88a89aaedde,130
nb8d5d3dbc9f4fe14,nb8d5d3dbc9f4fe14,130
n9173318165b1f0d6,n9173318165b1f0d6,130
n4d081abf78b24633,n4d081abf78b24633,130
n8e68aee6a98e453d,n8e68aee6a98e453d,130
n16e0ceced77ec6bb,n16e0ceced77ec6bb,130
n39d40080522078c7,n39d40080522078c7,130
n2782e7bd94c22f88,n2782e7bd94c22f88,130
na20784de64c9b27c,na20784de64c9b27c,130
nb99b740a0529303c,nb99b740a0529303c,131
n6f767dca76fecc4a,n6f767dca76fecc4a,131
n0d3f2b1f017015c9,n0d3f2b1f017015c9,131
ne9e63731aec671a4,ne9e63731aec671a4,131
n93e1c786daa9be21,n93e1c786daa9be21,131
n78e9b3b9d40a85b5,n78e9b3b9d40a85b5,131
ndb57c9318c7c430f,ndb57c9318c7c430f,131
n07a99aaafd54c151,n07a99aaafd54c151,131
ne55944eac46ca7ea,ne55944eac46ca7ea,131
nd28d2789e4d1e0e9,nd28d2789e4d1e0e9,131
ne230fe4a8178c1a0,ne230fe4a8178c1a0,132
nc5c2e7b7abf6729e,nc5c2e7b7abf6729e,132
ne4aa23666dc30cb1,ne4aa23666dc30cb1,132
n941148d446f0d75a,n941148d446f0d75a,132
ne4f440926aa75a10,ne4f440926aa75a10,132
n863d226fd3bc88fd,n863d226fd3bc88fd,133
n7094805d58a9f2f4,n7094805d58a9f2f4,133
n1d0bf3739d863346,n1d0bf3739d863346,133
n60e15d88c18da225,n60e15d88c18da225,133
ndc24e657216ee35f,ndc24e657216ee35f,133
n029f963ca9403b58,n029f963ca9403b58,133
n097be95d860ea6ff,n097be95d860ea6ff,133
nfa1e50bc7f2ce71d,nfa1e50bc7f2ce71d,133
n004491a83fe4a7f9,n004491a83fe4a7f9,134
n3ecb6afb980bdcc8,n3ecb6afb980bdcc8,134
n48bbf7c3f5e96524,n48bbf7c3f5e96524,134
n3b677b2211e66134,n3b677b2211e66134,134
n24c44a4689cab140,n24c44a4689cab140,134
n90ed98dfdc9a4f97,n90ed98dfdc9a4f97,134
n4ff9af1b17f15fd4,n4ff9af1b17f15fd4,134
n094f0f543020ba4e,n094f0f543020ba4e,134
n8ac519c1f25e2362,n8ac519c1f25e2362,134
n02b852fc7a6d2f8e,n02b852fc7a6d2f8e,134
n4a0210d869b715a6,n4a0210d869b715a6,135
n345196596839c7eb,n345196596839c7eb,135
n9f697c1be6a42a40,n9f697c1be6a42a40,135
n2b062d0be25a1330,n2b062d0be25a1330,135
neae66fd2b7f7abb4,neae66fd2b7f7abb4,135
nf61e3325d8b13cfd,nf61e3325d8b13cfd,135
nb333313b7fe4b0a6,nb333313b7fe4b0a6,135
n24bba34a61585530,n24bba34a61585530,135
nf45d2b9143e1e1e7,nf45d2b9143e1e1e7,135
n13032e8c3cd77b20,n13032e8c3cd77b20,135
n02dba825536ec826,n02dba825536ec826,135
nf7743676a5ba66a3,nf7743676a5ba66a3,135
n6138fa352d2a1164,n6138fa352d2a1164,135
nf0864b68baa4af6d,nf0864b68baa4af6d,135
n860c0f3c6c491b60,n860c0f3c6c491b60,135
n52fb459c8eb232ce,n52fb459c8eb232ce,135
n90d49f4db6fba3f8,n90d49f4db6fba3f8,135
nf4f1570249546033,nf4f1570249546033,135
n5618148f94d3659c,n5618148f94d3659c,135
n32f6e33d764c7521,n32f6e33d764c7521,135
n165942abbfabaec3,n165942abbfabaec3,135
n2e573f444d921285,n2e573f444d921285,135
n29d31a62dde92c5c,n29d31a62dde92c5c,135
ne009e2c90616930e,ne009e2c90616930e,135
ne618a42dbe40bb56,ne618a42dbe40bb56,135
nd1749335a5fd86ab,nd1749335a5fd86ab,135
n9344d2215042b4fb,n9344d2215042b4fb,135
n0b80e0a61f7457a0,n0b80e0a61f7457a0,135
n06cfa4321385510c,n06cfa4321385510c,136
n6172d6eaee650f2a,n6172d6eaee650f2a,136
n2a26c6e6c34321a7,n2a26c6e6c34321a7,136
n97299d01ebc0a5a4,n97299d01ebc0a5a4,136
n4ea53e2b8c2fa7c6,n4ea53e2b8c2fa7c6,136
neff1db009f62355b,neff1db009f62355b,136
n3545b2f5294580c4,n3545b2f5294580c4,136
n74ac10fbbbeaac14,n74ac10fbbbeaac14,136
n4ad8c9ddfce72bb6,n4ad8c9ddfce72bb6,136
nb46984a558ea9d86,nb46984a558ea9d86,136
nfd488fc96d2b30c4,nfd488fc96d2b30c4,136
n1a5fe1f9db1f68aa,n1a5fe1f9db1f68aa,136
nfea2911420abba0d,nfea2911420abba0d,136
nd53395c0e637b367,nd53395c0e637b367,136
n5131d86324f9b22a,n5131d86324f9b22a,136
n9b4aa2839b59d698,n9b4aa2839b59d698,136
n2efd940b4b4cc0b3,n2efd940b4b4cc0b3,136
n7d8ce66db5e507bd,n7d8ce66db5e507bd,136
n63c0f0257dab68ee,n63c0f0257dab68ee,136
n6a379c578069c606,n6a379c578069c606,136
n9ca165993daf2ddf,n9ca165993daf2ddf,136
n4733189e20fa9bc9,n4733189e20fa9bc9,136
ndabf3d705f9560e9,ndabf3d705f9560e9,136
n008efdce5bc177ef,n008efdce5bc177ef,136
n621ac3ebdb2233df,n621ac3ebdb2233df,136
n48608e43b664a77b,n48608e43b664a77b,136
nbbb4e1961e46c678,nbbb4e1961e46c678,137
n9ba47dab982c30d6,n9ba47dab982c30d6,137
na0ad2a0c904573b8,na0ad2a0c904573b8,137
n844ad307ba5b3a7a,n844ad307ba5b3a7a,137
n6cc87013f8693e99,n6cc87013f8693e99,137
n4fdcfbae4f8029f4,n4fdcfbae4f8029f4,137
n556fcf8d798b2b0a,n556fcf8d798b2b0a,137
ne3a6f642196264c2,ne3a6f642196264c2,137
n382b2299a3dd7979,n382b2299a3dd7979,137
n5bcbc3b2efebe486,n5bcbc3b2efebe486,137
na2ad1f1de0b8d785,na2ad1f1de0b8d785,137
ncd8748eaef44871b,ncd8748eaef44871b,137
ne22bcd13ebde10c9,ne22bcd13ebde10c9,137
n08a859d1101a784f,n08a859d1101a784f,137
n0bd509f8255fb4d3,n0bd509f8255fb4d3,137
nc05cf5c899526150,nc05cf5c899526150,137
n4a00b651fa32c403,n4a00b651fa32c403,137
n85cf7a2b36bbbdd3,n85cf7a2b36bbbdd3,137
n7f15ebb1371150f9,n7f15ebb1371150f9,137
n4eef294bcb08f374,n4eef294bcb08f374,137
n35c629e66ae117cb,n35c629e66ae117cb,137
n40bad7d48aae6b22,n40bad7d48aae6b22,137
n987364968a2f7ed6,n987364968a2f7ed6,137
nbcb299c44e820315,nbcb299c44e820315,137
n5cc3b43f50ecd56f,n5cc3b43f50ecd56f,138
na7bddd37caf99d3d,na7bddd37caf99d3d,138
nf8e1d35750d0b13f,nf8e1d35750d0b13f,138
n9176af6eba3543d3,n9176af6eba3543d3,138
n0ccfb263bb24cfe6,n0ccfb263bb24cfe6,139
n6fc04e04e317f648,n6fc04e04e317f648,139
n7e0d866f3b9681b0,n7e0d866f3b9681b0,139
n604f442d9f61724d,n604f442d9f61724d,139
nf87661f211cc7539,nf87661f211cc7539,139
nfc626f591931e241,nfc626f591931e241,139
n16cfb5cd998a07fa,n16cfb5cd998a07fa,139
n0ed309edf64b43cf,n0ed309edf64b43cf,139
n5133dc03a9e51c31,n5133dc03a9e51c31,139
n6fdab8fbd261a32c,n6fdab8fbd261a32c,139
naf5713db6397cf9b,naf5713db6397cf9b,139
nb7d0dc9ae4c3bfcf,nb7d0dc9ae4c3bfcf,139
nb9ebe1f0cb6423e3,nb9ebe1f0cb6423e3,139
n0deb70e8f2c5b83e,n0deb70e8f2c5b83e,139
ne1f37e6b5f0df7ba,ne1f37e6b5f0df7ba,139
nca61dd53024c90e4,nca61dd53024c90e4,139
n3feb6fd1f37d7872,n3feb6fd1f37d7872,139
na097390cc0ff5c29,na097390cc0ff5c29,139
n08524858617553c7,n08524858617553c7,139
n8ea1ea99f655e2fa,n8ea1ea99f655e2fa,139
na588c8dcc67ddbc2,na588c8dcc67ddbc2,139
na63bd24af4a509a8,na63bd24af4a509a8,139
n28dc0574e96b8e18,n28dc0574e96b8e18,139
n369723996ee6d589,n369723996ee6d589,139
nfd8694630bb7926a,nfd8694630bb7926a,139
nce3f00f9feb3f182,nce3f00f9feb3f182,139
n87cf04842eb05d6d,n87cf04842eb05d6d,140
n2ed2ee836c291037,n2ed2ee836c291037,140
n23a93949142ce8ab,n23a93949142ce8ab,140
n9c993aeccfc83254,n9c993aeccfc83254,140
nf4ebd94aa1cb4e3b,nf4ebd94aa1cb4e3b,140
n5984d79625e17bb3,n5984d79625e17bb3,140
nf38cd043aa8fe07b,nf38cd043aa8fe07b,140
n97cc91856186154c,n97cc91856186154c,140
n9ef880d0f02651dc,n9ef880d0f02651dc,140
n02e1869b1f8d61a1,n02e1869b1f8d61a1,140
n91fdbd5d700098a4,n91fdbd5d700098a4,140
n3cd1122c83c246e9,n3cd1122c83c246e9,140
n93e716f27a8c7b95,n93e716f27a8c7b95,140
n60f7f2955822b948,n60f7f2955822b948,140
n014149254eeef0df,n014149254eeef0df,140
n56ab5799249a59a0,n56ab5799249a59a0,140
neb80a2d14c2dca76,neb80a2d14c2dca76,140
n5f10fe303c91020d,n5f10fe303c91020d,140
n3db70c7fe0cc9a45,n3db70c7fe0cc9a45,140
n2d5b36d90301009c,n2d5b36d90301009c,140
n4ec920953576c8d0,n4ec920953576c8d0,140
nebeecd85bc9dd30b,nebeecd85bc9dd30b,140
n9697d699a3e67063,n9697d699a3e67063,140
n1e36d420f1986788,n1e36d420f1986788,140
nc526f5a135ee2415,nc526f5a135ee2415,140
nb7f02ace48f94665,nb7f02ace48f94665,140
n834d079d30143b5b,n834d079d30143b5b,140
nfdf118d00e813968,nfdf118d00e813968,140
nbcf5897395bcceec,nbcf5897395bcceec,141
ndc76eb4599fb50ac,ndc76eb4599fb50ac,141
n00a5ce42c6e0949d,n00a5ce42c6e0949d,141
n6750c871989289e0,n6750c871989289e0,141
n36f9c93ed1198edf,n36f9c93ed1198edf,141
n0f3c839281628a89,n0f3c839281628a89,141
nb66800bc01c4bbe7,nb66800bc01c4bbe7,141
n178118132f63aef7,n178118132f63aef7,141
n99ca57a4014c7310,n99ca57a4014c7310,141
n44dd0865c1149494,n44dd0865c1149494,141
ndc29dc697a6b92ff,ndc29dc697a6b92ff,141
nb259f9cdd5c3c70f,nb259f9cdd5c3c70f,141
n8cf792b5393436cb,n8cf792b5393436cb,141
n79d28e374957cc35,n79d28e374957cc35,141
n885df3036e6ba73a,n885df3036e6ba73a,141
ncb537d9c5c92c425,ncb537d9c5c92c425,141
n15266ea95a2628c6,n15266ea95a2628c6,141
nce1e5f25a8814e50,nce1e5f25a8814e50,141
n342894d2d38ff8f0,n342894d2d38ff8f0,141
n8563da02860f067f,n8563da02860f067f,141
nb6644555cf9539e9,nb6644555cf9539e9,141
n45a7b275822ac58e,n45a7b275822ac58e,141
n6e7cb555c318cc39,n6e7cb555c318cc39,141
n7266d909f76262b4,n7266d909f76262b4,141
nc7b4257ae507a969,nc7b4257ae507a969,141
n4bd89e499eb1e316,n4bd89e499eb1e316,141
n1e74c4b8e71ecd22,n1e74c4b8e71ecd22,141
nfa277d5e41133dbd,nfa277d5e41133dbd,142
na8e01f36fe1977c5,na8e01f36fe1977c5,142
n913e17d7df6ef9a9,n913e17d7df6ef9a9,142
n547fcd993b65eec7,n547fcd993b65eec7,142
n49b19c9ffc125183,n49b19c9ffc125183,142
n53def78ef919695c,n53def78ef919695c,142
ne15ead7508c528e6,ne15ead7508c528e6,142
n5159342820aa69aa,n5159342820aa69aa,142
n46fa39dea0731584,n46fa39dea0731584,142
n4864235d9e548d12,n4864235d9e548d12,143
n2b4e3c1212200340,n2b4e3c1212200340,143
nc97804dcb2fb50bd,nc97804dcb2fb50bd,143
n26d90dd8f3e59910,n26d90dd8f3e59910,143
nc744f813724857ac,nc744f813724857ac,143
n6212fd6094205e9d,n6212fd6094205e9d,143
n2577f9ca6fd87021,n2577f9ca6fd87021,143
n099f35bcc8ef2e63,n099f35bcc8ef2e63,143
nb582d2672f793c46,nb582d2672f793c46,143
n24755cf1e128e22d,n24755cf1e128e22d,143
nb26144690539840a,nb26144690539840a,143
nb683dadbdd55e581,nb683dadbdd55e581,143
ne3627854ed2d36b7,ne3627854ed2d36b7,143
nfab828c6caf55a23,nfab828c6caf55a23,143
n6715ea010982845c,n6715ea010982845c,143
n2e2f3606d7e53927,n2e2f3606d7e53927,143
n304f303c064ba74f,n304f303c064ba74f,143
n5ab0a9d5ae13afd2,n5ab0a9d5ae13afd2,143
nf14776afe84a624f,nf14776afe84a624f,143
n2f9840f16481dc3a,n2f9840f16481dc3a,143
nd389a101b91d6743,nd389a101b91d6743,143
n8ea9431e82046680,n8ea9431e82046680,143
n765c7ccc2f5c0032,n765c7ccc2f5c0032,143
nd34a0aa08b24e32c,nd34a0aa08b24e32c,143
ne24a6a82a40ef587,ne24a6a82a40ef587,143
n0dbf914513c90e93,n0dbf914513c90e93,143
n087d91fa02481128,n087d91fa02481128,143
nca7646539bec585a,nca7646539bec585a,143
n00b8786d55364c01,n00b8786d55364c01,143
n3ba4095f0ce6578f,n3ba4095f0ce6578f,143
n340f798e546a4809,n340f798e546a4809,143
nd400cbedbd93b6e7,nd400cbedbd93b6e7,143
n986d0088c80f810b,n986d0088c80f810b,143
n66d7408063508e09,n66d7408063508e09,144
n2b9e2e6fbe5497cd,n2b9e2e6fbe5497cd,144
n20fe526f2b730045,n20fe526f2b730045,144
n8bd5fd978c4840e7,n8bd5fd978c4840e7,144
ne822fa592961ec36,ne822fa592961ec36,144
nf8a61d50430148b4,nf8a61d50430148b4,144
n450ba70917e9604d,n450ba70917e9604d,144
nef258606a6179cc9,nef258606a6179cc9,144
n7a22bc37a4d34d7c,n7a22bc37a4d34d7c,144
nb76e51407114b257,nb76e51407114b257,144
nb543046d538e5f91,nb543046d538e5f91,144
nd3ecfd279336fa53,nd3ecfd279336fa53,144
nbfa158d24ac6d56e,nbfa158d24ac6d56e,144
n3c39bd9253c44e9c,n3c39bd9253c44e9c,144
n76bf77c3a757fe03,n76bf77c3a757fe03,144
n510920a399a3a4f0,n510920a399a3a4f0,144
n9138a5a26d9c185d,n9138a5a26d9c185d,144
nfd3c8567d9d14102,nfd3c8567d9d14102,144
n75ad9ef49f04e135,n75ad9ef49f04e135,144
n0fec688e6543a8d1,n0fec688e6543a8d1,144
nd168332652a0afcb,nd168332652a0afcb,144
n15d7861a2f864045,n15d7861a2f864045,144
n6775dee30a55953d,n6775dee30a55953d,144
n7cb480cf7239fb91,n7cb480cf7239fb91,144
ne44f7758d3b1c4b5,ne44f7758d3b1c4b5,144
na0cfb8b37c143d14,na0cfb8b37c143d14,144
n20bf29e444b73c16,n20bf29e444b73c16,144
n8637f339770a936a,n8637f339770a936a,144
nc1df5e9a0d79cd21,nc1df5e9a0d79cd21,145
n07073faa98ac0a7f,n07073faa98ac0a7f,145
n2125e81fdf91c7c5,n2125e81fdf91c7c5,145
n4e02f3c684c44346,n4e02f3c684c44346,145
na3fe76d019101661,na3fe76d019101661,145
n43d19f4d5c289951,n43d19f4d5c289951,145
nf099958d3cd906ef,nf099958d3cd906ef,145
n5a3a7a8848f99d17,n5a3a7a8848f99d17,145
n47eea8516a5f71e2,n47eea8516a5f71e2,145
nd9f801c144872236,nd9f801c144872236,145
n2fa1665fde3cf58c,n2fa1665fde3cf58c,145
ne9276d2789a2ac25,ne9276d2789a2ac25,145
n461d4000a2cd189b,n461d4000a2cd189b,145
n5aa2511ff4f78cf4,n5aa2511ff4f78cf4,145
n402c7d64fb013e3d,n402c7d64fb013e3d,145
ncd6604cb0f413e48,ncd6604cb0f413e48,145
n15cad9bbf7733657,n15cad9bbf7733657,145
ndf012c7687eb3ca1,ndf012c7687eb3ca1,145
na3ec92dc558e0d12,na3ec92dc558e0d12,145
nbbd111042254ef79,nbbd111042254ef79,145
n7baace4675415b03,n7baace4675415b03,145
nff34bb188011dfb8,nff34bb188011dfb8,145
n3544b6cb14074e21,n3544b6cb14074e21,145
n43f1086529e0bb15,n43f1086529e0bb15,145
n752c4b3771431a01,n752c4b3771431a01,145
n90e0dabded615d4c,n90e0dabded615d4c,145
n828fa07c273b7373,n828fa07c273b7373,145
na85924a230cf0a36,na85924a230cf0a36,145
n99d08002ddf784f1,n99d08002ddf784f1,145
n703b592c0e6e562d,n703b592c0e6e562d,145
nbab58cdb1166ddf3,nbab58cdb1166ddf3,145
n25a6c8294d6acd45,n25a6c8294d6acd45,145
n6dc512bb1ddb9f0f,n6dc512bb1ddb9f0f,145
n24afd594958ebd55,n24afd594958ebd55,146
nf9ce3a02aacb69a2,nf9ce3a02aacb69a2,146
n4171c2e3b34e33a4,n4171c2e3b34e33a4,146
n94ba4d24522cdf38,n94ba4d24522cdf38,146
nc94117ee99b50283,nc94117ee99b50283,146
nfecc56c23b8a0ce8,nfecc56c23b8a0ce8,146
nefc8d7c1ab5a4562,nefc8d7c1ab5a4562,146
nbfc694b3be74ce52,nbfc694b3be74ce52,146
n873eaa6d68955a8e,n873eaa6d68955a8e,146
n67c55b57bc1c967a,n67c55b57bc1c967a,146
nf57b5d97c31630cf,nf57b5d97c31630cf,146
nf7c05ace1829cd3f,nf7c05ace1829cd3f,146
nc2f42667ac4f8a36,nc2f42667ac4f8a36,146
nae4efa158986be3b,nae4efa158986be3b,146
n9777ea70a9eff942,n9777ea70a9eff942,146
n3125aa2cc2d20a2a,n3125aa2cc2d20a2a,146
nebf9dc5bf70af0e0,nebf9dc5bf70af0e0,146
n43b37d4d17792377,n43b37d4d17792377,146
na3fcac0a9ff27c87,na3fcac0a9ff27c87,146
n86808925d2a4dd2c,n86808925d2a4dd2c,146
n60afe69fe6a6941d,n60afe69fe6a6941d,146
na8e8efb5143a0a3a,na8e8efb5143a0a3a,146
n899d229ee79e126c,n899d229ee79e126c,146
ne7acdcf8e00fc68e,ne7acdcf8e00fc68e,146
ndc88503d3a8a2d4f,ndc88503d3a8a2d4f,146
n31be060ce26b97f6,n31be060ce26b97f6,146
n86fdf459ebac6015,n86fdf459ebac6015,146
n3a9c21b431f16eaf,n3a9c21b431f16eaf,146
naa614a0c60e9a836,naa614a0c60e9a836,146
nea2581d3f1504aba,nea2581d3f1504aba,147
n6f1e27cacbd49434,n6f1e27cacbd49434,147
n07fd476addd82cbc,n07fd476addd82cbc,147
n98b1f6ba606b0641,n98b1f6ba606b0641,147
n8db9ecf39f99ce7e,n8db9ecf39f99ce7e,147
nb9e2de0ad14563b9,nb9e2de0ad14563b9,147
nc7888d0c17b4d2d5,nc7888d0c17b4d2d5,147
n3e5560debb15c935,n3e5560debb15c935,147
ncdfcbc0cea9ec682,ncdfcbc0cea9ec682,147
n3460b27656d0c246,n3460b27656d0c246,147
n279290794c959126,n279290794c959126,147
ncd3bbc0ce521cffe,ncd3bbc0ce521cffe,147
nb3e3c8890ac8858f,nb3e3c8890ac8858f,147
n47a7ea084da9985b,n47a7ea084da9985b,147
n1836029c41eb62a6,n1836029c41eb62a6,147
nc248054288ae81f6,nc248054288ae81f6,147
n1a4ec291691db93f,n1a4ec291691db93f,147
n7cb6225d33bbace2,n7cb6225d33bbace2,147
n76acdf7491d1573d,n76acdf7491d1573d,147
n9394f482b0ddc404,n9394f482b0ddc404,147
nfd888d509da8368f,nfd888d509da8368f,147
ne7aa74ebfe67eb3f,ne7aa74ebfe67eb3f,147
n2c37a2c60927e173,n2c37a2c60927e173,147
n8f27c463528bfca4,n8f27c463528bfca4,147
n29a40700047036f2,n29a40700047036f2,147
n81b7fc3d3a2c5840,n81b7fc3d3a2c5840,147
nb4d553fc0d99dbd4,nb4d553fc0d99dbd4,147
ncb6d0a399e1edaab,ncb6d0a399e1edaab,147
n41eed5afdc3f5364,n41eed5afdc3f5364,147
nf8c295c54e1b8243,nf8c295c54e1b8243,147
nd1c72b2f1b531789,nd1c72b2f1b531789,148
nbb8a71b000eb3d9a,nbb8a71b000eb3d9a,148
n0080c9d763cc8042,n0080c9d763cc8042,148
nc0e7bb196dd7c466,nc0e7bb196dd7c466,148
n65e2fcb8bd45b57b,n65e2fcb8bd45b57b,148
nbb960852ac076ad0,nbb960852ac076ad0,148
nab2188c3e2c86d33,nab2188c3e2c86d33,148
n50a680b51ab68b59,n50a680b51ab68b59,148
n3d0a0bdd82c364cb,n3d0a0bdd82c364cb,148
n55404506625d9515,n55404506625d9515,148
nee6d2858526f2ed1,nee6d2858526f2ed1,148
ne88f1d51bbf2ed0e,ne88f1d51bbf2ed0e,148
nabb3c72e5abf31cf,nabb3c72e5abf31cf,148
n8c704b4b682e96fc,n8c704b4b682e96fc,148
na9cdd7b306bfdd14,na9cdd7b306bfdd14,148
nff31a67310f56ad6,nff31a67310f56ad6,148
nb4f64820dc263567,nb4f64820dc263567,148
n5a5cd1157fb6ee72,n5a5cd1157fb6ee72,148
n56a055613bc23a31,n56a055613bc23a31,148
n36637e53b2a25c66,n36637e53b2a25c66,148
nd2ba6d157e6e146d,nd2ba6d157e6e146d,148
ndd8a4849d47786a7,ndd8a4849d47786a7,148
nd3beea472b44e5ea,nd3beea472b44e5ea,148
n610d3dd956e8e0b5,n610d3dd956e8e0b5,148
nfc2d333747ee25ce,nfc2d333747ee25ce,148
n3e2bd9e0e36af2a2,n3e2bd9e0e36af2a2,148
n26e26fa771577f22,n26e26fa771577f22,148
ne50c2472e224bd1d,ne50c2472e224bd1d,148
n35c077cf71400e98,n35c077cf71400e98,148
n89330eaa0d06d726,n89330eaa0d06d726,148
n26972f957fda3451,n26972f957fda3451,148
n0af23a078cb47294,n0af23a078cb47294,148
ne58a087d77f9d840,ne58a087d77f9d840,148
nfd544b54744765ca,nfd544b54744765ca,148
na680344ffc1ba2df,na680344ffc1ba2df,148
n7e5ccfc3cd4d13a4,n7e5ccfc3cd4d13a4,149
n7865dc6faba334c1,n7865dc6faba334c1,149
n47c6a182f4973435,n47c6a182f4973435,149
n328a5494c67e07c7,n328a5494c67e07c7,149
nd86f247dca81a16f,nd86f247dca81a16f,149
nc42510b542f4cf45,nc42510b542f4cf45,149
nb54cf7da96c7cc98,nb54cf7da96c7cc98,149
n36e71aadf801ffe1,n36e71aadf801ffe1,149
nb8d5ade7d93d50a6,nb8d5ade7d93d50a6,149
nb78e8865180bdc2f,nb78e8865180bdc2f,149
ne55bc43477f4ddef,ne55bc43477f4ddef,149
n4baaec73067e7664,n4baaec73067e7664,149
n5edfcd058cf1074e,n5edfcd058cf1074e,149
n5f2893636c0042ca,n5f2893636c0042ca,149
n171653d8a9f0cd7f,n171653d8a9f0cd7f,149
nf0fdb206ccf78587,nf0fdb206ccf78587,149
nca24ea4b6e414119,nca24ea4b6e414119,149
na2fae92efcc92067,na2fae92efcc92067,149
n2119cd8a0189bb25,n2119cd8a0189bb25,149
n167d486d664563bb,n167d486d664563bb,149
n4f330a6b7c94c3e3,n4f330a6b7c94c3e3,149
nb757ad9556de8583,nb757ad9556de8583,149
n6afe14c18ce60ddd,n6afe14c18ce60ddd,149
n2259dd7f27340f48,n2259dd7f27340f48,149
n318e29438919b236,n318e29438919b236,149
nbcfc19ae1637f5f2,nbcfc19ae1637f5f2,149
n376d79a6d7a3c381,n376d79a6d7a3c381,149
ne0a2900bfc9bbc36,ne0a2900bfc9bbc36,149
n178a88a384949932,n178a88a384949932,149
n07a191d98b41b094,n07a191d98b41b094,149
n0c570e90a9176f41,n0c570e90a9176f41,150
nc5ba361a1c32517c,nc5ba361a1c32517c,150
n116358a844581b2b,n116358a844581b2b,150
nbc63900c894fc3d4,nbc63900c894fc3d4,150
ne2b2006a270cc7b2,ne2b2006a270cc7b2,150
nc90eadaf2e54c63a,nc90eadaf2e54c63a,150
n12f53ddc24ea3e01,n12f53ddc24ea3e01,150
nf684ea689c1cd005,nf684ea689c1cd005,150
n8fec6ebec49ba33a,n8fec6ebec49ba33a,150
nbc01c99a5608b87d,nbc01c99a5608b87d,150
n82fe4a1791b05950,n82fe4a1791b05950,150
n7f17460857638b41,n7f17460857638b41,150
n928f9f7b06d8dba4,n928f9f7b06d8dba4,150
n75cf468cca2736e2,n75cf468cca2736e2,150
n00239d87f0aab7b5,n00239d87f0aab7b5,150
nde8608e063e7f2fd,nde8608e063e7f2fd,150
nbf1f8a153b6b794f,nbf1f8a153b6b794f,150
na1ba9eb1322fa906,na1ba9eb1322fa906,150
n7ee3e6f216a4a7a4,n7ee3e6f216a4a7a4,150
ne81a90391d9f45dd,ne81a90391d9f45dd,150
n23c1dea6e4070d84,n23c1dea6e4070d84,150
nbd14f5522180350b,nbd14f5522180350b,150
n2e9ae6615134f493,n2e9ae6615134f493,150
n73a542622452357a,n73a542622452357a,150
nd2158f8141ffba8b,nd2158f8141ffba8b,150
n96a2438aeca63961,n96a2438aeca63961,151
n8f25f63006e96a9d,n8f25f63006e96a9d,151
n188bb0e06ee08c27,n188bb0e06ee08c27,151
ndd0b7e6c1ea1739e,ndd0b7e6c1ea1739e,151
n11e4709617928a10,n11e4709617928a10,151
n0a900f0096040377,n0a900f0096040377,151
n71849d715dcb3d78,n71849d715dcb3d78,151
n1f8971bf00d4db54,n1f8971bf00d4db54,151
n4fd16472e057d9a7,n4fd16472e057d9a7,151
n572a2a43e1aba23f,n572a2a43e1aba23f,151
n216f2324c44ccacf,n216f2324c44ccacf,151
na3e05e00efdc7784,na3e05e00efdc7784,151
n0f7fdd8d8a6ebd1f,n0f7fdd8d8a6ebd1f,151
n119b910c184ff107,n119b910c184ff107,151
n6ec2f49a730c64cb,n6ec2f49a730c64cb,151
nc3100027ee3501bb,nc3100027ee3501bb,151
n7f7fa5fbd59ce477,n7f7fa5fbd59ce477,151
nf44b6e14f713252b,nf44b6e14f713252b,151
n6e5d78260cb5876c,n6e5d78260cb5876c,151
nbd397e5deef9ffb3,nbd397e5deef9ffb3,151
n6d30875485e55406,n6d30875485e55406,151
n7c03aef403c61be7,n7c03aef403c61be7,151
nc8646809566934a0,nc8646809566934a0,151
nd464a9da49ca7dc4,nd464a9da49ca7dc4,151
nf6938a8da36260d9,nf6938a8da36260d9,151
nacc8541eb564ca74,nacc8541eb564ca74,151
n9a45553b15566e62,n9a45553b15566e62,151
nde33ff82998109f8,nde33ff82998109f8,151
n1e4ec4a5b70bdcb4,n1e4ec4a5b70bdcb4,151
n1db64742bb0ce3b4,n1db64742bb0ce3b4,151
n07202c1d75b657d4,n07202c1d75b657d4,151
n7b7e45caa9b7a96f,n7b7e45caa9b7a96f,152
n4f8ca22316a65140,n4f8ca22316a65140,152
n9e5b5b12d7b7ee01,n9e5b5b12d7b7ee01,152
n5e613f751f0e9e2a,n5e613f751f0e9e2a,152
n85d26b055ac9946d,n85d26b055ac9946d,152
nf7acd6cfb53ea34b,nf7acd6cfb53ea34b,152
n0721156f50bd0c43,n0721156f50bd0c43,152
n5e4fba6ee2f66fc5,n5e4fba6ee2f66fc5,152
n7d97a7c6f2ff6f4f,n7d97a7c6f2ff6f4f,152
nba0bf949fc46e886,nba0bf949fc46e886,152
n698e70e7441310ae,n698e70e7441310ae,152
n8ce75524710b9e92,n8ce75524710b9e92,152
nfb2d20f67a136241,nfb2d20f67a136241,152
n57684267b194200a,n57684267b194200a,152
n3972296a2756450e,n3972296a2756450e,152
ndfa5feb477107c3b,ndfa5feb477107c3b,152
nb5c98dcf709313ee,nb5c98dcf709313ee,152
n101be4bb7208031e,n101be4bb7208031e,152
nc47d8c0702358f63,nc47d8c0702358f63,152
n26b837fc76cd2768,n26b837fc76cd2768,152
ndf2ced4ba865e7f2,ndf2ced4ba865e7f2,152
n6bebd7dc722ad056,n6bebd7dc722ad056,152
n6164e6e2931a5c96,n6164e6e2931a5c96,152
n93d5733c371027e2,n93d5733c371027e2,152
nbbaf6d7c503668df,nbbaf6d7c503668df,152
n36075955c5b81f15,n36075955c5b81f15,152
n530e5cba361cb07f,n530e5cba361cb07f,152
n2abf658a5e572093,n2abf658a5e572093,152
n5196a3fe5d829766,n5196a3fe5d829766,152
n83f0c2d64fb1a055,n83f0c2d64fb1a055,152
nabef9c5692acac4e,nabef9c5692acac4e,153
n3fe1feb17dfb48fa,n3fe1feb17dfb48fa,153
n894a771ded3aad50,n894a771ded3aad50,153
nb3739cf7d1c40b8f,nb3739cf7d1c40b8f,153
n47004d46a446ad28,n47004d46a446ad28,153
n638cd306e94c9bc8,n638cd306e94c9bc8,153
n93e3689dab53b482,n93e3689dab53b482,153
n618384a5e346ee02,n618384a5e346ee02,153
nfb84454fcb9edb9f,nfb84454fcb9edb9f,153
n2c743dceed2f4dec,n2c743dceed2f4dec,153
n69c56ce69d4d5be4,n69c56ce69d4d5be4,153
n53e2c3f25f3e9002,n53e2c3f25f3e9002,153
n41ee79d37371d08a,n41ee79d37371d08a,153
nb1d5e6b7c6c07ce6,nb1d5e6b7c6c07ce6,153
nfae35477bbc9f845,nfae35477bbc9f845,153
nce4aa82f80a7cdb8,nce4aa82f80a7cdb8,153
nd0f4cdc2f7e5f208,nd0f4cdc2f7e5f208,153
n569c8d824c001ba2,n569c8d824c001ba2,153
nb86549db315b3902,nb86549db315b3902,153
ncd448131bc7f69f7,ncd448131bc7f69f7,153
n93f43fe1cbf64346,n93f43fe1cbf64346,153
n202cc5653a38bd91,n202cc5653a38bd91,153
n648f42dcfba28572,n648f42dcfba28572,153
n200f6b777dfea2a1,n200f6b777dfea2a1,153
n7213dcd0d957c1fa,n7213dcd0d957c1fa,153
n5f5a22c565f31671,n5f5a22c565f31671,153
n7df8bdc655fc521b,n7df8bdc655fc521b,153
n41d366c11e547558,n41d366c11e547558,153
nd20aa4cde517bc76,nd20aa4cde517bc76,153
n6a4375081e918240,n6a4375081e918240,153
n300c04b536c2b7b0,n300c04b536c2b7b0,153
n2117911fa2f925a5,n2117911fa2f925a5,153
n267123aa8f0a7000,n267123aa8f0a7000,153
nb68de4b8c99eacd2,nb68de4b8c99eacd2,153
nc5f837ea3907402a,nc5f837ea3907402a,153
n9d93353b90d204f4,n9d93353b90d204f4,154
nb9bff7fe265d5fd4,nb9bff7fe265d5fd4,154
nd90f3d7a25476fba,nd90f3d7a25476fba,154
ncbc0e880ff8c1910,ncbc0e880ff8c1910,154
n5aae83d44486d1da,n5aae83d44486d1da,154
nd5e82eec985ea81d,nd5e82eec985ea81d,154
nf2ab2b7bda054688,nf2ab2b7bda054688,154
nff3c92bcbd611259,nff3c92bcbd611259,154
n627f887037c05712,n627f887037c05712,154
n241f3bbe27f4c180,n241f3bbe27f4c180,154
n45546f8dccb80241,n45546f8dccb80241,154
nee054da7f847de97,nee054da7f847de97,154
nffb1bcd7bfcf49e5,nffb1bcd7bfcf49e5,154
nc5921fd588056dd6,nc5921fd588056dd6,154
n8cefee868b74380f,n8cefee868b74380f,154
n4ea2e705d849d30c,n4ea2e705d849d30c,154
n56ac5ea80120c368,n56ac5ea80120c368,154
n998ca9ce85f4dc19,n998ca9ce85f4dc19,154
nd4bd992a7e34748e,nd4bd992a7e34748e,154
ne292d6898e63922a,ne292d6898e63922a,154
n563cab65dcab003a,n563cab65dcab003a,154
n523d67b7fcf636ff,n523d67b7fcf636ff,154
na192983ffcc09092,na192983ffcc09092,154
nc6fa030c242d8e99,nc6fa030c242d8e99,154
n44e7aa1abee6071e,n44e7aa1abee6071e,154
n6211060df3954465,n6211060df3954465,154
na233edc44ecdb582,na233edc44ecdb582,154
n7f8c4f088c2a4dd2,n7f8c4f088c2a4dd2,154
n78f7df95c0d20ba7,n78f7df95c0d20ba7,154
n212d7a1c023a0ec2,n212d7a1c023a0ec2,154
nb2d50e16cf051db4,nb2d50e16cf051db4,154
n41f3fcb2358d0dc2,n41f3fcb2358d0dc2,155
n5c6cb8c83750e264,n5c6cb8c83750e264,155
na971cf70ca12b51b,na971cf70ca12b51b,155
n6a8b79b460ef5074,n6a8b79b460ef5074,155
n37c8ebe1dbcae87e,n37c8ebe1dbcae87e,155
n9db734eb555550dd,n9db734eb555550dd,155
ne9fb0e50daec431c,ne9fb0e50daec431c,155
n5636d846d11e78f7,n5636d846d11e78f7,155
nc7b360ea6cb07957,nc7b360ea6cb07957,155
n511c7db5fbd65ce9,n511c7db5fbd65ce9,155
n890a15d9916561a7,n890a15d9916561a7,155
n6df20bd58f41e98c,n6df20bd58f41e98c,155
n44fb6dacc45f6dab,n44fb6dacc45f6dab,155
ndf4b04e58fb176ac,ndf4b04e58fb176ac,155
ne744dc69bc155a5b,ne744dc69bc155a5b,155
nc89acb9e6ae8d8e4,nc89acb9e6ae8d8e4,155
n7f980cb3cca44e37,n7f980cb3cca44e37,155
ne7b7a1c6d3da6a8c,ne7b7a1c6d3da6a8c,155
n857b5f25ad5f16ef,n857b5f25ad5f16ef,155
n3a1ac202dbbccf7b,n3a1ac202dbbccf7b,155
n10a6d4121ebfda44,n10a6d4121ebfda44,155
n189d8890746a5f1a,n189d8890746a5f1a,155
n08979097797ffa7d,n08979097797ffa7d,155
n6ae8e7451179e3e2,n6ae8e7451179e3e2,155
n2033be4ad7514c3b,n2033be4ad7514c3b,155
n0775ea21691aa029,n0775ea21691aa029,155
n2af5467e6c46208d,n2af5467e6c46208d,155
n81e7b614cd6f3a3e,n81e7b614cd6f3a3e,155
n0ffbc8b4c76043ab,n0ffbc8b4c76043ab,155
na690e80489777ab6,na690e80489777ab6,155
n81b8a079bc227bd0,n81b8a079bc227bd0,156
nc285b0f88284fd08,nc285b0f88284fd08,156
n502c3f2fe03608bb,n502c3f2fe03608bb,156
n48ae2b7da42c3ed6,n48ae2b7da42c3ed6,156
nce524f54e550f36b,nce524f54e550f36b,156
n4c890abd30dfbdcc,n4c890abd30dfbdcc,156
nfa16cdc992eb1949,nfa16cdc992eb1949,156
n6a9771e7b4b373a4,n6a9771e7b4b373a4,156
n0aa7b20653a5a75b,n0aa7b20653a5a75b,156
n66ecdba193d23a21,n66ecdba193d23a21,156
neb7d2d5382fc8c0e,neb7d2d5382fc8c0e,156
n5be7ebbdd3213f1a,n5be7ebbdd3213f1a,156
n4813747b03008dff,n4813747b03008dff,156
nfbbb4c57b317df7b,nfbbb4c57b317df7b,156
n70dc664a3702cf0a,n70dc664a3702cf0a,156
n7209a72203542c9e,n7209a72203542c9e,156
n85b981273d7d89cf,n85b981273d7d89cf,156
nfaabd4069de48c37,nfaabd4069de48c37,156
nf1e091a51463ac33,nf1e091a51463ac33,156
n70ffa7065fcb1913,n70ffa7065fcb1913,156
n66fbb50a2c964b7c,n66fbb50a2c964b7c,156
n9f4152349f3a4851,n9f4152349f3a4851,156
nac1775da02791025,nac1775da02791025,156
n1f948380c9863f44,n1f948380c9863f44,156
n2d0af50c13620c55,n2d0af50c13620c55,156
nc4439556b3ad690c,nc4439556b3ad690c,156
n837e75718165b605,n837e75718165b605,156
n3215c9c20099445e,n3215c9c20099445e,156
ne145e37c0fa3f6ee,ne145e37c0fa3f6ee,156
n17f48e36d60b3274,n17f48e36d60b3274,156
n883b8b845920e5f3,n883b8b845920e5f3,156
n3b6a7cc8d7ee16a0,n3b6a7cc8d7ee16a0,156
n9d3cba17694b3138,n9d3cba17694b3138,156
n66dfd5c5fac6be90,n66dfd5c5fac6be90,156
ndb4b2481c95a7947,ndb4b2481c95a7947,156
n7240d025b57deb7e,n7240d025b57deb7e,157
nf1b093fef4f0c969,nf1b093fef4f0c969,157
nc0114384123850f4,nc0114384123850f4,157
n893aecdbe182cf29,n893aecdbe182cf29,157
nb616707b606109f9,nb616707b606109f9,157
n0a94a5d8ba6b15ab,n0a94a5d8ba6b15ab,157
n88974e6d230b3234,n88974e6d230b3234,157
n5acba526061d21b7,n5acba526061d21b7,157
n4d0a435de12f3091,n4d0a435de12f3091,157
ne891f40b74300179,ne891f40b74300179,157
n3a2300b5ab38c13c,n3a2300b5ab38c13c,157
n7c2be40752b05ceb,n7c2be40752b05ceb,157
n2a5b528afbc6fb8b,n2a5b528afbc6fb8b,157
nf00557310e28da40,nf00557310e28da40,157
n466aae09d22c0ec4,n466aae09d22c0ec4,157
n852db64328d9a716,n852db64328d9a716,157
n1f59061cf817b069,n1f59061cf817b069,157
n3fc756ac98d511f3,n3fc756ac98d511f3,157
n33ac30e73145ece2,n33ac30e73145ece2,157
n2b1aab2c9b8a368e,n2b1aab2c9b8a368e,157
n0aa0bce6467d06cc,n0aa0bce6467d06cc,157
nfdc729ab3fe60d33,nfdc729ab3fe60d33,157
n81b3c9bcb28779e5,n81b3c9bcb28779e5,157
n70d52303af952575,n70d52303af952575,157
n3de327b9bb43c402,n3de327b9bb43c402,157
n0cc44b7f1511c4cf,n0cc44b7f1511c4cf,157
nf87fd623e7e86dda,nf87fd623e7e86dda,157
n6aa68f7cec539beb,n6aa68f7cec539beb,157
ne33949943274ce1d,ne33949943274ce1d,157
n4e2cf6efbdfe87d8,n4e2cf6efbdfe87d8,157
nf5027babc002ab09,nf5027babc002ab09,157
n43d236f945cc3a90,n43d236f945cc3a90,157
n77bfe49d484bf83e,n77bfe49d484bf83e,158
nac9b0cac2555ac06,nac9b0cac2555ac06,158
nb0ef92ed23a86f97,nb0ef92ed23a86f97,158
ncee09db4a58de7b2,ncee09db4a58de7b2,158
n173b832fdd813d14,n173b832fdd813d14,158
nba0170d3c0cfd5f0,nba0170d3c0cfd5f0,158
n08afbe387057bf85,n08afbe387057bf85,158
n87670baf7bf8b32e,n87670baf7bf8b32e,158
neb59a8ddc5b19b67,neb59a8ddc5b19b67,158
n30d729afa3bd7912,n30d729afa3bd7912,158
nc3ec47b21440b7ad,nc3ec47b21440b7ad,158
n03bdfba4c741f213,n03bdfba4c741f213,158
na15e3dd8a3f4979d,na15e3dd8a3f4979d,158
n3fb18fd8470adbec,n3fb18fd8470adbec,159
n587f78fc34540509,n587f78fc34540509,159
nc93a595d44934caa,nc93a595d44934caa,159
n320da50b12282329,n320da50b12282329,159
n7dd40394c2843417,n7dd40394c2843417,159
n14475ddf9c7836d5,n14475ddf9c7836d5,159
n2fac0764110b44be,n2fac0764110b44be,159
n3f5af172e6d79467,n3f5af172e6d79467,159
n4c5d3f417e5ec119,n4c5d3f417e5ec119,159
n4f1e4d752673e763,n4f1e4d752673e763,159
n3f14d8da587223cc,n3f14d8da587223cc,159
n6fe3f19c030a0206,n6fe3f19c030a0206,159
nd8971dacd64786c8,nd8971dacd64786c8,159
ne0d56a8030e35328,ne0d56a8030e35328,159
n0585d1cf0350234e,n0585d1cf0350234e,159
ne2a59d9919855ca2,ne2a59d9919855ca2,159
n572983234d725cba,n572983234d725cba,159
nbb8b8dea1d3d664d,nbb8b8dea1d3d664d,159
n358b6c3a0cc7a500,n358b6c3a0cc7a500,159
n235331ac134e7587,n235331ac134e7587,160
na7422f307d25bf92,na7422f307d25bf92,160
nfbdae510b54feffb,nfbdae510b54feffb,160
n6b9f22ca08bc80a9,n6b9f22ca08bc80a9,160
ncf5f2570ac9e340c,ncf5f2570ac9e340c,160
n17704491441406c1,n17704491441406c1,160
n0d9cebdf1ba92305,n0d9cebdf1ba92305,160
n637fc0e7dadb1c66,n637fc0e7dadb1c66,160
ne216a4cc6f3ad878,ne216a4cc6f3ad878,160
nd3ad0ff3d63f65c6,nd3ad0ff3d63f65c6,160
n40c595c4fc97f614,n40c595c4fc97f614,160
n548f43816142c795,n548f43816142c795,160
n080aeb164f443f95,n080aeb164f443f95,160
n432a4c89069a1518,n432a4c89069a1518,160
n8a16b20d2d85658d,n8a16b20d2d85658d,160
n51bc2fa09b975d04,n51bc2fa09b975d04,160
n3d62b1fa5109095a,n3d62b1fa5109095a,160
n2a213050b142131d,n2a213050b142131d,160
n45911f5926acaa10,n45911f5926acaa10,160
n0b85d0479dc053dd,n0b85d0479dc053dd,160
nd9e5205029585b50,nd9e5205029585b50,161
n0eb4f8ac15e2e35f,n0eb4f8ac15e2e35f,161
ne040cabc6c261004,ne040cabc6c261004,161
n6defdfb0c79757c5,n6defdfb0c79757c5,161
ne8e6d0fe80f43698,ne8e6d0fe80f43698,161
n5be6acd1308a2d7c,n5be6acd1308a2d7c,161
nc4eb1612ff9fb262,nc4eb1612ff9fb262,161
nbab2d7c63a3632e8,nbab2d7c63a3632e8,161
n43d851e13ff9c9e7,n43d851e13ff9c9e7,161
n65b160706460d728,n65b160706460d728,161
n0ce4f90f717747bf,n0ce4f90f717747bf,161
n9b34971a286e768c,n9b34971a286e768c,161
na3bfb88ef0e8eaa2,na3bfb88ef0e8eaa2,161
nc3db8c65dba43ab7,nc3db8c65dba43ab7,161
na9cad8f397082b45,na9cad8f397082b45,161
n9b03bd21839c187c,n9b03bd21839c187c,161
nd598d43146194be7,nd598d43146194be7,162
n600a14828337ca84,n600a14828337ca84,162
nd6e551ede564ecfe,nd6e551ede564ecfe,162
nacd72ba91ad05b87,nacd72ba91ad05b87,162
nec665e1e3f0cd768,nec665e1e3f0cd768,162
nbc05b50f4ea8d5db,nbc05b50f4ea8d5db,162
nca7fdf42cef3280a,nca7fdf42cef3280a,162
nf81339457d54d127,nf81339457d54d127,162
n00e68bd577b0bbf4,n00e68bd577b0bbf4,162
n98de8c6348bfe524,n98de8c6348bfe524,162
nd19366015780152d,nd19366015780152d,162
n7455dbb4a93c5ae9,n7455dbb4a93c5ae9,162
nfa33ad17e30589f3,nfa33ad17e30589f3,162
n3588b39c0998a876,n3588b39c0998a876,162
n63a59777d09510bf,n63a59777d09510bf,162
n92ae0b244e4c5238,n92ae0b244e4c5238,162
n457c30720e7cc227,n457c30720e7cc227,162
n340bebe1636455f6,n340bebe1636455f6,162
n358d232569561b7a,n358d232569561b7a,162
nd4afebdf3e88f63a,nd4afebdf3e88f63a,163
n432bceea9e6e4a84,n432bceea9e6e4a84,163
n1e2aee5f4f5ea878,n1e2aee5f4f5ea878,163
n5783771135c16248,n5783771135c16248,163
n41a0420b84aefcc1,n41a0420b84aefcc1,163
nfe020b667346ab30,nfe020b667346ab30,163
n87914a9a001f1ed3,n87914a9a001f1ed3,163
n96e332091d7d829b,n96e332091d7d829b,163
n5de1d4e129e03d20,n5de1d4e129e03d20,163
n2a3d09393b19f47e,n2a3d09393b19f47e,163
nc71edcf837159c3a,nc71edcf837159c3a,163
n023fbab00047b020,n023fbab00047b020,163
n68409424ba3f7bfc,n68409424ba3f7bfc,163
n5d474305f8f343cb,n5d474305f8f343cb,163
nbf2e764fd33236ab,nbf2e764fd33236ab,163
nacaa7639744d6199,nacaa7639744d6199,163
n076cdc5bd506115a,n076cdc5bd506115a,163
n436d6394653ea697,n436d6394653ea697,163
n68a986b71f091a58,n68a986b71f091a58,163
n9e666b5d0011998a,n9e666b5d0011998a,163
n274ae8b81e120d75,n274ae8b81e120d75,163
n05ede149260b54ea,n05ede149260b54ea,163
n91dbfd88a5528433,n91dbfd88a5528433,163
nb33cf2a3d4c865da,nb33cf2a3d4c865da,163
n21d4489f8c3fe7f5,n21d4489f8c3fe7f5,164
n41069f6725ff0b63,n41069f6725ff0b63,164
n9e923569a5aafddc,n9e923569a5aafddc,164
nff19a6c366b96fae,nff19a6c366b96fae,164
ne1591e428c0d905a,ne1591e428c0d905a,164
n6cda4fd7877cdae2,n6cda4fd7877cdae2,164
nca4be185205c8f19,nca4be185205c8f19,164
n4d354097a222f482,n4d354097a222f482,164
nf83a8e9f2ec10d36,nf83a8e9f2ec10d36,164
n6c9bd6b63ffd33a5,n6c9bd6b63ffd33a5,164
nf3940a90623cbcbb,nf3940a90623cbcbb,164
nad5bcd7770660629,nad5bcd7770660629,164
n9e2fe40527763d73,n9e2fe40527763d73,164
n7520f58f09cfaff1,n7520f58f09cfaff1,164
n0800017a9e770818,n0800017a9e770818,164
n791fce6571308ef9,n791fce6571308ef9,164
nbbf75622ee8951fb,nbbf75622ee8951fb,164
ne2b46edbca048dd9,ne2b46edbca048dd9,164
nddc720667376dae0,nddc720667376dae0,164
n7e2c645a9a2d31fd,n7e2c645a9a2d31fd,164
n050ee2373b4d7534,n050ee2373b4d7534,164
nd60d7edf083b2d39,nd60d7edf083b2d39,164
n8454c82801061da3,n8454c82801061da3,165
n00141533071b8999,n00141533071b8999,165
nd8ffc1e66fb0adb5,nd8ffc1e66fb0adb5,165
n52ed59bc4ae68d53,n52ed59bc4ae68d53,165
n1846326c2c3871c0,n1846326c2c3871c0,165
nde9d8bc64e1c3801,nde9d8bc64e1c3801,165
n36f55a4816c2d262,n36f55a4816c2d262,165
na8d1f5611ee0318e,na8d1f5611ee0318e,165
n2e526bf2b874544d,n2e526bf2b874544d,165
nc7bcdb669c62c06f,nc7bcdb669c62c06f,165
n471d3ea72bd19935,n471d3ea72bd19935,165
nb37156d782b3b7cc,nb37156d782b3b7cc,165
n6f102f11e8f983a3,n6f102f11e8f983a3,165
n995111f14eadb6c3,n995111f14eadb6c3,165
n36fcd723e1348770,n36fcd723e1348770,165
nc3217130c04be9ee,nc3217130c04be9ee,165
n8bbc2769ca0dcbca,n8bbc2769ca0dcbca,165
nb1b1cb66a6780a95,nb1b1cb66a6780a95,165
n499c3d4c97dd5e1d,n499c3d4c97dd5e1d,165
n53d1deed1dab1763,n53d1deed1dab1763,165
nb6772c92c7a442f8,nb6772c92c7a442f8,165
neb8cbf8bd9c704b4,neb8cbf8bd9c704b4,165
n1e9d0827a89ea7c7,n1e9d0827a89ea7c7,165
n92fff1717fbf4f10,n92fff1717fbf4f10,166
ndbcd6165e0e523bb,ndbcd6165e0e523bb,166
n39d5fdc1b516ce4b,n39d5fdc1b516ce4b,166
n1fe0c917d30a516c,n1fe0c917d30a516c,166
nad456365a8e73f9d,nad456365a8e73f9d,166
nf601031dd8140983,nf601031dd8140983,166
n074f0c995adc107c,n074f0c995adc107c,166
n264fb7f8d482994e,n264fb7f8d482994e,166
n29f9487c1f3bfd57,n29f9487c1f3bfd57,166
n380642bac6de335e,n380642bac6de335e,166
ndc317f1d047d26bf,ndc317f1d047d26bf,166
n1681796fe0457eae,n1681796fe0457eae,166
nb11b84b0f0fde574,nb11b84b0f0fde574,166
n9c4c7d7da3a3ba6e,n9c4c7d7da3a3ba6e,166
n46a253aa688cad30,n46a253aa688cad30,166
nb1168d783122192b,nb1168d783122192b,166
n5a089277b0df5973,n5a089277b0df5973,166
ndd339bcb07f67bf9,ndd339bcb07f67bf9,166
n5cd678b20ab22ebc,n5cd678b20ab22ebc,166
n1fd9fcb0b7986d67,n1fd9fcb0b7986d67,167
nbb4ad917ebe3d67a,nbb4ad917ebe3d67a,167
n0ab4f5b7aea71a75,n0ab4f5b7aea71a75,167
n540b3b93a0daa6d7,n540b3b93a0daa6d7,167
n7a76ba28376897c7,n7a76ba28376897c7,167
nd60d65f7a577805b,nd60d65f7a577805b,167
n909c2ebb04ca4106,n909c2ebb04ca4106,167
n7ac26e5482a8a7aa,n7ac26e5482a8a7aa,167
n2e05f21358813c50,n2e05f21358813c50,167
nab6b2f1cd318c40b,nab6b2f1cd318c40b,167
ncbadc3a3b3084a9e,ncbadc3a3b3084a9e,167
n00da16c05faed5af,n00da16c05faed5af,167
n1c191c6d59326e6e,n1c191c6d59326e6e,167
n895600e0d90210fd,n895600e0d90210fd,167
n8088a65e706b4490,n8088a65e706b4490,167
nea8617953aad30ac,nea8617953aad30ac,167
n276e22de1b417d60,n276e22de1b417d60,167
n100458b4acf54b8e,n100458b4acf54b8e,167
n2858b6672a5a0b34,n2858b6672a5a0b34,167
nfd776e3c1e82f04e,nfd776e3c1e82f04e,167
nccd3356ee5276ef4,nccd3356ee5276ef4,167
n0db35ed550cb4fef,n0db35ed550cb4fef,168
nc843975477437ccb,nc843975477437ccb,168
n9bd93eb066bd498f,n9bd93eb066bd498f,168
n361b6fb692376117,n361b6fb692376117,168
ne75d8467a1f969f1,ne75d8467a1f969f1,168
nd03fde9f6b26e74a,nd03fde9f6b26e74a,168
neca620fa6653d39f,neca620fa6653d39f,168
nc486282fa190fa0f,nc486282fa190fa0f,168
n0c290f9683d806ce,n0c290f9683d806ce,168
n639b1adb6c749020,n639b1adb6c749020,168
n6285e49c5082fd3c,n6285e49c5082fd3c,168
ndeefe3829ad88dfb,ndeefe3829ad88dfb,168
n80b5f781b152999b,n80b5f781b152999b,168
n92c0589291aaf549,n92c0589291aaf549,168
n4e703b5063585173,n4e703b5063585173,168
n4f8755e504da7b91,n4f8755e504da7b91,168
nf20084de63799d3e,nf20084de63799d3e,168
nf96f3047b0a1b87c,nf96f3047b0a1b87c,168
ndbcf8ba7a4ac8ab0,ndbcf8ba7a4ac8ab0,168
n121edbcc74a60cc6,n121edbcc74a60cc6,169
n13508b7dea238ec4,n13508b7dea238ec4,169
nc6e1ce9c4d7461d8,nc6e1ce9c4d7461d8,169
n0f1c395cbc6c5762,n0f1c395cbc6c5762,169
n2e492bcec8fb56bd,n2e492bcec8fb56bd,169
n35e7b2a0f09dcc6c,n35e7b2a0f09dcc6c,169
n4f9d848ce8fb7926,n4f9d848ce8fb7926,169
n8a9b389486672cac,n8a9b389486672cac,169
n3987695e5063e5fe,n3987695e5063e5fe,169
n9b477037b0425610,n9b477037b0425610,169
n557dea6ef9078c23,n557dea6ef9078c23,169
na7ce99d2cd7ac271,na7ce99d2cd7ac271,169
nda31a2da1b7ef532,nda31a2da1b7ef532,169
n2fe78e0de25267c3,n2fe78e0de25267c3,169
nfcb376c1a14d044f,nfcb376c1a14d044f,169
ne1c902775c8f0007,ne1c902775c8f0007,169
nee7161c263e76e73,nee7161c263e76e73,169
nb822800ae9c55ae4,nb822800ae9c55ae4,169
n97fd49e59dcf0456,n97fd49e59dcf0456,169
n082b397f233b7058,n082b397f233b7058,169
n7c4403a82e2cd7dc,n7c4403a82e2cd7dc,169
nee8efa5be67f0066,nee8efa5be67f0066,169
n5597ccdc78032c28,n5597ccdc78032c28,170
n200840b4c3e155ce,n200840b4c3e155ce,170
nc0e54be799080aa5,nc0e54be799080aa5,170
n8da5e0da62d037dd,n8da5e0da62d037dd,170
n331c47d5ded2bffc,n331c47d5ded2bffc,170
n45053ccd37056fdd,n45053ccd37056fdd,170
n4af5a64504dfae93,n4af5a64504dfae93,170
nab93555c2c6f1a05,nab93555c2c6f1a05,170
n191a5c505c510985,n191a5c505c510985,170
n560621aa12acf3dd,n560621aa12acf3dd,170
n20b2fcd2fe51646d,n20b2fcd2fe51646d,170
nadb1ab8d6c3ff21f,nadb1ab8d6c3ff21f,170
nbadc116f24845cc1,nbadc116f24845cc1,170
nd9a510a6528ea5e2,nd9a510a6528ea5e2,170
n7d5f949e2d2119de,n7d5f949e2d2119de,170
n1e5f6318a79b41c0,n1e5f6318a79b41c0,170
naf090430cb5d1159,naf090430cb5d1159,170
n01774b18a03cf2a5,n01774b18a03cf2a5,170
n394990cfcb8476fe,n394990cfcb8476fe,170
nb9ee2537e0f4a200,nb9ee2537e0f4a200,171
nb8391a2c0fb7438a,nb8391a2c0fb7438a,171
n8367707f482af533,n8367707f482af533,171
na8fec3188d051108,na8fec3188d051108,171
n25362f13ca90c43e,n25362f13ca90c43e,171
ncb23aace6a92663d,ncb23aace6a92663d,171
n155ed39cf19e4676,n155ed39cf19e4676,171
n648eb0c4be228bc8,n648eb0c4be228bc8,171
n33e9ceb5b15d96f7,n33e9ceb5b15d96f7,171
n26f94cfdef7da905,n26f94cfdef7da905,171
ncc500ad9760d5270,ncc500ad9760d5270,171
na0a9c4a6d04731f4,na0a9c4a6d04731f4,171
n7056427e0f0a5246,n7056427e0f0a5246,171
nf8e6dd61045d7fe7,nf8e6dd61045d7fe7,171
n622e654087f089f1,n622e654087f089f1,171
n0854196ed27a5165,n0854196ed27a5165,171
ndedfe26947b9ee0d,ndedfe26947b9ee0d,171
nd859a8e93e8f2874,nd859a8e93e8f2874,171
n576354f76348ad79,n576354f76348ad79,171
n3f8cc95f17f42cf6,n3f8cc95f17f42cf6,171
n13eb820cec6db12d,n13eb820cec6db12d,171
n94b83d31ab3357e0,n94b83d31ab3357e0,171
neb153bb9531432fe,neb153bb9531432fe,171
nc1b9c3e4ac2e058d,nc1b9c3e4ac2e058d,171
ncd78a990ac1ac77c,ncd78a990ac1ac77c,172
nf531142bc0fa84fc,nf531142bc0fa84fc,172
n2d2b0083703bf4fa,n2d2b0083703bf4fa,172
n8d45e2bd0d672819,n8d45e2bd0d672819,172
n7bb23b60c9cab233,n7bb23b60c9cab233,172
nef54ada832d886aa,nef54ada832d886aa,172
n4fc555a126d497cd,n4fc555a126d497cd,172
n5472e8d5d41640b7,n5472e8d5d41640b7,172
nde1da2fb074c8b77,nde1da2fb074c8b77,172
nd43ac5ff80e9d704,nd43ac5ff80e9d704,172
n033f9d0fc93079d3,n033f9d0fc93079d3,172
n43f9697a3274cbe8,n43f9697a3274cbe8,172
n7dc2860001910f8c,n7dc2860001910f8c,172
n64086fc8f6b0c70c,n64086fc8f6b0c70c,172
nd4c4ad1fd109e96d,nd4c4ad1fd109e96d,172
n7bbf1dff91a7e005,n7bbf1dff91a7e005,172
nc2b35483a8a843df,nc2b35483a8a843df,172
n002b9f0badefc486,n002b9f0badefc486,172
n52e5a691e8ef1394,n52e5a691e8ef1394,172
n38ff25a851f89d75,n38ff25a851f89d75,173
nff51e6e44b7294a6,nff51e6e44b7294a6,173
nfdbf2fd873c28f81,nfdbf2fd873c28f81,173
nfa9e31545d4d5552,nfa9e31545d4d5552,173
n05afb451d808057a,n05afb451d808057a,173
n385993fa492670c3,n385993fa492670c3,173
n019e55211dd6c30a,n019e55211dd6c30a,173
n0801d4a9e833c3f8,n0801d4a9e833c3f8,173
na817dc7da966bb10,na817dc7da966bb10,173
n52077b095333b890,n52077b095333b890,173
n9c3936f3c7406fe0,n9c3936f3c7406fe0,173
nc0156caa27a1e30e,nc0156caa27a1e30e,173
nb6bc640e684f8e68,nb6bc640e684f8e68,173
n9e390815a63d38e9,n9e390815a63d38e9,173
n8436f748e83ce2bd,n8436f748e83ce2bd,173
n0c82a7d1473d57be,n0c82a7d1473d57be,173
ndcc552d1e7b8c007,ndcc552d1e7b8c007,173
n8ea39e4490d3cd8f,n8ea39e4490d3cd8f,173
nbfe1852e9653be2d,nbfe1852e9653be2d,173
n2135dbbc41908bc8,n2135dbbc41908bc8,173
n87af60edd80d5e18,n87af60edd80d5e18,173
n3f563e96616b7d4e,n3f563e96616b7d4e,173
n69c2254cd1ade853,n69c2254cd1ade853,174
n2b0af2519a878cb9,n2b0af2519a878cb9,174
n88df5ed8ccdafd2f,n88df5ed8ccdafd2f,174
n0ec5c22793cf8f90,n0ec5c22793cf8f90,174
nc3d14919bd59b48e,nc3d14919bd59b48e,174
nf0f5d63c1216ec42,nf0f5d63c1216ec42,174
nf1ecba960b74fc41,nf1ecba960b74fc41,174
nc4c5632906dd3baf,nc4c5632906dd3baf,174
n90967f7e0b607007,n90967f7e0b607007,174
nc370ea7798919883,nc370ea7798919883,174
nda1041dc4b0596b2,nda1041dc4b0596b2,174
ndbdf120d98f05ea1,ndbdf120d98f05ea1,174
n0804e9159e6b7e00,n0804e9159e6b7e00,174
n0304fa3ff139ed24,n0304fa3ff139ed24,174
nf6ecbed2a8bd0a4e,nf6ecbed2a8bd0a4e,174
n16393340b31a65db,n16393340b31a65db,174
n30f5d409ba948d9d,n30f5d409ba948d9d,174
n70db4741f8eec1f6,n70db4741f8eec1f6,174
na9d045684add931b,na9d045684add931b,175
n8773ff1271da0a9e,n8773ff1271da0a9e,175
nc41d76db4675c303,nc41d76db4675c303,175
n957d493ed922da23,n957d493ed922da23,175
n0d708c8ed0720cf6,n0d708c8ed0720cf6,175
n8ba58bf0c342f573,n8ba58bf0c342f573,175
ne02271d4f58c6d32,ne02271d4f58c6d32,175
n0e4fe0dc13b63238,n0e4fe0dc13b63238,175
nfb6e1df3b2a0f0ad,nfb6e1df3b2a0f0ad,175
nf2f13b9548462eb4,nf2f13b9548462eb4,175
n658b557c7c8a441a,n658b557c7c8a441a,175
n7c85dc45cd2c3cdf,n7c85dc45cd2c3cdf,175
n27e8da90ab660a85,n27e8da90ab660a85,175
nf478185939856ac2,nf478185939856ac2,175
nba8ca5bcb5b77d0d,nba8ca5bcb5b77d0d,175
nc8ae1c1424c2c141,nc8ae1c1424c2c141,175
n50e9fcd837008c57,n50e9fcd837008c57,175
n72338352c78722a5,n72338352c78722a5,175
n8b78faefbfb8896b,n8b78faefbfb8896b,175
nde99ed440cabae03,nde99ed440cabae03,176
n35114ead450747ca,n35114ead450747ca,176
n8f7c2515353cf361,n8f7c2515353cf361,176
n225457c58ed497f2,n225457c58ed497f2,176
n3dcb1156019ab0cf,n3dcb1156019ab0cf,176
n884748ce5c5a8c2c,n884748ce5c5a8c2c,176
nd9bb0a2705df00d9,nd9bb0a2705df00d9,176
n3201081aefe2d683,n3201081aefe2d683,176
n8ad9dbe4e17523a0,n8ad9dbe4e17523a0,176
nd7f043c159938306,nd7f043c159938306,176
n921b521c47d56a6d,n921b521c47d56a6d,176
nbc6b27f78c0584f3,nbc6b27f78c0584f3,176
n915c5ed2693779e4,n915c5ed2693779e4,176
ncdf7f00a9751eb2d,ncdf7f00a9751eb2d,176
nba9f0d90e7d99f6c,nba9f0d90e7d99f6c,176
n1aeb3ddd9a1e30f9,n1aeb3ddd9a1e30f9,176
n1b9db4e9820c1527,n1b9db4e9820c1527,176
n20bd747c05b30c30,n20bd747c05b30c30,176
nf80ed232e063e469,nf80ed232e063e469,176
nb27173f42249500c,nb27173f42249500c,176
n3e4de9e9c0056732,n3e4de9e9c0056732,176
n53077acf227c7829,n53077acf227c7829,176
n4c1480b794b01b5a,n4c1480b794b01b5a,177
n91dd698699db596b,n91dd698699db596b,177
n0b5c137b68c3c381,n0b5c137b68c3c381,177
nf5da1eae6be0279c,nf5da1eae6be0279c,177
n7c360d021b81d709,n7c360d021b81d709,177
n2c0cc8f3e7bbb494,n2c0cc8f3e7bbb494,177
n9f59d81e017198d6,n9f59d81e017198d6,177
nafdb670495ed6b41,nafdb670495ed6b41,177
n3f0b110ee906c53e,n3f0b110ee906c53e,177
nda266376db348473,nda266376db348473,177
n7b60ac9cc0307bea,n7b60ac9cc0307bea,177
n56444d424229d3fe,n56444d424229d3fe,177
n1b206d5291317044,n1b206d5291317044,177
n41771bc57a3b9586,n41771bc57a3b9586,177
nbf08428ed3ffa95a,nbf08428ed3ffa95a,177
n18ed3225adacc897,n18ed3225adacc897,177
nd06a4334a4de02f4,nd06a4334a4de02f4,177
nb2b9bb3a2192efc1,nb2b9bb3a2192efc1,177
nab32cf908c85d93d,nab32cf908c85d93d,177
n9c4711e777ac750c,n9c4711e777ac750c,177
nb48599c26c734f80,nb48599c26c734f80,178
n4dd76e41c7f085b2,n4dd76e41c7f085b2,178
necc2acea8614a21d,necc2acea8614a21d,178
nd601e351cdad7c8a,nd601e351cdad7c8a,178
n274d49d0c73bbb34,n274d49d0c73bbb34,178
nd6d6ac853648f045,nd6d6ac853648f045,178
n4895b08fb5977043,n4895b08fb5977043,178
n7440889de50da109,n7440889de50da109,178
n156fdaa82fd3b994,n156fdaa82fd3b994,178
n8cd7b754d73b154f,n8cd7b754d73b154f,178
ncc6b1053424f036c,ncc6b1053424f036c,178
nea020c839c73c07b,nea020c839c73c07b,178
ne14b51cd58272497,ne14b51cd58272497,178
n0cf53a4e235426f7,n0cf53a4e235426f7,178
ncdc54a64ad7f09bd,ncdc54a64ad7f09bd,178
n32f58dad0c929487,n32f58dad0c929487,178
n1ef6a083a407173a,n1ef6a083a407173a,178
nde41240d035bfa4d,nde41240d035bfa4d,178
ndb381cbaebe0bea4,ndb381cbaebe0bea4,178
ndba66df7295963cc,ndba66df7295963cc,178
n25531832f5e99a70,n25531832f5e99a70,178
ne311208ccf2093e3,ne311208ccf2093e3,178
n4226f3e63f69c82d,n4226f3e63f69c82d,179
n3cc135d40dabcbbb,n3cc135d40dabcbbb,179
n55d72c807210cfbb,n55d72c807210cfbb,179
n40ea4a0b3b469acb,n40ea4a0b3b469acb,179
ne18ced46db3bcf96,ne18ced46db3bcf96,179
neb8d19f5f749f95c,neb8d19f5f749f95c,179
n8c8b15592b625bf8,n8c8b15592b625bf8,179
n69bc81dd59442b7a,n69bc81dd59442b7a,179
nfe04c99def2474c0,nfe04c99def2474c0,179
n9180ce8fc7dbdc36,n9180ce8fc7dbdc36,179
nae498680168c639c,nae498680168c639c,179
n3e186bc60f57dd1a,n3e186bc60f57dd1a,179
naa0515bc35c122e1,naa0515bc35c122e1,179
n461d6f35daf8c8a0,n461d6f35daf8c8a0,179
nd46ec96671a9864f,nd46ec96671a9864f,179
n80184e2d0c67ba6e,n80184e2d0c67ba6e,179
nb6dc2551fdb2645a,nb6dc2551fdb2645a,179
n1e914ceb8889a62f,n1e914ceb8889a62f,179
n2ddf8240de7c575b,n2ddf8240de7c575b,179
n6a226368a149b3b8,n6a226368a149b3b8,179
n9675d62335b53084,n9675d62335b53084,180
nc42077137fae5015,nc42077137fae5015,180
n1b6460c8f9c8dd73,n1b6460c8f9c8dd73,180
n8f7b65dab34ccf74,n8f7b65dab34ccf74,180
nb16cc82368575d7c,nb16cc82368575d7c,180
n963abc5222dec6b6,n963abc5222dec6b6,180
na9b77a3c2feb86ab,na9b77a3c2feb86ab,180
n1ef171081f0e820f,n1ef171081f0e820f,180
nc397144e0e4d0d28,nc397144e0e4d0d28,180
n539d39754db226df,n539d39754db226df,180
n392ea711ce36e933,n392ea711ce36e933,180
nacf058994e888e97,nacf058994e888e97,180
n39d1e868f87c0d2a,n39d1e868f87c0d2a,180
nec26a43c53ce04f6,nec26a43c53ce04f6,180
n492e9ef7fdfb645f,n492e9ef7fdfb645f,180
nbc85e5b8438a3d59,nbc85e5b8438a3d59,180
nd22e59e6f55190fc,nd22e59e6f55190fc,180
naea1e62394407d66,naea1e62394407d66,180
n7f642a1b560616fd,n7f642a1b560616fd,180
nd001e5e5e76b6dbe,nd001e5e5e76b6dbe,180
n198ccf8d1c80bea0,n198ccf8d1c80bea0,180
n9894f84bd7fc21ff,n9894f84bd7fc21ff,180
n0d9391ed1766723d,n0d9391ed1766723d,180
n930e723d36ec0644,n930e723d36ec0644,181
n5cf6e650f6967894,n5cf6e650f6967894,181
n6dc80780e7176def,n6dc80780e7176def,181
ncde0d4e2b941822b,ncde0d4e2b941822b,181
n3268047c03181601,n3268047c03181601,181
n1dde6051b57eee82,n1dde6051b57eee82,181
n3438fd40633973cb,n3438fd40633973cb,181
n35ee6f80e4e088b5,n35ee6f80e4e088b5,181
n1602a12949a7eec1,n1602a12949a7eec1,181
n082761941e5bfe20,n082761941e5bfe20,181
nb213005e0740d135,nb213005e0740d135,181
na72c382d3f1cc26f,na72c382d3f1cc26f,181
nc6f7945400fde6c6,nc6f7945400fde6c6,181
n58a15232c16b2c1c,n58a15232c16b2c1c,181
n617fbf44e223e416,n617fbf44e223e416,181
n696b7e6c5bed267f,n696b7e6c5bed267f,181
n2ed5bbfa26dcb19c,n2ed5bbfa26dcb19c,181
n1838a8c5c9643e51,n1838a8c5c9643e51,181
nfe97bf8b727ee0ce,nfe97bf8b727ee0ce,181
nb52513fcedcc197f,nb52513fcedcc197f,181
n6947bdbb01a27b13,n6947bdbb01a27b13,181
n31aa8eeececf8ea0,n31aa8eeececf8ea0,181
n829766333b5ab2d2,n829766333b5ab2d2,181
ndcf0bf942d295c0c,ndcf0bf942d295c0c,181
n438cef13f1d5e169,n438cef13f1d5e169,181
na97335f2731d3127,na97335f2731d3127,181
na5a285dfc7ef8ad9,na5a285dfc7ef8ad9,181
n8b6091ef9688b592,n8b6091ef9688b592,181
n9268d83f9f94ea88,n9268d83f9f94ea88,182
ncecea7f9ba69cb6a,ncecea7f9ba69cb6a,182
n20befdbf1f1c4457,n20befdbf1f1c4457,182
n7256e7de5f378fc3,n7256e7de5f378fc3,182
n157898fe929af38a,n157898fe929af38a,182
nc03145b728dbbd82,nc03145b728dbbd82,182
n44ff9d55cb0b87b7,n44ff9d55cb0b87b7,182
n10baf1e8620e3aff,n10baf1e8620e3aff,182
n88f71faed472f9e5,n88f71faed472f9e5,182
n32b00044229121e7,n32b00044229121e7,182
n2291faf70212b922,n2291faf70212b922,182
nd2e1c978eef32995,nd2e1c978eef32995,182
n41f01867a05ff18f,n41f01867a05ff18f,182
nbd463fdd5ad9d4f6,nbd463fdd5ad9d4f6,182
n0b191f9a8de3f3cf,n0b191f9a8de3f3cf,182
nabeac444ea7ffd33,nabeac444ea7ffd33,182
nc310c0dcc55f3005,nc310c0dcc55f3005,182
n2ba6bebcd0945864,n2ba6bebcd0945864,182
nf4f4749d04cc5fd6,nf4f4749d04cc5fd6,182
n0ff3c5476a73f64d,n0ff3c5476a73f64d,182
n31cc68edbf6478bd,n31cc68edbf6478bd,182
nf8b05b00a7f29e7f,nf8b05b00a7f29e7f,182
n02109a1546c0d8bf,n02109a1546c0d8bf,182
n67ddd0bdd9e4c019,n67ddd0bdd9e4c019,182
nc3f11acc851d31e3,nc3f11acc851d31e3,182
n174f0cabe81ca441,n174f0cabe81ca441,182
nc60b676d7c0e75f2,nc60b676d7c0e75f2,182
n2cf7a6ca6f40ca11,n2cf7a6ca6f40ca11,182
nc1abc83673ae5cc9,nc1abc83673ae5cc9,182
nae362db6b0234c69,nae362db6b0234c69,182
nc548d794d25d549f,nc548d794d25d549f,182
n0549eedbaa907715,n0549eedbaa907715,183
n1bf92100b251cf94,n1bf92100b251cf94,183
nb2a635232e5fc6f9,nb2a635232e5fc6f9,183
n94a3ffe79df9f5ec,n94a3ffe79df9f5ec,183
nea25a4f1fefcc0e4,nea25a4f1fefcc0e4,183
n507f44785d1c13c8,n507f44785d1c13c8,183
n213fa2fa52f022bc,n213fa2fa52f022bc,183
na1b01947a016f585,na1b01947a016f585,183
n1a611bd677da98be,n1a611bd677da98be,183
nd696e43828e1c7b8,nd696e43828e1c7b8,183
n58f45b8ac9ce9272,n58f45b8ac9ce9272,183
n4debd10cc5f0e42c,n4debd10cc5f0e42c,183
nbce5e0c61090b084,nbce5e0c61090b084,183
n1f77eaee529df65a,n1f77eaee529df65a,183
n5e23afd75523ba3c,n5e23afd75523ba3c,183
n46f24f397fc9fa5f,n46f24f397fc9fa5f,183
n10d2fb53fa2edc88,n10d2fb53fa2edc88,183
n9c49555031ae24be,n9c49555031ae24be,183
n062d925e464fe304,n062d925e464fe304,183
n8390cafdf30a9065,n8390cafdf30a9065,183
nda97a40d58571570,nda97a40d58571570,183
n1d2ca11da1adc36d,n1d2ca11da1adc36d,183
n150b8e90427b5ec6,n150b8e90427b5ec6,183
n6084de2df40df5db,n6084de2df40df5db,183
n4d244f09e4748fc4,n4d244f09e4748fc4,183
neecb6e51e03bc5fe,neecb6e51e03bc5fe,183
nc4b18204567f7b09,nc4b18204567f7b09,183
n0736a40216dc9108,n0736a40216dc9108,184
n7e19c1d2d745007c,n7e19c1d2d745007c,184
nf1ff6aa43021163a,nf1ff6aa43021163a,184
n0b50dde507c596be,n0b50dde507c596be,184
nfdf8af828b254e27,nfdf8af828b254e27,184
n93f98f075a2ea17e,n93f98f075a2ea17e,184
nd05456083c0a1466,nd05456083c0a1466,184
n60feb3c5c3fb6522,n60feb3c5c3fb6522,184
ncd29cfc4b38363a8,ncd29cfc4b38363a8,184
n9856585751731df8,n9856585751731df8,184
n98c3aabf467b7858,n98c3aabf467b7858,184
nb91182099d7defb6,nb91182099d7defb6,184
n816ab8abf2cb08ff,n816ab8abf2cb08ff,184
n095469a06c6a4838,n095469a06c6a4838,184
n3e03c300360de9c7,n3e03c300360de9c7,184
n6f0637839c9df85a,n6f0637839c9df85a,184
n5434bcb545bb4827,n5434bcb545bb4827,184
nbc5acd3958302980,nbc5acd3958302980,184
n8e7404ce4e4a0ba6,n8e7404ce4e4a0ba6,184
nbe56937bf5b61c7d,nbe56937bf5b61c7d,184
ndf300ae7145f95a6,ndf300ae7145f95a6,184
n4dfa3c756fcbb43b,n4dfa3c756fcbb43b,184
ne85b6a01abd5682b,ne85b6a01abd5682b,184
n3e57deabd3570def,n3e57deabd3570def,184
n59f1a12d62f6881f,n59f1a12d62f6881f,184
na1f85fe350441291,na1f85fe350441291,184
n99ad084693341819,n99ad084693341819,184
nb2ce5b691679f1df,nb2ce5b691679f1df,184
nb67e8e5f72c72fb2,nb67e8e5f72c72fb2,184
n52de2d82cdcc2182,n52de2d82cdcc2182,184
nfc2b06c4eb4433a0,nfc2b06c4eb4433a0,184
n149dfded9709036f,n149dfded9709036f,184
n79f2644b2653190e,n79f2644b2653190e,184
n2edacb127721a342,n2edacb127721a342,184
n16a5fad0415a9c11,n16a5fad0415a9c11,184
n37923938d64235b3,n37923938d64235b3,185
nd776a093a6735c9c,nd776a093a6735c9c,185
n08da966fed77f6f0,n08da966fed77f6f0,185
na6565c502a2b4c21,na6565c502a2b4c21,185
n828eb43cae99bfd8,n828eb43cae99bfd8,185
n6bcecab0ab165b72,n6bcecab0ab165b72,185
n8a25d719cf33f463,n8a25d719cf33f463,185
nfd6815dd18cc22cd,nfd6815dd18cc22cd,185
n455d31a4fa274ecc,n455d31a4fa274ecc,185
nf4fada5b1b0c76a3,nf4fada5b1b0c76a3,185
nebc9c27c9b622689,nebc9c27c9b622689,185
n21169ef1ddc2e4a3,n21169ef1ddc2e4a3,185
n7e3cd14bc92b634e,n7e3cd14bc92b634e,185
n1a2a8c9993cb260c,n1a2a8c9993cb260c,185
n5a6a167a8b5bc049,n5a6a167a8b5bc049,185
nb578bdc7c0316701,nb578bdc7c0316701,185
nbc88cca6092ffc48,nbc88cca6092ffc48,185
nd1882cbf408b5820,nd1882cbf408b5820,185
n1b1f4adf0fbbb938,n1b1f4adf0fbbb938,185
n2790397e2db1beb6,n2790397e2db1beb6,185
n3ea049234470bc0e,n3ea049234470bc0e,185
nc5356eb9fab000fa,nc5356eb9fab000fa,185
n9282b9aae6b399af,n9282b9aae6b399af,185
n5980240afb89a900,n5980240afb89a900,185
n46a2b22c6443cff3,n46a2b22c6443cff3,185
n93de180c8d7712de,n93de180c8d7712de,185
n04667f468bc6af96,n04667f468bc6af96,185
n97a5ea26fae38b0c,n97a5ea26fae38b0c,185
nf9dadc95377fc97b,nf9dadc95377fc97b,186
ndf32f1f17fe6577d,ndf32f1f17fe6577d,186
n527bc751f92a68ca,n527bc751f92a68ca,186
nfa78e817e39fa007,nfa78e817e39fa007,186
n070d8c7370780cfa,n070d8c7370780cfa,186
n314f5b30e4b112db,n314f5b30e4b112db,186
n79495df3d8dc7e5d,n79495df3d8dc7e5d,186
n1421a2f284c22483,n1421a2f284c22483,186
n75a30fe27ff078b3,n75a30fe27ff078b3,186
nbe55cbc63f555799,nbe55cbc63f555799,186
n49fe4cacf903744b,n49fe4cacf903744b,186
n79463b9bfafe795f,n79463b9bfafe795f,186
n4cdc6fa9b986044f,n4cdc6fa9b986044f,186
n7408e72c6b91df44,n7408e72c6b91df44,186
n4294d15f45bb8bcf,n4294d15f45bb8bcf,186
n2c8358147990b7c1,n2c8358147990b7c1,186
n0b347eb69708aa78,n0b347eb69708aa78,186
n5df89e6786ae27d5,n5df89e6786ae27d5,186
n0a6703a206b43ee8,n0a6703a206b43ee8,186
n53e8d0a6b55f9618,n53e8d0a6b55f9618,186
n144c4cba19d59c08,n144c4cba19d59c08,186
n9ad2670a288917d4,n9ad2670a288917d4,186
nab64dcffd6f75e21,nab64dcffd6f75e21,186
n71ca4e57a7703852,n71ca4e57a7703852,186
nf35b61f151b5c4c6,nf35b61f151b5c4c6,186
nc5fadecdeb1fba75,nc5fadecdeb1fba75,186
na94520ba1976eaaa,na94520ba1976eaaa,186
n011739d738721656,n011739d738721656,186
ndb8a77b6d7597b52,ndb8a77b6d7597b52,186
nfa8d790e751ef4cd,nfa8d790e751ef4cd,186
nbc8b5891663c7466,nbc8b5891663c7466,187
n2da9d14f7f00f3de,n2da9d14f7f00f3de,187
n7358c388c33da6a5,n7358c388c33da6a5,187
n572bb5b35acea467,n572bb5b35acea467,187
ne5a4bc2bb8c62073,ne5a4bc2bb8c62073,187
n676e7a5b2395a8c4,n676e7a5b2395a8c4,187
n7c540d6ac61536f7,n7c540d6ac61536f7,187
n4f45bcd27ce7d25f,n4f45bcd27ce7d25f,187
nf2192e2bd0d9edc1,nf2192e2bd0d9edc1,187
ncd9237bc0d78d167,ncd9237bc0d78d167,187
nc97e39b491922211,nc97e39b491922211,187
nd59ddd1f4b123aab,nd59ddd1f4b123aab,187
naacb2d9989a78ed5,naacb2d9989a78ed5,187
ncbdaa805b33f0631,ncbdaa805b33f0631,187
n6d39ab2d71e14c51,n6d39ab2d71e14c51,187
n8e206ab2753e326c,n8e206ab2753e326c,187
neac27ea046304aea,neac27ea046304aea,187
n4a9944e178b71e91,n4a9944e178b71e91,187
n1a61cfb5aa469ab3,n1a61cfb5aa469ab3,187
n056b519e0273041b,n056b519e0273041b,187
naec54d78c9de053a,naec54d78c9de053a,188
n4dd1123127bfea06,n4dd1123127bfea06,188
n488ce45e2d3e1aa5,n488ce45e2d3e1aa5,188
n3894c0c9b8c8f3b1,n3894c0c9b8c8f3b1,188
n97d0326f92190fc1,n97d0326f92190fc1,188
n23edeeb7e191ac41,n23edeeb7e191ac41,188
nca3bfe48756c9b09,nca3bfe48756c9b09,188
n897ed9021f9f6000,n897ed9021f9f6000,188
n6611ebc231812cf6,n6611ebc231812cf6,188
ndac3fc37196372d3,ndac3fc37196372d3,188
nf39cb752df1e7adb,nf39cb752df1e7adb,188
n032685d221afa37d,n032685d221afa37d,188
ne6885a48cee36751,ne6885a48cee36751,188
nd494f72597df1e77,nd494f72597df1e77,188
n85432c7daa1c08a1,n85432c7daa1c08a1,188
n6ea7f2dcb8658715,n6ea7f2dcb8658715,188
nfe7bd9f0ce0c59c3,nfe7bd9f0ce0c59c3,188
n44be7328fcc9e393,n44be7328fcc9e393,188
na3f0645117e0f700,na3f0645117e0f700,188
nd234fdb5c872d5ef,nd234fdb5c872d5ef,188
n751eddb8a795692f,n751eddb8a795692f,188
ncecd21a1dc564a3a,ncecd21a1dc564a3a,188
n893be28286584857,n893be28286584857,188
nb7e9f196347cea43,nb7e9f196347cea43,189
n8dfdc19fb3b2235e,n8dfdc19fb3b2235e,189
nf95cafde97b1758c,nf95cafde97b1758c,189
n8d8ad00cc0844471,n8d8ad00cc0844471,189
na0566700e85cb33d,na0566700e85cb33d,189
n7fbab2f117d855d3,n7fbab2f117d855d3,189
ndf8b487b5947a3ec,ndf8b487b5947a3ec,189
n77b434d11bb06ab8,n77b434d11bb06ab8,189
nb5a2a6fa1bebc393,nb5a2a6fa1bebc393,189
n6956d77128cd2bdd,n6956d77128cd2bdd,189
n2d6a602cf38443e9,n2d6a602cf38443e9,189
n8a4496308231c89b,n8a4496308231c89b,189
nfed4f1293b395482,nfed4f1293b395482,189
n9fc72050b7a1485e,n9fc72050b7a1485e,189
n2bca39e1898c0884,n2bca39e1898c0884,189
ne6b3346f9ce860a1,ne6b3346f9ce860a1,189
nad18f1ea022d560b,nad18f1ea022d560b,189
n7317f0707af448eb,n7317f0707af448eb,189
nbc0e9b0554727de0,nbc0e9b0554727de0,189
ndcfba4b9b29a4b4a,ndcfba4b9b29a4b4a,190
n031e05a6efc069fb,n031e05a6efc069fb,190
n40e4fef856a928af,n40e4fef856a928af,190
nb28fae59f00e82e4,nb28fae59f00e82e4,190
necc2ed301859725f,necc2ed301859725f,190
nc004c53631e2097e,nc004c53631e2097e,190
naa776ca9acba60c3,naa776ca9acba60c3,190
nd04d28d439b39a8a,nd04d28d439b39a8a,190
nae2f8aa705ecc306,nae2f8aa705ecc306,190
n183a83241240aae4,n183a83241240aae4,190
n7cab8e6432b49d1b,n7cab8e6432b49d1b,190
n180bff786ee65e0e,n180bff786ee65e0e,190
nf7a581faafc8f92c,nf7a581faafc8f92c,190
nf0aa8bb7664d6415,nf0aa8bb7664d6415,190
nd60d01f98a7adeee,nd60d01f98a7adeee,190
n2c41aac5ea3de148,n2c41aac5ea3de148,190
nf00039afba5975d5,nf00039afba5975d5,190
n096c5fa7edd32555,n096c5fa7edd32555,190
n316fc110b3806f16,n316fc110b3806f16,190
n09f091ceca98e26b,n09f091ceca98e26b,191
n790a8823e860dcf4,n790a8823e860dcf4,191
n65c03e315bec1675,n65c03e315bec1675,191
n844ae024ba70e889,n844ae024ba70e889,191
n7ad6e48eb9705a17,n7ad6e48eb9705a17,191
n1fde437a4bf3f7c4,n1fde437a4bf3f7c4,191
nc183f67d6e6abc48,nc183f67d6e6abc48,191
nf47f815bf68efc11,nf47f815bf68efc11,191
n1ec3c0fbddcf4dad,n1ec3c0fbddcf4dad,191
n0da0d68932dd19cd,n0da0d68932dd19cd,191
nb636f6c12cf03f2e,nb636f6c12cf03f2e,191
n8fe6d91e866c4aea,n8fe6d91e866c4aea,191
n9d4fd11ba17c6951,n9d4fd11ba17c6951,191
n05c58269d15abc0f,n05c58269d15abc0f,191
n405bdc5d3e531243,n405bdc5d3e531243,191
n95e2c31e0fbbee58,n95e2c31e0fbbee58,191
nbae967b7aa9601a6,nbae967b7aa9601a6,191
n98bc90a949fcaa66,n98bc90a949fcaa66,191
ne4af6c8a453a8365,ne4af6c8a453a8365,191
nfb61fe1c52bb2f11,nfb61fe1c52bb2f11,191
n1e63d5dd338c392a,n1e63d5dd338c392a,192
n536f7fef4902e160,n536f7fef4902e160,192
n6b54f8ac7de8877c,n6b54f8ac7de8877c,192
nba786abd0c6ca12b,nba786abd0c6ca12b,192
n425ca2bd63de3169,n425ca2bd63de3169,192
ne5c71c5ac3e8f9ae,ne5c71c5ac3e8f9ae,192
n32070d3c3ec7010f,n32070d3c3ec7010f,192
n738348da28a359d9,n738348da28a359d9,192
nae83191df69430fd,nae83191df69430fd,192
na8ff492e07ed65c8,na8ff492e07ed65c8,192
n91afa5380f0d3d8d,n91afa5380f0d3d8d,192
n0165c4560e8dd2f3,n0165c4560e8dd2f3,192
n5ef44a60883c878c,n5ef44a60883c878c,192
nfffb0383687c282c,nfffb0383687c282c,192
n213a782024b65e8d,n213a782024b65e8d,192
ne43a43c70ae234b7,ne43a43c70ae234b7,192
n0b2e846b65997a99,n0b2e846b65997a99,192
nbc64023b8fe666b9,nbc64023b8fe666b9,192
n9d7e3b1f860dfdf9,n9d7e3b1f860dfdf9,192
n88e8c2df5e2dcfbb,n88e8c2df5e2dcfbb,192
naaf11a26eb70de44,naaf11a26eb70de44,192
n37485ec0d5b6b123,n37485ec0d5b6b123,192
nd86a92afdb130a0a,nd86a92afdb130a0a,192
nf6594be493dc4a50,nf6594be493dc4a50,193
n13f4d49ed6a2557b,n13f4d49ed6a2557b,193
n23e8cb80571638ba,n23e8cb80571638ba,193
nb3103e8529b1da38,nb3103e8529b1da38,193
nba514a32310fda56,nba514a32310fda56,193
n073395de4f1aca01,n073395de4f1aca01,193
n6fd1feddf368869c,n6fd1feddf368869c,193
n2521d497bc320882,n2521d497bc320882,193
n67cbdd174fd6613d,n67cbdd174fd6613d,193
n3ccb411d59ceb87c,n3ccb411d59ceb87c,193
nadcedb2ef021a2c4,nadcedb2ef021a2c4,193
n5796d7321b11a15d,n5796d7321b11a15d,193
n44e4d092bdaf5ee9,n44e4d092bdaf5ee9,193
ne97a769426312370,ne97a769426312370,193
n44a83353859f1a56,n44a83353859f1a56,193
n27fd31d9a6a45134,n27fd31d9a6a45134,193
n8a6bb23af0c8e183,n8a6bb23af0c8e183,193
nd831aeebb2165053,nd831aeebb2165053,193
nb2fffe61d3854bed,nb2fffe61d3854bed,194
ndf1756c83486bbf7,ndf1756c83486bbf7,194
na16e3feba5ffddae,na16e3feba5ffddae,194
ned46c8ec041ecd42,ned46c8ec041ecd42,194
nd49bcd8e3b2cc351,nd49bcd8e3b2cc351,194
n0f3919f8c6a9215e,n0f3919f8c6a9215e,194
naff348145e566fa4,naff348145e566fa4,194
n2c714b328a1d2c4e,n2c714b328a1d2c4e,194
n3f150c91546ca1ea,n3f150c91546ca1ea,194
ned5f59f7c34177da,ned5f59f7c34177da,194
n770ed3c66c7603c4,n770ed3c66c7603c4,194
nd96f7efb9a468c2c,nd96f7efb9a468c2c,194
n2ed0c1846f4bbad0,n2ed0c1846f4bbad0,194
nff0d583f22cd5a05,nff0d583f22cd5a05,194
n270e3d1f06063ddb,n270e3d1f06063ddb,194
ned8dc1259c50bb5f,ned8dc1259c50bb5f,194
n973e00bb97ded303,n973e00bb97ded303,194
na19fbbcb77b5ec21,na19fbbcb77b5ec21,194
nc09bec2419f54867,nc09bec2419f54867,194
n4f3fcaae4b2c0a13,n4f3fcaae4b2c0a13,195
n1d609778609485d4,n1d609778609485d4,195
n45278d93ee6ea28b,n45278d93ee6ea28b,195
n0740d3b814845dce,n0740d3b814845dce,195
n016b92cd4b97e101,n016b92cd4b97e101,195
n4c16bdfe3ac08279,n4c16bdfe3ac08279,195
nf8646171bb4659b9,nf8646171bb4659b9,195
ndba29091babd1373,ndba29091babd1373,195
nb9b31e197a21e234,nb9b31e197a21e234,195
n23551c38587f931c,n23551c38587f931c,195
nf01c9f9e563543b6,nf01c9f9e563543b6,195
n8213ae33cf8eff2d,n8213ae33cf8eff2d,195
nf3c3cb485f1e5078,nf3c3cb485f1e5078,195
n5ecd27e930dbcaf6,n5ecd27e930dbcaf6,195
nb2172c172c665a18,nb2172c172c665a18,195
n5de4d533a35eec88,n5de4d533a35eec88,195
n3453f42c9213b99b,n3453f42c9213b99b,195
na6a02a8bcb2610fb,na6a02a8bcb2610fb,195
n591a63816de0fe96,n591a63816de0fe96,195
n8f86b08e63b042ee,n8f86b08e63b042ee,195
nfd6afc32d56f5897,nfd6afc32d56f5897,195
n1f019600a82b3e7f,n1f019600a82b3e7f,195
n04b49092d1d0de98,n04b49092d1d0de98,195
n43ca93fd1e651273,n43ca93fd1e651273,195
n71ef61d158fbb7ad,n71ef61d158fbb7ad,195
n7f6eb71edf7acbc1,n7f6eb71edf7acbc1,195
nf82223022ad402c2,nf82223022ad402c2,196
nb2470a84e1e9ba19,nb2470a84e1e9ba19,196
n36fb9b0ce921cb76,n36fb9b0ce921cb76,196
n1debcc9c78c9d858,n1debcc9c78c9d858,196
nfbe92a5466eafd22,nfbe92a5466eafd22,196
n954196c564e70798,n954196c564e70798,196
naf10bedfce699d2c,naf10bedfce699d2c,196
n26231588f86d815a,n26231588f86d815a,196
n60db943e6ea58ee1,n60db943e6ea58ee1,196
n9331a58a2a4ecd13,n9331a58a2a4ecd13,196
nd965f1edce4af40e,nd965f1edce4af40e,196
nfb04322f0e863c4b,nfb04322f0e863c4b,196
na85a829001f40992,na85a829001f40992,196
na318bc301cbe9823,na318bc301cbe9823,196
ndf1931495f83e679,ndf1931495f83e679,196
n1398392657e2549a,n1398392657e2549a,196
n98547b072dab11af,n98547b072dab11af,196
nb9d65f82b3420c27,nb9d65f82b3420c27,196
n398b915f00abe93b,n398b915f00abe93b,196
n71a8ac1784aaccbf,n71a8ac1784aaccbf,196
n7b720fbf88c9c3c5,n7b720fbf88c9c3c5,196
n4fc880804479dcf0,n4fc880804479dcf0,197
na6224b98a663548f,na6224b98a663548f,197
n97be7979431cfbf8,n97be7979431cfbf8,197
n8f18fd639b26709a,n8f18fd639b26709a,197
n0f33de51bfaee566,n0f33de51bfaee566,197
nf10776c59d897d49,nf10776c59d897d49,197
nafe638510aac5735,nafe638510aac5735,197
n2b49a50a8934139d,n2b49a50a8934139d,197
n35abcc71fd97be47,n35abcc71fd97be47,197
ne55e902ac4a4008a,ne55e902ac4a4008a,197
ndcaffb2f3a8ef169,ndcaffb2f3a8ef169,197
n8122ef8e28b2be8b,n8122ef8e28b2be8b,197
n16c1a353d239d484,n16c1a353d239d484,197
n989433c45e33296f,n989433c45e33296f,197
n2078f03903923d6b,n2078f03903923d6b,197
n5aadf3a894e5dd2e,n5aadf3a894e5dd2e,197
n11377a2ebbacb6f1,n11377a2ebbacb6f1,197
n0d0df60e816803f4,n0d0df60e816803f4,197
n592ea3e9cb3fe171,n592ea3e9cb3fe171,197
n45b940dbea8a09a1,n45b940dbea8a09a1,197
n89c3bfea2edfff22,n89c3bfea2edfff22,197
n7b741d21af486def,n7b741d21af486def,197
n441cc0318b6aaf5f,n441cc0318b6aaf5f,197
n214f34eb5589e892,n214f34eb5589e892,197
nbb159f20f45f9ffe,nbb159f20f45f9ffe,198
na27da2f6c12fccef,na27da2f6c12fccef,198
nc91271a20a91d652,nc91271a20a91d652,198
n1009ec62fcbeb504,n1009ec62fcbeb504,198
n57a0e7af91e8b501,n57a0e7af91e8b501,198
nf091776739251da1,nf091776739251da1,198
nc656b10dcbd8217b,nc656b10dcbd8217b,198
ne32390e8243b9733,ne32390e8243b9733,198
nbddee89042001955,nbddee89042001955,198
nb799e9fd1eebf74e,nb799e9fd1eebf74e,198
n74466d5e70ebc8bb,n74466d5e70ebc8bb,198
n58d21cff3b313173,n58d21cff3b313173,198
nd2958a1fe3d4a70b,nd2958a1fe3d4a70b,198
n88a41551b8ad9c2f,n88a41551b8ad9c2f,198
n4b45f819e15178e1,n4b45f819e15178e1,198
n8b68f0394cb92cd8,n8b68f0394cb92cd8,198
nbba1abc30198cc4c,nbba1abc30198cc4c,198
n41319d387fb47ac9,n41319d387fb47ac9,198
nd6e82e0e770f1fc4,nd6e82e0e770f1fc4,198
ne3318c4e3b3b7c64,ne3318c4e3b3b7c64,198
n3ca990472501d4ca,n3ca990472501d4ca,198
n8e84140f1837ca6a,n8e84140f1837ca6a,199
n84950ff0b404a96f,n84950ff0b404a96f,199
nb489c04ac93dbf34,nb489c04ac93dbf34,199
ndc56bf8abb33b02a,ndc56bf8abb33b02a,199
n0e3e7ab167d1da3f,n0e3e7ab167d1da3f,199
n34d63f278294a473,n34d63f278294a473,199
n3fb41842d436d499,n3fb41842d436d499,199
n31e39eb43c6a217d,n31e39eb43c6a217d,199
n381e2838991ae8b4,n381e2838991ae8b4,199
n4969c7b2f6f5ae56,n4969c7b2f6f5ae56,199
nb80de1f7b4aa5a63,nb80de1f7b4aa5a63,199
n08c10bf9183ba0af,n08c10bf9183ba0af,199
n102cb542952ac456,n102cb542952ac456,199
n9976e7ed4ed857a6,n9976e7ed4ed857a6,199
n883349f42b406b07,n883349f42b406b07,199
n8e8eae18f3838ed0,n8e8eae18f3838ed0,199
n469cb1e7a538a264,n469cb1e7a538a264,199
n9c599b6942fdb2e6,n9c599b6942fdb2e6,199
n49b7bc89e03ba791,n49b7bc89e03ba791,199
nfa81a098874bd566,nfa81a098874bd566,199
n349f92accf3b6e04,n349f92accf3b6e04,199
nbfee76f3fb5fc7e1,nbfee76f3fb5fc7e1,199
n60bb3c4e765a54b2,n60bb3c4e765a54b2,199
n2b00df5690e3286e,n2b00df5690e3286e,199
nfd1454690fa4b97c,nfd1454690fa4b97c,199
n9894e106bdd0d79c,n9894e106bdd0d79c,199
n25aa2ecfadd4311f,n25aa2ecfadd4311f,199
nc3c965df70af7673,nc3c965df70af7673,199
n2de4910cfd659201,n2de4910cfd659201,199
nd779c80d62274e2b,nd779c80d62274e2b,199
n986b56371c0b7759,n986b56371c0b7759,199
nc31e14036fb74b29,nc31e14036fb74b29,199
nf22880e259540ccf,nf22880e259540ccf,200
ncaa21b33d4df8bd6,ncaa21b33d4df8bd6,200
nc099767e30b1a5da,nc099767e30b1a5da,200
ndd93631664dc8e3b,ndd93631664dc8e3b,200
nbc55912ab59580c9,nbc55912ab59580c9,200
nb02ba64b31584b94,nb02ba64b31584b94,200
n01a0834a280df451,n01a0834a280df451,200
nca287ba38044d91f,nca287ba38044d91f,200
ne4b3b20968bd9cdc,ne4b3b20968bd9cdc,200
n47386a4e9678b920,n47386a4e9678b920,200
n3b2692129e16b195,n3b2692129e16b195,200
n96dd9d834fcaeaad,n96dd9d834fcaeaad,200
n69758cf3b9bab9ae,n69758cf3b9bab9ae,200
n6962121bd2855403,n6962121bd2855403,200
na4376b1f56b4ce44,na4376b1f56b4ce44,200
ndb7ec36382d467df,ndb7ec36382d467df,200
nf8950ff9857ee298,nf8950ff9857ee298,200
n14ef250e95588a76,n14ef250e95588a76,200
n00c93e9174cd502e,n00c93e9174cd502e,200
nd247a555e263d25d,nd247a555e263d25d,200
n30dcb2fb3d3a11f2,n30dcb2fb3d3a11f2,200
n4d771af6d5cb12ac,n4d771af6d5cb12ac,200
ndc3a979e57e23dda,ndc3a979e57e23dda,200
nf9a8506e739e32c2,nf9a8506e739e32c2,200
n2d5ce8bb6559fa0b,n2d5ce8bb6559fa0b,200
nc32d3b9af3aabd46,nc32d3b9af3aabd46,200
nf782e12b48b36b60,nf782e12b48b36b60,200
nd0532f5af3c8a616,nd0532f5af3c8a616,200
n2fad385afd01fd5d,n2fad385afd01fd5d,200
nc31cdc6778c73585,nc31cdc6778c73585,200
n8836c79f134201bc,n8836c79f134201bc,200
n6d988f85fe77034e,n6d988f85fe77034e,200
ndbbf6516e1b31be4,ndbbf6516e1b31be4,200
nee268c7a622b712e,nee268c7a622b712e,200
nfa2aa6e4f11b1ae9,nfa2aa6e4f11b1ae9,200
nd4982b0cd5e38c02,nd4982b0cd5e38c02,200
n384132f8bc623069,n384132f8bc623069,200
n6c76ed66b3c897e2,n6c76ed66b3c897e2,200
neb7e77336e708f84,neb7e77336e708f84,200
n6aa71db07fe2a961,n6aa71db07fe2a961,200
nb3a89c8cce8cabc1,nb3a89c8cce8cabc1,200
n4c71a6c9c4dd8e2d,n4c71a6c9c4dd8e2d,201
n3e30beecd344a1dc,n3e30beecd344a1dc,201
n7ad51aebb08d7f96,n7ad51aebb08d7f96,201
ne57bca54a007653b,ne57bca54a007653b,201
nf2cc1b4eeb7b381a,nf2cc1b4eeb7b381a,201
nfdcdd1d3fb86e3b3,nfdcdd1d3fb86e3b3,201
n0ead115ace4034d2,n0ead115ace4034d2,201
nb5d840a1158c10a6,nb5d840a1158c10a6,201
n008c09f620728d10,n008c09f620728d10,201
nc1d11e24dd8242b5,nc1d11e24dd8242b5,201
ne218f89177cce452,ne218f89177cce452,201
nca31db600e627fb0,nca31db600e627fb0,201
n07f32797eea03582,n07f32797eea03582,201
nd4fcbaeddaa1611b,nd4fcbaeddaa1611b,201
n1eedf5623c8ea131,n1eedf5623c8ea131,201
nffb47c0021e81d25,nffb47c0021e81d25,201
n2428745b4ae11c20,n2428745b4ae11c20,201
n4c120b886bf40e5f,n4c120b886bf40e5f,201
n178badfeadfd0c48,n178badfeadfd0c48,201
nf81b4c53509e9c2a,nf81b4c53509e9c2a,201
nf3dc5daac9b56a68,nf3dc5daac9b56a68,201
na615d4d6227476ca,na615d4d6227476ca,201
n7cd1de1102f00995,n7cd1de1102f00995,201
nc3181e105650e98c,nc3181e105650e98c,201
n73f3e2d18de55605,n73f3e2d18de55605,201
n51198c40f48e7bd8,n51198c40f48e7bd8,201
na75efe6002052832,na75efe6002052832,201
n57a84db36a6df1e2,n57a84db36a6df1e2,201
n2060b431643886f9,n2060b431643886f9,201
n1e53266bda72c8e8,n1e53266bda72c8e8,201
n3a0136d59567e477,n3a0136d59567e477,201
n9329187bc1e645f6,n9329187bc1e645f6,201
n3927bb4e5efb0e4f,n3927bb4e5efb0e4f,201
nf93385689d6795cd,nf93385689d6795cd,201
ndc8edf998383920a,ndc8edf998383920a,201
n8d79ec9909051497,n8d79ec9909051497,201
n7c11eb7fde2242ce,n7c11eb7fde2242ce,201
n3aa561b8659451c2,n3aa561b8659451c2,201
n2c341e19196727bc,n2c341e19196727bc,201
ne5956d80383a9b0b,ne5956d80383a9b0b,201
n70097d1a10eca181,n70097d1a10eca181,201
n053b4a60aa7f64f6,n053b4a60aa7f64f6,201
nd8a2536c3e539c2a,nd8a2536c3e539c2a,201
n6d4d15e10eda16ab,n6d4d15e10eda16ab,201
n66a196f1195bc24b,n66a196f1195bc24b,201
n99d7d9e5e3a62359,n99d7d9e5e3a62359,201
nba9f1d547f5e9a65,nba9f1d547f5e9a65,201
n7be1d8228933e482,n7be1d8228933e482,201
n433c308f18efa191,n433c308f18efa191,202
ndb06fbb48022327e,ndb06fbb48022327e,202
n0a0d73cdd581ed7a,n0a0d73cdd581ed7a,202
nd2986c15db813777,nd2986c15db813777,202
n0f2f204b07b21cf3,n0f2f204b07b21cf3,202
nf26eacc676993f04,nf26eacc676993f04,202
n9b8432e97f838f0a,n9b8432e97f838f0a,202
n1d5c5b8b99282fe8,n1d5c5b8b99282fe8,202
n8799eaa78a4e2b80,n8799eaa78a4e2b80,202
n7f366ca20c052ddb,n7f366ca20c052ddb,202
ne9843c69dfef60f0,ne9843c69dfef60f0,202
n2a2b6bb5fb0d6faf,n2a2b6bb5fb0d6faf,202
n3682e3f6684a2027,n3682e3f6684a2027,202
nf7ff899487de934b,nf7ff899487de934b,202
n34c33d7cf414316c,n34c33d7cf414316c,202
n54a4c526079bb7ae,n54a4c526079bb7ae,202
n72098d2ab08dc30e,n72098d2ab08dc30e,202
nf9a51477d9820596,nf9a51477d9820596,202
n55f58113bb78642c,n55f58113bb78642c,202
n0885bfe299b3c951,n0885bfe299b3c951,202
nd60b7bfa9337f30b,nd60b7bfa9337f30b,202
na409c999b3f750e4,na409c999b3f750e4,202
n433ee7bde30f7e1b,n433ee7bde30f7e1b,202
n3bac9c5da419bb2c,n3bac9c5da419bb2c,202
n521bc4f87ac345cc,n521bc4f87ac345cc,202
n56b9800eeb14a41d,n56b9800eeb14a41d,202
n926dc012d3ce39b1,n926dc012d3ce39b1,202
n1e6aa63a99299b59,n1e6aa63a99299b59,202
n1f70022c97401091,n1f70022c97401091,202
na2da135a352b1240,na2da135a352b1240,202
n2406a5655a7ac35b,n2406a5655a7ac35b,202
nadef121cf37aef72,nadef121cf37aef72,202
n7880b8de5bee6be7,n7880b8de5bee6be7,202
n82ff02bef89ca41c,n82ff02bef89ca41c,202
nc6d4d85f52937002,nc6d4d85f52937002,202
n4ea770c63d2b49eb,n4ea770c63d2b49eb,202
n9ed4e76d9db6d823,n9ed4e76d9db6d823,202
n9238cba0902b9cae,n9238cba0902b9cae,202
n570b100fa554143d,n570b100fa554143d,202
nf2660e79d2908f4d,nf2660e79d2908f4d,202
nb226d4ac1ed5e43f,nb226d4ac1ed5e43f,202
n204aa456ac372203,n204aa456ac372203,202
n0cfc49c3572c790f,n0cfc49c3572c790f,202
n8fdd819d8c8c07e6,n8fdd819d8c8c07e6,202
n93ccd369d10584fa,n93ccd369d10584fa,202
nb03bb75eaff05733,nb03bb75eaff05733,202
n5092d0d093ca6d3c,n5092d0d093ca6d3c,202
n71643041729b6e38,n71643041729b6e38,202
n3cb3a690904d2904,n3cb3a690904d2904,203
na8fa9d70eef9d518,na8fa9d70eef9d518,203
nc75edb0877511910,nc75edb0877511910,203
nbed929eee077acee,nbed929eee077acee,203
n98ddb2d12f77412b,n98ddb2d12f77412b,203
ndafd9c283bcc7326,ndafd9c283bcc7326,203
nbeaa0031267bfe73,nbeaa0031267bfe73,203
ne4e8dd8958f09e5b,ne4e8dd8958f09e5b,203
ne62fcc8ac224fcc0,ne62fcc8ac224fcc0,203
n0ffa807397d9c02f,n0ffa807397d9c02f,203
n04c7a2d23ab783a3,n04c7a2d23ab783a3,203
n7b955a043a79bfe0,n7b955a043a79bfe0,203
ncd7b3a3289b88c1b,ncd7b3a3289b88c1b,203
ned57c90e4d19e2a6,ned57c90e4d19e2a6,203
n4bf2a63dcbeaa4b1,n4bf2a63dcbeaa4b1,203
nea1dded42243db58,nea1dded42243db58,203
n8841e4543a23b7e2,n8841e4543a23b7e2,203
n32e3e8a143058ea2,n32e3e8a143058ea2,203
nc52882f7610cd426,nc52882f7610cd426,203
ne251d0be0ca91aac,ne251d0be0ca91aac,203
n786ceb4bc9fcb07c,n786ceb4bc9fcb07c,203
nc1fd8689a3851924,nc1fd8689a3851924,203
n22b1b5316aeb4a28,n22b1b5316aeb4a28,203
n7b0f8032e3cb4dfb,n7b0f8032e3cb4dfb,203
n9da3174e5df1484c,n9da3174e5df1484c,203
n3e1ea1b74e8dccb0,n3e1ea1b74e8dccb0,203
n53c18ab6cd5f1469,n53c18ab6cd5f1469,203
n60cc10d03f3752f0,n60cc10d03f3752f0,203
nd72b90ecda317e8c,nd72b90ecda317e8c,203
n12f70914da7a92ae,n12f70914da7a92ae,203
nbb4c6a9f09af864e,nbb4c6a9f09af864e,203
nf6ddcbfdb287f6d9,nf6ddcbfdb287f6d9,203
n4f4aff1b846af158,n4f4aff1b846af158,203
nb9c35ff6a2449019,nb9c35ff6a2449019,203
n3b45af64e1a08698,n3b45af64e1a08698,203
na0e1c0fe1a1905f3,na0e1c0fe1a1905f3,203
n48175e3a9e8ae727,n48175e3a9e8ae727,203
ndfb43907a5886692,ndfb43907a5886692,203
n52cf08054c77b548,n52cf08054c77b548,203
n41d92ce534f738e0,n41d92ce534f738e0,203
n10d7e8b0b195ba25,n10d7e8b0b195ba25,203
nfaa5abc38e3aebb0,nfaa5abc38e3aebb0,203
n3fa16822c7c3727b,n3fa16822c7c3727b,203
n35dd1a5a8c5d4a9f,n35dd1a5a8c5d4a9f,203
n0e247d84c04d4848,n0e247d84c04d4848,203
n6dcef56c235d2512,n6dcef56c235d2512,203
n72be609aef683b76,n72be609aef683b76,203
n1bb07167d9f5f689,n1bb07167d9f5f689,203
nbc6216c7850b5416,nbc6216c7850b5416,203
n252f6a00810fddfe,n252f6a00810fddfe,203
n1951338a0b442d55,n1951338a0b442d55,203
n3ab97e868600b448,n3ab97e868600b448,203
nfa3d67c26d1c94de,nfa3d67c26d1c94de,203
n5a8bf7f27ff09582,n5a8bf7f27ff09582,203
n2447713cf41cb90e,n2447713cf41cb90e,203
n20512d3e9977535f,n20512d3e9977535f,203
n1a4dcfa0793a132b,n1a4dcfa0793a132b,203
n2caf50116cc3dc2a,n2caf50116cc3dc2a,203
n823d2be22b522e89,n823d2be22b522e89,203
ne31507bd0f36a5c0,ne31507bd0f36a5c0,203
n493a5674a8578a5f,n493a5674a8578a5f,203
n8a283a82e3c3b10b,n8a283a82e3c3b10b,203
n68925bc220428237,n68925bc220428237,203
n9f33178b839c9cde,n9f33178b839c9cde,204
nc8ebcac72b861edc,nc8ebcac72b861edc,204
n5e137f025f1f9a1d,n5e137f025f1f9a1d,204
nd25aa7ded24d2bf1,nd25aa7ded24d2bf1,204
nc5b747b7813585f3,nc5b747b7813585f3,204
n02c53da58ded4791,n02c53da58ded4791,204
nddd3d0e8f92015b6,nddd3d0e8f92015b6,204
nf9ed00bc427e18b7,nf9ed00bc427e18b7,204
n859f4d35b44db7ee,n859f4d35b44db7ee,204
n4347a36f3b7a7a91,n4347a36f3b7a7a91,204
nea4c9d68beeb325e,nea4c9d68beeb325e,204
nbdeec4c1fe4a54cf,nbdeec4c1fe4a54cf,204
n5fbeb1b561e03782,n5fbeb1b561e03782,204
n37f64040e28a5b5b,n37f64040e28a5b5b,204
ne55e9fde75f07711,ne55e9fde75f07711,204
n03dabbc18e39c7b7,n03dabbc18e39c7b7,204
n998cd575984d257c,n998cd575984d257c,204
n07f6b83d25600c7e,n07f6b83d25600c7e,204
nde57330c1d4c4012,nde57330c1d4c4012,204
n3221386fb6c84650,n3221386fb6c84650,204
n044d79e23416bf12,n044d79e23416bf12,204
n17253f8343ed4b9e,n17253f8343ed4b9e,204
nfdeeb1c685aa70ed,nfdeeb1c685aa70ed,204
nbcfcb48247009e34,nbcfcb48247009e34,204
nf8e1b40f914994e2,nf8e1b40f914994e2,204
n9692d5d2395f71fc,n9692d5d2395f71fc,204
nd0ea8ae54e7a2e04,nd0ea8ae54e7a2e04,204
n296587ba99225165,n296587ba99225165,204
n14379cdad7a7b9cd,n14379cdad7a7b9cd,204
n8d8f50bf2c517501,n8d8f50bf2c517501,204
n0d7f60c4a72bdc53,n0d7f60c4a72bdc53,204
n0ce211e9409a533b,n0ce211e9409a533b,204
n44f7e2335d7dd9cd,n44f7e2335d7dd9cd,204
n10d8a5c89166f86b,n10d8a5c89166f86b,204
na284d77a68495dc0,na284d77a68495dc0,204
ndd9e09804bd0c9c9,ndd9e09804bd0c9c9,204
nf591d5555cb12c25,nf591d5555cb12c25,204
nb6ba8a1bb22d6d51,nb6ba8a1bb22d6d51,205
n51ff018bc5179bac,n51ff018bc5179bac,205
nd0c4d52ea286f167,nd0c4d52ea286f167,205
nde538abf00b63413,nde538abf00b63413,205
n9770f7c33ff8d5ba,n9770f7c33ff8d5ba,205
n84d4b44080f88c3d,n84d4b44080f88c3d,205
n0d365e3fed9cb444,n0d365e3fed9cb444,205
n44e776dc2c0e0697,n44e776dc2c0e0697,205
n96e65ca454e2e346,n96e65ca454e2e346,205
n9f5f54bb09ecd038,n9f5f54bb09ecd038,205
n357e77f1a6496441,n357e77f1a6496441,205
nd1515b490b33aa11,nd1515b490b33aa11,205
nd01311ce323c3476,nd01311ce323c3476,205
n9d1821c8562c192e,n9d1821c8562c192e,205
nedff40991602d6e0,nedff40991602d6e0,205
n16ccdc40fb29a917,n16ccdc40fb29a917,205
n0b105d95946caa58,n0b105d95946caa58,205
n7fb1de26d19fbcc0,n7fb1de26d19fbcc0,205
n1bc710ab8db5c5f9,n1bc710ab8db5c5f9,205
n0c13369505651487,n0c13369505651487,205
ne556d2577e4ccd05,ne556d2577e4ccd05,205
nf662017f58c123dc,nf662017f58c123dc,205
n1825727f859dbeb1,n1825727f859dbeb1,205
na2fc111e5543b558,na2fc111e5543b558,205
nf761d4bf112ac43a,nf761d4bf112ac43a,205
n4c3a63eeb26832ff,n4c3a63eeb26832ff,205
n6bfb434e9eb48736,n6bfb434e9eb48736,205
naa9103bdb3687991,naa9103bdb3687991,205
n0a7536d9bb158b28,n0a7536d9bb158b28,205
n78634044e4110d0c,n78634044e4110d0c,205
n431dd2bb75925512,n431dd2bb75925512,205
n8960a2b48418040d,n8960a2b48418040d,205
n5d64af430ee9694f,n5d64af430ee9694f,205
n4d1d8a0c5e2105ee,n4d1d8a0c5e2105ee,205
n03f23c84cc299042,n03f23c84cc299042,205
nde047fc87c714cb5,nde047fc87c714cb5,205
n5bac4ed613aa1739,n5bac4ed613aa1739,205
ne1294f1171f7ed3b,ne1294f1171f7ed3b,206
ncd78409aab3814d6,ncd78409aab3814d6,206
n8373eb3e173d33a9,n8373eb3e173d33a9,206
nb5c15f405669b7c5,nb5c15f405669b7c5,206
n81dd1d9197fa46e8,n81dd1d9197fa46e8,206
n242afd7f38eb3b16,n242afd7f38eb3b16,206
na6382501d3457fda,na6382501d3457fda,206
nb5d7ed6c280e3baf,nb5d7ed6c280e3baf,206
n1a0894ff4024fc5f,n1a0894ff4024fc5f,206
na7cf9039d4303144,na7cf9039d4303144,206
n18ab66a0693448e1,n18ab66a0693448e1,206
n6762246a64d63526,n6762246a64d63526,206
nd78165f56ac2bc48,nd78165f56ac2bc48,206
nc32fbd7da5f19da0,nc32fbd7da5f19da0,206
n52c68c1ea8841275,n52c68c1ea8841275,206
ndbb9accf40c9b776,ndbb9accf40c9b776,206
n81d27722f9b35827,n81d27722f9b35827,206
n0216319abeecad20,n0216319abeecad20,206
n929d0af25fcba91f,n929d0af25fcba91f,206
n0f1b933d99a75941,n0f1b933d99a75941,206
ndd175c42ec230bf4,ndd175c42ec230bf4,206
n3c99827ac19672da,n3c99827ac19672da,206
n37b4ea0c6934994f,n37b4ea0c6934994f,206
nfe6eedb15184f222,nfe6eedb15184f222,206
n478c2be09cc3d9e5,n478c2be09cc3d9e5,206
ncf666f97edc3cb96,ncf666f97edc3cb96,207
n99c5ba48ba3eed9e,n99c5ba48ba3eed9e,207
n3af06d00f7252608,n3af06d00f7252608,207
n939251adae052eef,n939251adae052eef,207
n7a14656499ec7d5e,n7a14656499ec7d5e,207
n19938c7a9d142262,n19938c7a9d142262,207
nf1d888fc7b267c1c,nf1d888fc7b267c1c,207
nf9828bceac0a652f,nf9828bceac0a652f,207
n3a4e2c058526b1f9,n3a4e2c058526b1f9,207
n03d662c7b7832a35,n03d662c7b7832a35,207
na9396ab8f8d8756e,na9396ab8f8d8756e,207
n4fb45a6027a8a120,n4fb45a6027a8a120,207
n75a73725e12f15de,n75a73725e12f15de,207
nb10bac3d9cc9bf70,nb10bac3d9cc9bf70,207
n39508657dcb206c6,n39508657dcb206c6,207
n3d573c15c29a9ff7,n3d573c15c29a9ff7,207
ndca9dad23581ecd7,ndca9dad23581ecd7,207
n9c9b2836b6f41585,n9c9b2836b6f41585,207
na191d9c1c16b3f08,na191d9c1c16b3f08,207
ndd1c7826d54e5453,ndd1c7826d54e5453,207
n3f6b15664b4e41f8,n3f6b15664b4e41f8,207
n22ff36de694f0ec0,n22ff36de694f0ec0,207
nfd8e77ac91c9cf74,nfd8e77ac91c9cf74,207
nb1f62c1fe2cdf862,nb1f62c1fe2cdf862,207
nb417b71d24bb9ab7,nb417b71d24bb9ab7,207
nc46b157676740496,nc46b157676740496,207
n21c0c8569db5558b,n21c0c8569db5558b,207
n8cfb12c647b14eed,n8cfb12c647b14eed,207
nfd1be00ea566b1a5,nfd1be00ea566b1a5,207
nf12ec07f416f9b9d,nf12ec07f416f9b9d,207
nc6e67d9a4757c832,nc6e67d9a4757c832,207
n875f2241fe9e1e7f,n875f2241fe9e1e7f,207
n70cba27c3182abe0,n70cba27c3182abe0,207
n8e89d3eccc2df7fa,n8e89d3eccc2df7fa,207
n076dd59ee99b0374,n076dd59ee99b0374,207
n2352366540d38284,n2352366540d38284,207
n06efb96b35073b2d,n06efb96b35073b2d,207
n691071aa4572bd46,n691071aa4572bd46,207
n0470614032251d16,n0470614032251d16,207
ne134f7168f67d9d9,ne134f7168f67d9d9,207
nf08c1f312dcbcdba,nf08c1f312dcbcdba,207
n3a630b57bafdd73d,n3a630b57bafdd73d,207
nb9a153b04add15c1,nb9a153b04add15c1,207
n9d4b91aa34feec35,n9d4b91aa34feec35,207
nb4ac2a2ebfe1cabb,nb4ac2a2ebfe1cabb,207
n309a3ca14f33cb42,n309a3ca14f33cb42,207
n66b83f144eb9f011,n66b83f144eb9f011,207
nc70ac54d01286359,nc70ac54d01286359,207
na8901d4188bb324b,na8901d4188bb324b,207
n4e8ca647a5be7865,n4e8ca647a5be7865,207
n930639aefab85cb9,n930639aefab85cb9,207
ne1794b999d971dc1,ne1794b999d971dc1,207
ne7a6efee04b93e4c,ne7a6efee04b93e4c,207
ndae2f357a476fb62,ndae2f357a476fb62,207
n844a520b7ff986fb,n844a520b7ff986fb,207
nf86bf53ba10b347e,nf86bf53ba10b347e,207
n83da8865a09addc7,n83da8865a09addc7,207
n297abd667c10dd77,n297abd667c10dd77,207
n8430c8e6c9f3a92a,n8430c8e6c9f3a92a,207
na96825dc5b6f1fab,na96825dc5b6f1fab,207
nf985d366b8885e8f,nf985d366b8885e8f,207
ndcdcfec22e759bc2,ndcdcfec22e759bc2,208
n85f9e14e9d14671b,n85f9e14e9d14671b,208
na6f37d479dda4f14,na6f37d479dda4f14,208
n1d2c2050b35d3adc,n1d2c2050b35d3adc,208
nd4778e383ac1eab1,nd4778e383ac1eab1,208
n939b88abb5516862,n939b88abb5516862,208
nc438e738d82d4667,nc438e738d82d4667,208
n718b622eee36072b,n718b622eee36072b,208
n978d9a897bd38b7b,n978d9a897bd38b7b,208
n187f1ec59375af2b,n187f1ec59375af2b,208
nc57819c68b965328,nc57819c68b965328,208
nb88ec47b454d4bb0,nb88ec47b454d4bb0,208
nab474de030e0a4f9,nab474de030e0a4f9,208
n0c03e3a410d8b5fb,n0c03e3a410d8b5fb,208
nf10b8ba8ecd58bf1,nf10b8ba8ecd58bf1,208
nbe83b6467a15dd5d,nbe83b6467a15dd5d,208
necb34937e90919f5,necb34937e90919f5,208
nda6cacde366e2150,nda6cacde366e2150,208
nb9dba6888fdfa964,nb9dba6888fdfa964,208
n45b6187ba2cf7586,n45b6187ba2cf7586,208
n278f9ba0c5c91580,n278f9ba0c5c91580,208
ncabae716403fb1f5,ncabae716403fb1f5,208
n4bc1a44b9e4c527e,n4bc1a44b9e4c527e,208
nd87c9727bf4a0cad,nd87c9727bf4a0cad,208
n92fd1fad8baca596,n92fd1fad8baca596,208
nfd1388cb85282bae,nfd1388cb85282bae,208
n885313b293e75f71,n885313b293e75f71,208
nf5b5e149937b4eb3,nf5b5e149937b4eb3,208
ndcabbba8e68abb71,ndcabbba8e68abb71,208
n9ee99a0cecb77a83,n9ee99a0cecb77a83,208
nd72cec50d49ae815,nd72cec50d49ae815,208
n8fb8eab163de0e16,n8fb8eab163de0e16,208
n37da1200a943f260,n37da1200a943f260,208
n319e6727d2d49aa8,n319e6727d2d49aa8,208
n1426c7f46c8cc842,n1426c7f46c8cc842,208
n17122a1d067f41c5,n17122a1d067f41c5,208
nd3af5ca3d0c4c966,nd3af5ca3d0c4c966,208
nf90e5fa1dffd895d,nf90e5fa1dffd895d,208
n157b002b2ec4c2e1,n157b002b2ec4c2e1,208
n5b750bedfa1fe821,n5b750bedfa1fe821,208
nabf99438a2521456,nabf99438a2521456,208
n003e4c71291a5835,n003e4c71291a5835,208
n952ec60775aa1400,n952ec60775aa1400,208
nc0cab7bb22864eca,nc0cab7bb22864eca,208
n35cf8ade944acf3d,n35cf8ade944acf3d,208
n51d1090bf2ff9935,n51d1090bf2ff9935,208
n663496e4e9c8d7a7,n663496e4e9c8d7a7,208
n37201165735848d3,n37201165735848d3,208
na244edaddd00578f,na244edaddd00578f,208
n7913347d99d44bab,n7913347d99d44bab,208
nf242c3d5bc4e36e5,nf242c3d5bc4e36e5,208
n0d1ae0ca1cd937c2,n0d1ae0ca1cd937c2,208
n6f1fa2e7ed8cb469,n6f1fa2e7ed8cb469,208
nc3302c49d3560afe,nc3302c49d3560afe,208
n5d6c56bfd85fb293,n5d6c56bfd85fb293,208
na433a5bdb25cf4cb,na433a5bdb25cf4cb,208
n1588216178430e71,n1588216178430e71,208
n19454a2c2f759ffb,n19454a2c2f759ffb,208
nd2a38ae16a872751,nd2a38ae16a872751,208
nba544027f7a1234a,nba544027f7a1234a,208
na081788469c875ab,na081788469c875ab,208
n4b4b5d107d81e87d,n4b4b5d107d81e87d,209
nb258999035e2f60e,nb258999035e2f60e,209
n4a40c2a2528ce0b0,n4a40c2a2528ce0b0,209
na7d524e97ddd7481,na7d524e97ddd7481,209
nd44860623caa13c7,nd44860623caa13c7,209
na86bc2257c2173d3,na86bc2257c2173d3,209
n2e063d3795b13aad,n2e063d3795b13aad,209
n1d2341315dbd4f9d,n1d2341315dbd4f9d,209
nc8717399d20d72a8,nc8717399d20d72a8,209
nf2e0a8c65b4a2337,nf2e0a8c65b4a2337,209
nfff29abcd4aef98b,nfff29abcd4aef98b,209
na628f9c99f778c3e,na628f9c99f778c3e,209
n025937199bf83c5b,n025937199bf83c5b,209
nac11b975b3c871a4,nac11b975b3c871a4,209
nc61bbc89f3287b71,nc61bbc89f3287b71,209
ne1815c84f789e039,ne1815c84f789e039,209
n4665dbe6591ea583,n4665dbe6591ea583,209
n1cbf3687e76584da,n1cbf3687e76584da,209
n4b79a028ce47aa47,n4b79a028ce47aa47,209
ne0144a1ff44b958b,ne0144a1ff44b958b,209
nce01b276b2455f4d,nce01b276b2455f4d,209
n926a98cce09e03bf,n926a98cce09e03bf,209
n98fca38e9a3fcfaa,n98fca38e9a3fcfaa,209
ne2df3d28c800a097,ne2df3d28c800a097,209
n0de184e8183fda74,n0de184e8183fda74,209
n18c53b19943b8dff,n18c53b19943b8dff,209
n41f95db9f3c0dafa,n41f95db9f3c0dafa,209
nff5c3eeb9a516340,nff5c3eeb9a516340,209
n19e4a570be63e3f1,n19e4a570be63e3f1,209
nd91b95ca4af96a8b,nd91b95ca4af96a8b,209
nde847f8055429245,nde847f8055429245,209
n5042e6f68539ef01,n5042e6f68539ef01,209
na45651e039cd0c0e,na45651e039cd0c0e,209
n35c06674ae83ce2e,n35c06674ae83ce2e,209
n0e7d2d2bc8bcfc80,n0e7d2d2bc8bcfc80,209
n1b1fdd32040762bf,n1b1fdd32040762bf,209
n005a5717306c1722,n005a5717306c1722,209
n3b41f6a7ba41b0a5,n3b41f6a7ba41b0a5,209
n2e02989b0bc09742,n2e02989b0bc09742,209
n51676e71790665f4,n51676e71790665f4,209
n9279499672fad12b,n9279499672fad12b,209
n1a5d64e28e7150ae,n1a5d64e28e7150ae,209
n40db754328298c0f,n40db754328298c0f,209
n1a85f663924f61b4,n1a85f663924f61b4,209
n3b11105c4134a26c,n3b11105c4134a26c,209
naf78bf6bc8ec9bac,naf78bf6bc8ec9bac,209
n0bbd4586f68fee42,n0bbd4586f68fee42,209
n2414bad8c5c34f71,n2414bad8c5c34f71,209
ndfdd5c9ee3687c94,ndfdd5c9ee3687c94,209
n9a93afeefb9fd62a,n9a93afeefb9fd62a,209
na7796bc8248c802b,na7796bc8248c802b,209
n1fbc8cf00d45241d,n1fbc8cf00d45241d,209
n42376fccc735402c,n42376fccc735402c,209
naeaba69b05bfae6b,naeaba69b05bfae6b,209
n41c90223c050c9dc,n41c90223c050c9dc,209
n7bfc559deeec8d7e,n7bfc559deeec8d7e,209
n352e7e62c83d1b4a,n352e7e62c83d1b4a,209
n8a03141ae07355d6,n8a03141ae07355d6,209
nf2494cd68f8e1c59,nf2494cd68f8e1c59,209
n40dde0876eca196b,n40dde0876eca196b,209
n2649450ca91e5f0d,n2649450ca91e5f0d,209
n7e76f5a026f00621,n7e76f5a026f00621,210
n50fa879f078d3ba3,n50fa879f078d3ba3,210
nb3e836fa141f9104,nb3e836fa141f9104,210
nf161ef00a93f07d0,nf161ef00a93f07d0,210
n0b96f0b1b2a13d85,n0b96f0b1b2a13d85,210
n7d54d84c62e6c38e,n7d54d84c62e6c38e,210
n7f75e24a27dd1ea1,n7f75e24a27dd1ea1,210
naedc349f470ab600,naedc349f470ab600,210
n47aacc0d1c448185,n47aacc0d1c448185,210
n13bb488bec9d8f7b,n13bb488bec9d8f7b,210
naeeb81d9bbc47fa0,naeeb81d9bbc47fa0,210
n64c73fc53ffe0ca6,n64c73fc53ffe0ca6,210
n70e51b3a75014e46,n70e51b3a75014e46,210
n53d000c4398b018d,n53d000c4398b018d,210
nf6fef41d912e35b0,nf6fef41d912e35b0,210
n868a5e12b7842812,n868a5e12b7842812,210
n34ed4aa2692157b3,n34ed4aa2692157b3,210
n417517fcaad9d3c4,n417517fcaad9d3c4,210
nee9e327c007b49ab,nee9e327c007b49ab,210
ndc91a6adbb6094fa,ndc91a6adbb6094fa,210
n94b6d79e177c5be3,n94b6d79e177c5be3,210
nde2e67eac613ae6b,nde2e67eac613ae6b,210
n0049e074fc5a1d6e,n0049e074fc5a1d6e,210
n71f19271a53964f1,n71f19271a53964f1,210
nfc28633a70231d64,nfc28633a70231d64,210
n084828b90a9eb176,n084828b90a9eb176,210
n3415ddc927013378,n3415ddc927013378,210
nfa0f12a63ad922e1,nfa0f12a63ad922e1,210
n12934383064921f6,n12934383064921f6,210
na57c3d749dda95bf,na57c3d749dda95bf,210
nfd5adbfcbcc36a25,nfd5adbfcbcc36a25,210
nf0acf389327667c0,nf0acf389327667c0,210
nb0dc91266d4265ac,nb0dc91266d4265ac,210
n2fdf0f57b94072b0,n2fdf0f57b94072b0,210
ne35d20b47d88dd5c,ne35d20b47d88dd5c,210
nba78806ca0f4109e,nba78806ca0f4109e,210
nb5e9fec4b2618fa3,nb5e9fec4b2618fa3,210
nfb94d14ecf0762ee,nfb94d14ecf0762ee,210
n2562b4dfac3b3ba3,n2562b4dfac3b3ba3,210
n0558fc1a203383f2,n0558fc1a203383f2,210
n52ef682d62628166,n52ef682d62628166,210
nb623ec1f8aaff45b,nb623ec1f8aaff45b,210
nf7bd4ee687a03e3e,nf7bd4ee687a03e3e,210
n7dd56e733fb25622,n7dd56e733fb25622,210
n05ad6fc863617b40,n05ad6fc863617b40,210
ncc97991d539603eb,ncc97991d539603eb,210
n990567430796da3e,n990567430796da3e,210
n28c8897586632a45,n28c8897586632a45,210
n5498bfea9dcaebaf,n5498bfea9dcaebaf,210
n78e01b5a825f93d4,n78e01b5a825f93d4,210
n58de26c4734eb79d,n58de26c4734eb79d,210
nd21ced14bf97d140,nd21ced14bf97d140,210
n41ab2c50ec61d87b,n41ab2c50ec61d87b,210
n6674f939179e59d5,n6674f939179e59d5,210
nae2cffc79817cbcd,nae2cffc79817cbcd,210
nbaaf202b5247d839,nbaaf202b5247d839,210
nc8d5d9c66589fa81,nc8d5d9c66589fa81,210
nc1847ff1947789b0,nc1847ff1947789b0,210
nd7f8c439d6577555,nd7f8c439d6577555,210
nd6c336793adfbd55,nd6c336793adfbd55,210
n72d8f3fa80111f3d,n72d8f3fa80111f3d,210
n795d56fc6282bdd9,n795d56fc6282bdd9,211
necd0e14cdb922d9b,necd0e14cdb922d9b,211
nad9f7f8834dc4f7d,nad9f7f8834dc4f7d,211
n44a36c7b8aadfe48,n44a36c7b8aadfe48,211
n31b9d5f23d0ec0e3,n31b9d5f23d0ec0e3,211
ne2cbba71759de69a,ne2cbba71759de69a,211
n74202bf905649ec4,n74202bf905649ec4,211
nd3db946455924793,nd3db946455924793,211
nc0f43156ec72f110,nc0f43156ec72f110,211
n2ce2eb9c0e612ec2,n2ce2eb9c0e612ec2,211
nac26b481ec467761,nac26b481ec467761,211
n015ddcea8d25d59f,n015ddcea8d25d59f,211
n1a00c9ffeb80984c,n1a00c9ffeb80984c,211
nf3e31a6f46477acb,nf3e31a6f46477acb,211
nfd7160aef5147bec,nfd7160aef5147bec,211
nfc98c873da9235cb,nfc98c873da9235cb,211
nca50cb3654b0af10,nca50cb3654b0af10,211
n514f639a976c3b63,n514f639a976c3b63,211
n0f0d03486a70bf42,n0f0d03486a70bf42,211
ncd7cca3ba2ccef03,ncd7cca3ba2ccef03,211
n84861c590e88d0fe,n84861c590e88d0fe,211
n248c8f2ddf5997a6,n248c8f2ddf5997a6,211
na50d9dcbcb036632,na50d9dcbcb036632,211
n42c539bfbcbe67f8,n42c539bfbcbe67f8,211
n2c0c20644c8171c6,n2c0c20644c8171c6,211
n79cac850aa828e4b,n79cac850aa828e4b,211
nf866c6e26d1d0ee0,nf866c6e26d1d0ee0,211
na70054246fd7c1f3,na70054246fd7c1f3,211
n497b8c10c2cd5723,n497b8c10c2cd5723,211
nf1876bd8518deef7,nf1876bd8518deef7,211
n077da71f01353066,n077da71f01353066,211
n1a1cb01fca33f5c4,n1a1cb01fca33f5c4,211
n01cdd663e5d8217b,n01cdd663e5d8217b,211
n4bca87dc33ef25a8,n4bca87dc33ef25a8,211
n3f2c140453c54a13,n3f2c140453c54a13,211
n16fd7e582a85068d,n16fd7e582a85068d,211
n0b5742711df31843,n0b5742711df31843,211
n74d81e409f699f56,n74d81e409f699f56,211
nbb42bc229baf8f7d,nbb42bc229baf8f7d,211
ned3b297bec0a581d,ned3b297bec0a581d,211
nfa1432b122c54d6a,nfa1432b122c54d6a,211
nda5942240c2db448,nda5942240c2db448,211
nc1bfba8949003e15,nc1bfba8949003e15,211
nb63540aa6ef268ac,nb63540aa6ef268ac,211
n4f9dacaae9a233c3,n4f9dacaae9a233c3,211
nb9824c258fb257e8,nb9824c258fb257e8,211
ne1fcd73afd6d8e8f,ne1fcd73afd6d8e8f,211
n566c2a9b27d1d6d8,n566c2a9b27d1d6d8,211
n98c0dddc90e4090f,n98c0dddc90e4090f,211
n949d16cc228a747d,n949d16cc228a747d,211
na0dd6e09d2555054,na0dd6e09d2555054,211
n8a239b58bef0cf4c,n8a239b58bef0cf4c,211
nf7d3ae06fcbe1430,nf7d3ae06fcbe1430,211
n72e86bb7f4cfa783,n72e86bb7f4cfa783,211
n51712a58f08cf982,n51712a58f08cf982,211
ne7c91d3bfef6e4bd,ne7c91d3bfef6e4bd,211
n222ed9f711d64d0f,n222ed9f711d64d0f,211
ne939798a9f49b1a8,ne939798a9f49b1a8,211
n5bda4d4b900e5fa8,n5bda4d4b900e5fa8,211
nbbaaa46c81289fb9,nbbaaa46c81289fb9,211
nf7b4b1b8d7c3b41e,nf7b4b1b8d7c3b41e,211
n00bc3690c043fd6b,n00bc3690c043fd6b,212
n348d817b3184e7f2,n348d817b3184e7f2,212
n28c6f35a72ef50ca,n28c6f35a72ef50ca,212
nac33c274656c2828,nac33c274656c2828,212
nf9b8bacc3a3e6080,nf9b8bacc3a3e6080,212
n096f2906947364ae,n096f2906947364ae,212
n8c7d5433414932cb,n8c7d5433414932cb,212
n42f0b386c8ff239a,n42f0b386c8ff239a,212
n6b9d29d6d75c8662,n6b9d29d6d75c8662,212
n1e5ab8cbd90022a2,n1e5ab8cbd90022a2,212
nafd87128385fb886,nafd87128385fb886,212
n6d149b9c5ea8f4bb,n6d149b9c5ea8f4bb,212
ncc86ac864e61d102,ncc86ac864e61d102,212
n258d8b790c9525c8,n258d8b790c9525c8,212
n386b89973d51521e,n386b89973d51521e,212
n9a8f3c294a386d1b,n9a8f3c294a386d1b,212
n0cd73f7ad3d2fb4a,n0cd73f7ad3d2fb4a,212
nf50baedf81151754,nf50baedf81151754,212
n7863c21b16c69c12,n7863c21b16c69c12,212
nc15b481647b17545,nc15b481647b17545,212
ne9e01f9e3f10f060,ne9e01f9e3f10f060,212
n76ea626992848823,n76ea626992848823,212
nb295ba8b8b763ccd,nb295ba8b8b763ccd,212
n4b6056aec09a5442,n4b6056aec09a5442,212
n24a80e1b3fc25126,n24a80e1b3fc25126,212
n7fab74d95df6e34f,n7fab74d95df6e34f,212
na91398a9b70256a9,na91398a9b70256a9,212
nfce813bd2837f207,nfce813bd2837f207,212
n631bf841da0576ef,n631bf841da0576ef,212
nc84d226eef62e7f9,nc84d226eef62e7f9,212
n246e42f2b55af9d0,n246e42f2b55af9d0,212
n876e7de971177e19,n876e7de971177e19,212
n297cb8c8087dfea5,n297cb8c8087dfea5,212
n601815eefa28095f,n601815eefa28095f,212
ndd8cdc537bfe1950,ndd8cdc537bfe1950,212
n5242a77db15b5ecb,n5242a77db15b5ecb,212
nb8a802f799215cca,nb8a802f799215cca,212
n355b3cd51d24709b,n355b3cd51d24709b,212
n908b99ba6f44d0e5,n908b99ba6f44d0e5,212
na8c9e56dfc99bfec,na8c9e56dfc99bfec,212
naa0af82f771c99f6,naa0af82f771c99f6,212
n9adc46d2e6d53ca1,n9adc46d2e6d53ca1,212
n313c0fbcd563fde6,n313c0fbcd563fde6,212
n105561752dc0e716,n105561752dc0e716,212
n49991e3449aed6de,n49991e3449aed6de,212
n1d25c3dd5d4815a2,n1d25c3dd5d4815a2,212
nde0b95ef8754ceb5,nde0b95ef8754ceb5,212
n82517157f5d27b65,n82517157f5d27b65,212
ne010e6d7ca81449d,ne010e6d7ca81449d,212
n242034e447298d17,n242034e447298d17,212
n1d0467ff8b28c675,n1d0467ff8b28c675,212
n5eb38be91c36a0b1,n5eb38be91c36a0b1,212
n254ec48de771502c,n254ec48de771502c,212
nff50ff005feee340,nff50ff005feee340,212
n9714c33da590d883,n9714c33da590d883,212
n3f4b0817f6e8556c,n3f4b0817f6e8556c,212
n899457cec6e7c106,n899457cec6e7c106,212
n31971913d4a64b34,n31971913d4a64b34,212
ndbedd8b6b9606b10,ndbedd8b6b9606b10,212
nf1e1cd6975210281,nf1e1cd6975210281,212
n9fcedebd4c15d050,n9fcedebd4c15d050,212
n8326eeb96434c65a,n8326eeb96434c65a,213
n9b8b7c8149e8cd38,n9b8b7c8149e8cd38,213
nec40ee60dc3d4765,nec40ee60dc3d4765,213
nd066c68d1f7a59c7,nd066c68d1f7a59c7,213
n450ee68b82ca6d82,n450ee68b82ca6d82,213
ne2cb5f4bed874cdd,ne2cb5f4bed874cdd,213
n846421aa839bc661,n846421aa839bc661,213
n92e747f6828a8bab,n92e747f6828a8bab,213
n9ac3acee3fbfc60b,n9ac3acee3fbfc60b,213
nf35beffca84c5d40,nf35beffca84c5d40,213
n49d6de668100b62e,n49d6de668100b62e,213
na6389c673493f3ce,na6389c673493f3ce,213
nbaa4730276980739,nbaa4730276980739,213
nb229333279624c95,nb229333279624c95,213
na21405f0667fa274,na21405f0667fa274,213
n83047f1c93624ad1,n83047f1c93624ad1,213
n8f68cc22234ff37a,n8f68cc22234ff37a,213
nc3dd36388ed8c14f,nc3dd36388ed8c14f,213
nbb8635cb1e17fa2c,nbb8635cb1e17fa2c,213
n6d9baaf7c4d6449a,n6d9baaf7c4d6449a,213
nfd9a3267512be170,nfd9a3267512be170,213
nca74958674ab33b0,nca74958674ab33b0,213
n4166fd3de1d70ecc,n4166fd3de1d70ecc,213
n69bb2bc7dcb451c8,n69bb2bc7dcb451c8,213
ne1f57ff38ac543ea,ne1f57ff38ac543ea,213
na200a653fbda172f,na200a653fbda172f,213
nb68cc8f0bde46c4c,nb68cc8f0bde46c4c,213
nec4e5b9f6444c8b9,nec4e5b9f6444c8b9,213
n981aead496d39e13,n981aead496d39e13,213
nb542a71cc75e5059,nb542a71cc75e5059,213
n710c3260718c928f,n710c3260718c928f,213
n1e0eda109931c81b,n1e0eda109931c81b,213
n3d71d16e123f6096,n3d71d16e123f6096,213
nf21e08072f812914,nf21e08072f812914,213
n07c56bae9378097c,n07c56bae9378097c,213
n2cc3f74f80fec3f2,n2cc3f74f80fec3f2,213
nafced5ea3387801d,nafced5ea3387801d,213
n8d694ef1c3f2ec75,n8d694ef1c3f2ec75,213
n4f86316e1a801d3f,n4f86316e1a801d3f,213
n3017b099c7be444a,n3017b099c7be444a,213
na7840d979fad217a,na7840d979fad217a,213
n817f4550dc2ead6d,n817f4550dc2ead6d,213
n03b21f82199d50e3,n03b21f82199d50e3,213
nf451a5b31b2ae3fe,nf451a5b31b2ae3fe,213
n1da50af2cee03044,n1da50af2cee03044,213
n26c8188b9f8df244,n26c8188b9f8df244,213
ne8cb5ae06db21bef,ne8cb5ae06db21bef,213
nfd9538b0b800150e,nfd9538b0b800150e,213
nb4113d44a2d729f7,nb4113d44a2d729f7,213
nf7f216318c5b8882,nf7f216318c5b8882,213
nfb4bdff13ee74f55,nfb4bdff13ee74f55,213
n155b5507903d43fc,n155b5507903d43fc,213
nc7bd2d5ec95620ba,nc7bd2d5ec95620ba,213
n47d94541dbfa193b,n47d94541dbfa193b,213
n660b6c6334b4027e,n660b6c6334b4027e,213
ne24dfff4b36002c0,ne24dfff4b36002c0,213
n63ffea81b7ddaf4c,n63ffea81b7ddaf4c,213
n3abd4a6ab174a21a,n3abd4a6ab174a21a,213
nff93d283bb4eefd6,nff93d283bb4eefd6,213
n254ed3e3a304db55,n254ed3e3a304db55,213
ndaa9157a6b520c69,ndaa9157a6b520c69,213
n40ef1e08e8dfb91a,n40ef1e08e8dfb91a,213
nbccd7f738d8974c9,nbccd7f738d8974c9,213
naba765228d29b606,naba765228d29b606,213
n5041039582b24076,n5041039582b24076,213
n255f498605d7b8ac,n255f498605d7b8ac,213
nf23ab62e74b3875e,nf23ab62e74b3875e,213
n62e70c436e9e6fb6,n62e70c436e9e6fb6,213
n6e3e2289ca794bc6,n6e3e2289ca794bc6,213
n8c30d34a4a793c61,n8c30d34a4a793c61,213
n453550818521fb23,n453550818521fb23,213
ne90ec6381672d25f,ne90ec6381672d25f,213
nf95a8a7741d8a61a,nf95a8a7741d8a61a,213
n557af547653e0e47,n557af547653e0e47,213
n6266636a3eee9205,n6266636a3eee9205,213
n1db1770dc0a71d6e,n1db1770dc0a71d6e,213
n07cf5e4ed53caed2,n07cf5e4ed53caed2,213
na59559b24a3dc7ff,na59559b24a3dc7ff,213
n8f5e1eb27f6fb304,n8f5e1eb27f6fb304,213
n88c1013aa5dce53e,n88c1013aa5dce53e,213
n01f2cc534001dc6e,n01f2cc534001dc6e,213
n3617886cc9908415,n3617886cc9908415,213
n701143a3f4ef509e,n701143a3f4ef509e,214
n1a2095c9b12c093f,n1a2095c9b12c093f,214
ne160692a2eb04f75,ne160692a2eb04f75,214
n886b3ac5559a5445,n886b3ac5559a5445,214
n11e211bf0a0f0f0e,n11e211bf0a0f0f0e,214
n522ff7a7a4a954a5,n522ff7a7a4a954a5,214
n43b02fe061597064,n43b02fe061597064,214
n58806ced0a11b70c,n58806ced0a11b70c,214
n0a8c48e9066a5986,n0a8c48e9066a5986,214
na70d9931175e640c,na70d9931175e640c,214
ne37a5df0efea5779,ne37a5df0efea5779,214
n1ebf3e86818eba8f,n1ebf3e86818eba8f,214
n77ccb996b3710385,n77ccb996b3710385,214
n2471b1e29932bc66,n2471b1e29932bc66,214
naeba96d10eac447f,naeba96d10eac447f,214
n3b2c806d9f9908fb,n3b2c806d9f9908fb,214
n9d25c643482e65d0,n9d25c643482e65d0,214
n1378d7c2e95262a5,n1378d7c2e95262a5,214
n2ee9adaa5fa15660,n2ee9adaa5fa15660,214
n1bee8fdf1a99d29d,n1bee8fdf1a99d29d,214
n076db2bba8122d68,n076db2bba8122d68,214
nf991d4ec5cb02328,nf991d4ec5cb02328,214
n6ee2edf2b1628dc0,n6ee2edf2b1628dc0,214
nf72e9f78d9cc5e13,nf72e9f78d9cc5e13,214
n42ee92d85dccfd9b,n42ee92d85dccfd9b,214
n1843296ccc850a1e,n1843296ccc850a1e,214
nea62f32d72294032,nea62f32d72294032,214
n166a65693e8590e3,n166a65693e8590e3,214
nfeb4490edd79008c,nfeb4490edd79008c,214
n1e4abf989a40778d,n1e4abf989a40778d,214
n267af2c36d8aa84f,n267af2c36d8aa84f,214
nca46737d9cfffb2f,nca46737d9cfffb2f,214
nacdbba6f65f39754,nacdbba6f65f39754,214
ncd240e12510ca7d0,ncd240e12510ca7d0,214
neddf55b42e79e6ec,neddf55b42e79e6ec,214
nd2504ec91761faf6,nd2504ec91761faf6,214
n5c3564aeb73a90ab,n5c3564aeb73a90ab,214
n13893d929c2c6876,n13893d929c2c6876,214
n608813095f00cc86,n608813095f00cc86,214
n1cc35d49009e8743,n1cc35d49009e8743,214
n77855afeb0d3ca40,n77855afeb0d3ca40,214
n822441fdbf1538ca,n822441fdbf1538ca,214
n83afe9efa709eb24,n83afe9efa709eb24,214
neff6b01476e98ce9,neff6b01476e98ce9,214
n4438dbbb36924e98,n4438dbbb36924e98,214
ne7294a32e64427cf,ne7294a32e64427cf,214
nb11cd6a5251b453e,nb11cd6a5251b453e,214
n0305e1007e0e85da,n0305e1007e0e85da,214
nbba843867369af2d,nbba843867369af2d,214
n8db511c934e1e81d,n8db511c934e1e81d,214
n4395f7cb0abafe5d,n4395f7cb0abafe5d,214
ndbf741e561870247,ndbf741e561870247,214
nf9d6f2c1c76205d9,nf9d6f2c1c76205d9,214
n513e53db852ab396,n513e53db852ab396,214
n735ffe966f07af5d,n735ffe966f07af5d,214
nebe685568874d63e,nebe685568874d63e,214
n96cd02ac32f4bf16,n96cd02ac32f4bf16,215
nad636bfabae71e69,nad636bfabae71e69,215
nf8d23f254ee5da5b,nf8d23f254ee5da5b,215
ne1fda082ba69c2a1,ne1fda082ba69c2a1,215
n7ee4e55a6dba589e,n7ee4e55a6dba589e,215
nd5e24d938707ec58,nd5e24d938707ec58,215
n832d4742b673f00f,n832d4742b673f00f,215
nd587a7c0ba0748c6,nd587a7c0ba0748c6,215
n0fc5acd05a0c5bf7,n0fc5acd05a0c5bf7,215
n6ac25720dfb69aa6,n6ac25720dfb69aa6,215
n1feb2b6c128ba871,n1feb2b6c128ba871,215
n23c46e8807b8abcf,n23c46e8807b8abcf,215
ndfbb61210f831a14,ndfbb61210f831a14,215
n1378e14427b0930a,n1378e14427b0930a,215
n3da95f63ee213b9a,n3da95f63ee213b9a,216
n9e1766b5df0f7f1f,n9e1766b5df0f7f1f,216
nccd7bcd95c7c75b9,nccd7bcd95c7c75b9,216
n5b32815ab204d3ee,n5b32815ab204d3ee,216
n35dded8c9c5d659e,n35dded8c9c5d659e,216
n09fb11763c3a9b4f,n09fb11763c3a9b4f,216
n6aaec186f104ee83,n6aaec186f104ee83,216
n086ef74c5bfe6e01,n086ef74c5bfe6e01,216
n5414e69aadc9a8d2,n5414e69aadc9a8d2,216
n37cd6e62d658903c,n37cd6e62d658903c,216
ne7537c534b11cb07,ne7537c534b11cb07,216
n199b6ac4f7d470fa,n199b6ac4f7d470fa,216
n7bae725cc067b687,n7bae725cc067b687,216
n2d5214be9bf73584,n2d5214be9bf73584,216
n2e793ecf1f8d88eb,n2e793ecf1f8d88eb,216
n3802dc99e8378c7e,n3802dc99e8378c7e,216
nf45ec3fd3441b0b5,nf45ec3fd3441b0b5,216
n2605738693b07ece,n2605738693b07ece,216
n796a2115e22bd19e,n796a2115e22bd19e,216
n63e88ac8efb23617,n63e88ac8efb23617,216
nd40bc42809ee4658,nd40bc42809ee4658,217
n1b78bca216be22fb,n1b78bca216be22fb,217
nb843baee85b3b418,nb843baee85b3b418,217
n694644d22e6cd865,n694644d22e6cd865,217
nee245be080567d24,nee245be080567d24,217
nf8814f7218d79f20,nf8814f7218d79f20,217
nfd90b833b2ff2435,nfd90b833b2ff2435,218
na938286dffdd4057,na938286dffdd4057,218
n0d2759fb75602307,n0d2759fb75602307,218
n02c4b04181428c6d,n02c4b04181428c6d,218
n05fb6dda5f007aaa,n05fb6dda5f007aaa,218
n563b95ef01111186,n563b95ef01111186,218
n386618d7e6bbc568,n386618d7e6bbc568,218
nbeddf5c02b11e8f6,nbeddf5c02b11e8f6,218
n1ff983e422c2fdde,n1ff983e422c2fdde,219
nd77b5d3e3c00e0db,nd77b5d3e3c00e0db,219
nfcd85b8dc56bd6a5,nfcd85b8dc56bd6a5,219
na2a596ce35230490,na2a596ce35230490,219
n2c319a5bed5dcfb1,n2c319a5bed5dcfb1,219
n0f26fac370d9e2a0,n0f26fac370d9e2a0,219
n91550bc1963a9375,n91550bc1963a9375,219
ne63c2f04fc44d065,ne63c2f04fc44d065,219
na473b36eef823418,na473b36eef823418,219
n8f27abd0ab34be15,n8f27abd0ab34be15,219
n4dfd5f5f65160f74,n4dfd5f5f65160f74,220
n228bebecb3cdd48d,n228bebecb3cdd48d,220
n1ee9f0ee2c3fc2c6,n1ee9f0ee2c3fc2c6,220
n85b56fec04c4ce52,n85b56fec04c4ce52,220
n7370384e715951fe,n7370384e715951fe,220
n7b86ff1c5456c8d4,n7b86ff1c5456c8d4,220
n056e811f748d831c,n056e811f748d831c,220
nf17399601dfe8bab,nf17399601dfe8bab,220
nd29e364f28e14026,nd29e364f28e14026,220
n0a06cbb73d8546ca,n0a06cbb73d8546ca,220
nbb3b8d3844316c07,nbb3b8d3844316c07,220
ne3698b6a21647517,ne3698b6a21647517,220
nd83ef4d1514a483d,nd83ef4d1514a483d,220
n083144e2d99f9b89,n083144e2d99f9b89,220
n412ad0e48f945573,n412ad0e48f945573,221
n9137a2c29df88ba7,n9137a2c29df88ba7,221
n37c48b53991a633c,n37c48b53991a633c,221
ne345fdafc31fdd60,ne345fdafc31fdd60,221
n36870b2d4ad67d30,n36870b2d4ad67d30,221
n0dff6df31167160e,n0dff6df31167160e,221
n4e69c528014c0402,n4e69c528014c0402,222
n65662f1f0b61017c,n65662f1f0b61017c,222
nd8647747c3c42161,nd8647747c3c42161,222
na21585d905e1ca10,na21585d905e1ca10,222
n5fdb8da39a0fdbe1,n5fdb8da39a0fdbe1,222
na2c7dc765f942735,na2c7dc765f942735,222
n19e0473e6b0f3c31,n19e0473e6b0f3c31,222
n0e66ef33c3b39d37,n0e66ef33c3b39d37,223
n3588b945838d97a7,n3588b945838d97a7,223
nb2da8d92ddf9ae7f,nb2da8d92ddf9ae7f,223
n24b00b06abcbb273,n24b00b06abcbb273,223
naef7f40c4742f99e,naef7f40c4742f99e,223
n7c0d4eb187a0e09b,n7c0d4eb187a0e09b,224
na3ddb943f5ef6d2b,na3ddb943f5ef6d2b,224
n838b327bb7496668,n838b327bb7496668,224
nde83fe6c00436656,nde83fe6c00436656,224
n3abae81cfb670f17,n3abae81cfb670f17,224
ne933f815960cfacb,ne933f815960cfacb,224
n8448504ec78626e4,n8448504ec78626e4,224
n702d8625e20814ff,n702d8625e20814ff,224
n50358d0e78983ef2,n50358d0e78983ef2,225
n0832936a28f2ca34,n0832936a28f2ca34,225
n896b858d44333d2a,n896b858d44333d2a,225
n5fc74df7d4a18c08,n5fc74df7d4a18c08,225
na48607c7471ef6bb,na48607c7471ef6bb,225
n2c3257df46eba254,n2c3257df46eba254,225
n24f95b799151b9e8,n24f95b799151b9e8,225
n898b3541545a55a7,n898b3541545a55a7,225
nfe6c0fd5cafcc8d3,nfe6c0fd5cafcc8d3,225
nc31bcad251af2893,nc31bcad251af2893,225
n448f162f83da5bd2,n448f162f83da5bd2,225
n9e95a7d9aa2b5cda,n9e95a7d9aa2b5cda,225
n4be617c1a85d8a20,n4be617c1a85d8a20,225
n5b6565f2c777b2ba,n5b6565f2c777b2ba,225
n1cdcbcdc9717ec1d,n1cdcbcdc9717ec1d,225
n0b7d56ebc5106889,n0b7d56ebc5106889,225
nf78998298ee4fd04,nf78998298ee4fd04,225
n9d16e890dee7502d,n9d16e890dee7502d,225
nb98ca471701f5450,nb98ca471701f5450,225
naa038572c544173b,naa038572c544173b,225
ndb36efad24752176,ndb36efad24752176,225
n5ef145188f8aa82b,n5ef145188f8aa82b,225
na6e197ce4870dd1c,na6e197ce4870dd1c,225
nd5e9516278b5d53f,nd5e9516278b5d53f,225
nf4b3699964a8a1c3,nf4b3699964a8a1c3,225
n390c3e2d61251207,n390c3e2d61251207,225
n8c97097199f9f6ed,n8c97097199f9f6ed,225
nae5736f809d8ed47,nae5736f809d8ed47,225
n4c642bc378750f4b,n4c642bc378750f4b,225
n60ad70b8324df662,n60ad70b8324df662,225
na680dc0984a32dba,na680dc0984a32dba,225
n6b7f6ae4ac448445,n6b7f6ae4ac448445,225
n33b021d39e621094,n33b021d39e621094,225
n166a669c1c9e175b,n166a669c1c9e175b,225
ne6eeccd9987d7e23,ne6eeccd9987d7e23,226
n2ff3df96c2d22527,n2ff3df96c2d22527,226
ncd7ae6562a1681c0,ncd7ae6562a1681c0,226
n8a23286b26a89ede,n8a23286b26a89ede,226
ndc8e27524dab2865,ndc8e27524dab2865,226
nd9e970de5c5c80e5,nd9e970de5c5c80e5,226
n3c16532842b58d98,n3c16532842b58d98,226
n463334b833ddc2de,n463334b833ddc2de,226
nde5f652b0970cc39,nde5f652b0970cc39,226
n93f32110e82965cc,n93f32110e82965cc,226
n65f3f2a84a090e76,n65f3f2a84a090e76,226
n5b044504ae5aea03,n5b044504ae5aea03,226
n0899f333cf2c3993,n0899f333cf2c3993,226
nbc07c901d6a1946b,nbc07c901d6a1946b,226
n48a2af93dcc315e1,n48a2af93dcc315e1,226
n2e524f611e836b3d,n2e524f611e836b3d,226
n6c82046f5932e2bf,n6c82046f5932e2bf,226
n8ceb225df8368500,n8ceb225df8368500,226
n6e93362c12ccd68e,n6e93362c12ccd68e,226
n2f820e2be258996b,n2f820e2be258996b,226
n261fe1b74b25bdb2,n261fe1b74b25bdb2,226
nbbd78c39e64e0df4,nbbd78c39e64e0df4,226
nf054b81e59340f55,nf054b81e59340f55,226
n6d57f14eb701eb53,n6d57f14eb701eb53,226
n370c7abccdffed58,n370c7abccdffed58,226
n272a44f25ad21434,n272a44f25ad21434,226
n6a4d7a1a530b4b00,n6a4d7a1a530b4b00,226
ne448494c757706db,ne448494c757706db,226
n72090fa72d7b3183,n72090fa72d7b3183,226
n6e40c8424910cda9,n6e40c8424910cda9,226
nc49657d1bb23ac01,nc49657d1bb23ac01,226
na33e188ad44279b3,na33e188ad44279b3,226
n2044475b0806aacd,n2044475b0806aacd,226
n0bfdb9d966b33f92,n0bfdb9d966b33f92,227
nb1ceb1eb92df208d,nb1ceb1eb92df208d,227
nfbddde892d62f03c,nfbddde892d62f03c,227
nb36e7f10fdcfe1f7,nb36e7f10fdcfe1f7,227
n82a18a94389a7b58,n82a18a94389a7b58,227
nd58351aa10e1c545,nd58351aa10e1c545,227
n9d9b03232d5da5e8,n9d9b03232d5da5e8,227
n24757f1922698d7a,n24757f1922698d7a,227
n64288c53c565c670,n64288c53c565c670,227
nbf0364ffbb61cc61,nbf0364ffbb61cc61,227
n263ce85aa5b1648a,n263ce85aa5b1648a,227
n600b8c8e54b62f1e,n600b8c8e54b62f1e,227
n7936b5f4f3564a29,n7936b5f4f3564a29,227
n5e52ff8717b9bf9a,n5e52ff8717b9bf9a,227
n02f34d59a7d4e50a,n02f34d59a7d4e50a,227
n7e5dda8df3f5d59b,n7e5dda8df3f5d59b,227
n67e09c1313073965,n67e09c1313073965,227
nf9c00e21ffa3fe90,nf9c00e21ffa3fe90,227
n8aab962f75814707,n8aab962f75814707,227
n5200db459f7ff451,n5200db459f7ff451,227
nbc0f8c6f72d5cc0c,nbc0f8c6f72d5cc0c,227
n7e87e300d0f54f34,n7e87e300d0f54f34,227
ndae25a8670ea53d7,ndae25a8670ea53d7,227
n8a0bdb180729444c,n8a0bdb180729444c,227
nfb990c545efb89ec,nfb990c545efb89ec,227
n16e405be776e20db,n16e405be776e20db,227
ndab09a8ee5521bf0,ndab09a8ee5521bf0,227
n58b3ddb55bf1fa58,n58b3ddb55bf1fa58,228
nce14d854adb1887a,nce14d854adb1887a,228
n0f33fd15e6bf20a9,n0f33fd15e6bf20a9,228
n11a326355da3d1ac,n11a326355da3d1ac,228
n6f7c2cc8c68be9ba,n6f7c2cc8c68be9ba,228
n3c8045b1380ff8e3,n3c8045b1380ff8e3,228
n2960c3de8b31b44d,n2960c3de8b31b44d,228
n2be3d4e1a49a42e8,n2be3d4e1a49a42e8,228
n99cdc4aa7b3c78a2,n99cdc4aa7b3c78a2,228
nf839e1fc5845d61a,nf839e1fc5845d61a,228
n13ea1151572f8e91,n13ea1151572f8e91,228
n250253be5446d126,n250253be5446d126,228
n690cc150360e272b,n690cc150360e272b,228
n654e15b5782bbd2a,n654e15b5782bbd2a,228
nc922a6bb2389297c,nc922a6bb2389297c,228
n54bf7000c6b6806c,n54bf7000c6b6806c,228
nb8a37f36ec80276b,nb8a37f36ec80276b,228
n30b8f97b1ddf8afc,n30b8f97b1ddf8afc,228
n253171a1c2b8fd91,n253171a1c2b8fd91,228
nef6df9bad1dee578,nef6df9bad1dee578,228
n8d82393d1b991557,n8d82393d1b991557,228
nb452fe97982da275,nb452fe97982da275,228
n6e5974cde683ee06,n6e5974cde683ee06,228
n44676f8394f735b5,n44676f8394f735b5,228
nc12c5c95a8df0bdc,nc12c5c95a8df0bdc,228
n377bd72f29d97a73,n377bd72f29d97a73,228
nbf810dbd6120ce72,nbf810dbd6120ce72,228
n1076f42394df319f,n1076f42394df319f,228
n0bda5897de016a33,n0bda5897de016a33,228
nbd93cf2bac4235ab,nbd93cf2bac4235ab,228
neec0a96a435fd65a,neec0a96a435fd65a,228
n7536eb903b32deb5,n7536eb903b32deb5,228
n5fd74d5f881c7586,n5fd74d5f881c7586,229
nd69ee5b120b5bfae,nd69ee5b120b5bfae,229
n363582199869c361,n363582199869c361,229
neb39d91438555db9,neb39d91438555db9,229
n8f1a6480da6e2187,n8f1a6480da6e2187,229
na4f0451430b18eef,na4f0451430b18eef,229
n9c1efe647efcf085,n9c1efe647efcf085,229
ncc51db27a084e934,ncc51db27a084e934,229
n33a976320d35188f,n33a976320d35188f,229
nc868918a49b174c8,nc868918a49b174c8,229
nda3d76a21b3f7e81,nda3d76a21b3f7e81,229
n3967bc29670733e8,n3967bc29670733e8,229
n80fce1cfe3d31d30,n80fce1cfe3d31d30,229
n97f7f5663b563f37,n97f7f5663b563f37,229
n7436d44219a97422,n7436d44219a97422,229
n92b6b9430af03b40,n92b6b9430af03b40,229
n3462cacafa212eab,n3462cacafa212eab,229
nd449673c8e53576c,nd449673c8e53576c,229
n3b6413bade26ca0e,n3b6413bade26ca0e,229
ne786cba3c20d287a,ne786cba3c20d287a,229
nc727856962380a7c,nc727856962380a7c,229
nf1a6258826d1f425,nf1a6258826d1f425,229
nfbab63a6ffd5e8d8,nfbab63a6ffd5e8d8,229
n63a1fa1cfe0b9a6d,n63a1fa1cfe0b9a6d,229
nfcdb6489a6dc7686,nfcdb6489a6dc7686,229
n2c6aead65e2c3933,n2c6aead65e2c3933,229
n0ac2c4d562fcefea,n0ac2c4d562fcefea,229
ndf7e86fb6c56b1f2,ndf7e86fb6c56b1f2,229
n45fecae96e51b747,n45fecae96e51b747,229
n7908fbd264281631,n7908fbd264281631,229
ne42fb697c3204226,ne42fb697c3204226,229
ne78194439283d9db,ne78194439283d9db,230
n85d96e1e79b8594a,n85d96e1e79b8594a,230
n4411a81c66f00e0f,n4411a81c66f00e0f,230
n10c561924eb784a9,n10c561924eb784a9,230
n943ef223f426991d,n943ef223f426991d,230
nc2d11a241c9e168c,nc2d11a241c9e168c,230
n4539be23c800c90a,n4539be23c800c90a,230
nc49b41af426a35d1,nc49b41af426a35d1,230
n6b37af52390de16d,n6b37af52390de16d,230
ncec78ccaee0268d7,ncec78ccaee0268d7,230
nfb5339e4912576ca,nfb5339e4912576ca,230
n985cb9b4f895df99,n985cb9b4f895df99,230
n31b439c49598ec69,n31b439c49598ec69,230
n57084d0fc7c932aa,n57084d0fc7c932aa,230
n16c94c21e25485a9,n16c94c21e25485a9,230
n2bf2c4b1d5129d89,n2bf2c4b1d5129d89,230
nfabbc4a47fb46a30,nfabbc4a47fb46a30,230
ncf58e82466a4d012,ncf58e82466a4d012,230
n41709d0274ab43ac,n41709d0274ab43ac,230
nbb05dbde6da05973,nbb05dbde6da05973,230
n15c3a3bd85068e28,n15c3a3bd85068e28,230
n741b4c628679a96e,n741b4c628679a96e,230
n704fcc37e26f7889,n704fcc37e26f7889,230
n91e24c509cb9ebb2,n91e24c509cb9ebb2,230
n577acaaa8d0e2b67,n577acaaa8d0e2b67,230
nae9cb8328ad85700,nae9cb8328ad85700,230
nc41698057a011cdb,nc41698057a011cdb,230
nbd4614f0de4a60a4,nbd4614f0de4a60a4,230
ne1d480fedd6bdd61,ne1d480fedd6bdd61,230
nc424821c4edd3d91,nc424821c4edd3d91,230
nf2cc7fff84761ace,nf2cc7fff84761ace,230
n4e2edef8153187c7,n4e2edef8153187c7,230
nd7e9aaf323dc4a31,nd7e9aaf323dc4a31,230
n671f8a31e6ddfd08,n671f8a31e6ddfd08,231
ncd95c8656d4ac9a8,ncd95c8656d4ac9a8,231
na9f077f4cea427ed,na9f077f4cea427ed,231
nb4203b7bdb266673,nb4203b7bdb266673,231
n2fdfd42a6b9e00ee,n2fdfd42a6b9e00ee,231
n1066c3ec98c8a489,n1066c3ec98c8a489,231
n0aa1a1e4521c4d52,n0aa1a1e4521c4d52,231
nc0daa0ad44870130,nc0daa0ad44870130,231
n45622f4ac542922d,n45622f4ac542922d,231
nb5fcd4d347ffbb8f,nb5fcd4d347ffbb8f,231
n83d1857faacf25bb,n83d1857faacf25bb,231
n122d948f0d6c6881,n122d948f0d6c6881,231
n6f977620d5a53d8b,n6f977620d5a53d8b,231
na05da56132a68ccd,na05da56132a68ccd,231
n1817cf3ec7732c6f,n1817cf3ec7732c6f,231
n01e7afd084dd563e,n01e7afd084dd563e,231
n153de6b4cca50a1b,n153de6b4cca50a1b,231
ne82705ef1472ddf2,ne82705ef1472ddf2,231
n0eb018babbf0c304,n0eb018babbf0c304,231
n7a6710e3ecca5992,n7a6710e3ecca5992,231
n3209ad2fe68e38f7,n3209ad2fe68e38f7,231
n6282b7020074f539,n6282b7020074f539,231
n278f1124868f2f59,n278f1124868f2f59,231
nd289670d1d566a43,nd289670d1d566a43,231
n40e90c48f7bc0bec,n40e90c48f7bc0bec,231
n0980c379d2975689,n0980c379d2975689,232
nc253b775249a72fb,nc253b775249a72fb,232
n8f9320f255ba2ca9,n8f9320f255ba2ca9,232
ne68f6896e14c2d9d,ne68f6896e14c2d9d,232
nf36adca52ed5ea01,nf36adca52ed5ea01,232
n5c7a6a8c421104e5,n5c7a6a8c421104e5,232
ncd02f2678fc81160,ncd02f2678fc81160,232
na8b8385ce209a0be,na8b8385ce209a0be,232
nd5aef219bd28a9c1,nd5aef219bd28a9c1,232
n043b6a16a2f0786d,n043b6a16a2f0786d,232
nff70505361488af1,nff70505361488af1,232
n5cd0a4ac8140bd79,n5cd0a4ac8140bd79,232
n2cc4470ebbb0be2b,n2cc4470ebbb0be2b,232
n39ee23f856a9dbb0,n39ee23f856a9dbb0,232
n3509d283ecf7da75,n3509d283ecf7da75,232
na12fcc267ffcdbd1,na12fcc267ffcdbd1,232
nbf01c2d62f489953,nbf01c2d62f489953,232
n400fb9f1b8f259e4,n400fb9f1b8f259e4,232
nd75e52b314e1daa9,nd75e52b314e1daa9,232
n829cdcd9da55ff9c,n829cdcd9da55ff9c,232
nfc187e6cb373bb43,nfc187e6cb373bb43,233
na95b425fddc51248,na95b425fddc51248,233
n0da305c20b9061ca,n0da305c20b9061ca,233
nae0d1668f9798330,nae0d1668f9798330,233
n31b362a5d48a407c,n31b362a5d48a407c,233
nb6f12a70ee914a9e,nb6f12a70ee914a9e,233
n8fd647a6a2242ee3,n8fd647a6a2242ee3,233
nbc0c2f2a00d40316,nbc0c2f2a00d40316,233
n855dbef312c9b226,n855dbef312c9b226,233
n4afa05fdbe3f272e,n4afa05fdbe3f272e,233
n81d75e978ec33366,n81d75e978ec33366,233
n4b444cee43f7436f,n4b444cee43f7436f,233
n1c265494e5a85850,n1c265494e5a85850,233
nebde9a0925405960,nebde9a0925405960,234
nfe29cc38596cbfac,nfe29cc38596cbfac,234
n2ba60a8146f68cd9,n2ba60a8146f68cd9,234
nec0abba32597c9ae,nec0abba32597c9ae,234
nefb9580d64da29f0,nefb9580d64da29f0,234
n336792267c778b79,n336792267c778b79,234
na5a6e7424551442d,na5a6e7424551442d,234
nb832da6ab5b5e269,nb832da6ab5b5e269,234
ncb29e9b70efcbec0,ncb29e9b70efcbec0,234
n72138e057ea487f1,n72138e057ea487f1,234
n0abc852a938b6bc6,n0abc852a938b6bc6,234
n8b7289ad7401aa47,n8b7289ad7401aa47,234
na557bc7b60d01f76,na557bc7b60d01f76,234
n5f85d8157b2bd11d,n5f85d8157b2bd11d,234
na14c4e1d07d1d39a,na14c4e1d07d1d39a,234
n38b9e00f63def0e3,n38b9e00f63def0e3,234
n25b485c0155ff059,n25b485c0155ff059,234
n94c976675488b428,n94c976675488b428,234
nb63cf0f08cb83f48,nb63cf0f08cb83f48,234
n9035955ff6b08d63,n9035955ff6b08d63,234
n38f5d30e424a8445,n38f5d30e424a8445,234
n0194f080bf3a0608,n0194f080bf3a0608,234
n7dc8caa4d3d82567,n7dc8caa4d3d82567,234
nf757f6fd1ce65d25,nf757f6fd1ce65d25,234
n0d0d1cdde8844c1d,n0d0d1cdde8844c1d,234
na71ea99b312ead03,na71ea99b312ead03,234
nf5dcc302841b279c,nf5dcc302841b279c,234
n6bd289968809bb0d,n6bd289968809bb0d,234
n571b5aaa9585d753,n571b5aaa9585d753,235
ne41937f1818592ee,ne41937f1818592ee,235
n5d62b5e1f50f788a,n5d62b5e1f50f788a,235
ne62e0884dcc10422,ne62e0884dcc10422,235
n31ec60ba4c395460,n31ec60ba4c395460,235
n1bb1bdd81be3aa62,n1bb1bdd81be3aa62,235
nd0d99de16686664d,nd0d99de16686664d,235
nb1a873f6e5a5cb4e,nb1a873f6e5a5cb4e,235
nc98aa196d11b81c3,nc98aa196d11b81c3,235
nd89c27d46319e688,nd89c27d46319e688,235
n0accf24169018c02,n0accf24169018c02,235
ndf0e9312c52f2b11,ndf0e9312c52f2b11,235
nbd1efc04340cd6c5,nbd1efc04340cd6c5,235
na11e08d57bd49a12,na11e08d57bd49a12,235
naf7ae2f52e5da6a9,naf7ae2f52e5da6a9,235
nd1d95b883b8738a8,nd1d95b883b8738a8,235
n03e8eb816757e2da,n03e8eb816757e2da,235
n731c7d50f680bf1e,n731c7d50f680bf1e,235
n7b0ef17210c75feb,n7b0ef17210c75feb,235
n67e54600249a60ca,n67e54600249a60ca,235
n3f8e6c9be508914d,n3f8e6c9be508914d,235
nb8fdd04f73ca06be,nb8fdd04f73ca06be,235
n9f2499d636b41f4c,n9f2499d636b41f4c,235
nc697d3ebb80067ec,nc697d3ebb80067ec,235
nb30a4bae2dea68be,nb30a4bae2dea68be,235
n967040eea4f1e86f,n967040eea4f1e86f,235
n5adde526626685dc,n5adde526626685dc,235
ned1bb62878d051db,ned1bb62878d051db,235
n93ca0b91f4523e14,n93ca0b91f4523e14,235
n8a5d7a8f35150ec0,n8a5d7a8f35150ec0,235
n431cfddc76af3dd0,n431cfddc76af3dd0,235
n3d459f214f845c7b,n3d459f214f845c7b,236
n936aa1c051d182e8,n936aa1c051d182e8,236
n3660c75abc9923e5,n3660c75abc9923e5,236
n5caefb7bacf6f5f8,n5caefb7bacf6f5f8,236
na8c1db2107cf20d7,na8c1db2107cf20d7,236
n3415da695d796ffd,n3415da695d796ffd,236
nfaf1d167909bcec3,nfaf1d167909bcec3,236
n4d349a58f9ab1b4a,n4d349a58f9ab1b4a,236
nba37d1179f2c4a53,nba37d1179f2c4a53,236
ne6c0a78f3a23df28,ne6c0a78f3a23df28,236
ne4d2fdede9ea1065,ne4d2fdede9ea1065,236
n72f8454a380d6c73,n72f8454a380d6c73,236
ne6e875afb66358a1,ne6e875afb66358a1,236
n7b5a41340c947072,n7b5a41340c947072,236
n764d9b48e49e0ee0,n764d9b48e49e0ee0,236
n88d9fb77d792b3d8,n88d9fb77d792b3d8,236
n9a0a76a5f52ec836,n9a0a76a5f52ec836,236
n29f8f394178f8dd6,n29f8f394178f8dd6,236
nef3008d63d5dbfbd,nef3008d63d5dbfbd,236
n67280525fabc3bd5,n67280525fabc3bd5,236
n6ebe09ac4acd2f00,n6ebe09ac4acd2f00,236
n3b4c70d6a74e0a9e,n3b4c70d6a74e0a9e,236
n44a2ceb582d48541,n44a2ceb582d48541,236
n5e5d4852e54878c3,n5e5d4852e54878c3,236
n172ad22f6da1e296,n172ad22f6da1e296,236
na50b22ac2e3b2aca,na50b22ac2e3b2aca,237
n3f1c2eb4999ac7cf,n3f1c2eb4999ac7cf,237
n3341859d7e12a338,n3341859d7e12a338,237
na1f700bf24789ae2,na1f700bf24789ae2,237
n46c1f0ee0790d920,n46c1f0ee0790d920,237
n6bac393809d7976a,n6bac393809d7976a,237
n9dc0b5da4c96c9c1,n9dc0b5da4c96c9c1,237
nacd62cfce98e0428,nacd62cfce98e0428,237
n6fad994ad1dac767,n6fad994ad1dac767,237
n8efef3bb727ca99d,n8efef3bb727ca99d,237
na76428c287ec27f7,na76428c287ec27f7,237
nec7ee21ecae238db,nec7ee21ecae238db,237
n81891fa5eb3a6ab7,n81891fa5eb3a6ab7,237
n9ec0fc93bd47031a,n9ec0fc93bd47031a,237
n1e479ca9f8e751f8,n1e479ca9f8e751f8,237
nfe2cc308b5296ff6,nfe2cc308b5296ff6,237
n5475db3a219d2fc4,n5475db3a219d2fc4,237
nd62c855cb89e2e43,nd62c855cb89e2e43,237
nedb4d9605ac9b377,nedb4d9605ac9b377,237
n1dfdf6d8b08e8e00,n1dfdf6d8b08e8e00,237
n2a4db05e4e608e6d,n2a4db05e4e608e6d,237
ndbeea62c1a630342,ndbeea62c1a630342,237
n3f39bf9b43042224,n3f39bf9b43042224,237
n4ec64625a961dafc,n4ec64625a961dafc,237
n5fad7cde2acfaa72,n5fad7cde2acfaa72,237
n1c5f23691ddb1558,n1c5f23691ddb1558,237
n4d1c6c563cb3f21e,n4d1c6c563cb3f21e,237
n023d6593859d0ec4,n023d6593859d0ec4,237
nbd44540f73f13182,nbd44540f73f13182,237
nebf364ba15468b5f,nebf364ba15468b5f,238
na264af561bb1180a,na264af561bb1180a,238
n914bf175e6f7e091,n914bf175e6f7e091,238
n69ef77097b7683d7,n69ef77097b7683d7,238
n02c84a3541f4ccbe,n02c84a3541f4ccbe,238
ne06ad90944865b7b,ne06ad90944865b7b,238
n084378bee3ed7712,n084378bee3ed7712,238
n39196166fd9a45c8,n39196166fd9a45c8,238
nd3567edeef51f596,nd3567edeef51f596,238
n2d32d2ce5e2c1030,n2d32d2ce5e2c1030,238
n9b149ef4a1157c5e,n9b149ef4a1157c5e,238
n38f91541f2399a51,n38f91541f2399a51,238
nb7ed8d147e91e44a,nb7ed8d147e91e44a,238
nb6089feb621b37dc,nb6089feb621b37dc,238
n99caed7bb131a416,n99caed7bb131a416,238
n781d137e9d4f97da,n781d137e9d4f97da,238
n033e0de314bc5dfe,n033e0de314bc5dfe,238
n877e6e54c811b5ad,n877e6e54c811b5ad,238
n08b1da93739f0900,n08b1da93739f0900,238
n440b0fbdb0aa2abf,n440b0fbdb0aa2abf,238
n8fe78229ababdf21,n8fe78229ababdf21,238
ne954c44ee1d15791,ne954c44ee1d15791,238
n0ca406c202207043,n0ca406c202207043,238
n38dd5ae6828aa337,n38dd5ae6828aa337,238
n6aa044b22b42bdaf,n6aa044b22b42bdaf,238
n273f265c3336f611,n273f265c3336f611,238
ne312a8e8d74e04f8,ne312a8e8d74e04f8,238
n075a22f6d9e796d9,n075a22f6d9e796d9,238
ncb35e82f6404a89b,ncb35e82f6404a89b,238
n0c966d503a070718,n0c966d503a070718,239
nec4c16a0a8b8b623,nec4c16a0a8b8b623,239
n099b0e847a748b66,n099b0e847a748b66,239
nab7a16fbef6e2812,nab7a16fbef6e2812,239
nea3e2f5cf242bdbf,nea3e2f5cf242bdbf,239
nf5e2a3f50576ce34,nf5e2a3f50576ce34,239
n69411dd2a15b97b9,n69411dd2a15b97b9,239
n7684abfe6fc09dbd,n7684abfe6fc09dbd,239
n8093b4a2ad98261c,n8093b4a2ad98261c,239
nd46961779068b4ab,nd46961779068b4ab,239
n2e637d29a910bf31,n2e637d29a910bf31,239
n7e376297da970e22,n7e376297da970e22,239
n835d657734ba9def,n835d657734ba9def,239
nb723a8127cde34aa,nb723a8127cde34aa,239
n85c0e8e830e03dbb,n85c0e8e830e03dbb,239
n76f019af884af7d0,n76f019af884af7d0,239
n6df566c06312355e,n6df566c06312355e,239
n1d65a1bee05aac74,n1d65a1bee05aac74,239
nbcf89503feb8703e,nbcf89503feb8703e,239
n24f9d687f261b212,n24f9d687f261b212,239
n040e1c8b42bd9ebf,n040e1c8b42bd9ebf,239
n3886d5d303e881be,n3886d5d303e881be,239
n0defc5692401e40b,n0defc5692401e40b,239
na3d4186da3721260,na3d4186da3721260,239
neafc4aaa51a06363,neafc4aaa51a06363,239
nbfe36ffa8f773a9a,nbfe36ffa8f773a9a,239
n869f702088d11d62,n869f702088d11d62,239
n8665671d79b8ff05,n8665671d79b8ff05,239
n2b403f61a47ec9d9,n2b403f61a47ec9d9,239
n6a59a6243699aee2,n6a59a6243699aee2,239
nea9c6ab635218852,nea9c6ab635218852,240
n6132d19348957bad,n6132d19348957bad,240
n0821c6eadec043ca,n0821c6eadec043ca,240
ncd998935cdce9159,ncd998935cdce9159,240
n07b4a577cc0a673e,n07b4a577cc0a673e,240
n6e30f70ba0c0c9dd,n6e30f70ba0c0c9dd,240
n190ebbed717f570a,n190ebbed717f570a,240
n0d045ff50b3183b1,n0d045ff50b3183b1,240
n9fa21fdfc1c555c5,n9fa21fdfc1c555c5,240
n6e88401a9e33dfe2,n6e88401a9e33dfe2,240
n933cd08951c8d468,n933cd08951c8d468,240
na3f3cb45456dfe70,na3f3cb45456dfe70,240
n65ddf535cbdddabb,n65ddf535cbdddabb,240
n4c5a9000f59c67a7,n4c5a9000f59c67a7,240
nd50d7c82ddf1c54f,nd50d7c82ddf1c54f,240
nc60a4aeebacb3b91,nc60a4aeebacb3b91,240
nfe9921f0ae88706a,nfe9921f0ae88706a,240
n74ebc9b90e3433b8,n74ebc9b90e3433b8,240
nf3e01a56127f5ebf,nf3e01a56127f5ebf,240
n005af675b2dc87de,n005af675b2dc87de,240
n0bf8ac8d32e7abaa,n0bf8ac8d32e7abaa,240
n95580c6bbfe7a3d1,n95580c6bbfe7a3d1,240
n8c20f345e870c1a8,n8c20f345e870c1a8,240
nc3f2df50b88419c0,nc3f2df50b88419c0,240
n53cb3fcafdbe90cf,n53cb3fcafdbe90cf,240
nb7fcadddc2336309,nb7fcadddc2336309,240
nd8c1d6f5c8f79658,nd8c1d6f5c8f79658,240
n21670296b9d76ac6,n21670296b9d76ac6,241
ndc636281f9ddc6f7,ndc636281f9ddc6f7,241
n1305b5ed87121f27,n1305b5ed87121f27,241
n604aac4db9db7bac,n604aac4db9db7bac,241
nd367d77aa5ef33c6,nd367d77aa5ef33c6,241
nabd49a32db8fa553,nabd49a32db8fa553,241
n7af1adb451c8a27e,n7af1adb451c8a27e,241
n459dbcf99c83017f,n459dbcf99c83017f,241
n25b2376d9ee171e5,n25b2376d9ee171e5,241
n41222546a0c316b5,n41222546a0c316b5,241
n9381a00102280414,n9381a00102280414,241
ne77c7a77bca0b3ca,ne77c7a77bca0b3ca,241
n44027a6945876e65,n44027a6945876e65,241
ncc89f6d0aeee3670,ncc89f6d0aeee3670,241
naf66e12e1e7a1b8d,naf66e12e1e7a1b8d,241
n615ab95c44a022f2,n615ab95c44a022f2,241
na551c1580c5b8cdb,na551c1580c5b8cdb,241
nee89dd18b684746b,nee89dd18b684746b,241
n4ea1d44b6688cd54,n4ea1d44b6688cd54,241
n6d129e58aafb5cb8,n6d129e58aafb5cb8,241
nd2da6be4bdf523a6,nd2da6be4bdf523a6,241
n37b959ac6fddcd39,n37b959ac6fddcd39,241
nf72db6786d9a4612,nf72db6786d9a4612,241
nc08fadb372901bd6,nc08fadb372901bd6,241
nad2e6a865d0d1ce0,nad2e6a865d0d1ce0,241
na97905f7b9590597,na97905f7b9590597,241
n509ee744d358f351,n509ee744d358f351,241
n59ec3f874dc56f63,n59ec3f874dc56f63,241
nb520be02cf179396,nb520be02cf179396,241
n0cac25855ee8f219,n0cac25855ee8f219,242
nbb3c0be3572ade23,nbb3c0be3572ade23,242
nffeb15a134272b53,nffeb15a134272b53,242
n099b8b82c4f0adbc,n099b8b82c4f0adbc,242
n9b68ab2115218901,n9b68ab2115218901,242
n4cd50b4e2b5eb43b,n4cd50b4e2b5eb43b,242
nd842ac191eab152e,nd842ac191eab152e,242
ncec730ba597db7c3,ncec730ba597db7c3,242
nc692bbc470c0f4f9,nc692bbc470c0f4f9,242
n098b73701681e9b8,n098b73701681e9b8,242
ndaeb535db2af6724,ndaeb535db2af6724,242
n67810a286dd2727e,n67810a286dd2727e,242
nce84960f42eb07a7,nce84960f42eb07a7,242
n40991f36f16d6743,n40991f36f16d6743,242
n645750e0cee3b5bd,n645750e0cee3b5bd,242
nb12c285bf4fae810,nb12c285bf4fae810,242
n9aa8be82e25823d5,n9aa8be82e25823d5,242
nd945687db489ade3,nd945687db489ade3,242
n9b2d54fca8cf410c,n9b2d54fca8cf410c,242
nf69ecdc82c99c6bf,nf69ecdc82c99c6bf,242
n8949aa440ee31ce0,n8949aa440ee31ce0,242
nb557b5a12de3551f,nb557b5a12de3551f,242
nb5dca08debc01a3b,nb5dca08debc01a3b,242
nd95fb4aa6a1c4b7b,nd95fb4aa6a1c4b7b,242
n8eb1d983f18a172c,n8eb1d983f18a172c,243
n1071d9a211634721,n1071d9a211634721,243
n893381b751a1163b,n893381b751a1163b,243
n1cca3b26d5d1dbc0,n1cca3b26d5d1dbc0,243
n7180858e99832e0b,n7180858e99832e0b,243
n8037b5e5b5224460,n8037b5e5b5224460,243
n617166beaac25cf1,n617166beaac25cf1,243
nceb104bd151b5667,nceb104bd151b5667,243
nac2bf8b23c2b2c65,nac2bf8b23c2b2c65,243
nd0aa22a38cf5e9ea,nd0aa22a38cf5e9ea,243
n55bfb10fea0898be,n55bfb10fea0898be,243
ne9421792ca309570,ne9421792ca309570,243
na50b7e172cc1f401,na50b7e172cc1f401,243
na1320565babbff02,na1320565babbff02,243
n4f1050f709894f32,n4f1050f709894f32,243
nadfd47333d9ef9e0,nadfd47333d9ef9e0,243
ne26fdd370d1cedc2,ne26fdd370d1cedc2,243
n765151d47d1ffba9,n765151d47d1ffba9,243
ne2c60b8c3ced86b4,ne2c60b8c3ced86b4,243
n468b23fa4c44d21b,n468b23fa4c44d21b,243
n7d7bcb5c1e89a2fc,n7d7bcb5c1e89a2fc,243
naa4136d7c5d34563,naa4136d7c5d34563,243
nfce38742c76330ba,nfce38742c76330ba,243
nd45325d2dd928f84,nd45325d2dd928f84,243
nd82ff33fa96bec34,nd82ff33fa96bec34,243
na60295f9e9194865,na60295f9e9194865,243
n748578f633bd9561,n748578f633bd9561,243
nbb876cba757f232c,nbb876cba757f232c,243
nb7015dfbd795a02f,nb7015dfbd795a02f,244
n473a36de59c4f205,n473a36de59c4f205,244
n95e834a750042e51,n95e834a750042e51,244
nfd35b05a0b938605,nfd35b05a0b938605,244
ne12360144508862b,ne12360144508862b,244
n47774ce6e03e99be,n47774ce6e03e99be,244
n2578673d15590cad,n2578673d15590cad,244
n77f26a1219e47b89,n77f26a1219e47b89,244
nb7a5d00ebef82e71,nb7a5d00ebef82e71,244
n7dc71a8adea71974,n7dc71a8adea71974,244
n3365f40fd0e499f8,n3365f40fd0e499f8,244
ncf182753a694185f,ncf182753a694185f,244
n443ea62281232246,n443ea62281232246,244
n219eb7746858a28d,n219eb7746858a28d,244
nf00afa50032a7e1b,nf00afa50032a7e1b,244
n6ba31dedcf09aeeb,n6ba31dedcf09aeeb,244
n1becb96434e2b1bf,n1becb96434e2b1bf,244
nc5d1ad73ba231313,nc5d1ad73ba231313,244
nb662e0c933201890,nb662e0c933201890,244
n5ad0ca9024446545,n5ad0ca9024446545,244
na9c51f71bcc838f0,na9c51f71bcc838f0,244
ncfba7c016f179e14,ncfba7c016f179e14,244
nbbeb05501b742664,nbbeb05501b742664,244
na6c02ceb54317b75,na6c02ceb54317b75,244
n233912dba23b9caa,n233912dba23b9caa,244
n87c72d53613fff53,n87c72d53613fff53,244
n0d98ba8fa38a160a,n0d98ba8fa38a160a,245
nab66e6ec7225ca0d,nab66e6ec7225ca0d,245
n879a322896996d6c,n879a322896996d6c,245
nae67d46b3d37b4e3,nae67d46b3d37b4e3,245
n2d1e0e866de712a2,n2d1e0e866de712a2,245
ncecaf590a8fa5151,ncecaf590a8fa5151,245
nd2a49d399721949e,nd2a49d399721949e,245
n662d77676b88fcde,n662d77676b88fcde,245
n5d2f96fb7345b352,n5d2f96fb7345b352,245
nc49eb822b10385f0,nc49eb822b10385f0,245
n09476d16146dc486,n09476d16146dc486,245
n7e27a58d96ba6a85,n7e27a58d96ba6a85,245
n9fe0e2ab2ee50ad3,n9fe0e2ab2ee50ad3,245
n26f9c29913155510,n26f9c29913155510,245
n5baebc46e30beefd,n5baebc46e30beefd,245
n96a9ae9779877c50,n96a9ae9779877c50,245
nbc52d786554fe751,nbc52d786554fe751,245
ne9dba4ac19a0f4a7,ne9dba4ac19a0f4a7,245
n1966a6e7d4803f83,n1966a6e7d4803f83,245
n54b093c4780bd397,n54b093c4780bd397,245
ncf5a4d0e167cefa0,ncf5a4d0e167cefa0,245
n3e62fe97bc96f2f3,n3e62fe97bc96f2f3,245
n4424c6a446f6ba39,n4424c6a446f6ba39,245
n45f79a9e7cc3d940,n45f79a9e7cc3d940,245
n44d554321509df0a,n44d554321509df0a,245
n1a5bb5166c4776b7,n1a5bb5166c4776b7,245
n690a332eae74e566,n690a332eae74e566,245
nf6fc153147d04d5b,nf6fc153147d04d5b,245
nb1a1dc5e2da42e74,nb1a1dc5e2da42e74,246
n11255ec1dbb32446,n11255ec1dbb32446,246
nb8663099c277d768,nb8663099c277d768,246
ncbe5d5e89d0284a0,ncbe5d5e89d0284a0,246
nc939209bb6b82fac,nc939209bb6b82fac,246
n09a984ce58608a67,n09a984ce58608a67,246
n9253f7fb6a65278a,n9253f7fb6a65278a,246
nadda041095f37f01,nadda041095f37f01,246
nd04491ee49f0ca9f,nd04491ee49f0ca9f,246
n20244efa2ba19d42,n20244efa2ba19d42,246
n43af06226df3c5c3,n43af06226df3c5c3,246
n4a494161179eddbb,n4a494161179eddbb,246
ncdfcf00b9849efec,ncdfcf00b9849efec,246
n717901d9b0e7f1fb,n717901d9b0e7f1fb,246
n4b01adc83b6ca1e6,n4b01adc83b6ca1e6,246
nd45d88e90712afa8,nd45d88e90712afa8,246
nda83792d9d9d0df4,nda83792d9d9d0df4,246
n7a2785b125284097,n7a2785b125284097,246
n69a5d75ac9204c30,n69a5d75ac9204c30,246
n6de4251a2ca920ae,n6de4251a2ca920ae,246
n6d9f57edc5868830,n6d9f57edc5868830,246
na7b1257abe0ce786,na7b1257abe0ce786,246
n2d622a768623303f,n2d622a768623303f,246
n26122bf71f4ceaf1,n26122bf71f4ceaf1,246
n1b1389e801d1c62f,n1b1389e801d1c62f,246
n7d5971279a6b5085,n7d5971279a6b5085,246
n5c752eda602d2525,n5c752eda602d2525,246
n84931c9cca87bfa2,n84931c9cca87bfa2,246
n6454912beea38d0c,n6454912beea38d0c,246
ne8b728fb7f1ed9cf,ne8b728fb7f1ed9cf,246
n174332bf49e69dd5,n174332bf49e69dd5,247
ndc70275655d253ad,ndc70275655d253ad,247
nb57c48ebfce2ed3a,nb57c48ebfce2ed3a,247
ndb42190b80e1aa86,ndb42190b80e1aa86,247
n578f9388202caeaa,n578f9388202caeaa,247
n6d7b1efa6730630f,n6d7b1efa6730630f,247
need67c2b056165a1,need67c2b056165a1,247
n28f9f0e2a75799b6,n28f9f0e2a75799b6,247
nca9648081b816f23,nca9648081b816f23,247
nad5acb7bae7866f9,nad5acb7bae7866f9,247
n9ebcb6a611308d24,n9ebcb6a611308d24,247
nc7a4e52a1675d4f0,nc7a4e52a1675d4f0,247
n22b4f1004f7689d3,n22b4f1004f7689d3,247
n01c167044ac8b17a,n01c167044ac8b17a,247
na051c11247f3e317,na051c11247f3e317,247
n2f221dddf60ed8c7,n2f221dddf60ed8c7,247
na7b67f75dbd11c9f,na7b67f75dbd11c9f,247
na0b1893490500619,na0b1893490500619,247
nebe9ff01b95d6802,nebe9ff01b95d6802,247
nadf67239ec6921cd,nadf67239ec6921cd,247
n4a513ab784cc91cf,n4a513ab784cc91cf,247
n79e86f88787845ce,n79e86f88787845ce,247
n9f59e3defc5340f9,n9f59e3defc5340f9,247
na6aad88b681c4399,na6aad88b681c4399,247
ne828c68205ac8553,ne828c68205ac8553,247
nd6415ef1ae54817a,nd6415ef1ae54817a,247
na5c7875e108c3b61,na5c7875e108c3b61,247
neb7823d7c79f0b05,neb7823d7c79f0b05,247
ned7cc31adf614e08,ned7cc31adf614e08,247
n3df0f25870424ea5,n3df0f25870424ea5,247
nc367357a228629c6,nc367357a228629c6,248
n38ca4d85e9ccecf7,n38ca4d85e9ccecf7,248
n0efdb02ea2674e63,n0efdb02ea2674e63,248
neb22756cec52d104,neb22756cec52d104,248
na9f4089ac39abd73,na9f4089ac39abd73,248
n9d8a1aff305fd279,n9d8a1aff305fd279,248
na1376dbf8b4638cd,na1376dbf8b4638cd,248
n2dc275287ffb5622,n2dc275287ffb5622,248
ndfb4e9103c9ebefe,ndfb4e9103c9ebefe,248
n1da40889e652fd9c,n1da40889e652fd9c,248
n07fc8ad2c7029ff8,n07fc8ad2c7029ff8,248
nf7a979d6c88e0711,nf7a979d6c88e0711,248
nc13112085116ac48,nc13112085116ac48,248
n4df801d7f14753af,n4df801d7f14753af,248
n5e304455be9045f8,n5e304455be9045f8,248
nba8ec7234983d09f,nba8ec7234983d09f,248
naecb01f75006e735,naecb01f75006e735,248
ne8867ea300045ee9,ne8867ea300045ee9,248
nb2c015aa28d01bd4,nb2c015aa28d01bd4,248
n812a0783f1aa95cb,n812a0783f1aa95cb,248
n9d5f6322c8a05e92,n9d5f6322c8a05e92,248
n60128bd28a1b48e6,n60128bd28a1b48e6,248
nbe3b5fbf5019c19a,nbe3b5fbf5019c19a,248
nf34838fb27250546,nf34838fb27250546,248
nb5dc7bbd4dfb282d,nb5dc7bbd4dfb282d,248
ne01b793d5209170f,ne01b793d5209170f,248
nf8a8560609c65a05,nf8a8560609c65a05,249
ne11f2bc9384a60aa,ne11f2bc9384a60aa,249
nf490750626454913,nf490750626454913,249
nf852631d07fee0ab,nf852631d07fee0ab,249
n7aab25eda968318d,n7aab25eda968318d,249
n85338da8243bb527,n85338da8243bb527,249
n1840767649adf0e1,n1840767649adf0e1,249
n7fb9c755411f36ca,n7fb9c755411f36ca,249
n0e629b6cadcd6840,n0e629b6cadcd6840,249
ncd4ed49248184277,ncd4ed49248184277,249
n3dec0f031cef159c,n3dec0f031cef159c,249
nf6167b4e93ff0feb,nf6167b4e93ff0feb,249
n6ec2d680ad921aa7,n6ec2d680ad921aa7,249
n70bc31dfbfff6c09,n70bc31dfbfff6c09,249
na8265e9079edb01b,na8265e9079edb01b,249
ncfba5ac7e21e1197,ncfba5ac7e21e1197,249
nd303abb3a47d18ab,nd303abb3a47d18ab,249
ne80789086e1046ea,ne80789086e1046ea,249
n09040e69bee48c89,n09040e69bee48c89,249
n5227f80d6dcd65bb,n5227f80d6dcd65bb,249
n7e4b3124a5861aaf,n7e4b3124a5861aaf,249
n45ae6f3cf209e662,n45ae6f3cf209e662,249
n041153a0ee8ace0b,n041153a0ee8ace0b,249
n700047afc8f1bc7a,n700047afc8f1bc7a,249
n6f47bb82a605c955,n6f47bb82a605c955,249
n7b4e852469a0b6f5,n7b4e852469a0b6f5,250
n2a5cef754c0e50ca,n2a5cef754c0e50ca,250
n9239c540fdd6a4c8,n9239c540fdd6a4c8,250
n7d8a39eec406861c,n7d8a39eec406861c,250
nc88dd6bda369ef64,nc88dd6bda369ef64,250
n92c6ae87bbd6cf23,n92c6ae87bbd6cf23,250
na03c1022c8042bff,na03c1022c8042bff,250
ne01495c1a58c234d,ne01495c1a58c234d,250
nf1548df9d87f08f2,nf1548df9d87f08f2,250
na778d3fa23269bfa,na778d3fa23269bfa,250
n3bdb98dd094caa51,n3bdb98dd094caa51,250
n6848e18942cdeabe,n6848e18942cdeabe,250
n87c05231d624b030,n87c05231d624b030,250
n2459b44670d1d60f,n2459b44670d1d60f,250
n4e954fcece26012b,n4e954fcece26012b,250
nb8d8ab172ea3bc2f,nb8d8ab172ea3bc2f,250
nc0e0ec8c97497732,nc0e0ec8c97497732,250
n48c2cad72c9f4694,n48c2cad72c9f4694,250
na1c1e52a967f66f8,na1c1e52a967f66f8,250
n06dba8348919a826,n06dba8348919a826,250
n470085f8ea96bc97,n470085f8ea96bc97,250
na1a07008cbd8b985,na1a07008cbd8b985,250
nd42fd19efe029a38,nd42fd19efe029a38,250
n0c09343c31cd4696,n0c09343c31cd4696,250
nbe7e4fc722c397e0,nbe7e4fc722c397e0,250
n352004ad3a661e47,n352004ad3a661e47,250
n0e1076aa0ff056a2,n0e1076aa0ff056a2,250
n08252a5234788922,n08252a5234788922,251
n8626840f59a6891d,n8626840f59a6891d,251
n8d37129633d084d4,n8d37129633d084d4,251
nc79d96a8d46b9c70,nc79d96a8d46b9c70,251
n07b7526693a86bef,n07b7526693a86bef,251
nfa64251fb5b1c1c9,nfa64251fb5b1c1c9,251
nba700fa1a62104c2,nba700fa1a62104c2,251
n9bd087602c14241d,n9bd087602c14241d,251
n5606921c959d4b18,n5606921c959d4b18,251
n9445a6987a6168b3,n9445a6987a6168b3,251
n80cbeb0dfe91df22,n80cbeb0dfe91df22,251
n5ffefbd8661deb03,n5ffefbd8661deb03,251
ne990fb98cfa0a82b,ne990fb98cfa0a82b,251
n968301a8da2b4717,n968301a8da2b4717,251
n98f80d479849a9fd,n98f80d479849a9fd,251
n932460b903735a03,n932460b903735a03,251
nca04b0fc6f16b211,nca04b0fc6f16b211,251
nb683b4c210009f48,nb683b4c210009f48,251
n76ee8a07ee84bbc9,n76ee8a07ee84bbc9,251
n496c980100b332ea,n496c980100b332ea,251
n81c3c4b0e997ed2b,n81c3c4b0e997ed2b,251
nd398f2f13c4e3755,nd398f2f13c4e3755,251
n3ea1dbed35ee877e,n3ea1dbed35ee877e,251
n1f4026e183897b8b,n1f4026e183897b8b,251
ncc791658dce14f6b,ncc791658dce14f6b,251
na38a95e59d539595,na38a95e59d539595,251
n749a75230435bc4c,n749a75230435bc4c,251
n905cd34cf8c3b337,n905cd34cf8c3b337,251
n1f96ce5d2b5d6b0e,n1f96ce5d2b5d6b0e,252
n6c7dae377090e7d8,n6c7dae377090e7d8,252
nc2f7d498913d834b,nc2f7d498913d834b,252
n633355c3ff7d763d,n633355c3ff7d763d,252
n20e3033d0c8c417e,n20e3033d0c8c417e,252
nc3d2c8c4d22f9130,nc3d2c8c4d22f9130,252
n7523381ffe29757a,n7523381ffe29757a,252
nbab92238da71709b,nbab92238da71709b,252
n7186d4b9889e3b56,n7186d4b9889e3b56,252
n03ef7e23468ff1ba,n03ef7e23468ff1ba,252
n52a0ac43f1ebed7a,n52a0ac43f1ebed7a,252
n9845d15c8c6eea53,n9845d15c8c6eea53,252
n681d6dba1d2d7afc,n681d6dba1d2d7afc,252
n4636c0b466989412,n4636c0b466989412,252
nf3a25b2770ceae69,nf3a25b2770ceae69,252
n50fb1fe9b868d693,n50fb1fe9b868d693,252
n51c3132c899b2b3a,n51c3132c899b2b3a,252
nb46dfe5b2842d14b,nb46dfe5b2842d14b,252
nade832c4ab586fb3,nade832c4ab586fb3,252
n4a95c161181f4ce8,n4a95c161181f4ce8,252
n27393ea228ca2f83,n27393ea228ca2f83,252
nfcdc27fcb39776aa,nfcdc27fcb39776aa,252
nc7e5226c2227c947,nc7e5226c2227c947,252
n9dccc3e0183e0abb,n9dccc3e0183e0abb,252
nb0743f07722b70a0,nb0743f07722b70a0,252
n164c203f74b5f99d,n164c203f74b5f99d,252
n607fceb2b121b77d,n607fceb2b121b77d,253
n765c79da22f6a5c4,n765c79da22f6a5c4,253
n46fe00567471d8fb,n46fe00567471d8fb,253
n6e46f650b3512710,n6e46f650b3512710,253
n542447092c5e314b,n542447092c5e314b,253
n60675a631d2581bd,n60675a631d2581bd,253
n9a5b8623eb52ba42,n9a5b8623eb52ba42,253
n99886f564612de27,n99886f564612de27,253
ne370500ab6f6c74e,ne370500ab6f6c74e,253
ndc23d4cc70801c07,ndc23d4cc70801c07,253
n05f062bd3a303027,n05f062bd3a303027,253
n6d64204e5fbcca52,n6d64204e5fbcca52,253
n194e1c28105c05a8,n194e1c28105c05a8,253
n8db326bc6b7ad068,n8db326bc6b7ad068,253
nc7bfcc786a803806,nc7bfcc786a803806,253
n36d880e1a513ca8b,n36d880e1a513ca8b,253
n0aa5b713b9acd7b7,n0aa5b713b9acd7b7,253
nc4a1d55866cf519a,nc4a1d55866cf519a,253
n1f2dda0855937e5c,n1f2dda0855937e5c,253
n95f0f244873cdc1f,n95f0f244873cdc1f,253
nb38f244dccd2e3cc,nb38f244dccd2e3cc,253
n8dcb108e66cb44c5,n8dcb108e66cb44c5,253
nb19c22a2ffe6a070,nb19c22a2ffe6a070,253
n1c0d468d86292af7,n1c0d468d86292af7,253
n7ad21d73a73e1400,n7ad21d73a73e1400,253
n8084e71e9b6aa508,n8084e71e9b6aa508,253
ndc67732e8c8c5d6c,ndc67732e8c8c5d6c,253
n60960aa5cc6d78a6,n60960aa5cc6d78a6,253
n9036fd70b42fc3e0,n9036fd70b42fc3e0,253
n9c037c01e026a357,n9c037c01e026a357,253
n89ded711486ccd19,n89ded711486ccd19,254
n21beca3652553b71,n21beca3652553b71,254
n5596480647be50fb,n5596480647be50fb,254
nf04ff0eb5e3bc552,nf04ff0eb5e3bc552,254
n2195904ee3eec166,n2195904ee3eec166,254
nca80e4b64d70d1b2,nca80e4b64d70d1b2,254
nd7eb8e90a50d0391,nd7eb8e90a50d0391,254
n5bbf962dba499dc6,n5bbf962dba499dc6,254
ncbdc4c7615f7dd0c,ncbdc4c7615f7dd0c,254
na332e04c43b01446,na332e04c43b01446,254
n4d81e7a9672a53c6,n4d81e7a9672a53c6,254
n9dfcbefc4b192ba1,n9dfcbefc4b192ba1,254
ne5385fd6a69e7bef,ne5385fd6a69e7bef,254
n1cbd395b06912053,n1cbd395b06912053,254
nd8a23e359c31a441,nd8a23e359c31a441,254
nb676f7e60dee176b,nb676f7e60dee176b,254
nb560fa33c682f889,nb560fa33c682f889,254
na3e3fcf4461ce067,na3e3fcf4461ce067,254
n093952efcf69e026,n093952efcf69e026,254
n62fa8dc7e0a9e8d7,n62fa8dc7e0a9e8d7,255
na0c392747794748e,na0c392747794748e,255
n79727924f67d8807,n79727924f67d8807,255
n2c74e8239334948b,n2c74e8239334948b,255
n95663e741483bcb0,n95663e741483bcb0,255
n3791a613135ce1ac,n3791a613135ce1ac,255
nfe94d8e9adb8a91b,nfe94d8e9adb8a91b,255
n777103bf4c97e005,n777103bf4c97e005,255
n81ad98f11d4a1245,n81ad98f11d4a1245,255
nbee34fae6943ad2a,nbee34fae6943ad2a,255
n36949587b6b7b1b6,n36949587b6b7b1b6,255
n3b8503f333f86b1e,n3b8503f333f86b1e,255
nf972253177248a45,nf972253177248a45,255
n10aa39f7859b50fe,n10aa39f7859b50fe,255
n8440b5bd96789677,n8440b5bd96789677,255
nd473eaa79eb7f564,nd473eaa79eb7f564,255
nd26438f5aee55ab9,nd26438f5aee55ab9,255
na3e12672b7e684d0,na3e12672b7e684d0,255
n46ba720c3e2bb68e,n46ba720c3e2bb68e,255
nd6e7bf84957ab819,nd6e7bf84957ab819,255
n85b67c6d3f7000ea,n85b67c6d3f7000ea,256
n536eed3d111d62bd,n536eed3d111d62bd,256
n3b8063a1831b300b,n3b8063a1831b300b,256
ne70fc67c8e9b404e,ne70fc67c8e9b404e,256
n4c7649fc79b6651f,n4c7649fc79b6651f,256
n4f8ccd30169d1d03,n4f8ccd30169d1d03,256
n28e246a02557c85b,n28e246a02557c85b,256
nc3b43cf5c56e5818,nc3b43cf5c56e5818,256
nedb28452d432b31d,nedb28452d432b31d,256
n0538567a3f04f865,n0538567a3f04f865,256
n54038f4c6ada7ed9,n54038f4c6ada7ed9,256
nb8a0b0e809115e6d,nb8a0b0e809115e6d,256
nae46c5594356581a,nae46c5594356581a,256
n30471344003ceafd,n30471344003ceafd,256
n59c6f0fb6ba81cb8,n59c6f0fb6ba81cb8,256
n0393ca878b38ba1a,n0393ca878b38ba1a,256
n807ccaee5ba41fc8,n807ccaee5ba41fc8,256
n50ea23b3399c4e9d,n50ea23b3399c4e9d,256
ne91f91003ec2069f,ne91f91003ec2069f,256
n2c7f9e807b7fcd2f,n2c7f9e807b7fcd2f,256
n61787e0753f49de6,n61787e0753f49de6,257
n39185a78311753e8,n39185a78311753e8,257
n4cffc1c8981969ab,n4cffc1c8981969ab,257
n3c3c1c741f558a97,n3c3c1c741f558a97,257
n7ce6e528ce5bc3f2,n7ce6e528ce5bc3f2,257
nb3f7b859b30bb8e4,nb3f7b859b30bb8e4,257
n2513a894e706bb96,n2513a894e706bb96,257
n71ad04e51664cf08,n71ad04e51664cf08,257
n422efdc1002fc97a,n422efdc1002fc97a,257
n022493837e480098,n022493837e480098,257
n3d371edbe5aa1bc0,n3d371edbe5aa1bc0,257
n59200badd4aad9d1,n59200badd4aad9d1,257
n6055fdd6276f5247,n6055fdd6276f5247,257
nddbada02cdf5f0b9,nddbada02cdf5f0b9,257
n34f75634ce81b6b0,n34f75634ce81b6b0,257
nc4efeb5665f855dc,nc4efeb5665f855dc,257
n2b3fae54e626b53c,n2b3fae54e626b53c,257
n9ab72ddc7b7c48fa,n9ab72ddc7b7c48fa,257
n7db20d01e6337ff2,n7db20d01e6337ff2,258
na4fab39b9dd338e5,na4fab39b9dd338e5,258
nd374e54100ce4d3c,nd374e54100ce4d3c,258
na0a98fc867dd7090,na0a98fc867dd7090,258
nf899db6150f20d8b,nf899db6150f20d8b,258
ne945c1e9a611ed1f,ne945c1e9a611ed1f,258
nd748a801a4e27d9a,nd748a801a4e27d9a,258
n5abdf1cb15200001,n5abdf1cb15200001,258
n7763708bbf3a11ea,n7763708bbf3a11ea,258
na607f7f30185066b,na607f7f30185066b,258
n6792bed4cd2ec1e6,n6792bed4cd2ec1e6,258
n2c7847118aa00bb5,n2c7847118aa00bb5,258
n6c41e05d9bdc6e2d,n6c41e05d9bdc6e2d,258
nb144fe828570b1fc,nb144fe828570b1fc,258
n5e1a00d3ac7aaf92,n5e1a00d3ac7aaf92,258
na9bcf11f44301fee,na9bcf11f44301fee,258
na07030d0095de464,na07030d0095de464,258
n2400161570e730fb,n2400161570e730fb,258
n338b70e04d840fd4,n338b70e04d840fd4,258
n9ac3ae2da04125e4,n9ac3ae2da04125e4,258
nba087439efc2044c,nba087439efc2044c,259
nfa9b1ab007e0de69,nfa9b1ab007e0de69,259
nad9d59bfc0131083,nad9d59bfc0131083,259
ne3aad7aa3d9a7f74,ne3aad7aa3d9a7f74,259
n3e0b6119754b86ba,n3e0b6119754b86ba,259
n2ac0efe3da795381,n2ac0efe3da795381,259
n81508bf9e036736c,n81508bf9e036736c,259
n5df83cbca1e81fbc,n5df83cbca1e81fbc,259
n52d4659ba8612c33,n52d4659ba8612c33,259
n4d5007e235f4a361,n4d5007e235f4a361,259
n7266b1edad58e72f,n7266b1edad58e72f,259
n0b8324be0f0f699f,n0b8324be0f0f699f,259
na6a95a632b409cda,na6a95a632b409cda,259
n58707b1fecf3debc,n58707b1fecf3debc,259
nf40d868858fd96a9,nf40d868858fd96a9,259
n4d4d85bd7fe5160c,n4d4d85bd7fe5160c,259
n1a3b928d94531b1d,n1a3b928d94531b1d,259
n877f78a69f507e5c,n877f78a69f507e5c,259
n1acfd4f89bc63f14,n1acfd4f89bc63f14,259
nc348c515221a5267,nc348c515221a5267,259
n5fd54ecca5e3af0c,n5fd54ecca5e3af0c,260
n8c2f070dfa381cbe,n8c2f070dfa381cbe,260
n8b6a99084f330e4f,n8b6a99084f330e4f,260
nba071238439eac89,nba071238439eac89,260
nd29d66c343435ecf,nd29d66c343435ecf,260
n8d421d06de6aac2b,n8d421d06de6aac2b,260
n3dcb8a539f783805,n3dcb8a539f783805,260
n114e8459ddca91a0,n114e8459ddca91a0,260
n524d18ad0b9ce0af,n524d18ad0b9ce0af,260
n486ce0c9f798b035,n486ce0c9f798b035,260
ne82ada1e5c5141ce,ne82ada1e5c5141ce,260
nd3ad679c018eb5c9,nd3ad679c018eb5c9,260
n986a0400b04b27ac,n986a0400b04b27ac,260
n42713954d7457880,n42713954d7457880,260
nf293e4a1adc8cb2c,nf293e4a1adc8cb2c,260
nfa241a51a3b8ee59,nfa241a51a3b8ee59,260
n6a822966a141d77c,n6a822966a141d77c,261
nf2f9cca5e86dc04e,nf2f9cca5e86dc04e,261
n4f87feb6e8db4481,n4f87feb6e8db4481,261
n6bbbca5a006f1a40,n6bbbca5a006f1a40,261
n31764d4ba3e6e9dc,n31764d4ba3e6e9dc,261
n347e0d4b4b1f25b8,n347e0d4b4b1f25b8,261
n99bc63d6fdc50ef6,n99bc63d6fdc50ef6,261
n075dcb7025254bf7,n075dcb7025254bf7,261
n6f0494cb626f602f,n6f0494cb626f602f,261
n29aac29178c62387,n29aac29178c62387,261
n341e5c580b8fb6d3,n341e5c580b8fb6d3,261
n5ce4dd066fba9b09,n5ce4dd066fba9b09,261
n9a5d55d5ec175390,n9a5d55d5ec175390,261
nfa84a86a22580246,nfa84a86a22580246,261
nc0914cd84966db29,nc0914cd84966db29,261
nbf6b7847fd38eead,nbf6b7847fd38eead,261
n03361bc50ebe9e12,n03361bc50ebe9e12,261
n0235e94edba2491c,n0235e94edba2491c,261
nf7290a07ee7b55b1,nf7290a07ee7b55b1,261
nc268cecf6c594135,nc268cecf6c594135,261
ne3071bfaefd21f91,ne3071bfaefd21f91,261
n40eb64eb0d6f48a5,n40eb64eb0d6f48a5,261
n73fb86bdf6e7261e,n73fb86bdf6e7261e,261
n16f29bde872dd68c,n16f29bde872dd68c,261
nb0b21249640eb261,nb0b21249640eb261,261
nd7afeeb6fcf48a59,nd7afeeb6fcf48a59,261
n4a196fddc31d7832,n4a196fddc31d7832,262
n4f6b523d883a2bad,n4f6b523d883a2bad,262
ned3c2a5f52e664ff,ned3c2a5f52e664ff,262
nad1173b8717fbee8,nad1173b8717fbee8,262
ne33b8014a0ec01f6,ne33b8014a0ec01f6,262
ncf1e49d8ce2e1b26,ncf1e49d8ce2e1b26,262
n5c8bc3832f47e7a0,n5c8bc3832f47e7a0,262
n31829db15e30b4e0,n31829db15e30b4e0,262
n6b08bb404a8f9ec6,n6b08bb404a8f9ec6,262
nb5a1cc013ea2f3f3,nb5a1cc013ea2f3f3,262
na3137e0cf0b48532,na3137e0cf0b48532,262
n5f7273a841fe5c65,n5f7273a841fe5c65,262
nc5007261642c1c72,nc5007261642c1c72,262
n55c6a489fd2c33f6,n55c6a489fd2c33f6,262
n5371abb19eb39756,n5371abb19eb39756,262
nfaf03ef5aad35cbe,nfaf03ef5aad35cbe,262
na4c7c012cca1bb98,na4c7c012cca1bb98,262
nb56148eedc25e53e,nb56148eedc25e53e,262
n9750f308f2aec791,n9750f308f2aec791,262
nc389ccfd0dd1d960,nc389ccfd0dd1d960,262
n954722c4c4edd8cf,n954722c4c4edd8cf,262
n6b499f3d71673619,n6b499f3d71673619,262
n553e3ee4f61f4fab,n553e3ee4f61f4fab,262
n9e685123428c67df,n9e685123428c67df,262
n5dc744fb6d726498,n5dc744fb6d726498,262
n590d49b6f8ad7fa0,n590d49b6f8ad7fa0,262
nfef9a00e5f946212,nfef9a00e5f946212,262
nb23f2ec7aacaedd2,nb23f2ec7aacaedd2,262
n0ca89451956cedc3,n0ca89451956cedc3,262
n5280e5889b41d1a5,n5280e5889b41d1a5,262
n3c0d42139d6fc891,n3c0d42139d6fc891,262
ne211c88230983451,ne211c88230983451,262
n92d72a911d27ac84,n92d72a911d27ac84,263
n1d25b0fd8e14a029,n1d25b0fd8e14a029,263
n46d4db8a8db4d7f2,n46d4db8a8db4d7f2,263
ncaf385fa22e6ff78,ncaf385fa22e6ff78,263
ndaf9956a2b2cb9a3,ndaf9956a2b2cb9a3,263
naae017d6ced14596,naae017d6ced14596,263
naf3132f683404ade,naf3132f683404ade,263
nda097bc860a81bc3,nda097bc860a81bc3,263
nea9376f81e4a71e7,nea9376f81e4a71e7,263
nbf9b5a0096866ae6,nbf9b5a0096866ae6,263
n639ae6a2334b1725,n639ae6a2334b1725,263
n3c41d8613003054e,n3c41d8613003054e,263
n04b290150646a44f,n04b290150646a44f,263
n4938244e3ca156d5,n4938244e3ca156d5,263
nbbf3fe3b3074def0,nbbf3fe3b3074def0,263
ne9030b29a033768e,ne9030b29a033768e,263
ne70d6cd41c9e1783,ne70d6cd41c9e1783,263
n334e61b2eb46bc9a,n334e61b2eb46bc9a,263
nc5b4ea064a2524cc,nc5b4ea064a2524cc,263
n0fe5eddf62ef0786,n0fe5eddf62ef0786,263
na7708cc183af63d6,na7708cc183af63d6,263
n8510f1d08004444d,n8510f1d08004444d,263
nfd0ff527c5c95f77,nfd0ff527c5c95f77,263
n9839e862c251c11f,n9839e862c251c11f,263
nd5cdc0577f705035,nd5cdc0577f705035,263
ne32665d6b94220d8,ne32665d6b94220d8,263
n73763123d94e8028,n73763123d94e8028,263
n3ba5b4647feb4272,n3ba5b4647feb4272,263
n8695b5f18a2cb55f,n8695b5f18a2cb55f,263
n545c290ec6d714c6,n545c290ec6d714c6,263
n6042cb4721fb06ee,n6042cb4721fb06ee,263
nd7b60d443d84a5ee,nd7b60d443d84a5ee,263
nd6baa69d4a50a9dd,nd6baa69d4a50a9dd,263
n6a083398d9d9dcc6,n6a083398d9d9dcc6,263
nb14713ba02127026,nb14713ba02127026,263
n336c87665f0cf6f4,n336c87665f0cf6f4,263
n47d29646755f3faa,n47d29646755f3faa,263
n4170d18ce349e228,n4170d18ce349e228,263
n59712e7cdce73c93,n59712e7cdce73c93,264
n201784b0c3ab0c46,n201784b0c3ab0c46,264
n8fc856fd543ccdaf,n8fc856fd543ccdaf,264
n5099c6652dbbb7c6,n5099c6652dbbb7c6,264
n06f8349fe2f355ed,n06f8349fe2f355ed,264
nd528c082f92586cd,nd528c082f92586cd,264
n52237bc97c4ac1d3,n52237bc97c4ac1d3,264
na758f82db253ec55,na758f82db253ec55,264
n60f605047fba0793,n60f605047fba0793,264
nf3b87fd0fae1da70,nf3b87fd0fae1da70,264
n10c2a65396458cc9,n10c2a65396458cc9,264
n37d82397c570ea93,n37d82397c570ea93,264
n778a329107b9edb9,n778a329107b9edb9,264
n27c569a4fd0c231c,n27c569a4fd0c231c,264
n353d6280a417da0b,n353d6280a417da0b,264
nc827123586a3353a,nc827123586a3353a,264
nd8243b1067be6ab4,nd8243b1067be6ab4,264
n8932df2735210a61,n8932df2735210a61,264
nb2dc4b6d8f337408,nb2dc4b6d8f337408,264
na1ff5f87e7a92395,na1ff5f87e7a92395,264
n0805a513c2737c8d,n0805a513c2737c8d,264
n8d082003dfc2ba85,n8d082003dfc2ba85,264
n36e8c6728d03c51e,n36e8c6728d03c51e,264
n81afad11e7e78cc0,n81afad11e7e78cc0,264
nba481e1d7e641d6b,nba481e1d7e641d6b,264
nd7f321408c35aab1,nd7f321408c35aab1,264
n5f0a2ebe94efaf12,n5f0a2ebe94efaf12,264
nf43c00772cb40d9e,nf43c00772cb40d9e,264
n999fe40da03ab3a3,n999fe40da03ab3a3,264
nca2836d687231422,nca2836d687231422,264
ne9d7b9ea7f25ca13,ne9d7b9ea7f25ca13,264
n195dc3c935414293,n195dc3c935414293,264
nab588be315883606,nab588be315883606,264
n5068d1090c26f131,n5068d1090c26f131,264
n5aeee80ec05a9002,n5aeee80ec05a9002,264
n4955b36c2ce3217e,n4955b36c2ce3217e,264
ndd935ae40dc701a9,ndd935ae40dc701a9,264
n5a05c04ffc12de2a,n5a05c04ffc12de2a,265
n5d18adc7fef19041,n5d18adc7fef19041,265
n6bb65039fbf98718,n6bb65039fbf98718,265
n55f36cae5ac84b70,n55f36cae5ac84b70,265
nd8605e3644754e3d,nd8605e3644754e3d,265
n49a042d32f689ce7,n49a042d32f689ce7,265
ne72082aed7e5be27,ne72082aed7e5be27,265
n68c11fdd18bca2d9,n68c11fdd18bca2d9,265
n6e419905b76e9e66,n6e419905b76e9e66,265
n3734b28dcbc6e678,n3734b28dcbc6e678,265
n924e8e9ff42e63fe,n924e8e9ff42e63fe,265
n811b8b1ba1efef64,n811b8b1ba1efef64,265
n0ffc8989141d6ef4,n0ffc8989141d6ef4,265
na98035015fc57f9b,na98035015fc57f9b,265
nf394a3b054fbce99,nf394a3b054fbce99,265
nf84f90b7714d6190,nf84f90b7714d6190,265
nbc31bc3f89277da2,nbc31bc3f89277da2,265
nae1f64bb406d5ee3,nae1f64bb406d5ee3,265
n3583ba3e8c75331f,n3583ba3e8c75331f,265
n76622f33ad44a565,n76622f33ad44a565,265
nec29f18d0573e421,nec29f18d0573e421,265
ndb680788c13e41fc,ndb680788c13e41fc,265
n8aef7c29e3eb4501,n8aef7c29e3eb4501,265
ncd2123eed94e9aac,ncd2123eed94e9aac,265
n90b9ffb48924b32d,n90b9ffb48924b32d,265
n9a8d7119d1322e60,n9a8d7119d1322e60,265
n47d097ed5995b826,n47d097ed5995b826,265
n5922aacc82810757,n5922aacc82810757,265
n885fc9f2dd589689,n885fc9f2dd589689,265
n05539d63f6888957,n05539d63f6888957,265
neac71ff8e2fa8a22,neac71ff8e2fa8a22,265
n0a965525184e2318,n0a965525184e2318,265
n4b6dd6c9a4e5d5da,n4b6dd6c9a4e5d5da,265
n8d11937826b8ec2c,n8d11937826b8ec2c,265
n4d8701316efef605,n4d8701316efef605,266
n0b56a5985bd353de,n0b56a5985bd353de,266
n8b9f9e7bc75a0506,n8b9f9e7bc75a0506,266
n4b454c7b2d1ab58f,n4b454c7b2d1ab58f,266
n3605cda14227625a,n3605cda14227625a,266
n5c56e5d47b93af03,n5c56e5d47b93af03,266
n4fd5a40108318c76,n4fd5a40108318c76,266
n6121408ecd96ac03,n6121408ecd96ac03,266
n5bbf905d9914633c,n5bbf905d9914633c,266
nb6b5c33585fad024,nb6b5c33585fad024,266
n536794ba65865ac7,n536794ba65865ac7,266
nba5edcb9847bb8e1,nba5edcb9847bb8e1,266
n95877a70acaef943,n95877a70acaef943,266
n629f659161371d6a,n629f659161371d6a,266
nb8ed0b633c7a6bbf,nb8ed0b633c7a6bbf,266
n9abd0963d6912679,n9abd0963d6912679,266
n7f4182da1e41a97c,n7f4182da1e41a97c,266
n4394900174f42695,n4394900174f42695,266
n3a0a932516ee43ed,n3a0a932516ee43ed,266
n8726f49bec62806b,n8726f49bec62806b,266
n94a628a7fefc1e18,n94a628a7fefc1e18,266
nfb945c0de64a6c3c,nfb945c0de64a6c3c,266
nb4f95eacbb0071ca,nb4f95eacbb0071ca,266
na77f647120635f46,na77f647120635f46,266
n6ba92a097086c80b,n6ba92a097086c80b,266
nd6a5c457fbb9a391,nd6a5c457fbb9a391,266
ndd63515fb22f5f07,ndd63515fb22f5f07,266
na498de6eef02e36b,na498de6eef02e36b,266
n4f11acd1f6f895da,n4f11acd1f6f895da,266
n8f84bf158f117f56,n8f84bf158f117f56,266
n6b30432d68c76082,n6b30432d68c76082,266
nd022e30210fb2029,nd022e30210fb2029,266
n7f70d3bff0a86bf1,n7f70d3bff0a86bf1,266
n7e5e538e3b314e64,n7e5e538e3b314e64,266
nc640e0531034fddd,nc640e0531034fddd,266
na926281652a169dd,na926281652a169dd,266
na42fd0e9e16691ec,na42fd0e9e16691ec,267
n563a730077eae6d8,n563a730077eae6d8,267
n4e9590b51aa9bfe0,n4e9590b51aa9bfe0,267
n5fddb3a83386f24c,n5fddb3a83386f24c,267
nf65970c912a47f6e,nf65970c912a47f6e,267
naca97054c87118df,naca97054c87118df,267
n928305cf4a95ae96,n928305cf4a95ae96,267
nc03328b01bf2b597,nc03328b01bf2b597,267
n173469833405dc59,n173469833405dc59,267
nff1ec7f8ce1c8fb0,nff1ec7f8ce1c8fb0,267
nb5b222fdfa794b59,nb5b222fdfa794b59,267
nfc23c28964cf78d5,nfc23c28964cf78d5,267
n9c69ef34fa721fac,n9c69ef34fa721fac,267
n8cf0d2098cff9d97,n8cf0d2098cff9d97,267
nb2e8bdbbe70461e1,nb2e8bdbbe70461e1,267
n5e6d029472c92a45,n5e6d029472c92a45,267
na41cc5060f915a83,na41cc5060f915a83,267
nb66f57ae44cf61c2,nb66f57ae44cf61c2,267
n3090dcac9ae7778e,n3090dcac9ae7778e,267
n2bc4259475a3bc6f,n2bc4259475a3bc6f,267
n6f9a55bfa29cc884,n6f9a55bfa29cc884,267
n3629c9d51d38184c,n3629c9d51d38184c,267
n359fea5251111cce,n359fea5251111cce,267
n2bd420aecc069db7,n2bd420aecc069db7,267
n506df3da3245ebde,n506df3da3245ebde,267
nb9beb9dbda77e758,nb9beb9dbda77e758,267
nd3064c50f750e977,nd3064c50f750e977,267
n139a384230cb2ed1,n139a384230cb2ed1,267
n4fe5a4b40c5e5878,n4fe5a4b40c5e5878,267
n61d6d9a82909861e,n61d6d9a82909861e,267
ne6c910e7b2d11e8e,ne6c910e7b2d11e8e,267
n3240ccba78f39a28,n3240ccba78f39a28,267
n820a9096e233135d,n820a9096e233135d,267
n4bb904d5f7624b96,n4bb904d5f7624b96,267
n243e75baa82f8234,n243e75baa82f8234,267
n758794fc753fecfc,n758794fc753fecfc,268
n42e651094b4c6402,n42e651094b4c6402,268
nd813ef1d4e4c7cae,nd813ef1d4e4c7cae,268
n40489e8d0decad49,n40489e8d0decad49,268
nef73c4cb9337c71a,nef73c4cb9337c71a,268
n4809269ab3a82ac2,n4809269ab3a82ac2,268
n5c2d8d48fe461d4f,n5c2d8d48fe461d4f,268
nf01dc0b57accd5fc,nf01dc0b57accd5fc,268
n622ea340fead37ec,n622ea340fead37ec,268
ne3f8c3d9301b3dbe,ne3f8c3d9301b3dbe,268
nade6dc5a189036e8,nade6dc5a189036e8,268
n2230e8404827247c,n2230e8404827247c,268
n23c828bd768e4ca8,n23c828bd768e4ca8,268
n93f96276225731bf,n93f96276225731bf,268
n275d2c803709535a,n275d2c803709535a,268
nd039b200d962e85a,nd039b200d962e85a,268
n0e4f12c27a185335,n0e4f12c27a185335,268
nf0bcc8da3694c83e,nf0bcc8da3694c83e,268
n6fe5909a7a9e63b4,n6fe5909a7a9e63b4,268
n7588b8d7cdb91941,n7588b8d7cdb91941,268
nfdf1e9c5a5e6d22a,nfdf1e9c5a5e6d22a,268
n288ea5df8227a24a,n288ea5df8227a24a,268
n49b654a279dcf4e4,n49b654a279dcf4e4,268
nf0c2ee625a0531a9,nf0c2ee625a0531a9,268
n38cab3d61671c6ac,n38cab3d61671c6ac,268
nd5a1ff5a70830646,nd5a1ff5a70830646,268
n6fa26f331960d2af,n6fa26f331960d2af,268
n97dc0c8c5a20f316,n97dc0c8c5a20f316,268
n5da3b0e17ff07d87,n5da3b0e17ff07d87,268
nb2bc23dfb67eb126,nb2bc23dfb67eb126,268
n6c2d0ffb3e8cce0c,n6c2d0ffb3e8cce0c,268
n7e5f2fd883337ceb,n7e5f2fd883337ceb,268
nd28b806b187108a7,nd28b806b187108a7,268
n2a902b4e66d28864,n2a902b4e66d28864,268
ne2d84b532e1d2a41,ne2d84b532e1d2a41,268
nc3b3cc31798ceebd,nc3b3cc31798ceebd,268
n4e8772a44dc54506,n4e8772a44dc54506,268
n564c247269b21811,n564c247269b21811,268
nc82931071cb37cf7,nc82931071cb37cf7,268
n90384727f99603b6,n90384727f99603b6,268
nfc7f3b96eb0f879d,nfc7f3b96eb0f879d,268
n07e2ed3d4d10adc6,n07e2ed3d4d10adc6,268
n53bceb416d5aa5e5,n53bceb416d5aa5e5,268
n5b21fbbed6fca619,n5b21fbbed6fca619,268
n621364fbcb06b8fb,n621364fbcb06b8fb,269
n256e5a0ac3286440,n256e5a0ac3286440,269
n40e6d6e72e2809b2,n40e6d6e72e2809b2,269
nb13199a4aa800e0e,nb13199a4aa800e0e,269
n5e3d614c7260d073,n5e3d614c7260d073,269
n4ae1cca7283345fb,n4ae1cca7283345fb,269
nd5297c3e2be7e643,nd5297c3e2be7e643,269
nbe3549f2507d3df7,nbe3549f2507d3df7,269
ne23db56ebfae180f,ne23db56ebfae180f,269
n1cc55c356325c822,n1cc55c356325c822,269
n0a72e8288872750a,n0a72e8288872750a,269
nf81f8be24536b654,nf81f8be24536b654,269
n41aadfe532955c70,n41aadfe532955c70,269
nfc83947bd3a7df71,nfc83947bd3a7df71,269
nf936ccbc3275e850,nf936ccbc3275e850,269
nc57cd12951b00cd4,nc57cd12951b00cd4,269
na8aa1877d339dc6b,na8aa1877d339dc6b,269
ndba24e265fa7ce71,ndba24e265fa7ce71,269
n3f62ef1992860117,n3f62ef1992860117,269
nc8e1c93ab6b98ea3,nc8e1c93ab6b98ea3,269
ncc52961fe646ea80,ncc52961fe646ea80,269
n535831a49197758d,n535831a49197758d,269
nd69ac4ad51db1b67,nd69ac4ad51db1b67,269
n8657590fef1908b8,n8657590fef1908b8,269
ndcbb61c8d7451bb2,ndcbb61c8d7451bb2,269
n90385aab9970b6a4,n90385aab9970b6a4,269
ndfdb7f455f0aae8b,ndfdb7f455f0aae8b,270
nfc87a4200c77c91d,nfc87a4200c77c91d,270
ncf47a060a56cde8d,ncf47a060a56cde8d,270
n20d5f4f815adb48a,n20d5f4f815adb48a,270
neb27edbea33fd442,neb27edbea33fd442,270
n4f865d76b540aca7,n4f865d76b540aca7,270
n0384966768692372,n0384966768692372,270
nc4a51d8150461b19,nc4a51d8150461b19,270
nc610a8c672ffd87a,nc610a8c672ffd87a,270
n2087e03fe1829853,n2087e03fe1829853,270
n54a7627f3dc9bc33,n54a7627f3dc9bc33,270
n9d4b2d1343cd5670,n9d4b2d1343cd5670,270
n55ad161f1a79232b,n55ad161f1a79232b,270
nf72876682b1a41ea,nf72876682b1a41ea,270
n653e31aa7c15d97f,n653e31aa7c15d97f,270
n4671d7e25554c3a6,n4671d7e25554c3a6,270
nc58a57985a7e1edf,nc58a57985a7e1edf,270
nf91626d2615f9f4c,nf91626d2615f9f4c,270
nb237eceeeb6c2046,nb237eceeeb6c2046,270
n5d26e4e3e45f8e74,n5d26e4e3e45f8e74,270
na639ae6d151a2b1b,na639ae6d151a2b1b,270
n9ae38848a1b249c5,n9ae38848a1b249c5,270
n098e81b5b970b7f0,n098e81b5b970b7f0,270
n4e41397c468246a2,n4e41397c468246a2,270
n90ca9e905210d580,n90ca9e905210d580,270
n3e5ee9347aca4625,n3e5ee9347aca4625,270
n79835c6f242d5349,n79835c6f242d5349,270
na90961168a30894d,na90961168a30894d,270
n8d7715540d1f6d96,n8d7715540d1f6d96,270
nfade5438ef376dc3,nfade5438ef376dc3,270
nf8ddc9742b50f62e,nf8ddc9742b50f62e,271
ncfecb9155f3b6af1,ncfecb9155f3b6af1,271
n528d438b591e1888,n528d438b591e1888,271
n80f886f32cda113f,n80f886f32cda113f,271
n9166d4bd7d3b5507,n9166d4bd7d3b5507,271
ne2905cb1af9bcae0,ne2905cb1af9bcae0,271
n4f578ac2b0d0b856,n4f578ac2b0d0b856,271
n13d288811cef8900,n13d288811cef8900,271
n2e6a7ce11040281a,n2e6a7ce11040281a,271
n43120340e2d82758,n43120340e2d82758,271
n255dcecab9a5640a,n255dcecab9a5640a,271
nc771f9d9c5084ab7,nc771f9d9c5084ab7,271
n40d459eadb5221ae,n40d459eadb5221ae,271
n1c6ee78b548cb41a,n1c6ee78b548cb41a,271
n16e1358d9e2fc981,n16e1358d9e2fc981,271
n53fa9362dc227c72,n53fa9362dc227c72,271
n35436bae8b8818f8,n35436bae8b8818f8,271
n7875bd3c1fbe86bc,n7875bd3c1fbe86bc,271
n72ef4f5f96a215e1,n72ef4f5f96a215e1,271
nb5a8981d9f2764de,nb5a8981d9f2764de,271
nb90bdff5471cf3d6,nb90bdff5471cf3d6,271
n611dd681a9bc0fbf,n611dd681a9bc0fbf,271
n9b03cbdd113d3dd7,n9b03cbdd113d3dd7,271
nd93b17c7a3fb6e2c,nd93b17c7a3fb6e2c,271
ndae5a3d575f7a153,ndae5a3d575f7a153,271
ncf16bf0540d8852a,ncf16bf0540d8852a,271
nb85786f0540bcce8,nb85786f0540bcce8,271
n76bd973889a8b0e5,n76bd973889a8b0e5,271
n2566deed2a4e45a1,n2566deed2a4e45a1,271
n2c8b16933b668ebf,n2c8b16933b668ebf,271
n4c2b6264cb43912d,n4c2b6264cb43912d,271
n88d5f0e71607fee0,n88d5f0e71607fee0,272
n95495928a617f340,n95495928a617f340,272
n0d6543a1f5f0301f,n0d6543a1f5f0301f,272
n939ba070a892e4d4,n939ba070a892e4d4,272
nd3f50d1a0207971b,nd3f50d1a0207971b,272
nf5b01d4316cba576,nf5b01d4316cba576,272
nd5153c0c7693b8e5,nd5153c0c7693b8e5,272
n3dbca3f8d08ba049,n3dbca3f8d08ba049,272
nbd7186aa31752330,nbd7186aa31752330,272
n730aa173437c0233,n730aa173437c0233,272
n542bd84ca31a542a,n542bd84ca31a542a,272
n37785b340fd37211,n37785b340fd37211,272
ne489e156e925cd3b,ne489e156e925cd3b,272
n96b655128518e1d4,n96b655128518e1d4,272
n8517b10f6c913ee0,n8517b10f6c913ee0,272
n88902466ea3857c1,n88902466ea3857c1,272
na217d7933092f5b8,na217d7933092f5b8,272
nc54b03dbeec774e0,nc54b03dbeec774e0,272
n7de4314ed57e0c22,n7de4314ed57e0c22,272
nf2bc873d0024ac76,nf2bc873d0024ac76,272
n5e9bdbb99a448b95,n5e9bdbb99a448b95,272
n76f98c8284525201,n76f98c8284525201,272
n950e8260fd79a2d7,n950e8260fd79a2d7,272
n7b0be649f9f4ef8b,n7b0be649f9f4ef8b,272
n062747ee74b6d689,n062747ee74b6d689,272
n33d6da1ca3062765,n33d6da1ca3062765,272
n2bd91f711947cab2,n2bd91f711947cab2,272
n93fe33a479e8ad9d,n93fe33a479e8ad9d,272
n72111a78c4a60764,n72111a78c4a60764,273
n800b75d3891fc222,n800b75d3891fc222,273
n7216a74711c556cc,n7216a74711c556cc,273
n604780fe246f8813,n604780fe246f8813,273
n28f08896fe058ec0,n28f08896fe058ec0,273
nfe2ee24e616e084b,nfe2ee24e616e084b,273
n59d99cfc65964856,n59d99cfc65964856,273
n47b57c34d711cb60,n47b57c34d711cb60,273
n7b42773d209c7204,n7b42773d209c7204,273
n48fd6be64a3c130b,n48fd6be64a3c130b,273
n58884befd852b9a8,n58884befd852b9a8,273
n308d9e65f9889987,n308d9e65f9889987,273
n389ac0a7ab173fc1,n389ac0a7ab173fc1,273
ncf923a1898ecf591,ncf923a1898ecf591,273
ne5856f121abd7d0a,ne5856f121abd7d0a,273
n293a0c210d6d8337,n293a0c210d6d8337,273
n88261733cfe40d81,n88261733cfe40d81,273
n00a8b033dbbde173,n00a8b033dbbde173,273
ncc453abe6dcfd8dd,ncc453abe6dcfd8dd,273
nd4767695de6145d8,nd4767695de6145d8,273
n3f024006e2ad5aed,n3f024006e2ad5aed,273
n7fd92d8d15376cff,n7fd92d8d15376cff,273
n1cc54aa44798536f,n1cc54aa44798536f,273
ncc26ac0399c7c21c,ncc26ac0399c7c21c,273
n2f14270146f7bdb6,n2f14270146f7bdb6,273
nf1a4117dac153bd2,nf1a4117dac153bd2,273
n8da25799d72b30db,n8da25799d72b30db,273
nfab654ca8660ae2a,nfab654ca8660ae2a,273
n0e7d172c9cf5b57d,n0e7d172c9cf5b57d,273
nd5a45a85b46ae00b,nd5a45a85b46ae00b,273
n49df68be9a655e47,n49df68be9a655e47,274
n76f785dd2198775e,n76f785dd2198775e,274
n62bd90d0419b5beb,n62bd90d0419b5beb,274
n3f707b8550da6f93,n3f707b8550da6f93,274
nd61d5f86fac184ad,nd61d5f86fac184ad,274
n7bb4aac417d93ac2,n7bb4aac417d93ac2,274
n703c8fa1883d6f5e,n703c8fa1883d6f5e,274
n9095dc597eef4b10,n9095dc597eef4b10,274
nf0ec34d6ce6a01ee,nf0ec34d6ce6a01ee,274
n8c899e7fbda3e28d,n8c899e7fbda3e28d,274
ne97eaaaaac6506b7,ne97eaaaaac6506b7,274
n01f8ee4e23a74d78,n01f8ee4e23a74d78,274
n3971997404408024,n3971997404408024,274
nfd993c42b2bda4ed,nfd993c42b2bda4ed,274
n6cf16c7e2c6d7ad9,n6cf16c7e2c6d7ad9,274
nfadb3a39c5ad6af7,nfadb3a39c5ad6af7,274
n1232fde5a080400e,n1232fde5a080400e,274
n00dc86b11cbcc963,n00dc86b11cbcc963,274
nf877b5b5b5e6ee72,nf877b5b5b5e6ee72,274
n718c7d495e260c32,n718c7d495e260c32,274
n92a8479aff6bb8d8,n92a8479aff6bb8d8,274
n2c95e51dc91381ff,n2c95e51dc91381ff,274
n518c8da03232a83f,n518c8da03232a83f,274
n4e318becf3fe8322,n4e318becf3fe8322,274
nb295721c8b315f3c,nb295721c8b315f3c,274
nd144ac88a177291b,nd144ac88a177291b,274
n3e87a2350e8aae8d,n3e87a2350e8aae8d,274
n44ad936384e3db1c,n44ad936384e3db1c,274
n9ac4382e68005f85,n9ac4382e68005f85,274
nf5b48cb6839d859e,nf5b48cb6839d859e,274
n32a6de8dfdf24a87,n32a6de8dfdf24a87,274
n0d32cf7bc8582ab0,n0d32cf7bc8582ab0,275
n929f0d5808cf8657,n929f0d5808cf8657,275
nb9825e8bad86129b,nb9825e8bad86129b,275
n3ee3cb0f49d6dc29,n3ee3cb0f49d6dc29,275
n588f544ce612e850,n588f544ce612e850,275
n814fb915ca27a7d9,n814fb915ca27a7d9,275
n1ace6eb1f29c12b5,n1ace6eb1f29c12b5,275
n266b9a20f09e86f6,n266b9a20f09e86f6,275
neef2d7296b2aad24,neef2d7296b2aad24,275
n81f9c4ae3936f98e,n81f9c4ae3936f98e,275
nb1740e207de80a6c,nb1740e207de80a6c,275
n366292b37d95c157,n366292b37d95c157,275
nfb93cec6f873a58e,nfb93cec6f873a58e,275
n5332ee605d846be6,n5332ee605d846be6,275
n2f6d49b08515a432,n2f6d49b08515a432,275
nc1c0a2164ecea587,nc1c0a2164ecea587,275
n787d74e6e109a3ac,n787d74e6e109a3ac,275
nb473cef2cebf45a8,nb473cef2cebf45a8,275
na4d7a254e853460b,na4d7a254e853460b,275
n2f07dda69e6c299e,n2f07dda69e6c299e,275
nbc13f5ba54cc12f4,nbc13f5ba54cc12f4,275
n105fe1c336f9bd92,n105fe1c336f9bd92,275
n36298123b702915c,n36298123b702915c,275
n3c1621a7176a11cc,n3c1621a7176a11cc,275
n1c7136e90d1b28d2,n1c7136e90d1b28d2,275
n9d38efb9fbd092c6,n9d38efb9fbd092c6,275
n4f8865e46b7078eb,n4f8865e46b7078eb,275
n3cb5dc909ddc5caf,n3cb5dc909ddc5caf,275
nb50b7489c1c3f1ad,nb50b7489c1c3f1ad,275
ne5858e281dc369d6,ne5858e281dc369d6,275
nc9364c86b14a917c,nc9364c86b14a917c,275
n1565dd1af20f84ce,n1565dd1af20f84ce,276
n2c7578520f5ba959,n2c7578520f5ba959,276
n77eaea564b1a208b,n77eaea564b1a208b,276
nd44207d497d8b7b3,nd44207d497d8b7b3,276
n86b4373d77731bf7,n86b4373d77731bf7,276
n37925d9ca4c8245e,n37925d9ca4c8245e,276
n55cb526898a4a188,n55cb526898a4a188,276
n818ec06c675972ae,n818ec06c675972ae,276
nf5432391b6a1b178,nf5432391b6a1b178,276
ne645d0e63e065ca6,ne645d0e63e065ca6,276
nd5d25d2a387c3a47,nd5d25d2a387c3a47,276
nfc46cfd2f2031c45,nfc46cfd2f2031c45,276
n996b5f7a8a11dc41,n996b5f7a8a11dc41,276
n91daa742ae1431b0,n91daa742ae1431b0,276
n6bb25d6415d7d62f,n6bb25d6415d7d62f,276
nf15675a070e1907b,nf15675a070e1907b,276
nae2f61c4a70d8074,nae2f61c4a70d8074,276
nbff436620cc67964,nbff436620cc67964,276
nd2d5d3e7d824f9c6,nd2d5d3e7d824f9c6,276
n4a092e5a14a5a5b6,n4a092e5a14a5a5b6,276
n01be56ea8783601a,n01be56ea8783601a,276
n18af99a8c6a41bbd,n18af99a8c6a41bbd,276
n858e8a304ec4b1c2,n858e8a304ec4b1c2,276
n0f7acfc1912aaf0e,n0f7acfc1912aaf0e,276
n4a1755b8977a92d2,n4a1755b8977a92d2,276
n9d04c4d63c10312c,n9d04c4d63c10312c,276
nf706b1b19c84ade7,nf706b1b19c84ade7,276
n6bd8a1bdc61b2f0a,n6bd8a1bdc61b2f0a,277
n028306469d328abf,n028306469d328abf,277
n19540409f13db729,n19540409f13db729,277
nafcfa459c02ae404,nafcfa459c02ae404,277
nffba446ea04fee20,nffba446ea04fee20,277
n7bbcfcb026e1b745,n7bbcfcb026e1b745,277
ne584c9170f229726,ne584c9170f229726,277
nc1addf130ae86111,nc1addf130ae86111,277
n37d3a76fc6ae6305,n37d3a76fc6ae6305,277
nf4b7551c8667b95f,nf4b7551c8667b95f,277
n087fb77a1cea9657,n087fb77a1cea9657,277
n520e8b52db23fecc,n520e8b52db23fecc,277
n19691b57c3563d13,n19691b57c3563d13,277
n8d819e4ff883c34d,n8d819e4ff883c34d,277
n32252a334995d73a,n32252a334995d73a,277
na396bdfe8c6c6c74,na396bdfe8c6c6c74,277
n51a2d8fd1f16b101,n51a2d8fd1f16b101,277
nabe2a3fa7ab9918d,nabe2a3fa7ab9918d,277
n471186dab7a532d3,n471186dab7a532d3,277
nc349caccf4b91251,nc349caccf4b91251,277
n5bebf7c8e690d329,n5bebf7c8e690d329,277
n2fabf34f789bbe82,n2fabf34f789bbe82,277
n8e4e86c3148af003,n8e4e86c3148af003,277
nbeb5c519005df730,nbeb5c519005df730,277
n1ac27ee8670c26e6,n1ac27ee8670c26e6,277
n203ab484d68da45f,n203ab484d68da45f,277
n4020875194452c28,n4020875194452c28,277
n43f3a34dfa6dba4f,n43f3a34dfa6dba4f,278
n6184429b9adbf595,n6184429b9adbf595,278
nbf79f606e4846856,nbf79f606e4846856,278
n349c6af0e872ee23,n349c6af0e872ee23,278
nc76ad05daffe0200,nc76ad05daffe0200,278
n19905a934de2e38e,n19905a934de2e38e,278
n8a43ad6df64c944b,n8a43ad6df64c944b,278
n28d20f42cd1fe34a,n28d20f42cd1fe34a,278
n5d9a6ac6f29d81fb,n5d9a6ac6f29d81fb,278
nc19f1834bf6ddcc5,nc19f1834bf6ddcc5,278
n1bb6e93d81c712ca,n1bb6e93d81c712ca,278
nc7e49433f40691eb,nc7e49433f40691eb,278
nbac54e6b57fefad9,nbac54e6b57fefad9,278
nee1dd140edb7eddf,nee1dd140edb7eddf,278
n0841c1e04fe174df,n0841c1e04fe174df,278
n0c01602d111853e7,n0c01602d111853e7,278
n5e7302949568c992,n5e7302949568c992,278
n2039dcd6fbb640ea,n2039dcd6fbb640ea,278
nc891604a9b40e11d,nc891604a9b40e11d,278
ne71b5f629d40cd43,ne71b5f629d40cd43,278
n2a864dbc97430666,n2a864dbc97430666,278
nd4053bdf4d18a79d,nd4053bdf4d18a79d,278
n8142942474324264,n8142942474324264,278
ne32553ecb804e982,ne32553ecb804e982,278
na6e42073980c0192,na6e42073980c0192,278
n32e59d50bb1823bd,n32e59d50bb1823bd,278
nea15cb0e3225d737,nea15cb0e3225d737,278
n50173a1b94b1595d,n50173a1b94b1595d,278
na13eeea990542947,na13eeea990542947,278
n8a314d240598706e,n8a314d240598706e,278
n8c2b185178fe0d73,n8c2b185178fe0d73,279
ne951b1ab117751cd,ne951b1ab117751cd,279
n21e9dd9aed9b68da,n21e9dd9aed9b68da,279
n91017a57594ec6e9,n91017a57594ec6e9,279
nf5ed9bee66ff8ddd,nf5ed9bee66ff8ddd,279
n1946de96ab65d461,n1946de96ab65d461,279
n2e6621ab1e13150e,n2e6621ab1e13150e,279
n9c1374fdce70181b,n9c1374fdce70181b,279
nf77566cd77d25f0e,nf77566cd77d25f0e,279
ndff2b525549f8221,ndff2b525549f8221,279
n52562808e8432837,n52562808e8432837,279
n399cd7c4716e3c14,n399cd7c4716e3c14,279
nb5a24219d0606cac,nb5a24219d0606cac,279
n999a8299e8fc9a15,n999a8299e8fc9a15,279
n147fc5fc76b48343,n147fc5fc76b48343,279
n65b559a25487da1f,n65b559a25487da1f,279
nbba0d791a7d1a388,nbba0d791a7d1a388,279
nc15d7f6f1dd42660,nc15d7f6f1dd42660,279
n2d177d7382f5dd45,n2d177d7382f5dd45,279
nebc56fd60c5ca3ec,nebc56fd60c5ca3ec,279
n3ac3e9e725a76cdd,n3ac3e9e725a76cdd,279
n544f98b4e32333cc,n544f98b4e32333cc,279
n2dba49ca354a184f,n2dba49ca354a184f,279
nd327544e900ecdeb,nd327544e900ecdeb,279
nd7f5a913c50344fb,nd7f5a913c50344fb,279
na224cf110ab78872,na224cf110ab78872,279
naa770f2a652848b4,naa770f2a652848b4,279
ndf3c85a649493f82,ndf3c85a649493f82,279
n4fa8270d1a9397ed,n4fa8270d1a9397ed,280
n331a36177d0dc01d,n331a36177d0dc01d,280
nba45c5c423d95ff7,nba45c5c423d95ff7,280
n336392805f9a6b88,n336392805f9a6b88,280
n8141e2447214fe57,n8141e2447214fe57,280
na35bb5a75e5b6acb,na35bb5a75e5b6acb,280
n0de96cb43084a5ba,n0de96cb43084a5ba,280
ne58cac3ce07416e7,ne58cac3ce07416e7,280
neeb031384a8ef01d,neeb031384a8ef01d,280
nad55fc14afdcb680,nad55fc14afdcb680,280
nee793b74ca7c6d47,nee793b74ca7c6d47,280
n116ed18ebfdc8927,n116ed18ebfdc8927,280
n5f8aa977ab1fec32,n5f8aa977ab1fec32,280
n8f55d7d278adab33,n8f55d7d278adab33,280
n90aac3acf016ddf8,n90aac3acf016ddf8,280
n4eb3b4ab794ea7ff,n4eb3b4ab794ea7ff,280
ne345e25842d5d26f,ne345e25842d5d26f,280
n2b022f4071e4a87e,n2b022f4071e4a87e,280
nabdf7167887218bc,nabdf7167887218bc,280
n0b3e8173ed3d0811,n0b3e8173ed3d0811,280
n3a771422d4ecd654,n3a771422d4ecd654,280
n96eb33700038ee77,n96eb33700038ee77,280
nb0db9f91bebb407e,nb0db9f91bebb407e,280
nc9a6fed433852133,nc9a6fed433852133,280
n3cf0034f3e99f01b,n3cf0034f3e99f01b,280
nfcc63279104dd36e,nfcc63279104dd36e,280
n9196c5930deace43,n9196c5930deace43,280
n5300c02b00ccdd8e,n5300c02b00ccdd8e,280
nd11575bf79f4c437,nd11575bf79f4c437,280
nef61ed1085944c47,nef61ed1085944c47,280
n9e627cf3f73b5a4b,n9e627cf3f73b5a4b,280
nfc2fe35a107fbd96,nfc2fe35a107fbd96,280
n0931919d675d8788,n0931919d675d8788,280
nf29f0a25e6a58b04,nf29f0a25e6a58b04,280
n5ae93ce6147f53f1,n5ae93ce6147f53f1,280
na88914e9884d1fea,na88914e9884d1fea,280
na4c8f3474d15b49e,na4c8f3474d15b49e,280
nd97478257e2d4e2f,nd97478257e2d4e2f,280
n7275a52a08de7fd8,n7275a52a08de7fd8,280
nf2d480471f289d6c,nf2d480471f289d6c,280
n48c9105c98d485a5,n48c9105c98d485a5,280
nd2cadcfea74bde63,nd2cadcfea74bde63,280
nc9fd0f04b09c6fb1,nc9fd0f04b09c6fb1,280
n8e7de93e29c308d5,n8e7de93e29c308d5,280
n7448e27e3272abac,n7448e27e3272abac,280
n7e61e657f4be3505,n7e61e657f4be3505,281
n300b109125826754,n300b109125826754,281
n0e80fcf7f2e71656,n0e80fcf7f2e71656,281
n42d60f707cf66ca1,n42d60f707cf66ca1,281
n5b965b9fdcb34159,n5b965b9fdcb34159,281
na98a41f97669cffe,na98a41f97669cffe,281
nd97399e67c1812eb,nd97399e67c1812eb,281
n411662135a926c9d,n411662135a926c9d,281
nd2c1fbd73441556c,nd2c1fbd73441556c,281
nea5d62f73afadf03,nea5d62f73afadf03,281
na26dbd3f9f0fabba,na26dbd3f9f0fabba,281
n4ff9cffdb5542f6f,n4ff9cffdb5542f6f,281
nb2bb21529df216ca,nb2bb21529df216ca,281
nc3eeddc627166818,nc3eeddc627166818,281
n9dd0062ba9804dfd,n9dd0062ba9804dfd,281
ned7678a7f3621bc7,ned7678a7f3621bc7,281
nb7ac68ec4e00a5f7,nb7ac68ec4e00a5f7,281
ncea15f2be9445cb6,ncea15f2be9445cb6,281
ne4cb2ad9c5eae36b,ne4cb2ad9c5eae36b,281
n00184ee3f18c9541,n00184ee3f18c9541,281
n7e00b4889d134416,n7e00b4889d134416,281
n178e48666a3d3b95,n178e48666a3d3b95,281
n40c491c3066b2581,n40c491c3066b2581,281
n85f58b2fb681366f,n85f58b2fb681366f,281
n358de7f8391c7aeb,n358de7f8391c7aeb,281
n084df9031fce6555,n084df9031fce6555,281
n68f356f5496ae1c6,n68f356f5496ae1c6,281
ndd1880a85eb6331f,ndd1880a85eb6331f,281
n3d31b2ed4a846c85,n3d31b2ed4a846c85,281
n1166c5066e5ad35d,n1166c5066e5ad35d,281
n6d68c43cb50236f2,n6d68c43cb50236f2,281
n981918a74fc0932d,n981918a74fc0932d,281
n8db3a264fd31b22f,n8db3a264fd31b22f,281
naa7f318b50202d73,naa7f318b50202d73,282
ned6ff38e79ee11c8,ned6ff38e79ee11c8,282
nb94d7450d04410df,nb94d7450d04410df,282
nf4341e5ba5290cc6,nf4341e5ba5290cc6,282
n9186f39b657e09d1,n9186f39b657e09d1,282
n7bda0df40a711191,n7bda0df40a711191,282
naaccc8c51a51f45b,naaccc8c51a51f45b,282
n593b5bcff3663b46,n593b5bcff3663b46,282
n5555a8df45cdeefc,n5555a8df45cdeefc,282
n6cf1436d210316fe,n6cf1436d210316fe,282
n5aa39f8883e9825c,n5aa39f8883e9825c,282
ne12aa24429fbdfaa,ne12aa24429fbdfaa,282
n4c9f288d901f3860,n4c9f288d901f3860,282
n90b1b8d2e4018e56,n90b1b8d2e4018e56,282
n6cfa199c2023642c,n6cfa199c2023642c,282
n7d45497661d55aae,n7d45497661d55aae,282
nfe7784032e5131b9,nfe7784032e5131b9,282
nf760679c901fa483,nf760679c901fa483,282
n298c7268924f72b0,n298c7268924f72b0,282
na09233f8e14d1909,na09233f8e14d1909,282
n494ffc0f08e78ac7,n494ffc0f08e78ac7,282
n7bfe209f5aa1e69d,n7bfe209f5aa1e69d,282
n1e6870da369ddf98,n1e6870da369ddf98,282
n7e04d37e5257720f,n7e04d37e5257720f,282
n00affc5b003cab6d,n00affc5b003cab6d,282
nf361db6eaa61ed7e,nf361db6eaa61ed7e,282
n8d74061c5f0b1fc9,n8d74061c5f0b1fc9,282
n684706410a6823a9,n684706410a6823a9,282
nd8bf50f4901e6540,nd8bf50f4901e6540,282
n1f91ef812a2d5e53,n1f91ef812a2d5e53,282
nd6bf22bc3064714b,nd6bf22bc3064714b,282
n7bf44171760e0bb4,n7bf44171760e0bb4,282
n9073354a2f8be8f0,n9073354a2f8be8f0,282
na0b9c0cfc63c18e6,na0b9c0cfc63c18e6,283
n24477c6bfd5e6a6c,n24477c6bfd5e6a6c,283
n86f2b5f0406fac8d,n86f2b5f0406fac8d,283
nbc9098a3f4ec52d6,nbc9098a3f4ec52d6,283
n843f06048afbfe45,n843f06048afbfe45,283
nb39a10809fdaca91,nb39a10809fdaca91,283
n553c7fd79b3bff99,n553c7fd79b3bff99,283
n1a623ebd26b88510,n1a623ebd26b88510,283
nab11d03248b058d1,nab11d03248b058d1,283
nf5efa567e3c4b361,nf5efa567e3c4b361,283
ne8da88fd6ef0d275,ne8da88fd6ef0d275,283
n9111a926eea2cdb8,n9111a926eea2cdb8,283
n70324c2b510141e1,n70324c2b510141e1,283
nec21a0e52aa6ba2a,nec21a0e52aa6ba2a,283
n5c80fc22856bea09,n5c80fc22856bea09,283
n38c59d4afc86a05f,n38c59d4afc86a05f,283
na035be5d97cf0d1b,na035be5d97cf0d1b,283
n244ac09b7ad38521,n244ac09b7ad38521,283
n772f61afb7601720,n772f61afb7601720,283
n9cb20c069479c70f,n9cb20c069479c70f,283
n32e8290172cda8e5,n32e8290172cda8e5,283
nc2f98b75875f4611,nc2f98b75875f4611,283
nf390824ba595f623,nf390824ba595f623,283
nf33e8655b464544c,nf33e8655b464544c,283
n4bc8f489fb06bfa6,n4bc8f489fb06bfa6,283
nd735bcfc0a7c4469,nd735bcfc0a7c4469,284
n672342e6c8482591,n672342e6c8482591,284
n708bf59b4f12e222,n708bf59b4f12e222,284
ne34115b66f6e6dbf,ne34115b66f6e6dbf,284
na6ff7ff78f012889,na6ff7ff78f012889,284
n50fa0c960afcb9b5,n50fa0c960afcb9b5,284
n5861407758f0576b,n5861407758f0576b,284
na6dfdae0824a8ecb,na6dfdae0824a8ecb,284
nec38e3475e0b5204,nec38e3475e0b5204,284
n2e264727bb850db5,n2e264727bb850db5,284
n5c17739b58fddb82,n5c17739b58fddb82,284
n8d5ea3043f80a8fa,n8d5ea3043f80a8fa,284
nf727a7c352a3f9d2,nf727a7c352a3f9d2,284
n2732a433b44d215c,n2732a433b44d215c,284
n8506caae5b89a8a8,n8506caae5b89a8a8,284
n4ad094decfb64c3f,n4ad094decfb64c3f,284
n2fda807278fec14d,n2fda807278fec14d,284
n8fccd809c4b48e92,n8fccd809c4b48e92,284
n00686e3a513d9a85,n00686e3a513d9a85,284
n96b0a1aacde86452,n96b0a1aacde86452,284
n6df7db4c3b47d4c6,n6df7db4c3b47d4c6,284
n3336bf1ea2662c2d,n3336bf1ea2662c2d,284
ne395b7297db74b75,ne395b7297db74b75,284
nba1a3eae351bbfde,nba1a3eae351bbfde,284
n45c33553c02a12c8,n45c33553c02a12c8,284
n1cdbdb16a3a66234,n1cdbdb16a3a66234,284
n5e45630827cf22d4,n5e45630827cf22d4,284
n90862d34e2b6c2fb,n90862d34e2b6c2fb,284
n712094ae95504faa,n712094ae95504faa,284
nfaa2ee3d201009de,nfaa2ee3d201009de,284
nc9a5952d9a5feacf,nc9a5952d9a5feacf,284
n057a1b3b241d2e6c,n057a1b3b241d2e6c,284
n3888b55a67e1b321,n3888b55a67e1b321,284
n151d98804ef9ad6f,n151d98804ef9ad6f,284
n21b8058e1d2b68ca,n21b8058e1d2b68ca,284
ne969d7facf5b71d7,ne969d7facf5b71d7,284
nf58e853e3e32e39c,nf58e853e3e32e39c,284
nc6e017f5c572f3cd,nc6e017f5c572f3cd,284
nd57bc78d6a3079b7,nd57bc78d6a3079b7,284
n3d199a666b6abc12,n3d199a666b6abc12,284
naab3a83422d2d39a,naab3a83422d2d39a,284
na9967895aacef672,na9967895aacef672,284
nc07d144edd67ce25,nc07d144edd67ce25,284
ne3f51725289a1cce,ne3f51725289a1cce,284
n7c7646fe114a69e7,n7c7646fe114a69e7,284
n90e1ea1ee643051d,n90e1ea1ee643051d,284
n7edd92ffeddfb29d,n7edd92ffeddfb29d,284
ne29cafee2ed441b8,ne29cafee2ed441b8,284
n805c51d06cc8b184,n805c51d06cc8b184,284
ne8385baf9c9e792d,ne8385baf9c9e792d,284
ndec22f6539139e53,ndec22f6539139e53,284
n5508b945e9aff945,n5508b945e9aff945,284
n5fc00cb3c0619340,n5fc00cb3c0619340,284
nd9306bfb4668cc10,nd9306bfb4668cc10,284
nf71602ffdff94bb2,nf71602ffdff94bb2,284
nd2ac234e6639e51f,nd2ac234e6639e51f,284
n183cd33a4eea235d,n183cd33a4eea235d,285
nc819167c24d7609c,nc819167c24d7609c,285
n3f643d97f09a1e2a,n3f643d97f09a1e2a,285
n60a9168466b01a0b,n60a9168466b01a0b,285
nf098ce2c82caf8b7,nf098ce2c82caf8b7,285
ncdddf9d28a0ddc99,ncdddf9d28a0ddc99,285
n63b7cc864944054e,n63b7cc864944054e,285
n211c8e69ba4138c0,n211c8e69ba4138c0,285
n5e7140b0b890f4e6,n5e7140b0b890f4e6,285
n5b0d096dcede758c,n5b0d096dcede758c,285
n4d9fe79273cbdc01,n4d9fe79273cbdc01,285
n4e70fc7f6ffbea92,n4e70fc7f6ffbea92,285
n655407629818b52d,n655407629818b52d,285
n9d92545d0c0525bc,n9d92545d0c0525bc,285
nd53c271cec4fa6eb,nd53c271cec4fa6eb,285
n9084e42f6341a02d,n9084e42f6341a02d,285
n03f12a71b26bf172,n03f12a71b26bf172,285
n9718c8de2e37c00c,n9718c8de2e37c00c,285
n10eb652602a738b1,n10eb652602a738b1,285
nfc74195446517cc4,nfc74195446517cc4,285
nafc9273902b22031,nafc9273902b22031,285
n80cf2db91a35ce6f,n80cf2db91a35ce6f,285
nb2d4d10a787e0df8,nb2d4d10a787e0df8,285
n093ee467401cad4e,n093ee467401cad4e,285
nb7f63aa5a0d7a30d,nb7f63aa5a0d7a30d,285
n330b784547b9271e,n330b784547b9271e,285
n3f6220472548dc5d,n3f6220472548dc5d,285
ndefef38ffaf12fcc,ndefef38ffaf12fcc,285
n125d43327a22dd09,n125d43327a22dd09,285
nd5985bca2be4dfec,nd5985bca2be4dfec,285
n8722dfeec41d7839,n8722dfeec41d7839,285
nb9feb4f6dcbd495e,nb9feb4f6dcbd495e,285
n4af83ba7d59f8ff2,n4af83ba7d59f8ff2,285
nc3f2ccee3dcdce41,nc3f2ccee3dcdce41,285
nfca9052a3bc8f296,nfca9052a3bc8f296,285
n1d2897daabf16bac,n1d2897daabf16bac,285
ne8aff1bf09d5b108,ne8aff1bf09d5b108,285
n552a0d98a57dec36,n552a0d98a57dec36,285
ne5c303c3a7da7a50,ne5c303c3a7da7a50,285
n8cd960fe9323bdf4,n8cd960fe9323bdf4,285
n2acdad75d6a360b0,n2acdad75d6a360b0,285
n101d71d62012a9cc,n101d71d62012a9cc,285
n5360c7a97bb85f27,n5360c7a97bb85f27,285
n1c3f4f77150317e9,n1c3f4f77150317e9,285
nce23f358f61a02be,nce23f358f61a02be,285
nc4c4148077a7c78a,nc4c4148077a7c78a,285
n58cfbd78cd68ee1f,n58cfbd78cd68ee1f,285
nf2a4f419896e26d0,nf2a4f419896e26d0,285
nc4d4786c9ab79b9b,nc4d4786c9ab79b9b,285
na77b91d5acfb2764,na77b91d5acfb2764,285
n9bb07f9b686d004a,n9bb07f9b686d004a,285
n45ab70ae461ecc8c,n45ab70ae461ecc8c,285
nf046e6f5829dbaeb,nf046e6f5829dbaeb,285
n9fefcf5b48e6f793,n9fefcf5b48e6f793,285
n1875d2b10cef449a,n1875d2b10cef449a,285
ncca3ad4209271fd2,ncca3ad4209271fd2,286
n36be7e95591dd650,n36be7e95591dd650,286
n87798413aadb444d,n87798413aadb444d,286
n33aad59b0a076f62,n33aad59b0a076f62,286
n391983a38d698370,n391983a38d698370,286
ne53a997367151bb8,ne53a997367151bb8,286
na646113f7c109bda,na646113f7c109bda,286
n77a757a97991a286,n77a757a97991a286,286
n30a2262e84485b18,n30a2262e84485b18,286
n1ff6c789e81dc599,n1ff6c789e81dc599,286
n51ec8c2545825f84,n51ec8c2545825f84,286
n8c6e429e862ce537,n8c6e429e862ce537,286
n691f47f491baaf45,n691f47f491baaf45,286
n55f54a594086c1c3,n55f54a594086c1c3,286
na8069bac24fe5561,na8069bac24fe5561,286
nb294683b24643af5,nb294683b24643af5,286
ndef4536cb8f2cfdf,ndef4536cb8f2cfdf,286
ne8432f8b8cab328f,ne8432f8b8cab328f,286
na6b705523d472656,na6b705523d472656,286
n9f4d11537fc6af80,n9f4d11537fc6af80,286
ndd20c8b9b732c51a,ndd20c8b9b732c51a,286
ncec13a4933fb9a5e,ncec13a4933fb9a5e,286
n977c444e6f1e3be0,n977c444e6f1e3be0,286
ne841c21674658615,ne841c21674658615,286
n7af037f418b289cb,n7af037f418b289cb,286
n949e8f1fd5f53db7,n949e8f1fd5f53db7,286
n3604b227366c8f7e,n3604b227366c8f7e,286
n7ee38315f0c3da01,n7ee38315f0c3da01,286
nc952455fb11c80f5,nc952455fb11c80f5,286
n2d8dd29825825344,n2d8dd29825825344,286
n6033ce67073a0153,n6033ce67073a0153,286
nd645baa9e814fd97,nd645baa9e814fd97,286
n8929c0ef21fbf521,n8929c0ef21fbf521,286
nf83fd4ee03c08f84,nf83fd4ee03c08f84,286
n17f188fef58dc54c,n17f188fef58dc54c,286
n34249c6896bb6a69,n34249c6896bb6a69,286
n50c6ae93b750d1a0,n50c6ae93b750d1a0,286
n7815d92ec0bfea2e,n7815d92ec0bfea2e,286
nedb8ac9051ad3001,nedb8ac9051ad3001,286
necaba7ac5ce57dd3,necaba7ac5ce57dd3,286
n6bec15b6edc4cd4b,n6bec15b6edc4cd4b,286
ne2d6349c02bb2552,ne2d6349c02bb2552,286
n315ba21ef784c8e2,n315ba21ef784c8e2,286
na1e89de2fe2bfa97,na1e89de2fe2bfa97,286
n521066aa413a9e1e,n521066aa413a9e1e,286
n900a35489e98a841,n900a35489e98a841,286
na3b72b393a470669,na3b72b393a470669,286
n48f403227db9e2df,n48f403227db9e2df,286
need6fee3cfabd320,need6fee3cfabd320,286
n8f3f725f25a72649,n8f3f725f25a72649,286
nf1d0a26459d5350c,nf1d0a26459d5350c,286
n271c04f3e0cca55f,n271c04f3e0cca55f,286
n9b71248524674044,n9b71248524674044,286
nda7ef59f317f8da0,nda7ef59f317f8da0,286
n549513811294fede,n549513811294fede,287
n0809920c34cca495,n0809920c34cca495,287
n7935fd4bd5b8547d,n7935fd4bd5b8547d,287
n5c5979bf4e18ba5e,n5c5979bf4e18ba5e,287
nb67a1dd820fad9e6,nb67a1dd820fad9e6,287
n25c51ce70c1ba561,n25c51ce70c1ba561,287
ndf8b70dd15db2e13,ndf8b70dd15db2e13,287
n04bea4fedd4699e4,n04bea4fedd4699e4,287
ne97f14c77c7e75e7,ne97f14c77c7e75e7,287
nbb412bc40eb414b2,nbb412bc40eb414b2,287
na15bd17a2b7142a0,na15bd17a2b7142a0,287
n3b05e00ab6edf07b,n3b05e00ab6edf07b,287
n90215750426bc9ba,n90215750426bc9ba,287
nb41b2ecfc7e38f18,nb41b2ecfc7e38f18,287
n0bf7d03a77a0a93d,n0bf7d03a77a0a93d,287
n3cd138933829549b,n3cd138933829549b,287
nb1e1054252a6821c,nb1e1054252a6821c,287
n9f54250c11295c61,n9f54250c11295c61,287
n8d1db3a94eeafe7f,n8d1db3a94eeafe7f,287
nadf7ca2bb0eeb0ad,nadf7ca2bb0eeb0ad,287
n34927c2297fca7d5,n34927c2297fca7d5,287
nb322cc7524d01f32,nb322cc7524d01f32,287
ndee5ee76eb2e06b0,ndee5ee76eb2e06b0,287
n42d9aff7e04c89f7,n42d9aff7e04c89f7,287
nd4593cfca06455c8,nd4593cfca06455c8,287
n2b7228c068eb43e9,n2b7228c068eb43e9,287
n21e7ed153d118454,n21e7ed153d118454,287
n56704a2646d7993c,n56704a2646d7993c,287
nc355e9c41a476413,nc355e9c41a476413,287
ne294b1a9fa28948c,ne294b1a9fa28948c,287
nd4efe12595a963e4,nd4efe12595a963e4,287
n1d49a81b04b17441,n1d49a81b04b17441,287
n5a9161f2d1b0dc3e,n5a9161f2d1b0dc3e,287
n6188d275ca5c7deb,n6188d275ca5c7deb,287
naee3153a6753fd52,naee3153a6753fd52,287
nf2d8f9c9edc87bc3,nf2d8f9c9edc87bc3,287
nf057261749b344fb,nf057261749b344fb,287
nd6a04a5ab66473d2,nd6a04a5ab66473d2,287
n50989b00b8836c7a,n50989b00b8836c7a,287
n97da71c0a5e24852,n97da71c0a5e24852,287
nb118295a3f9394ab,nb118295a3f9394ab,287
n9c45725b7c09a3fb,n9c45725b7c09a3fb,287
n7195247c6b35d384,n7195247c6b35d384,287
n342b7d4217bdae3a,n342b7d4217bdae3a,287
n1ea2a0565259cb42,n1ea2a0565259cb42,287
n60b2f9f981398f4a,n60b2f9f981398f4a,287
ndf668d3abf711ef0,ndf668d3abf711ef0,287
n2a408da1ecd6984e,n2a408da1ecd6984e,287
n9867a9df1de2ce2f,n9867a9df1de2ce2f,287
n6607bf7c5b3ae930,n6607bf7c5b3ae930,288
n1e136dee35e1503b,n1e136dee35e1503b,288
n2b9a04bbe8eecfe0,n2b9a04bbe8eecfe0,288
n820102e1530bb71f,n820102e1530bb71f,288
nd6cb9fac9c804e7b,nd6cb9fac9c804e7b,288
nd4824fc92a63d00b,nd4824fc92a63d00b,288
n2248ec4faf1476a7,n2248ec4faf1476a7,288
n024799a4ef9408e5,n024799a4ef9408e5,288
n8fda7699690ab6c5,n8fda7699690ab6c5,288
n0fee2f78ef8f406e,n0fee2f78ef8f406e,288
n92d0a8f44b2dfb22,n92d0a8f44b2dfb22,288
n2f3b2fd1ee113fe3,n2f3b2fd1ee113fe3,288
nabec1c0989e1f13b,nabec1c0989e1f13b,288
n426f278caec39aa3,n426f278caec39aa3,288
n5c332192c10d29fb,n5c332192c10d29fb,288
n4b5d50e25ff4e789,n4b5d50e25ff4e789,288
ne5a2d290c76cfcff,ne5a2d290c76cfcff,288
n5ddbca623c1de846,n5ddbca623c1de846,288
n0ac8bd446d3ed46b,n0ac8bd446d3ed46b,288
nc0bbe3289ab9ee21,nc0bbe3289ab9ee21,288
n48a65df3659be027,n48a65df3659be027,288
n33c7c20ffbd95646,n33c7c20ffbd95646,288
na439a64c7e7a0159,na439a64c7e7a0159,288
ne269d1f47bbf8a89,ne269d1f47bbf8a89,288
ne6faf569089f3767,ne6faf569089f3767,288
ne8342ed3d2216a96,ne8342ed3d2216a96,288
ne64a619b803c9e7f,ne64a619b803c9e7f,288
n7723311e8ab23c18,n7723311e8ab23c18,288
na7552507c76d17ce,na7552507c76d17ce,288
n5def6ee78e9828f4,n5def6ee78e9828f4,288
n1db78a99b45b9461,n1db78a99b45b9461,288
nb3c449e59d23a8eb,nb3c449e59d23a8eb,288
n57e5ca740bc5e62a,n57e5ca740bc5e62a,288
n48e9e2b65125bd63,n48e9e2b65125bd63,288
n852a995025cfdda7,n852a995025cfdda7,288
n500d5031d2b4485c,n500d5031d2b4485c,288
naf3a4a91881d0630,naf3a4a91881d0630,288
n4508a360796b1e31,n4508a360796b1e31,288
ne2344e6a7b91fce5,ne2344e6a7b91fce5,288
n92ad4a290702fc4a,n92ad4a290702fc4a,288
nf2b4fbb098e4fbe3,nf2b4fbb098e4fbe3,288
n41078390a1653e8d,n41078390a1653e8d,288
ne1b4686deab4ecf0,ne1b4686deab4ecf0,288
n668c6962663680b6,n668c6962663680b6,288
n69b34f698b09d953,n69b34f698b09d953,288
n20f7fc4f46c0bc87,n20f7fc4f46c0bc87,288
n4c9fe7a1814eb124,n4c9fe7a1814eb124,288
n5d43cd2a3a27209d,n5d43cd2a3a27209d,288
na9894ac46410be4f,na9894ac46410be4f,288
n4e3fee2d5676153e,n4e3fee2d5676153e,288
n56df68ca4620c4bf,n56df68ca4620c4bf,288
n464949de417603bd,n464949de417603bd,288
nc1908bb22f6ce438,nc1908bb22f6ce438,288
ne45ae1ecd362234a,ne45ae1ecd362234a,288
n4b527a0ef73715f5,n4b527a0ef73715f5,288
ndc94c5649742d474,ndc94c5649742d474,288
nccbeb5e15cb048c4,nccbeb5e15cb048c4,288
n4eabaa227b88f5b2,n4eabaa227b88f5b2,289
nc9cd6345802c8526,nc9cd6345802c8526,289
n4b7ab8e7ce2817c7,n4b7ab8e7ce2817c7,289
ne8b5858347b603bc,ne8b5858347b603bc,289
n004e08f82c63c292,n004e08f82c63c292,289
n1aa79619ea27dc3d,n1aa79619ea27dc3d,289
nd5c699f8a3b45181,nd5c699f8a3b45181,289
nc88965171dad4f56,nc88965171dad4f56,289
n25bec550ff1f3f3b,n25bec550ff1f3f3b,289
nc7f9d0b5f4dcf564,nc7f9d0b5f4dcf564,289
n13df86fbae43b46c,n13df86fbae43b46c,289
n0f94c316b802e5e5,n0f94c316b802e5e5,289
n59968b4b7eef08cf,n59968b4b7eef08cf,289
nb5922ccd75931fea,nb5922ccd75931fea,289
n7db217daa01c1fb1,n7db217daa01c1fb1,289
n95be643a43e5f222,n95be643a43e5f222,289
n5e9e066c1ae58511,n5e9e066c1ae58511,289
na3db5183df2a165b,na3db5183df2a165b,289
n5508c8bf975650db,n5508c8bf975650db,289
n07ec53b0fc06135e,n07ec53b0fc06135e,289
n39e6fdd2db3c9226,n39e6fdd2db3c9226,289
n96b543df577e49c8,n96b543df577e49c8,289
n48e64cfcf0cb0887,n48e64cfcf0cb0887,289
nff2c8f7b916fc978,nff2c8f7b916fc978,289
n8f14433cb302f515,n8f14433cb302f515,289
n6c9544c0700d6a77,n6c9544c0700d6a77,289
n5015f9bdeafcf717,n5015f9bdeafcf717,289
n7cc02cf943074237,n7cc02cf943074237,289
n40610b2cf1ccf099,n40610b2cf1ccf099,289
n9f6e5dfc7ff8b423,n9f6e5dfc7ff8b423,289
n8406d41682a5a987,n8406d41682a5a987,289
nc3d983e26c424999,nc3d983e26c424999,289
n14c368431048676a,n14c368431048676a,289
n188e8675fe3522bc,n188e8675fe3522bc,289
n35614f5b168c6a41,n35614f5b168c6a41,289
n7c69f3f81c3299ad,n7c69f3f81c3299ad,289
na85ac17c9cc217ca,na85ac17c9cc217ca,289
n4bb12cf300e8e806,n4bb12cf300e8e806,289
n101b8a6573f40464,n101b8a6573f40464,289
n5fe32464a744a3be,n5fe32464a744a3be,289
n22244db488253b10,n22244db488253b10,289
n1e5613ef81a32596,n1e5613ef81a32596,289
na1f032a66b97d5aa,na1f032a66b97d5aa,289
nf7c6e57a86f11941,nf7c6e57a86f11941,289
n0baaba20a44dbfdb,n0baaba20a44dbfdb,289
ne23413798b5ea098,ne23413798b5ea098,289
ne6ce54b72d21c762,ne6ce54b72d21c762,289
nd34d969b24d47a83,nd34d969b24d47a83,289
na7e0ce5e0fbabc95,na7e0ce5e0fbabc95,289
n1a522bc0186ee973,n1a522bc0186ee973,289
nab19cd4cb6abf192,nab19cd4cb6abf192,289
ne83b3b34bfde25f9,ne83b3b34bfde25f9,289
n3f2b85d52822cfa5,n3f2b85d52822cfa5,289
na13ae4ed634cf7c2,na13ae4ed634cf7c2,289
n273b1af1c4620150,n273b1af1c4620150,289
na3551f777b209613,na3551f777b209613,289
n822b5ba47820b119,n822b5ba47820b119,289
n0a0fec05208a0ba7,n0a0fec05208a0ba7,289
n008dedb7e672c669,n008dedb7e672c669,290
nd199345b3376d9d2,nd199345b3376d9d2,290
n497416244a1e365b,n497416244a1e365b,290
neb5145d25b944b76,neb5145d25b944b76,290
nd9187e335da10ab5,nd9187e335da10ab5,290
na49d42a02716e31e,na49d42a02716e31e,290
n48daccc6588a3d7f,n48daccc6588a3d7f,290
nafee174dfaa60996,nafee174dfaa60996,290
n9f5f7e11af6f6e4d,n9f5f7e11af6f6e4d,290
n2305bfb14388f260,n2305bfb14388f260,290
n2d85eb96933b39bb,n2d85eb96933b39bb,290
nf18515c036b65314,nf18515c036b65314,290
n0abf0e72dfe048d2,n0abf0e72dfe048d2,290
nf89070f2ae2fbce7,nf89070f2ae2fbce7,290
n7aace13a74753ea2,n7aace13a74753ea2,290
n2a1fdd4ecf5af91f,n2a1fdd4ecf5af91f,290
n9ffae28a9444b06e,n9ffae28a9444b06e,290
n5fb85040a644e612,n5fb85040a644e612,290
n725f209f9b7b6de1,n725f209f9b7b6de1,290
n7df0701db0da905a,n7df0701db0da905a,290
n62a5f0880677b16e,n62a5f0880677b16e,290
n39d6df545429d7be,n39d6df545429d7be,290
n21b7e4e0b907b81a,n21b7e4e0b907b81a,290
n6734920b00e61f14,n6734920b00e61f14,290
n159f2cdbdd6f6858,n159f2cdbdd6f6858,290
n7d0a0cb4cc34de6a,n7d0a0cb4cc34de6a,290
nef8b6e6fcfcc9165,nef8b6e6fcfcc9165,290
ne9860ad01a1e1015,ne9860ad01a1e1015,290
nfb2b17cbb09b327e,nfb2b17cbb09b327e,290
ncb0c392d6a7e6258,ncb0c392d6a7e6258,290
n75969e1197f19256,n75969e1197f19256,290
n7abe97a37f7cc9f4,n7abe97a37f7cc9f4,290
n4d648fd230d4cf14,n4d648fd230d4cf14,290
n9afcf805d16de327,n9afcf805d16de327,290
n4375a576ab2cf905,n4375a576ab2cf905,290
n78417344e1fcd7aa,n78417344e1fcd7aa,290
n69871eab44e66b9b,n69871eab44e66b9b,290
n7eb17f2698348ae8,n7eb17f2698348ae8,290
n2b68c89763967aae,n2b68c89763967aae,290
nc1005f04aea97ffb,nc1005f04aea97ffb,290
n69d7dcad84f344fb,n69d7dcad84f344fb,290
n4142a584c9803691,n4142a584c9803691,290
n70b714ffdfebc1e1,n70b714ffdfebc1e1,290
na6543bb6d707504c,na6543bb6d707504c,290
n5b7cb24844fde426,n5b7cb24844fde426,290
n49e9c3b5ac7501e4,n49e9c3b5ac7501e4,290
n50a1810a9e3d8775,n50a1810a9e3d8775,290
n7ed1517840f1d684,n7ed1517840f1d684,290
n5543f9b37d21577b,n5543f9b37d21577b,290
n286b8727e294a2b2,n286b8727e294a2b2,290
n17c2bbe8429dae4f,n17c2bbe8429dae4f,290
n1ba667c70facca33,n1ba667c70facca33,290
nec6dabde84624625,nec6dabde84624625,290
n62f2b618837dd8b0,n62f2b618837dd8b0,290
nf208dade8c386c6a,nf208dade8c386c6a,290
n9095c7408d56ab97,n9095c7408d56ab97,290
n990f83f9e58a6264,n990f83f9e58a6264,290
n1c894357bf80a182,n1c894357bf80a182,290
n00cd36c2e2a0c804,n00cd36c2e2a0c804,290
n587701ae793de803,n587701ae793de803,290
n72c16c399c7b2d8a,n72c16c399c7b2d8a,290
na67e86aa11894db7,na67e86aa11894db7,290
n36c74b38da4128e6,n36c74b38da4128e6,290
n7aa98eec417862ba,n7aa98eec417862ba,290
n12aa3b69e4f4da11,n12aa3b69e4f4da11,290
n0c3ed2884ec9e81c,n0c3ed2884ec9e81c,290
nd2ea5e5182b83252,nd2ea5e5182b83252,290
nc4ff39a341ed22bd,nc4ff39a341ed22bd,290
n910f3d0aa30bcc48,n910f3d0aa30bcc48,290
nd29615242a143586,nd29615242a143586,290
ne016432d6248a5ae,ne016432d6248a5ae,290
n3c0f77fba4089f61,n3c0f77fba4089f61,290
n4c80847aab4413fb,n4c80847aab4413fb,290
na6bbbfb1d4dac4d3,na6bbbfb1d4dac4d3,290
nc6a87820d114ffc3,nc6a87820d114ffc3,291
nb405ffd6c49efe34,nb405ffd6c49efe34,291
ne9407d34c2dd3531,ne9407d34c2dd3531,291
nbbab7bec6a37f776,nbbab7bec6a37f776,291
nadf071f649e15984,nadf071f649e15984,291
n1da1729153bca7bf,n1da1729153bca7bf,291
n38ec9e36f754aa88,n38ec9e36f754aa88,291
nfff7014643a73a54,nfff7014643a73a54,291
n904e313595f7aed3,n904e313595f7aed3,291
n25a9d928177504a0,n25a9d928177504a0,291
n5d4ff00e98a4b5d3,n5d4ff00e98a4b5d3,291
n28cef6bc2958cf98,n28cef6bc2958cf98,291
n942de2cb1d5d3f04,n942de2cb1d5d3f04,291
n467e494b0febc56e,n467e494b0febc56e,291
n06221a0062b062ca,n06221a0062b062ca,291
n8d7606d15d7dcb96,n8d7606d15d7dcb96,291
nfb817f2da6b4bd4e,nfb817f2da6b4bd4e,291
nbc9c9bd58a5f0979,nbc9c9bd58a5f0979,291
n2d93ff689893e77b,n2d93ff689893e77b,291
n93457f259a3b1e02,n93457f259a3b1e02,291
n3cd4a8e4d435f314,n3cd4a8e4d435f314,291
n6ea3e6124249065f,n6ea3e6124249065f,291
nb160876ed4b7c53a,nb160876ed4b7c53a,291
n697297f61b415f10,n697297f61b415f10,291
n4609d91194481e1f,n4609d91194481e1f,291
n1e5881e8f736d1e5,n1e5881e8f736d1e5,291
nc023173031c6b6c0,nc023173031c6b6c0,291
n18d72397167bc125,n18d72397167bc125,291
nf19ecec9b4306ac2,nf19ecec9b4306ac2,291
n73efccb79328df3a,n73efccb79328df3a,291
nde79a0ca780f4e16,nde79a0ca780f4e16,291
n77310d1d4fe224d7,n77310d1d4fe224d7,291
n051dbc5ff513b5fe,n051dbc5ff513b5fe,291
n415125fe2738c9df,n415125fe2738c9df,291
nb6fdc469373856ed,nb6fdc469373856ed,291
n83fc43e06354c938,n83fc43e06354c938,291
ncad39922dc15a97f,ncad39922dc15a97f,291
n45a8a3706456e4d6,n45a8a3706456e4d6,291
n481e389e1fc88bc7,n481e389e1fc88bc7,291
ne7859c09d8e0dec3,ne7859c09d8e0dec3,291
n4b52618d3f65af85,n4b52618d3f65af85,291
ndc982eeba1ac688c,ndc982eeba1ac688c,291
n5eac879529f42137,n5eac879529f42137,291
n8df8aca638cd055a,n8df8aca638cd055a,291
n69c88e66f563be31,n69c88e66f563be31,291
nc699d3fd9bfd7baf,nc699d3fd9bfd7baf,291
n84bbe218a5fb4d93,n84bbe218a5fb4d93,291
n51638416b51b08aa,n51638416b51b08aa,291
n1f28ab0e86c887b9,n1f28ab0e86c887b9,291
n5293db14ca65a852,n5293db14ca65a852,291
nf2f339e8cd525de8,nf2f339e8cd525de8,291
n28bcf46a3c1a18b0,n28bcf46a3c1a18b0,291
ndf9d88c2782687dd,ndf9d88c2782687dd,291
nd953788aad9b7e3e,nd953788aad9b7e3e,291
n17a3ace7009fc129,n17a3ace7009fc129,291
n46de029cac2fbe2b,n46de029cac2fbe2b,291
n4f10e15fbaffe6dc,n4f10e15fbaffe6dc,291
nff7987f085d3ebeb,nff7987f085d3ebeb,291
nd2d7ead39bb99fed,nd2d7ead39bb99fed,291
n7a85f3fb998ce9b7,n7a85f3fb998ce9b7,291
n04ddeff418a90160,n04ddeff418a90160,291
n978f82b6740669b3,n978f82b6740669b3,291
n4d290e0868da7211,n4d290e0868da7211,291
nfa04e7b22d90aa83,nfa04e7b22d90aa83,291
n86ed7ab3f7f7623f,n86ed7ab3f7f7623f,291
ne7f98a62fecef46f,ne7f98a62fecef46f,291
n105f3b7c7ea78301,n105f3b7c7ea78301,291
nda3c2f6d07ca06fe,nda3c2f6d07ca06fe,291
n92ab5109dff94f1a,n92ab5109dff94f1a,291
n0f5b39a3e72e7438,n0f5b39a3e72e7438,291
na14d4e5086329f0c,na14d4e5086329f0c,291
ne5ef9032eada7194,ne5ef9032eada7194,291
n70ea1ab95f885e8c,n70ea1ab95f885e8c,292
nd731d96f1d18165c,nd731d96f1d18165c,292
n6972f6ce1a5f6128,n6972f6ce1a5f6128,292
n55364e6c512a8f43,n55364e6c512a8f43,292
n7b30371dda2d24ca,n7b30371dda2d24ca,292
nb65a97845a2397d5,nb65a97845a2397d5,292
n169c3ccd9b66850e,n169c3ccd9b66850e,292
nf3efbfb0219d72d8,nf3efbfb0219d72d8,292
nf69475ac25bdb4f8,nf69475ac25bdb4f8,292
n70c697ff7c00d993,n70c697ff7c00d993,292
nd6a17c7760064335,nd6a17c7760064335,292
n2adb104d519f8f9c,n2adb104d519f8f9c,292
n8c8ee2b0bb791b13,n8c8ee2b0bb791b13,292
nf5b841f47bef9efd,nf5b841f47bef9efd,292
n43d1c6f32aafee13,n43d1c6f32aafee13,292
nb0213473ed68d4c5,nb0213473ed68d4c5,292
n574f24917e4e5dc9,n574f24917e4e5dc9,292
nb7102bfd4df04f46,nb7102bfd4df04f46,292
n7db9c425d149b525,n7db9c425d149b525,292
nf46928aa57a7b535,nf46928aa57a7b535,292
n0752d5acbc6ae04a,n0752d5acbc6ae04a,292
n49ef48386eb4f878,n49ef48386eb4f878,292
n6848bcdbf520cbc4,n6848bcdbf520cbc4,292
n26b366c5b15a68ed,n26b366c5b15a68ed,292
nfc60a890b42aff30,nfc60a890b42aff30,292
nd8ef17555944bf9e,nd8ef17555944bf9e,292
n392d45b1291a882a,n392d45b1291a882a,292
n5cb375b538e7f63f,n5cb375b538e7f63f,292
n81d56e59e57eef96,n81d56e59e57eef96,292
n34d9fb96f1e9dcd8,n34d9fb96f1e9dcd8,292
n9296e03596bcec07,n9296e03596bcec07,292
n44e0b51c75465cb5,n44e0b51c75465cb5,292
n224a0824ef630470,n224a0824ef630470,292
n04f82a473140a60b,n04f82a473140a60b,292
n13a89ff1c27c9615,n13a89ff1c27c9615,292
n0a4da4debd91f7f4,n0a4da4debd91f7f4,292
nfcdf02bd814b3d42,nfcdf02bd814b3d42,292
n7b14fa0d1848e6f2,n7b14fa0d1848e6f2,292
nfce0d2f9a0fd250e,nfce0d2f9a0fd250e,292
n8b9ac018847542b0,n8b9ac018847542b0,292
nac2b8001f66bb598,nac2b8001f66bb598,292
n6366e12bbf50a1f3,n6366e12bbf50a1f3,292
na4ca6d096ca0c7ef,na4ca6d096ca0c7ef,292
n34681299a6d841b9,n34681299a6d841b9,292
n864afdd48c7ab4f6,n864afdd48c7ab4f6,292
n1debe7139f1ca954,n1debe7139f1ca954,292
n1014e158a3550db7,n1014e158a3550db7,292
ne18a9484da0d0027,ne18a9484da0d0027,292
nb07c2ff78b82bc1b,nb07c2ff78b82bc1b,292
n5a8b21dfee7f0322,n5a8b21dfee7f0322,292
n3e4d10c7b4854a60,n3e4d10c7b4854a60,292
ne462acf396f2c186,ne462acf396f2c186,292
n496bc616ebb48dd2,n496bc616ebb48dd2,292
n8776580dc4865567,n8776580dc4865567,292
n081e19d49b35248a,n081e19d49b35248a,292
nd9fc6dc7bcc32604,nd9fc6dc7bcc32604,292
n19f38c5e7b393899,n19f38c5e7b393899,292
na9afbfc8b84174f3,na9afbfc8b84174f3,293
nb9a0c0f8a901b5ac,nb9a0c0f8a901b5ac,293
na7cd26ef7805cfe2,na7cd26ef7805cfe2,293
nb2ffb263488890ba,nb2ffb263488890ba,293
n1aef839a53df9383,n1aef839a53df9383,293
n03e62301b6283a09,n03e62301b6283a09,293
nb1f9b4ea267b556f,nb1f9b4ea267b556f,293
n858c817cfbb7b676,n858c817cfbb7b676,293
n060cbe28962b11c4,n060cbe28962b11c4,293
nd1d6f00161f64020,nd1d6f00161f64020,293
n82776cffcb4f6281,n82776cffcb4f6281,293
nd99ba45e892574f3,nd99ba45e892574f3,293
n89a944405fec479b,n89a944405fec479b,293
n06941b455de15392,n06941b455de15392,293
nf2f49a078268358e,nf2f49a078268358e,293
n668498f46211a6ce,n668498f46211a6ce,293
ne4f0144d29ddca09,ne4f0144d29ddca09,293
na9e180247dc4421a,na9e180247dc4421a,293
n66ebc086bddf3f9e,n66ebc086bddf3f9e,293
n54aa55da12e9f13c,n54aa55da12e9f13c,293
n31370226b172c63c,n31370226b172c63c,293
n0d7e8b999b688785,n0d7e8b999b688785,293
ne74256ceb171fc23,ne74256ceb171fc23,293
n881fb91d51c8cb96,n881fb91d51c8cb96,293
n13a8b497424ab850,n13a8b497424ab850,293
n8b42c7b9c85e903c,n8b42c7b9c85e903c,293
n8dce8c4185db3035,n8dce8c4185db3035,293
n608fbe3f27c6687f,n608fbe3f27c6687f,293
n8be4a17866159e23,n8be4a17866159e23,293
n5683a89ed2ce6ab8,n5683a89ed2ce6ab8,293
n47972e26c2f57a79,n47972e26c2f57a79,293
nd70574e2a0cd7aa4,nd70574e2a0cd7aa4,293
n639975e168caef1c,n639975e168caef1c,293
n9f887a71abaeaf2d,n9f887a71abaeaf2d,293
n2c7f6644151ec4ba,n2c7f6644151ec4ba,293
n4560194c27849193,n4560194c27849193,293
n7dd3216cf8999783,n7dd3216cf8999783,293
ne676614b8638ce00,ne676614b8638ce00,293
n9d6dfd7fab1154a1,n9d6dfd7fab1154a1,293
n1eac3da0dfc515fa,n1eac3da0dfc515fa,293
n0d129258883f6d39,n0d129258883f6d39,293
ncca613d9d9d0e37c,ncca613d9d9d0e37c,293
n87b45d06acace5d2,n87b45d06acace5d2,293
n3ecae141161bcfbb,n3ecae141161bcfbb,293
n256f460c3f84e7a6,n256f460c3f84e7a6,293
n57da0b06dea6b175,n57da0b06dea6b175,293
ne2a89c50741aaaca,ne2a89c50741aaaca,293
n39fd05c794587765,n39fd05c794587765,293
n1cae83ab1a0c039f,n1cae83ab1a0c039f,293
n9d4a15afde50cd32,n9d4a15afde50cd32,293
ncc2d80607228a7b2,ncc2d80607228a7b2,293
nf13a18b2ee83e9b3,nf13a18b2ee83e9b3,293
n4baf6d2afae62962,n4baf6d2afae62962,293
naaa8d76c669d723a,naaa8d76c669d723a,293
nbcaa771b62576f3e,nbcaa771b62576f3e,293
n2da46b6c48e184fd,n2da46b6c48e184fd,293
n1162ff3ddc9ecf3b,n1162ff3ddc9ecf3b,293
nce7700ee66a842e7,nce7700ee66a842e7,293
na578b428b7685fa7,na578b428b7685fa7,293
n4a0f96724e644b5e,n4a0f96724e644b5e,293
na554cfa8c230efb6,na554cfa8c230efb6,293
n6425dccce0827c56,n6425dccce0827c56,294
n79074f938fbed123,n79074f938fbed123,294
n7634839eb6b7a23e,n7634839eb6b7a23e,294
nd7b7be504621140d,nd7b7be504621140d,294
n4d5239fc92813d51,n4d5239fc92813d51,294
n5eada3c22d187675,n5eada3c22d187675,294
n4c75801428a69177,n4c75801428a69177,294
n2a3f53b7bcff9e76,n2a3f53b7bcff9e76,294
n9f4100da881530dd,n9f4100da881530dd,294
nf6081970fd136462,nf6081970fd136462,294
ne2ddd242c9750007,ne2ddd242c9750007,294
ne75ab24d3a16034d,ne75ab24d3a16034d,294
n4a1ac1e402718356,n4a1ac1e402718356,294
n00e60c56e82debda,n00e60c56e82debda,294
na6d31f2960ac15b6,na6d31f2960ac15b6,294
n777e037e309a2508,n777e037e309a2508,294
n5dbfebea7091ef14,n5dbfebea7091ef14,294
n3687b9cb524e8c90,n3687b9cb524e8c90,294
n8f0b0c1b96c00104,n8f0b0c1b96c00104,294
n4e0bae930f1f8d35,n4e0bae930f1f8d35,294
na8349dac42b00850,na8349dac42b00850,294
n294868cace1a88dc,n294868cace1a88dc,294
n2a25ce01d7cef310,n2a25ce01d7cef310,294
naded6e0590c48ed5,naded6e0590c48ed5,294
nb48fde68e26128fc,nb48fde68e26128fc,294
n2a500fe47b7f248b,n2a500fe47b7f248b,294
n64fdd6d2e3c268d0,n64fdd6d2e3c268d0,294
nec5f810921d64c7b,nec5f810921d64c7b,294
n16a79d32e000c3e5,n16a79d32e000c3e5,294
ncebb173ea8794a1b,ncebb173ea8794a1b,294
n03e0a3d0927e5e05,n03e0a3d0927e5e05,294
nff4007688cf55d15,nff4007688cf55d15,294
nf36d28d15d37e5af,nf36d28d15d37e5af,294
n937742c6c780627f,n937742c6c780627f,294
n767b57066a2bed5e,n767b57066a2bed5e,294
n579a044257f5a8ec,n579a044257f5a8ec,294
nfeac5d78a7d6c1d9,nfeac5d78a7d6c1d9,294
na9befb1cc779c877,na9befb1cc779c877,294
n1473e60f421f489c,n1473e60f421f489c,294
n9582190f631631fc,n9582190f631631fc,294
n9feff7826961a8a3,n9feff7826961a8a3,294
nf1ccae2795c8a942,nf1ccae2795c8a942,294
n11c7e0a6e2d24391,n11c7e0a6e2d24391,294
naed3fa1ef1ae89ff,naed3fa1ef1ae89ff,294
nc4dc89415d482fcc,nc4dc89415d482fcc,294
n37bc501d4fc592f7,n37bc501d4fc592f7,294
n39d2c12a479ecb0a,n39d2c12a479ecb0a,294
n9a9dec80e42cf899,n9a9dec80e42cf899,294
n6f67c7c05d3a5d58,n6f67c7c05d3a5d58,294
n526b175a619e90b2,n526b175a619e90b2,294
n9c1616ae2115c91a,n9c1616ae2115c91a,294
nf48d59b8bd0b5ea4,nf48d59b8bd0b5ea4,294
n761bfeca7c6562e0,n761bfeca7c6562e0,294
n23ffd777c7d4c5c4,n23ffd777c7d4c5c4,294
nf8e2e64fd54c8d10,nf8e2e64fd54c8d10,294
n07ed32eea8db79e1,n07ed32eea8db79e1,294
n677e76d58f09aafb,n677e76d58f09aafb,294
n77d656d1ef8101b6,n77d656d1ef8101b6,294
n9a39e3695e24a64e,n9a39e3695e24a64e,294
ne6b620b575022677,ne6b620b575022677,295
n607286c050906d57,n607286c050906d57,295
n6b62a0f260d87744,n6b62a0f260d87744,295
nfb9817651e90b9d0,nfb9817651e90b9d0,295
n5557c1615dcf15d3,n5557c1615dcf15d3,295
n45ea7b1f9f95fde5,n45ea7b1f9f95fde5,295
n1f5c610be1ffb1ff,n1f5c610be1ffb1ff,295
n8e17b7ef1210ed30,n8e17b7ef1210ed30,295
n2f512574cf4c1697,n2f512574cf4c1697,295
nfbd50915dfea44aa,nfbd50915dfea44aa,295
nf2db21d857e58a22,nf2db21d857e58a22,295
na9fb64b8e8855dde,na9fb64b8e8855dde,295
nce5f03e78ad6a084,nce5f03e78ad6a084,295
n8c4dd4a2a3ffde9d,n8c4dd4a2a3ffde9d,295
nd86ac9f463c03b03,nd86ac9f463c03b03,295
nf16e792bc5d816a9,nf16e792bc5d816a9,295
nbf17a830dfad5a8c,nbf17a830dfad5a8c,295
n96f85a388a57d573,n96f85a388a57d573,295
n0f3cfa7b1a8b4911,n0f3cfa7b1a8b4911,295
n1f37dbafe527a154,n1f37dbafe527a154,295
nb4d5c9a9e151be0b,nb4d5c9a9e151be0b,295
n7c37608736964359,n7c37608736964359,295
nb7d9252283e16b6f,nb7d9252283e16b6f,295
nb7c80acb93c9c31d,nb7c80acb93c9c31d,295
ne405eb078a835cd7,ne405eb078a835cd7,295
ncada554b22279c0b,ncada554b22279c0b,295
na7cf10d30ef6ada1,na7cf10d30ef6ada1,295
ne0da522ac8b3cd49,ne0da522ac8b3cd49,295
ncfea0326073449b1,ncfea0326073449b1,295
n177f226a7f93c36b,n177f226a7f93c36b,295
nbdec6579b1213a0b,nbdec6579b1213a0b,295
n697b4e2e32ed87ea,n697b4e2e32ed87ea,295
nc20000e509efc7b8,nc20000e509efc7b8,295
n995a13b3717510d6,n995a13b3717510d6,295
nf83fbc03853ad64a,nf83fbc03853ad64a,295
n1ea6ec182e3fe863,n1ea6ec182e3fe863,295
n1cdc71356dc1c976,n1cdc71356dc1c976,295
n3601dc31eea8f239,n3601dc31eea8f239,295
nfc3cfae256258bd5,nfc3cfae256258bd5,295
nc165d31e51967cad,nc165d31e51967cad,295
n7e5a915bad7e322e,n7e5a915bad7e322e,295
n811cce512f305bab,n811cce512f305bab,295
n06afd7aff1ad7e37,n06afd7aff1ad7e37,295
n1e5af31a451996dd,n1e5af31a451996dd,295
na272e91b31050f44,na272e91b31050f44,295
n075a9b50720a664d,n075a9b50720a664d,295
nae8951554d05edd2,nae8951554d05edd2,295
nb27d809ce1136bdc,nb27d809ce1136bdc,295
n410ac2eaabf9e314,n410ac2eaabf9e314,295
nbcfbafcef6c6bb92,nbcfbafcef6c6bb92,295
nfaf102ce6010934b,nfaf102ce6010934b,295
n6e9cc765e818131d,n6e9cc765e818131d,295
n9cf367f699179d7e,n9cf367f699179d7e,295
ne4ab22d7a79c2077,ne4ab22d7a79c2077,295
n1f4f99af16b3b075,n1f4f99af16b3b075,295
n776ecb6b8eebe57f,n776ecb6b8eebe57f,295
n9868003fabe7c3c8,n9868003fabe7c3c8,295
n9c9cb21a7329b7ba,n9c9cb21a7329b7ba,295
n3e2bc25c1316dba1,n3e2bc25c1316dba1,295
n32568f0c8af51d4e,n32568f0c8af51d4e,295
nb6364b94632f465f,nb6364b94632f465f,295
n2df1d77cdff51d18,n2df1d77cdff51d18,295
n17837a30db72559d,n17837a30db72559d,295
nfdea6ca8ed8e2013,nfdea6ca8ed8e2013,296
nff3f16f8ffd35390,nff3f16f8ffd35390,296
nbd1a37c9549795a7,nbd1a37c9549795a7,296
nbc688530107c6795,nbc688530107c6795,296
n2f31fdddadf362e6,n2f31fdddadf362e6,296
n178e9ceb033a8e3a,n178e9ceb033a8e3a,296
ne38516458a60fea8,ne38516458a60fea8,296
n63d7e3282b211ced,n63d7e3282b211ced,296
n83e53b498d0518de,n83e53b498d0518de,296
ned0a78fb22cc0d57,ned0a78fb22cc0d57,296
na8a6e52f203e481b,na8a6e52f203e481b,296
n87ab6d5e5d992826,n87ab6d5e5d992826,296
n3e7c0488744c8c63,n3e7c0488744c8c63,296
n32943379c9b60415,n32943379c9b60415,296
n928340a07e7e7305,n928340a07e7e7305,296
na02cd8acbd860b97,na02cd8acbd860b97,296
n0d0346fd777121be,n0d0346fd777121be,296
n47ba3217dd6d9809,n47ba3217dd6d9809,296
n24d152ecd4036c73,n24d152ecd4036c73,296
n2f0a57e41e5f8f57,n2f0a57e41e5f8f57,296
na84a735798557267,na84a735798557267,296
n8807a39113f86972,n8807a39113f86972,296
n33ca862276730ebe,n33ca862276730ebe,296
nc9b1c4d422918e76,nc9b1c4d422918e76,296
nfbe4314ed68fe323,nfbe4314ed68fe323,296
n49432deb1344a177,n49432deb1344a177,296
n1f09afe6295dc914,n1f09afe6295dc914,296
nc119840fabf842a0,nc119840fabf842a0,296
n74685b493ad3e0c5,n74685b493ad3e0c5,296
n6b04ba6ea6bf7cb1,n6b04ba6ea6bf7cb1,296
nf4ddd0b35df1ff12,nf4ddd0b35df1ff12,296
n05c53dceb3d2edb5,n05c53dceb3d2edb5,296
n0dc0a4e7ef2a38ed,n0dc0a4e7ef2a38ed,296
nd77a736589949b69,nd77a736589949b69,296
n9ea9661408ae78e1,n9ea9661408ae78e1,296
nf26e4589f4f319d9,nf26e4589f4f319d9,296
n11caadfadd4883be,n11caadfadd4883be,296
n45f10de5c9776813,n45f10de5c9776813,296
n49bb309809901aa3,n49bb309809901aa3,296
n4cc595e0949ca164,n4cc595e0949ca164,296
n6ff3db885b9b0e9b,n6ff3db885b9b0e9b,296
n5bf2f8cd26bf7b06,n5bf2f8cd26bf7b06,296
nbc8927294255653a,nbc8927294255653a,296
nae79f06f4508e271,nae79f06f4508e271,296
n756b14b905bfd5c5,n756b14b905bfd5c5,296
nd342b7af1b450da2,nd342b7af1b450da2,296
na95e6e2abe5b9059,na95e6e2abe5b9059,296
n762d0b0fa5a8e48f,n762d0b0fa5a8e48f,296
nd968382515ccabb3,nd968382515ccabb3,296
nb4e361ccb303f693,nb4e361ccb303f693,296
n549146b32aaa2bfe,n549146b32aaa2bfe,296
n5ea6d34c298ed577,n5ea6d34c298ed577,296
nb4f382f01a4445d8,nb4f382f01a4445d8,296
na89e6e53e5ca3199,na89e6e53e5ca3199,296
n82b7c6f3c8f1264d,n82b7c6f3c8f1264d,296
n83ae424d22503fd1,n83ae424d22503fd1,296
nc592536ef8830d32,nc592536ef8830d32,296
na7e8df0eedb10d93,na7e8df0eedb10d93,296
nb35a3ebe4dd6440f,nb35a3ebe4dd6440f,296
n6a3c03dd025cb100,n6a3c03dd025cb100,296
n9cc14101b47e50b6,n9cc14101b47e50b6,296
nd168daad6154cf05,nd168daad6154cf05,296
n8e045c04d0030550,n8e045c04d0030550,297
n1b54456ec989e9cb,n1b54456ec989e9cb,297
n3a4e2e62ea77b16b,n3a4e2e62ea77b16b,297
n5977b6df959a2bf5,n5977b6df959a2bf5,297
n3d9a03375a3b1b00,n3d9a03375a3b1b00,297
nc20460b5efe3519d,nc20460b5efe3519d,297
n56a28d98d4d105d5,n56a28d98d4d105d5,297
n2062240d425c6038,n2062240d425c6038,297
n0165d33837020ed6,n0165d33837020ed6,297
n4d6a8b4c19c570bc,n4d6a8b4c19c570bc,297
n1139310bbca75510,n1139310bbca75510,297
n11926154fdfd3260,n11926154fdfd3260,297
n64e4470b41dc7e16,n64e4470b41dc7e16,297
ndd89266692102ff7,ndd89266692102ff7,297
na5ab932b37515709,na5ab932b37515709,297
naafdc99e3d43588d,naafdc99e3d43588d,297
ndbe2690247d90fc5,ndbe2690247d90fc5,297
ne564e2c0dc568990,ne564e2c0dc568990,297
n17a532784266d9fd,n17a532784266d9fd,297
na03e203308f74a2e,na03e203308f74a2e,297
n5ef4f4e403b9fb42,n5ef4f4e403b9fb42,297
nb6478286051c21f3,nb6478286051c21f3,297
n3c87fb2c353f61c8,n3c87fb2c353f61c8,297
n3c6a7c804b091e12,n3c6a7c804b091e12,297
n901aa16c7eac2ceb,n901aa16c7eac2ceb,297
n06e73271a9b38f25,n06e73271a9b38f25,297
nbcc88cd1f1fdaee5,nbcc88cd1f1fdaee5,297
nb3e465f31c6b9cb5,nb3e465f31c6b9cb5,297
n18b8d3a1655361d8,n18b8d3a1655361d8,297
n403a64bb97413456,n403a64bb97413456,297
nd8c4d909b1367cb7,nd8c4d909b1367cb7,297
n08cd9c493e94bde5,n08cd9c493e94bde5,297
nee686119a03ca0a8,nee686119a03ca0a8,297
nda0b363469261da1,nda0b363469261da1,297
n1a139f1bf0736647,n1a139f1bf0736647,297
n75aa99a71ec74465,n75aa99a71ec74465,297
n982632385266ef18,n982632385266ef18,297
ne27d7420c6fa7183,ne27d7420c6fa7183,297
nd8df25c12a107ecb,nd8df25c12a107ecb,297
n94682b87d6dd3b00,n94682b87d6dd3b00,297
n7d4f173a8749ae02,n7d4f173a8749ae02,297
n4889188abe4ae82c,n4889188abe4ae82c,297
n4845a28327700668,n4845a28327700668,297
n65e3ece28d603f50,n65e3ece28d603f50,297
n9c8557df1c99886d,n9c8557df1c99886d,297
n942761ea478ba0bb,n942761ea478ba0bb,297
n793ca322fac9fb5f,n793ca322fac9fb5f,297
n7987cf5e535aa6f5,n7987cf5e535aa6f5,297
n869b6118c9f008d4,n869b6118c9f008d4,297
na31047ca23e9e8c5,na31047ca23e9e8c5,297
nb9883a91ed2d58d1,nb9883a91ed2d58d1,297
n49330559bd0d35fc,n49330559bd0d35fc,297
n8d9f06e7937d65e4,n8d9f06e7937d65e4,297
nbf043e436c377769,nbf043e436c377769,297
n787923f6c5aa59c1,n787923f6c5aa59c1,297
n89a60d59dd19676d,n89a60d59dd19676d,297
na7761efe603b1fc2,na7761efe603b1fc2,297
n447464e8d634714f,n447464e8d634714f,297
n34c2fe022400ad5f,n34c2fe022400ad5f,297
n5e10275a3d9c36fe,n5e10275a3d9c36fe,297
n65e7d556aa4970cf,n65e7d556aa4970cf,297
n57a64081f39f4a87,n57a64081f39f4a87,297
nb38b274e505d33e2,nb38b274e505d33e2,297
nb120d3cd8e10551d,nb120d3cd8e10551d,297
n8e9c777e16d4635c,n8e9c777e16d4635c,297
nf3e5685c5839984e,nf3e5685c5839984e,297
n2961ba363bf3118b,n2961ba363bf3118b,297
nff49e03e3032f92d,nff49e03e3032f92d,297
nf109f9eb92f26383,nf109f9eb92f26383,297
ne558c9b6bcc90f97,ne558c9b6bcc90f97,297
na06aaa562e8b1cd2,na06aaa562e8b1cd2,298
nb87077b390b95b87,nb87077b390b95b87,298
nb1b36384b4019c23,nb1b36384b4019c23,298
n890684528e477114,n890684528e477114,298
n51efcf901217a0c6,n51efcf901217a0c6,298
n10dabac0a9d8d5e7,n10dabac0a9d8d5e7,298
ndf49bf4315090bcd,ndf49bf4315090bcd,298
ne03ed768257bd0ee,ne03ed768257bd0ee,298
n33f912f991d617f0,n33f912f991d617f0,298
nf3505dcca5cbb875,nf3505dcca5cbb875,298
naf0d6df6fbab4295,naf0d6df6fbab4295,298
n6e4dd5671caf0238,n6e4dd5671caf0238,298
nbf6e8d80d27eb5db,nbf6e8d80d27eb5db,298
nc2afd535f0f23c5a,nc2afd535f0f23c5a,298
n3fa0e57509ecd575,n3fa0e57509ecd575,298
n13835b1d3f0cd2c2,n13835b1d3f0cd2c2,298
n82b2a7a551375a96,n82b2a7a551375a96,298
ne69aa8288334cb17,ne69aa8288334cb17,298
n10d90d07b376e16a,n10d90d07b376e16a,298
n21d3aa0942bd96d1,n21d3aa0942bd96d1,298
n75a5d6c168c0f42e,n75a5d6c168c0f42e,298
nd89796c587b131c7,nd89796c587b131c7,298
nfb5ba64a4de8eca3,nfb5ba64a4de8eca3,298
n8e0882222cfb867c,n8e0882222cfb867c,298
n04778865b5593daf,n04778865b5593daf,298
n16f64ea0b2721b5a,n16f64ea0b2721b5a,298
n5c34958ce9cc558b,n5c34958ce9cc558b,298
nb3f9f64cb1ee333a,nb3f9f64cb1ee333a,298
n2e4a01c14e69bf6b,n2e4a01c14e69bf6b,298
n3eee2ac58d983497,n3eee2ac58d983497,298
n2ca38510f95743f4,n2ca38510f95743f4,298
nd2a82403487b6158,nd2a82403487b6158,298
nb162b0ecb8b866b8,nb162b0ecb8b866b8,298
n311075dad534c35a,n311075dad534c35a,298
nb36c31f93b2b2e7b,nb36c31f93b2b2e7b,298
n51a51d23fd40744a,n51a51d23fd40744a,299
n80b5efa879c3ae3e,n80b5efa879c3ae3e,299
nb57c1bd7af7cf803,nb57c1bd7af7cf803,299
n8c63f86a67dbccc6,n8c63f86a67dbccc6,299
n5e30a1e5eaf45b19,n5e30a1e5eaf45b19,299
ndf71e2eb5569a352,ndf71e2eb5569a352,299
n77c2488e45fc9df1,n77c2488e45fc9df1,299
nb32b78ed324bddcb,nb32b78ed324bddcb,299
ndb715674256636af,ndb715674256636af,299
n4e35cc063a072cf1,n4e35cc063a072cf1,299
n2e22169959662552,n2e22169959662552,299
n830d82f3b48c03e4,n830d82f3b48c03e4,299
n610612e393563ee4,n610612e393563ee4,299
nebae3eafafa13811,nebae3eafafa13811,299
na2142a4df76e0dd2,na2142a4df76e0dd2,299
n27a2b95c99b4e9ec,n27a2b95c99b4e9ec,299
ne4b8457b3f838be4,ne4b8457b3f838be4,299
n92c7e304a47c7d38,n92c7e304a47c7d38,299
n2aac8f2ecb21543d,n2aac8f2ecb21543d,299
n1a138a782723f3b0,n1a138a782723f3b0,299
nf910988c872e909b,nf910988c872e909b,299
n686ecf4501a678c2,n686ecf4501a678c2,299
nf326aeda59421796,nf326aeda59421796,299
n82fa20276c4b3ad6,n82fa20276c4b3ad6,299
n4d00514b7c7577a7,n4d00514b7c7577a7,299
n24fcc91b2723a757,n24fcc91b2723a757,299
n7d7ea1af374c545f,n7d7ea1af374c545f,299
nea089f8bc6ec65ad,nea089f8bc6ec65ad,299
n74d65e04185d7cc0,n74d65e04185d7cc0,299
n6ea9ec314853abe1,n6ea9ec314853abe1,299
n51518028880e4d28,n51518028880e4d28,299
na412ea2e8c695e87,na412ea2e8c695e87,299
n8fd1ebab15d62c79,n8fd1ebab15d62c79,299
nc744f39fc44cf0da,nc744f39fc44cf0da,299
nf08cac0ee3175690,nf08cac0ee3175690,299
ne03a327a8d243039,ne03a327a8d243039,299
nfbc05c93efbc429b,nfbc05c93efbc429b,299
nef0345fb50601400,nef0345fb50601400,299
n6c892d858d4967fb,n6c892d858d4967fb,299
n963b6d8552f1495a,n963b6d8552f1495a,299
n0c84ea68dcf57e67,n0c84ea68dcf57e67,300
n6b577826c656be50,n6b577826c656be50,300
n040f308689524016,n040f308689524016,300
n3f06f91d6117f815,n3f06f91d6117f815,300
n209d26d5b89892f4,n209d26d5b89892f4,300
ne82d408d07269d80,ne82d408d07269d80,300
nfaf08e8a209e95cb,nfaf08e8a209e95cb,300
n5adf0c322cf04a68,n5adf0c322cf04a68,300
n7a7904fe33a70183,n7a7904fe33a70183,300
nc96a58cff0862ea1,nc96a58cff0862ea1,300
nc3b8a66d361afc82,nc3b8a66d361afc82,300
n8aaf93801dc0c854,n8aaf93801dc0c854,300
n899520c71e474872,n899520c71e474872,300
nde4b0218e3fe9ac6,nde4b0218e3fe9ac6,300
n2495827cc2b60a99,n2495827cc2b60a99,300
n49d61d961f1bc1d5,n49d61d961f1bc1d5,300
n838694839170a2d1,n838694839170a2d1,300
n2e42a53f1fcb23c9,n2e42a53f1fcb23c9,300
n2e7796e21fe54efe,n2e7796e21fe54efe,300
neeb59f00478b03c6,neeb59f00478b03c6,300
naa7acf788f8af7f2,naa7acf788f8af7f2,300
n612dbc24f18533f1,n612dbc24f18533f1,300
n7c2d5d17bf0a6987,n7c2d5d17bf0a6987,300
nc75be631fca579c0,nc75be631fca579c0,300
nc67e9f924976e127,nc67e9f924976e127,300
n139ffc8e4b3ded0b,n139ffc8e4b3ded0b,300
nfb60e1bacd04f3c8,nfb60e1bacd04f3c8,300
n6203f080670d34e1,n6203f080670d34e1,300
n758edcdb1147ae65,n758edcdb1147ae65,300
n936e63343dd5ff84,n936e63343dd5ff84,300
n23365adeb2efb16d,n23365adeb2efb16d,300
nb75fabd353013b6e,nb75fabd353013b6e,300
n1b9f57ab68a483c4,n1b9f57ab68a483c4,300
n529d65fe9c79f37d,n529d65fe9c79f37d,300
n8d9c5c1e96e22180,n8d9c5c1e96e22180,300
nad010e3e77ac847e,nad010e3e77ac847e,300
nad19a74c60ef7f9f,nad19a74c60ef7f9f,301
nb7193d7acc61ce21,nb7193d7acc61ce21,301
n7c1af3279fd6ed8f,n7c1af3279fd6ed8f,301
nb8023de9610f0e6c,nb8023de9610f0e6c,301
n1dd827efaee5864a,n1dd827efaee5864a,301
n14a60d42369f3142,n14a60d42369f3142,301
na349a78e090137d1,na349a78e090137d1,301
n089351552b312cb9,n089351552b312cb9,301
n49d023bc6e87d52f,n49d023bc6e87d52f,301
nfcc206165f91b4be,nfcc206165f91b4be,301
nc270292c0b1da401,nc270292c0b1da401,301
n06022cc2cd524662,n06022cc2cd524662,301
n6051bf6b88c7c67f,n6051bf6b88c7c67f,301
n3d9ced2648617268,n3d9ced2648617268,301
nfc29ad4ee29ddd68,nfc29ad4ee29ddd68,301
n15f73846108da057,n15f73846108da057,301
n7e9d41d7309caabf,n7e9d41d7309caabf,301
n70d1cf88e55da98f,n70d1cf88e55da98f,301
n55b53953a2a2e19a,n55b53953a2a2e19a,301
ndaff90c0e68b8126,ndaff90c0e68b8126,301
n04991b1a5863d2a3,n04991b1a5863d2a3,301
n8796a30090978869,n8796a30090978869,301
nfbd410bd4a9c7f9c,nfbd410bd4a9c7f9c,301
nb04bb9ce132f4ae0,nb04bb9ce132f4ae0,301
ndb540d21221e7345,ndb540d21221e7345,301
n128c0badaec5c8bf,n128c0badaec5c8bf,301
n4bf8363baa7e203c,n4bf8363baa7e203c,301
n009f6a936f5af0e9,n009f6a936f5af0e9,301
n4892c98ff6ef35c7,n4892c98ff6ef35c7,301
nbe16d4bb7d93b5bc,nbe16d4bb7d93b5bc,301
n3b50c99d741deddc,n3b50c99d741deddc,301
nc136f86b12206f93,nc136f86b12206f93,301
n506ee33fd3552516,n506ee33fd3552516,301
n98c7e4dac9ff4e97,n98c7e4dac9ff4e97,301
nd663ae211d2e075b,nd663ae211d2e075b,301
nf58505ae60fecde6,nf58505ae60fecde6,301
ncb7e37943e5f1a13,ncb7e37943e5f1a13,301
naf388d630bcbf115,naf388d630bcbf115,301
n521d49500bbb76b8,n521d49500bbb76b8,301
n932acad2c5028431,n932acad2c5028431,301
nce7546a3f1403d5b,nce7546a3f1403d5b,301
n173236eb1f03f038,n173236eb1f03f038,301
nfd431406087e2823,nfd431406087e2823,301
ne666f27adbf2ff94,ne666f27adbf2ff94,301
n6fb7481ad0d96c7d,n6fb7481ad0d96c7d,301
ned895754805e48bf,ned895754805e48bf,301
nf31379cd21c26d1f,nf31379cd21c26d1f,301
ne9debd3dad913f06,ne9debd3dad913f06,301
nacfcc66435d783bf,nacfcc66435d783bf,301
n1dfc0d379b0aa517,n1dfc0d379b0aa517,301
n9599a30af8e026f4,n9599a30af8e026f4,301
n6c98772afc25ec0e,n6c98772afc25ec0e,301
n01a92c44354102ef,n01a92c44354102ef,301
n43e8acb7968895a9,n43e8acb7968895a9,301
n7dba5d0a372f369f,n7dba5d0a372f369f,301
n0f38bad5c3632ef2,n0f38bad5c3632ef2,301
nc4a5f6d8605e8c37,nc4a5f6d8605e8c37,302
neb1407ab9dc5c9fa,neb1407ab9dc5c9fa,302
nc7508a6d41cd9120,nc7508a6d41cd9120,302
nf8340da5e717e417,nf8340da5e717e417,302
n9928a2c8c5528dfa,n9928a2c8c5528dfa,302
nbf286a9b2a4e1c1b,nbf286a9b2a4e1c1b,302
nb87b9b049ab0bce7,nb87b9b049ab0bce7,302
n10d6032fa6778bb3,n10d6032fa6778bb3,302
n86ff227100b8d0c6,n86ff227100b8d0c6,302
n84df9d147020c136,n84df9d147020c136,302
nbe8eaedd8f91cfb6,nbe8eaedd8f91cfb6,302
n56ecf6cfe0b6ab17,n56ecf6cfe0b6ab17,302
n9ae7823acf4e6fa6,n9ae7823acf4e6fa6,302
n5a1cc5713cf0e8d6,n5a1cc5713cf0e8d6,302
nc67a3ae5bc194002,nc67a3ae5bc194002,302
ne0ebb0059fbd106d,ne0ebb0059fbd106d,302
n5c0847a59cf12ff3,n5c0847a59cf12ff3,302
nd89d670a90bdd72a,nd89d670a90bdd72a,302
n259d4a975a0251a5,n259d4a975a0251a5,302
ne927ce9e85627a76,ne927ce9e85627a76,302
n6eccee4309da533c,n6eccee4309da533c,302
nf1117f2f879d17f3,nf1117f2f879d17f3,302
n9d74a769d7649ba7,n9d74a769d7649ba7,302
n7f10cadbffa44e55,n7f10cadbffa44e55,302
n656acf28b7ae75c8,n656acf28b7ae75c8,303
n986320b6bf18cbf5,n986320b6bf18cbf5,303
n45cff2fd4a00b91e,n45cff2fd4a00b91e,303
n9f187fec71f01bc5,n9f187fec71f01bc5,303
n0f3a6073f6f37b31,n0f3a6073f6f37b31,303
nf760b4be239baa2d,nf760b4be239baa2d,303
n658aa5d8bcc46899,n658aa5d8bcc46899,303
n10a39845f433b853,n10a39845f433b853,303
n21f3e4a0dba16525,n21f3e4a0dba16525,303
na6f4880712e69fee,na6f4880712e69fee,303
nd54616773609d905,nd54616773609d905,303
n94bd251da93c4cae,n94bd251da93c4cae,303
n75e25d9d46bff833,n75e25d9d46bff833,303
n03d8a398fc7367c2,n03d8a398fc7367c2,303
n5606a8ac90bc8424,n5606a8ac90bc8424,303
nac2e1468491f74e7,nac2e1468491f74e7,303
nac4975f3c6c6f8bf,nac4975f3c6c6f8bf,303
n9ee4c3477b0047f3,n9ee4c3477b0047f3,303
ncf67d35965b9c742,ncf67d35965b9c742,303
n1c225e8e5251371a,n1c225e8e5251371a,303
na74ce8e6677a6e80,na74ce8e6677a6e80,303
n80a75f2bec28d5f6,n80a75f2bec28d5f6,303
n72a1c2cd10093c91,n72a1c2cd10093c91,303
na873fbf232b843d9,na873fbf232b843d9,304
n30e3627a026ff201,n30e3627a026ff201,304
n62060eab4a13ae5b,n62060eab4a13ae5b,304
n17537ce5e177a1b4,n17537ce5e177a1b4,304
n407d2a0afcb75f8c,n407d2a0afcb75f8c,304
n5d22e1c323aef25c,n5d22e1c323aef25c,304
n05290e6c66032ae1,n05290e6c66032ae1,304
nf83243a34a0cce6c,nf83243a34a0cce6c,304
n8f230865108248c0,n8f230865108248c0,304
n13e6c053a3afd5c0,n13e6c053a3afd5c0,304
n152628581cdff586,n152628581cdff586,304
neba617c8a875cb9a,neba617c8a875cb9a,304
n1847347181ec44ec,n1847347181ec44ec,304
n5013cf8c04869a07,n5013cf8c04869a07,304
n8930431a9b4fb179,n8930431a9b4fb179,304
n73e1ad4559930d45,n73e1ad4559930d45,304
n4ceaa69590715b47,n4ceaa69590715b47,304
naeb06d4bf88ec53f,naeb06d4bf88ec53f,304
n4286f05b2ceaf866,n4286f05b2ceaf866,304
n1d6e007353e0eb36,n1d6e007353e0eb36,304
n231e6e1165579fe5,n231e6e1165579fe5,304
n0a22f2534daefea1,n0a22f2534daefea1,304
n70a044ac83319435,n70a044ac83319435,304
n98b944ab4410b49d,n98b944ab4410b49d,304
ne5828d49a2aaa5a6,ne5828d49a2aaa5a6,304
n1a7b71e6523665f2,n1a7b71e6523665f2,305
n0276edd8371a3827,n0276edd8371a3827,305
n42a221e919c55926,n42a221e919c55926,305
n69281b5f34894e0d,n69281b5f34894e0d,305
n3a76404824fa31a7,n3a76404824fa31a7,305
nbc804f9a985a207c,nbc804f9a985a207c,305
ne6b81e49d8bbda7b,ne6b81e49d8bbda7b,305
na99b9bb2b86a4fee,na99b9bb2b86a4fee,305
n0b416b3257b61fa1,n0b416b3257b61fa1,305
n18af2dd71acdb1e8,n18af2dd71acdb1e8,305
n79e74c2d961d3060,n79e74c2d961d3060,305
n19230574aa0c0d03,n19230574aa0c0d03,305
nd079faa2b3551751,nd079faa2b3551751,305
nf60217ea22fb51a7,nf60217ea22fb51a7,305
ne7e061d80a5c3ae7,ne7e061d80a5c3ae7,305
n1877c98b2a89a21c,n1877c98b2a89a21c,305
n823c82826db1b403,n823c82826db1b403,305
n0b4935cb2fc47f68,n0b4935cb2fc47f68,305
n05419eab8a43f139,n05419eab8a43f139,305
n9e21c61feaaccaaa,n9e21c61feaaccaaa,305
n09cfcb5939a410b9,n09cfcb5939a410b9,305
ned28729d4d8cc398,ned28729d4d8cc398,305
n24cba87c3a339753,n24cba87c3a339753,305
n08df7abed5b64a2f,n08df7abed5b64a2f,305
n2854c5cbacdffc54,n2854c5cbacdffc54,305
n203902755c4f1301,n203902755c4f1301,305
n81becb7b4256357a,n81becb7b4256357a,305
ne281b48977143461,ne281b48977143461,305
ndfe3884ff5bdc42a,ndfe3884ff5bdc42a,305
n59b0d32ce0f39b7b,n59b0d32ce0f39b7b,306
n7d39f94295f7ec5a,n7d39f94295f7ec5a,306
nb8a703dcb793b135,nb8a703dcb793b135,306
ncbfca43d00b09a36,ncbfca43d00b09a36,306
n20359f095c000672,n20359f095c000672,306
n322b8d701a64c0fa,n322b8d701a64c0fa,306
n3db79d42343fc1fd,n3db79d42343fc1fd,306
n1e92e0b48ffe8f0a,n1e92e0b48ffe8f0a,306
nd830ff284c1381eb,nd830ff284c1381eb,306
n7759dca3fbff3367,n7759dca3fbff3367,306
nebd0fafe1d986859,nebd0fafe1d986859,306
nd887c60828903417,nd887c60828903417,306
nf5f7e1ecf3ed01f8,nf5f7e1ecf3ed01f8,306
n838795e77b46d9bb,n838795e77b46d9bb,306
nb184c3a82c3bd290,nb184c3a82c3bd290,306
nd716c32204fa35bf,nd716c32204fa35bf,306
n446a63dea35e7dd5,n446a63dea35e7dd5,306
n171f830dea9be858,n171f830dea9be858,306
nb6236c6737b8e071,nb6236c6737b8e071,306
ndef3597da5e07ab7,ndef3597da5e07ab7,306
n020c9c6d68caa400,n020c9c6d68caa400,307
n54360ce798b3c7a2,n54360ce798b3c7a2,307
naebb4151fe163e32,naebb4151fe163e32,307
n2449e56cda3eae7f,n2449e56cda3eae7f,307
n96fbbd6b45c428d4,n96fbbd6b45c428d4,307
ne3780ce36078a8aa,ne3780ce36078a8aa,307
ncfff837ff1ec9e86,ncfff837ff1ec9e86,307
n9f0cc8e35b27544a,n9f0cc8e35b27544a,307
nd2382dc75fb19f10,nd2382dc75fb19f10,307
nfbdcead3b9485bb9,nfbdcead3b9485bb9,307
n69e3e8596ef6ec15,n69e3e8596ef6ec15,307
n227f8201ab796bd2,n227f8201ab796bd2,307
nfd3d2e263e1a9d80,nfd3d2e263e1a9d80,307
n98e8ecfdf62a4fc2,n98e8ecfdf62a4fc2,307
n46b82f45b65259b7,n46b82f45b65259b7,307
n3fad93002deea2f7,n3fad93002deea2f7,307
nc639f9fca3919815,nc639f9fca3919815,307
nb708c85db7dfef91,nb708c85db7dfef91,307
n9724f6286d80b439,n9724f6286d80b439,307
n67fafb933a97e593,n67fafb933a97e593,307
ncfefcd3ac38b12ba,ncfefcd3ac38b12ba,308
n29b01d6294c96052,n29b01d6294c96052,308
na9f709a8a476e8c7,na9f709a8a476e8c7,308
n584af9779f8640d5,n584af9779f8640d5,308
n13f42ddc35376f90,n13f42ddc35376f90,308
n92f4c8ad62fe04d4,n92f4c8ad62fe04d4,308
n5c3b1e84ebb1ea63,n5c3b1e84ebb1ea63,308
n206bb583589dfdfd,n206bb583589dfdfd,308
n0ff7abbd86efe12d,n0ff7abbd86efe12d,308
n28c60509133c3687,n28c60509133c3687,308
nfceeb2d1f19d917b,nfceeb2d1f19d917b,308
n2a8747839dd5d4c6,n2a8747839dd5d4c6,308
na39791e220d036c1,na39791e220d036c1,308
nf52278fab1de58fd,nf52278fab1de58fd,308
n133ca7ec7ff0e69e,n133ca7ec7ff0e69e,308
n90a995434d1008d4,n90a995434d1008d4,308
n141b5d85deba7500,n141b5d85deba7500,308
na4736929be552cc3,na4736929be552cc3,308
nc9a19c8a9385d15d,nc9a19c8a9385d15d,308
nef44e42d1c6d07ad,nef44e42d1c6d07ad,308
n85232073a0d29ac7,n85232073a0d29ac7,308
n495268598faa8735,n495268598faa8735,308
n3ae06095f4d4a320,n3ae06095f4d4a320,308
n21db2f56b0a30709,n21db2f56b0a30709,308
n497ad392d788dc66,n497ad392d788dc66,308
nbbed1880e86f59e8,nbbed1880e86f59e8,308
n7d1747c5afcbd376,n7d1747c5afcbd376,308
nea39b8dc459b5053,nea39b8dc459b5053,308
n6ab588623dc34a35,n6ab588623dc34a35,309
n435961a988789973,n435961a988789973,309
nbdb9b29e16189c00,nbdb9b29e16189c00,309
nfc71e816ff594dcf,nfc71e816ff594dcf,309
n03b473025b56cc4f,n03b473025b56cc4f,309
ne864dfa2b4fa2f7e,ne864dfa2b4fa2f7e,309
n15a3e43b41b4f2f4,n15a3e43b41b4f2f4,309
n1c99751997973fc3,n1c99751997973fc3,309
n85c6fa8bc2be45c0,n85c6fa8bc2be45c0,309
n8da9b363571f6970,n8da9b363571f6970,309
n84bd4ff251462615,n84bd4ff251462615,309
n0f9735cb6b674b8d,n0f9735cb6b674b8d,309
n2e00a7c91afe75cb,n2e00a7c91afe75cb,309
nadc2f149e5afb86d,nadc2f149e5afb86d,309
n45bdd9fd6fc3331a,n45bdd9fd6fc3331a,309
n646ea29a0a3a3225,n646ea29a0a3a3225,309
nd34f78a12bc5abe3,nd34f78a12bc5abe3,309
nfbe88c7d88203951,nfbe88c7d88203951,309
n9c52c9626270f085,n9c52c9626270f085,309
n745145808a293df7,n745145808a293df7,309
n14cdb5fcad30cd8a,n14cdb5fcad30cd8a,309
n7818f5ea1c6db839,n7818f5ea1c6db839,309
na0e594ba928f53c8,na0e594ba928f53c8,309
n5c4706955c6112b8,n5c4706955c6112b8,310
n767e678dec840175,n767e678dec840175,310
n9f0f6298ecf21de1,n9f0f6298ecf21de1,310
nab91ec7cd1d687de,nab91ec7cd1d687de,310
n2679af8dc113e11c,n2679af8dc113e11c,310
n5ae694c3d070e528,n5ae694c3d070e528,310
nce700d92311c4086,nce700d92311c4086,310
ne4d55769a9c03ea1,ne4d55769a9c03ea1,310
nae40170de4405260,nae40170de4405260,311
nd5a6c9b9a3274587,nd5a6c9b9a3274587,311
nf201bb3c8a80cc20,nf201bb3c8a80cc20,311
n8dfcc221751b61de,n8dfcc221751b61de,311
n8343a549dd1115b8,n8343a549dd1115b8,311
ne71601e574e36994,ne71601e574e36994,311
n6fdb21231df5125a,n6fdb21231df5125a,311
n500978e4cebdaa08,n500978e4cebdaa08,311
n9f36a479f25bbf71,n9f36a479f25bbf71,311
n380b45ab052cc368,n380b45ab052cc368,311
n4d017032aa25ea93,n4d017032aa25ea93,311
ncef027892fda9c9e,ncef027892fda9c9e,311
n36de0f578fb65ba3,n36de0f578fb65ba3,311
n72890b5352240130,n72890b5352240130,312
n62f3a3fca3ef34dc,n62f3a3fca3ef34dc,312
na587686e0358d8b4,na587686e0358d8b4,312
n5ae1cbb4674ff057,n5ae1cbb4674ff057,312
n9f051fc8446ea36a,n9f051fc8446ea36a,312
nedfa59a404e4ee5c,nedfa59a404e4ee5c,312
n9a73becca4b9aa84,n9a73becca4b9aa84,312
ne7856721cead80f0,ne7856721cead80f0,313
n62ec217059b7e539,n62ec217059b7e539,313
n962ed7ca6dcc7de7,n962ed7ca6dcc7de7,313
n8af10ce785cb87aa,n8af10ce785cb87aa,313
nbbe49825b49c45e7,nbbe49825b49c45e7,313
n6a42a9158b058735,n6a42a9158b058735,313
n2457a37fdde28d33,n2457a37fdde28d33,313
ncd1470caa7905847,ncd1470caa7905847,313
n080d30b2e8804e65,n080d30b2e8804e65,313
n8692d8087e42db80,n8692d8087e42db80,313
n343e56f60a9bab01,n343e56f60a9bab01,313
n4dfa877c5bb90d39,n4dfa877c5bb90d39,313
nbf2cdad7b0c723ad,nbf2cdad7b0c723ad,313
n7aa8e9de7df57e5c,n7aa8e9de7df57e5c,313
n0f22b3e116c9c33b,n0f22b3e116c9c33b,314
nb3261bbf98bd41be,nb3261bbf98bd41be,314
nea396720c35062f0,nea396720c35062f0,314
n0c42afd35b439d29,n0c42afd35b439d29,314
n47cbbf0e30c33d96,n47cbbf0e30c33d96,314
nb426bd4662b26687,nb426bd4662b26687,314
nebe72751ffc53d3a,nebe72751ffc53d3a,314
n62a5a09a7f77567c,n62a5a09a7f77567c,315
n077e0af0cc9000fc,n077e0af0cc9000fc,315
nd863a6b9a409c69f,nd863a6b9a409c69f,315
ne19941b7d71c1f05,ne19941b7d71c1f05,315
n05e3dee4773aa545,n05e3dee4773aa545,315
n658cda3894a33668,n658cda3894a33668,315
n46dfb7f018cb7088,n46dfb7f018cb7088,315
ne94c956792858042,ne94c956792858042,315
n57e96837fddbb4da,n57e96837fddbb4da,315
ncd0996f9eb6bc8af,ncd0996f9eb6bc8af,315
na3a2c30df3e60d0d,na3a2c30df3e60d0d,315
ne374a360be299e04,ne374a360be299e04,315
n7160866887ffbbfa,n7160866887ffbbfa,315
n07acc64bc2a55fd8,n07acc64bc2a55fd8,315
ncc16f9e48440d2be,ncc16f9e48440d2be,316
nb698fc443994d61e,nb698fc443994d61e,316
n73578e759b542ad3,n73578e759b542ad3,316
nedede33f32bfc74f,nedede33f32bfc74f,316
nc464e1619269f304,nc464e1619269f304,316
n38e4c5b88f312d47,n38e4c5b88f312d47,316
n6ddeb0d2b8afc7e6,n6ddeb0d2b8afc7e6,316
