element_id,original_id,tag,carrier,host_or_staff
n6dbd155f6125fa99--tuplet--start--1,n6dbd155f6125fa99--tuplet--start--1,tuplet,stamp,n6dbd155f6125fa99
n6dbd155f6125fa99--slur--start--1,n6dbd155f6125fa99--slur--start--1,slur,stamp,n6dbd155f6125fa99
ne743d42104129b12--tuplet--stop--1,ne743d42104129b12--tuplet--stop--1,tuplet,stamp,ne743d42104129b12
ne743d42104129b12--slur--stop--1,ne743d42104129b12--slur--stop--1,slur,stamp,ne743d42104129b12
nce5387cc4dc2e4e6--tuplet--start--1,nce5387cc4dc2e4e6--tuplet--start--1,tuplet,stamp,nce5387cc4dc2e4e6
nce5387cc4dc2e4e6--slur--start--1,nce5387cc4dc2e4e6--slur--start--1,slur,stamp,nce5387cc4dc2e4e6
n8d8d9d2c4993740e--tuplet--stop--1,n8d8d9d2c4993740e--tuplet--stop--1,tuplet,stamp,n8d8d9d2c4993740e
n8d8d9d2c4993740e--slur--stop--1,n8d8d9d2c4993740e--slur--stop--1,slur,stamp,n8d8d9d2c4993740e
e85cc7ede1eb0e305,,other-direction,md,1
ee5af0b4243f2cc54,ee5af0b4243f2cc54,words,md,1
ebe29159d3cc5498f,ebe29159d3cc5498f,words,md,2
nf544c9cfce129b00--slur--start--1,nf544c9cfce129b00--slur--start--1,slur,stamp,nf544c9cfce129b00
nf544c9cfce129b00--accent--1,,accent,derive,nf544c9cfce129b00
n755ac5c42570da7d--slur--stop--1,n755ac5c42570da7d--slur--stop--1,slur,stamp,n755ac5c42570da7d
n924d42b2bac085bc--slur--start--1,n924d42b2bac085bc--slur--start--1,slur,stamp,n924d42b2bac085bc
n924d42b2bac085bc--accent--1,,accent,derive,n924d42b2bac085bc
nb7fa49dbb4c4c865--slur--stop--1,nb7fa49dbb4c4c865--slur--stop--1,slur,stamp,nb7fa49dbb4c4c865
n5ca3ed1786978c62--arpeggiate--1,n5ca3ed1786978c62--arpeggiate--1,arpeggiate,stamp,n5ca3ed1786978c62
ncce0f16ed7fddce5--arpeggiate--1,ncce0f16ed7fddce5--arpeggiate--1,arpeggiate,stamp,ncce0f16ed7fddce5
ne1ce7806b6eb793c--arpeggiate--1,ne1ce7806b6eb793c--arpeggiate--1,arpeggiate,stamp,ne1ce7806b6eb793c
n1796c1e00fe76e50--arpeggiate--1,n1796c1e00fe76e50--arpeggiate--1,arpeggiate,stamp,n1796c1e00fe76e50
n1e1749cd55bdf0f4--arpeggiate--1,n1e1749cd55bdf0f4--arpeggiate--1,arpeggiate,stamp,n1e1749cd55bdf0f4
nb27ca05947a26fd6--fermata--upright--1,nb27ca05947a26fd6--fermata--upright--1,fermata,stamp,nb27ca05947a26fd6
n85991facf5f4a26f--tie--1,,tie,derive,n85991facf5f4a26f
n85991facf5f4a26f--tied--start--1,n85991facf5f4a26f--tied--start--1,tied,stamp,n85991facf5f4a26f
na813c97a1e6d2a72--tie--1,,tie,derive,na813c97a1e6d2a72
na813c97a1e6d2a72--tied--stop--1,na813c97a1e6d2a72--tied--stop--1,tied,stamp,na813c97a1e6d2a72
n49f3a1a83abaa4cb--fermata--upright--1,n49f3a1a83abaa4cb--fermata--upright--1,fermata,stamp,n49f3a1a83abaa4cb
n70953c71601d3ea3--arpeggiate--1,n70953c71601d3ea3--arpeggiate--1,arpeggiate,stamp,n70953c71601d3ea3
n1af79e5eb53fab6e--arpeggiate--1,n1af79e5eb53fab6e--arpeggiate--1,arpeggiate,stamp,n1af79e5eb53fab6e
na0916a25f748da92--arpeggiate--1,na0916a25f748da92--arpeggiate--1,arpeggiate,stamp,na0916a25f748da92
n9dacb3df6be5ba62--arpeggiate--1,n9dacb3df6be5ba62--arpeggiate--1,arpeggiate,stamp,n9dacb3df6be5ba62
neac5eac9024549ef--arpeggiate--1,neac5eac9024549ef--arpeggiate--1,arpeggiate,stamp,neac5eac9024549ef
nbac836b928d83ef5--arpeggiate--1,nbac836b928d83ef5--arpeggiate--1,arpeggiate,stamp,nbac836b928d83ef5
n6c4084c6f4b54d11--arpeggiate--1,n6c4084c6f4b54d11--arpeggiate--1,arpeggiate,stamp,n6c4084c6f4b54d11
nd38a55d185132695--arpeggiate--1,nd38a55d185132695--arpeggiate--1,arpeggiate,stamp,nd38a55d185132695
n20cedeee86738745--arpeggiate--1,n20cedeee86738745--arpeggiate--1,arpeggiate,stamp,n20cedeee86738745
e54cf32e62db9296b,e54cf32e62db9296b,words,md,1
ncc0925376eac179f--slur--start--1,ncc0925376eac179f--slur--start--1,slur,stamp,ncc0925376eac179f
ncc0925376eac179f--staccato--1,,staccato,derive,ncc0925376eac179f
n0fc1cb9704b4c7c0--slur--stop--1,n0fc1cb9704b4c7c0--slur--stop--1,slur,stamp,n0fc1cb9704b4c7c0
n0fc1cb9704b4c7c0--staccato--1,,staccato,derive,n0fc1cb9704b4c7c0
n215103925480f472--tie--1,,tie,derive,n215103925480f472
n215103925480f472--tied--start--1,n215103925480f472--tied--start--1,tied,stamp,n215103925480f472
nbdff48a926b6cd7a--tie--1,,tie,derive,nbdff48a926b6cd7a
nbdff48a926b6cd7a--tied--stop--1,nbdff48a926b6cd7a--tied--stop--1,tied,stamp,nbdff48a926b6cd7a
nc0ebfcc162469f75--tuplet--start--1,nc0ebfcc162469f75--tuplet--start--1,tuplet,stamp,nc0ebfcc162469f75
nc0ebfcc162469f75--slur--start--1,nc0ebfcc162469f75--slur--start--1,slur,stamp,nc0ebfcc162469f75
nc59ca3590b40cd92--tuplet--stop--1,nc59ca3590b40cd92--tuplet--stop--1,tuplet,stamp,nc59ca3590b40cd92
nc59ca3590b40cd92--slur--stop--1,nc59ca3590b40cd92--slur--stop--1,slur,stamp,nc59ca3590b40cd92
n01a6a32ae388baeb--arpeggiate--1,n01a6a32ae388baeb--arpeggiate--1,arpeggiate,stamp,n01a6a32ae388baeb
nc38c6f2b6e53a0c5--arpeggiate--1,nc38c6f2b6e53a0c5--arpeggiate--1,arpeggiate,stamp,nc38c6f2b6e53a0c5
n4b769a356d656770--arpeggiate--1,n4b769a356d656770--arpeggiate--1,arpeggiate,stamp,n4b769a356d656770
nd0777ca06f64594b--arpeggiate--1,nd0777ca06f64594b--arpeggiate--1,arpeggiate,stamp,nd0777ca06f64594b
n81ee5798689d7955--arpeggiate--1,n81ee5798689d7955--arpeggiate--1,arpeggiate,stamp,n81ee5798689d7955
ncb891cc6aacc2d2c--arpeggiate--1,ncb891cc6aacc2d2c--arpeggiate--1,arpeggiate,stamp,ncb891cc6aacc2d2c
e6c3e3a6b117e821f,e6c3e3a6b117e821f,words,md,2
e7189622bec4979fc,e7189622bec4979fc,pedal,md,2
eccf6bd9c58ac7156,eccf6bd9c58ac7156,wedge,md,2
e0659e7d8250fcdc1,e0659e7d8250fcdc1,pedal,md,2
e30fbc2c13d075b50,e30fbc2c13d075b50,wedge,md,2
neeb8a40183631bb9--slur--start--1,neeb8a40183631bb9--slur--start--1,slur,stamp,neeb8a40183631bb9
neeb8a40183631bb9--staccato--1,,staccato,derive,neeb8a40183631bb9
n1dac546f1f16442e--slur--stop--1,n1dac546f1f16442e--slur--stop--1,slur,stamp,n1dac546f1f16442e
n1dac546f1f16442e--staccato--1,,staccato,derive,n1dac546f1f16442e
e3fc948f60a560063,e3fc948f60a560063,pedal,md,2
e1d2bab43a7aba497,e1d2bab43a7aba497,wedge,md,2
e245ac73073eb3985,e245ac73073eb3985,pedal,md,2
e316266d9970e4dd8,e316266d9970e4dd8,wedge,md,2
n24c1db7d4e5768f0--slur--start--1,n24c1db7d4e5768f0--slur--start--1,slur,stamp,n24c1db7d4e5768f0
n24c1db7d4e5768f0--staccato--1,,staccato,derive,n24c1db7d4e5768f0
nb9c9260c28ee1d08--slur--stop--1,nb9c9260c28ee1d08--slur--stop--1,slur,stamp,nb9c9260c28ee1d08
nb9c9260c28ee1d08--staccato--1,,staccato,derive,nb9c9260c28ee1d08
n40e2eb5fad72713d--tie--1,,tie,derive,n40e2eb5fad72713d
n40e2eb5fad72713d--tied--start--1,n40e2eb5fad72713d--tied--start--1,tied,stamp,n40e2eb5fad72713d
n640c0374b50ad5bb--tie--1,,tie,derive,n640c0374b50ad5bb
n640c0374b50ad5bb--tied--stop--1,n640c0374b50ad5bb--tied--stop--1,tied,stamp,n640c0374b50ad5bb
na4f8e97ae7ade265--tuplet--start--1,na4f8e97ae7ade265--tuplet--start--1,tuplet,stamp,na4f8e97ae7ade265
na4f8e97ae7ade265--slur--start--1,na4f8e97ae7ade265--slur--start--1,slur,stamp,na4f8e97ae7ade265
nc7c33ae84070be1f--tuplet--stop--1,nc7c33ae84070be1f--tuplet--stop--1,tuplet,stamp,nc7c33ae84070be1f
nc7c33ae84070be1f--slur--stop--1,nc7c33ae84070be1f--slur--stop--1,slur,stamp,nc7c33ae84070be1f
n0efbd62bbf29ee52--tuplet--start--1,n0efbd62bbf29ee52--tuplet--start--1,tuplet,stamp,n0efbd62bbf29ee52
n0efbd62bbf29ee52--slur--start--1,n0efbd62bbf29ee52--slur--start--1,slur,stamp,n0efbd62bbf29ee52
n518978566cc1fc1a--tuplet--stop--1,n518978566cc1fc1a--tuplet--stop--1,tuplet,stamp,n518978566cc1fc1a
n518978566cc1fc1a--slur--stop--1,n518978566cc1fc1a--slur--stop--1,slur,stamp,n518978566cc1fc1a
ef0af23ceaac0700d,ef0af23ceaac0700d,pedal,md,2
e49e4db2a5810a89c,e49e4db2a5810a89c,pedal,md,2
na7c2e61e775d1091--tie--1,,tie,derive,na7c2e61e775d1091
na7c2e61e775d1091--tied--start--1,na7c2e61e775d1091--tied--start--1,tied,stamp,na7c2e61e775d1091
na4582fa7e3921bbb--tie--1,,tie,derive,na4582fa7e3921bbb
na4582fa7e3921bbb--tied--stop--1,na4582fa7e3921bbb--tied--stop--1,tied,stamp,na4582fa7e3921bbb
n1c1430cb4db935bd--accent--1,,accent,derive,n1c1430cb4db935bd
e962923e80ead9383,e962923e80ead9383,pedal,md,2
e8df1f7a297319520,e8df1f7a297319520,pedal,md,2
ee7202f3da4813f7b,ee7202f3da4813f7b,wedge,md,2
e3cfbea9145d30bf3,e3cfbea9145d30bf3,wedge,md,2
ec1c14be4babd2e97,ec1c14be4babd2e97,pedal,md,2
e20c970f0e5d7c28e,e20c970f0e5d7c28e,pedal,md,2
n9f7b3fab2a6e832f--tie--1,,tie,derive,n9f7b3fab2a6e832f
n9f7b3fab2a6e832f--tied--start--1,n9f7b3fab2a6e832f--tied--start--1,tied,stamp,n9f7b3fab2a6e832f
n81d3e749ed0191e5--tie--1,,tie,derive,n81d3e749ed0191e5
n81d3e749ed0191e5--tied--stop--1,n81d3e749ed0191e5--tied--stop--1,tied,stamp,n81d3e749ed0191e5
nfb25bc524d8c568b--slur--start--1,nfb25bc524d8c568b--slur--start--1,slur,stamp,nfb25bc524d8c568b
n6c380fac86f8cc42--slur--stop--1,n6c380fac86f8cc42--slur--stop--1,slur,stamp,n6c380fac86f8cc42
e00147391ae62121d,e00147391ae62121d,pedal,md,2
ef508f2674f936cce,ef508f2674f936cce,words,md,2
eb3860cf20e7055cc,eb3860cf20e7055cc,words,md,2
e59e902d4b7a753ab,e59e902d4b7a753ab,pedal,md,2
n4aac0465ca5969be--slur--start--1,n4aac0465ca5969be--slur--start--1,slur,stamp,n4aac0465ca5969be
n7443911e2235bba4--slur--stop--1,n7443911e2235bba4--slur--stop--1,slur,stamp,n7443911e2235bba4
n3cf3032bfa898a3f--slur--start--1,n3cf3032bfa898a3f--slur--start--1,slur,stamp,n3cf3032bfa898a3f
n84f3ade344fa8257--slur--stop--1,n84f3ade344fa8257--slur--stop--1,slur,stamp,n84f3ade344fa8257
nf4bb9247d3229a9e--accent--1,,accent,derive,nf4bb9247d3229a9e
n1cb4fbcc217cf31d--tuplet--start--1,n1cb4fbcc217cf31d--tuplet--start--1,tuplet,stamp,n1cb4fbcc217cf31d
n1cb4fbcc217cf31d--slur--start--1,n1cb4fbcc217cf31d--slur--start--1,slur,stamp,n1cb4fbcc217cf31d
n1cb4fbcc217cf31d--accent--1,,accent,derive,n1cb4fbcc217cf31d
n28ba1359c1034b3f--tuplet--start--1,n28ba1359c1034b3f--tuplet--start--1,tuplet,stamp,n28ba1359c1034b3f
n093bc9139d8d2f21--tuplet--stop--1,n093bc9139d8d2f21--tuplet--stop--1,tuplet,stamp,n093bc9139d8d2f21
n093bc9139d8d2f21--slur--stop--1,n093bc9139d8d2f21--slur--stop--1,slur,stamp,n093bc9139d8d2f21
n4c63139ddfd4e98d--tuplet--start--1,n4c63139ddfd4e98d--tuplet--start--1,tuplet,stamp,n4c63139ddfd4e98d
n4c63139ddfd4e98d--slur--start--1,n4c63139ddfd4e98d--slur--start--1,slur,stamp,n4c63139ddfd4e98d
n4c63139ddfd4e98d--accent--1,,accent,derive,n4c63139ddfd4e98d
ne252f934c9a53c56--tuplet--start--1,ne252f934c9a53c56--tuplet--start--1,tuplet,stamp,ne252f934c9a53c56
n7899c0a85a63f384--tuplet--stop--1,n7899c0a85a63f384--tuplet--stop--1,tuplet,stamp,n7899c0a85a63f384
n7899c0a85a63f384--slur--stop--1,n7899c0a85a63f384--slur--stop--1,slur,stamp,n7899c0a85a63f384
ncc83f8e121a3dd15--tuplet--start--1,ncc83f8e121a3dd15--tuplet--start--1,tuplet,stamp,ncc83f8e121a3dd15
ncc83f8e121a3dd15--slur--start--1,ncc83f8e121a3dd15--slur--start--1,slur,stamp,ncc83f8e121a3dd15
n6167bee2c9aaf092--tuplet--stop--1,n6167bee2c9aaf092--tuplet--stop--1,tuplet,stamp,n6167bee2c9aaf092
n6167bee2c9aaf092--slur--stop--1,n6167bee2c9aaf092--slur--stop--1,slur,stamp,n6167bee2c9aaf092
n09c1d0f8dbcc9f61--tuplet--start--1,n09c1d0f8dbcc9f61--tuplet--start--1,tuplet,stamp,n09c1d0f8dbcc9f61
n09c1d0f8dbcc9f61--slur--start--1,n09c1d0f8dbcc9f61--slur--start--1,slur,stamp,n09c1d0f8dbcc9f61
n3c4265ea9a88f497--tuplet--stop--1,n3c4265ea9a88f497--tuplet--stop--1,tuplet,stamp,n3c4265ea9a88f497
n3c4265ea9a88f497--slur--stop--1,n3c4265ea9a88f497--slur--stop--1,slur,stamp,n3c4265ea9a88f497
ndee29c52a8d06875--tuplet--start--1,ndee29c52a8d06875--tuplet--start--1,tuplet,stamp,ndee29c52a8d06875
ndee29c52a8d06875--slur--start--1,ndee29c52a8d06875--slur--start--1,slur,stamp,ndee29c52a8d06875
n135dcf3cf2a513de--tuplet--stop--1,n135dcf3cf2a513de--tuplet--stop--1,tuplet,stamp,n135dcf3cf2a513de
n135dcf3cf2a513de--slur--stop--1,n135dcf3cf2a513de--slur--stop--1,slur,stamp,n135dcf3cf2a513de
n2a0a68f2f0f6788b--tuplet--start--1,n2a0a68f2f0f6788b--tuplet--start--1,tuplet,stamp,n2a0a68f2f0f6788b
n2a0a68f2f0f6788b--slur--start--1,n2a0a68f2f0f6788b--slur--start--1,slur,stamp,n2a0a68f2f0f6788b
ne651c12639b1df1d--tuplet--stop--1,ne651c12639b1df1d--tuplet--stop--1,tuplet,stamp,ne651c12639b1df1d
ne651c12639b1df1d--slur--stop--1,ne651c12639b1df1d--slur--stop--1,slur,stamp,ne651c12639b1df1d
n15467b39b68371e4--tuplet--start--1,n15467b39b68371e4--tuplet--start--1,tuplet,stamp,n15467b39b68371e4
n15467b39b68371e4--slur--start--1,n15467b39b68371e4--slur--start--1,slur,stamp,n15467b39b68371e4
nf5446a4637e59235--tuplet--stop--1,nf5446a4637e59235--tuplet--stop--1,tuplet,stamp,nf5446a4637e59235
nf5446a4637e59235--slur--stop--1,nf5446a4637e59235--slur--stop--1,slur,stamp,nf5446a4637e59235
n13885cb466b012be--tuplet--start--1,n13885cb466b012be--tuplet--start--1,tuplet,stamp,n13885cb466b012be
n13885cb466b012be--slur--start--1,n13885cb466b012be--slur--start--1,slur,stamp,n13885cb466b012be
n13885cb466b012be--accent--1,,accent,derive,n13885cb466b012be
n96f500653245b139--tuplet--stop--1,n96f500653245b139--tuplet--stop--1,tuplet,stamp,n96f500653245b139
n96f500653245b139--slur--stop--1,n96f500653245b139--slur--stop--1,slur,stamp,n96f500653245b139
nca7bb94c1b4b486b--tuplet--start--1,nca7bb94c1b4b486b--tuplet--start--1,tuplet,stamp,nca7bb94c1b4b486b
nca7bb94c1b4b486b--slur--start--1,nca7bb94c1b4b486b--slur--start--1,slur,stamp,nca7bb94c1b4b486b
nca7bb94c1b4b486b--accent--1,,accent,derive,nca7bb94c1b4b486b
n0d91fd75de712b50--tuplet--stop--1,n0d91fd75de712b50--tuplet--stop--1,tuplet,stamp,n0d91fd75de712b50
n0d91fd75de712b50--slur--stop--1,n0d91fd75de712b50--slur--stop--1,slur,stamp,n0d91fd75de712b50
n63ebd013b67dd2a5--tuplet--start--1,n63ebd013b67dd2a5--tuplet--start--1,tuplet,stamp,n63ebd013b67dd2a5
n63ebd013b67dd2a5--slur--start--1,n63ebd013b67dd2a5--slur--start--1,slur,stamp,n63ebd013b67dd2a5
n63ebd013b67dd2a5--strong-accent--1,,strong-accent,derive,n63ebd013b67dd2a5
n633e06ce68a0422d--staccato--1,,staccato,derive,n633e06ce68a0422d
nce232c2c9cce54b7--staccato--1,,staccato,derive,nce232c2c9cce54b7
n27101db9a043b585--staccato--1,,staccato,derive,n27101db9a043b585
nc0626bca80a78ed9--staccato--1,,staccato,derive,nc0626bca80a78ed9
n98d8675387fb793e--staccato--1,,staccato,derive,n98d8675387fb793e
n5074f4d6e3348b56--tuplet--stop--1,n5074f4d6e3348b56--tuplet--stop--1,tuplet,stamp,n5074f4d6e3348b56
n5074f4d6e3348b56--slur--stop--1,n5074f4d6e3348b56--slur--stop--1,slur,stamp,n5074f4d6e3348b56
n5074f4d6e3348b56--staccato--1,,staccato,derive,n5074f4d6e3348b56
n82c365725def611a--arpeggiate--1,n82c365725def611a--arpeggiate--1,arpeggiate,stamp,n82c365725def611a
n87f14044c498fb89--arpeggiate--1,n87f14044c498fb89--arpeggiate--1,arpeggiate,stamp,n87f14044c498fb89
e94b26861888211b2,e94b26861888211b2,pedal,md,1
e4e5b550406e2be68,e4e5b550406e2be68,wedge,md,1
e36fe4d41c91fd3ba,e36fe4d41c91fd3ba,octave-shift,md,1
ea8f1914e86cd207f,ea8f1914e86cd207f,wedge,md,1
e1e295be1a5350fc6,e1e295be1a5350fc6,octave-shift,md,1
e6d922757dd7c536b,e6d922757dd7c536b,pedal,md,1
eac7f41c0377aadeb,eac7f41c0377aadeb,wedge,md,1
ed1363b43ba84bcb6,ed1363b43ba84bcb6,wedge,md,1
ndc3c35d56ff5ecfd--slur--start--1,ndc3c35d56ff5ecfd--slur--start--1,slur,stamp,ndc3c35d56ff5ecfd
ndc3c35d56ff5ecfd--accent--1,,accent,derive,ndc3c35d56ff5ecfd
nac930f4efa18345f--slur--stop--1,nac930f4efa18345f--slur--stop--1,slur,stamp,nac930f4efa18345f
n0d1d363fa3fae81c--slur--start--1,n0d1d363fa3fae81c--slur--start--1,slur,stamp,n0d1d363fa3fae81c
n70973eec46717e86--slur--stop--1,n70973eec46717e86--slur--stop--1,slur,stamp,n70973eec46717e86
n06b70cc4611bd0af--staccato--1,,staccato,derive,n06b70cc4611bd0af
n06b70cc4611bd0af--arpeggiate--1,n06b70cc4611bd0af--arpeggiate--1,arpeggiate,stamp,n06b70cc4611bd0af
n966c4b57d7f253cc--arpeggiate--1,n966c4b57d7f253cc--arpeggiate--1,arpeggiate,stamp,n966c4b57d7f253cc
nd88b2af178a604b8--arpeggiate--1,nd88b2af178a604b8--arpeggiate--1,arpeggiate,stamp,nd88b2af178a604b8
n8213078ec09311cc--staccato--1,,staccato,derive,n8213078ec09311cc
n8213078ec09311cc--arpeggiate--1,n8213078ec09311cc--arpeggiate--1,arpeggiate,stamp,n8213078ec09311cc
ne330255feee85c94--arpeggiate--1,ne330255feee85c94--arpeggiate--1,arpeggiate,stamp,ne330255feee85c94
nf4a2c76b2cf4bd8c--arpeggiate--1,nf4a2c76b2cf4bd8c--arpeggiate--1,arpeggiate,stamp,nf4a2c76b2cf4bd8c
ea56d57bf11215627,ea56d57bf11215627,words,md,1
e209fb66d72bac054,e209fb66d72bac054,words,md,1
ne492b4ec476c0b3c--slur--start--1,ne492b4ec476c0b3c--slur--start--1,slur,stamp,ne492b4ec476c0b3c
ne492b4ec476c0b3c--accent--1,,accent,derive,ne492b4ec476c0b3c
n08b624ef11236b7d--slur--stop--1,n08b624ef11236b7d--slur--stop--1,slur,stamp,n08b624ef11236b7d
nf18a6c98e41c9c18--slur--start--1,nf18a6c98e41c9c18--slur--start--1,slur,stamp,nf18a6c98e41c9c18
n226b244aa73a4e33--slur--stop--1,n226b244aa73a4e33--slur--stop--1,slur,stamp,n226b244aa73a4e33
n4f348917e5f45b05--staccato--1,,staccato,derive,n4f348917e5f45b05
n4f348917e5f45b05--arpeggiate--1,n4f348917e5f45b05--arpeggiate--1,arpeggiate,stamp,n4f348917e5f45b05
n2622709cfea5ce2f--arpeggiate--1,n2622709cfea5ce2f--arpeggiate--1,arpeggiate,stamp,n2622709cfea5ce2f
n29b212ec48bddd65--arpeggiate--1,n29b212ec48bddd65--arpeggiate--1,arpeggiate,stamp,n29b212ec48bddd65
nb36daf149de41fce--staccato--1,,staccato,derive,nb36daf149de41fce
nb36daf149de41fce--arpeggiate--1,nb36daf149de41fce--arpeggiate--1,arpeggiate,stamp,nb36daf149de41fce
n7a5f1e811ee0dd5b--arpeggiate--1,n7a5f1e811ee0dd5b--arpeggiate--1,arpeggiate,stamp,n7a5f1e811ee0dd5b
n4d426eb674c82aea--arpeggiate--1,n4d426eb674c82aea--arpeggiate--1,arpeggiate,stamp,n4d426eb674c82aea
efe1f30272bdaa13f,efe1f30272bdaa13f,wedge,md,1
e35d502c59fe76a59,e35d502c59fe76a59,wedge,md,1
n5513203e8a44d4b2--slur--start--1,n5513203e8a44d4b2--slur--start--1,slur,stamp,n5513203e8a44d4b2
n5513203e8a44d4b2--accent--1,,accent,derive,n5513203e8a44d4b2
nce4a5abaca43f112--slur--stop--1,nce4a5abaca43f112--slur--stop--1,slur,stamp,nce4a5abaca43f112
nbe742e1e2eb87618--slur--start--1,nbe742e1e2eb87618--slur--start--1,slur,stamp,nbe742e1e2eb87618
nbe742e1e2eb87618--accent--1,,accent,derive,nbe742e1e2eb87618
n249efca75a59841e--slur--stop--1,n249efca75a59841e--slur--stop--1,slur,stamp,n249efca75a59841e
ndbca12d5e2f1c86b--staccato--1,,staccato,derive,ndbca12d5e2f1c86b
ndbca12d5e2f1c86b--arpeggiate--1,ndbca12d5e2f1c86b--arpeggiate--1,arpeggiate,stamp,ndbca12d5e2f1c86b
n3abc31568d706b7f--arpeggiate--1,n3abc31568d706b7f--arpeggiate--1,arpeggiate,stamp,n3abc31568d706b7f
n195da761a6d8139d--arpeggiate--1,n195da761a6d8139d--arpeggiate--1,arpeggiate,stamp,n195da761a6d8139d
ne3361345a2e30fbd--arpeggiate--1,ne3361345a2e30fbd--arpeggiate--1,arpeggiate,stamp,ne3361345a2e30fbd
n3673ebf36fdc4675--staccato--1,,staccato,derive,n3673ebf36fdc4675
n3673ebf36fdc4675--arpeggiate--1,n3673ebf36fdc4675--arpeggiate--1,arpeggiate,stamp,n3673ebf36fdc4675
n20b0f35aad14da99--arpeggiate--1,n20b0f35aad14da99--arpeggiate--1,arpeggiate,stamp,n20b0f35aad14da99
n20f1d4cf66e2839b--arpeggiate--1,n20f1d4cf66e2839b--arpeggiate--1,arpeggiate,stamp,n20f1d4cf66e2839b
n2e8a43ff26cc96df--arpeggiate--1,n2e8a43ff26cc96df--arpeggiate--1,arpeggiate,stamp,n2e8a43ff26cc96df
n03deb443f2bd3ecc--tie--1,,tie,derive,n03deb443f2bd3ecc
n03deb443f2bd3ecc--tied--start--1,n03deb443f2bd3ecc--tied--start--1,tied,stamp,n03deb443f2bd3ecc
nfc86784bddb25eef--tie--1,,tie,derive,nfc86784bddb25eef
nfc86784bddb25eef--tied--stop--1,nfc86784bddb25eef--tied--stop--1,tied,stamp,nfc86784bddb25eef
nfc86784bddb25eef--tuplet--start--1,nfc86784bddb25eef--tuplet--start--1,tuplet,stamp,nfc86784bddb25eef
nfc86784bddb25eef--slur--start--1,nfc86784bddb25eef--slur--start--1,slur,stamp,nfc86784bddb25eef
n3cb9af2e1a419b15--tuplet--stop--1,n3cb9af2e1a419b15--tuplet--stop--1,tuplet,stamp,n3cb9af2e1a419b15
n3cb9af2e1a419b15--slur--stop--1,n3cb9af2e1a419b15--slur--stop--1,slur,stamp,n3cb9af2e1a419b15
n47abc5afe8ac3c0f--tuplet--start--1,n47abc5afe8ac3c0f--tuplet--start--1,tuplet,stamp,n47abc5afe8ac3c0f
n47abc5afe8ac3c0f--slur--start--1,n47abc5afe8ac3c0f--slur--start--1,slur,stamp,n47abc5afe8ac3c0f
n2e6dfb44c0b9bcd2--tuplet--stop--1,n2e6dfb44c0b9bcd2--tuplet--stop--1,tuplet,stamp,n2e6dfb44c0b9bcd2
n2e6dfb44c0b9bcd2--slur--stop--1,n2e6dfb44c0b9bcd2--slur--stop--1,slur,stamp,n2e6dfb44c0b9bcd2
n796ab85921535ad9--tuplet--start--1,n796ab85921535ad9--tuplet--start--1,tuplet,stamp,n796ab85921535ad9
n796ab85921535ad9--slur--start--1,n796ab85921535ad9--slur--start--1,slur,stamp,n796ab85921535ad9
neb8ef289c8db2485--tuplet--stop--1,neb8ef289c8db2485--tuplet--stop--1,tuplet,stamp,neb8ef289c8db2485
neb8ef289c8db2485--slur--stop--1,neb8ef289c8db2485--slur--stop--1,slur,stamp,neb8ef289c8db2485
nb0fd7cc02d02bc19--tuplet--start--1,nb0fd7cc02d02bc19--tuplet--start--1,tuplet,stamp,nb0fd7cc02d02bc19
nd4f981206d51fad6--tuplet--stop--1,nd4f981206d51fad6--tuplet--stop--1,tuplet,stamp,nd4f981206d51fad6
n9b3472d562d63f2a--tuplet--start--1,n9b3472d562d63f2a--tuplet--start--1,tuplet,stamp,n9b3472d562d63f2a
neff4055bf27362a0--tuplet--stop--1,neff4055bf27362a0--tuplet--stop--1,tuplet,stamp,neff4055bf27362a0
n2d7705c3d72a3db0--tuplet--start--1,n2d7705c3d72a3db0--tuplet--start--1,tuplet,stamp,n2d7705c3d72a3db0
n60200ff8ebf79575--tuplet--stop--1,n60200ff8ebf79575--tuplet--stop--1,tuplet,stamp,n60200ff8ebf79575
ncf37d2bf7fbe3b85--tuplet--start--1,ncf37d2bf7fbe3b85--tuplet--start--1,tuplet,stamp,ncf37d2bf7fbe3b85
n05bbd4f1e21d6afc--tuplet--stop--1,n05bbd4f1e21d6afc--tuplet--stop--1,tuplet,stamp,n05bbd4f1e21d6afc
n9d1c759d5b82f38c--tuplet--start--1,n9d1c759d5b82f38c--tuplet--start--1,tuplet,stamp,n9d1c759d5b82f38c
n9d1c759d5b82f38c--slur--start--1,n9d1c759d5b82f38c--slur--start--1,slur,stamp,n9d1c759d5b82f38c
n49827c9b7ef702d2--tuplet--stop--1,n49827c9b7ef702d2--tuplet--stop--1,tuplet,stamp,n49827c9b7ef702d2
n49827c9b7ef702d2--slur--stop--1,n49827c9b7ef702d2--slur--stop--1,slur,stamp,n49827c9b7ef702d2
n2cfa379e8125ebb9--tuplet--start--1,n2cfa379e8125ebb9--tuplet--start--1,tuplet,stamp,n2cfa379e8125ebb9
nb6d0c25cf8d00c8f--tuplet--stop--1,nb6d0c25cf8d00c8f--tuplet--stop--1,tuplet,stamp,nb6d0c25cf8d00c8f
nac2e8c181601eab4--tuplet--start--1,nac2e8c181601eab4--tuplet--start--1,tuplet,stamp,nac2e8c181601eab4
ne566786ac0f37920--tuplet--stop--1,ne566786ac0f37920--tuplet--stop--1,tuplet,stamp,ne566786ac0f37920
nd7d950a593d53619--tuplet--start--1,nd7d950a593d53619--tuplet--start--1,tuplet,stamp,nd7d950a593d53619
n4816f39af8f8deab--tuplet--stop--1,n4816f39af8f8deab--tuplet--stop--1,tuplet,stamp,n4816f39af8f8deab
neecb02b8102909e4--tuplet--start--1,neecb02b8102909e4--tuplet--start--1,tuplet,stamp,neecb02b8102909e4
nb55c84a2fb320532--tuplet--stop--1,nb55c84a2fb320532--tuplet--stop--1,tuplet,stamp,nb55c84a2fb320532
ndce64ff5808c39fa--tuplet--start--1,ndce64ff5808c39fa--tuplet--start--1,tuplet,stamp,ndce64ff5808c39fa
n9418f8d505fb2f02--tuplet--stop--1,n9418f8d505fb2f02--tuplet--stop--1,tuplet,stamp,n9418f8d505fb2f02
n48511285a5a972d7--strong-accent--1,,strong-accent,derive,n48511285a5a972d7
n48511285a5a972d7--arpeggiate--1,n48511285a5a972d7--arpeggiate--1,arpeggiate,stamp,n48511285a5a972d7
n2e7dd0bdd73c62a7--arpeggiate--1,n2e7dd0bdd73c62a7--arpeggiate--1,arpeggiate,stamp,n2e7dd0bdd73c62a7
na0f86274600da404--arpeggiate--1,na0f86274600da404--arpeggiate--1,arpeggiate,stamp,na0f86274600da404
nd3aa5fa85dbabb60--arpeggiate--1,nd3aa5fa85dbabb60--arpeggiate--1,arpeggiate,stamp,nd3aa5fa85dbabb60
e4a6a71b91a559f13,e4a6a71b91a559f13,pedal,md,1
e6d87a093bb267050,e6d87a093bb267050,wedge,md,1
ec11b954337f0c3a0,ec11b954337f0c3a0,octave-shift,md,1
e7d1493559727e414,e7d1493559727e414,wedge,md,1
nba242774a945c977--tuplet--start--1,nba242774a945c977--tuplet--start--1,tuplet,stamp,nba242774a945c977
n5d2d46c487946892--tuplet--stop--1,n5d2d46c487946892--tuplet--stop--1,tuplet,stamp,n5d2d46c487946892
n5d3a88875a3a465d--tuplet--start--1,n5d3a88875a3a465d--tuplet--start--1,tuplet,stamp,n5d3a88875a3a465d
n283dbd0953ffadf6--tuplet--stop--1,n283dbd0953ffadf6--tuplet--stop--1,tuplet,stamp,n283dbd0953ffadf6
nb3ee5b24b5497731--tuplet--start--1,nb3ee5b24b5497731--tuplet--start--1,tuplet,stamp,nb3ee5b24b5497731
ne97ecb3b49cea39a--tuplet--stop--1,ne97ecb3b49cea39a--tuplet--stop--1,tuplet,stamp,ne97ecb3b49cea39a
n07527a22e401e9ba--tuplet--start--1,n07527a22e401e9ba--tuplet--start--1,tuplet,stamp,n07527a22e401e9ba
nbc8123ab82972a4f--tuplet--stop--1,nbc8123ab82972a4f--tuplet--stop--1,tuplet,stamp,nbc8123ab82972a4f
n6d6f75447ad428f5--tuplet--start--1,n6d6f75447ad428f5--tuplet--start--1,tuplet,stamp,n6d6f75447ad428f5
n6d6f75447ad428f5--slur--start--1,n6d6f75447ad428f5--slur--start--1,slur,stamp,n6d6f75447ad428f5
n6d6f75447ad428f5--accent--1,,accent,derive,n6d6f75447ad428f5
ndbf7bd358b43507b--tuplet--stop--1,ndbf7bd358b43507b--tuplet--stop--1,tuplet,stamp,ndbf7bd358b43507b
ndbf7bd358b43507b--slur--stop--1,ndbf7bd358b43507b--slur--stop--1,slur,stamp,ndbf7bd358b43507b
n1c3fc95d83729325--tuplet--start--1,n1c3fc95d83729325--tuplet--start--1,tuplet,stamp,n1c3fc95d83729325
n1c3fc95d83729325--slur--start--1,n1c3fc95d83729325--slur--start--1,slur,stamp,n1c3fc95d83729325
n1c3fc95d83729325--accent--1,,accent,derive,n1c3fc95d83729325
nf7d7495677304535--tuplet--stop--1,nf7d7495677304535--tuplet--stop--1,tuplet,stamp,nf7d7495677304535
nf7d7495677304535--slur--stop--1,nf7d7495677304535--slur--stop--1,slur,stamp,nf7d7495677304535
n916c24c7765c697f--tuplet--start--1,n916c24c7765c697f--tuplet--start--1,tuplet,stamp,n916c24c7765c697f
n916c24c7765c697f--slur--start--1,n916c24c7765c697f--slur--start--1,slur,stamp,n916c24c7765c697f
n916c24c7765c697f--accent--1,,accent,derive,n916c24c7765c697f
n5ec290689dede1a3--tuplet--stop--1,n5ec290689dede1a3--tuplet--stop--1,tuplet,stamp,n5ec290689dede1a3
n5ec290689dede1a3--slur--stop--1,n5ec290689dede1a3--slur--stop--1,slur,stamp,n5ec290689dede1a3
n0069b484d74cf897--tuplet--start--1,n0069b484d74cf897--tuplet--start--1,tuplet,stamp,n0069b484d74cf897
n0069b484d74cf897--slur--start--1,n0069b484d74cf897--slur--start--1,slur,stamp,n0069b484d74cf897
n0069b484d74cf897--accent--1,,accent,derive,n0069b484d74cf897
nea49d6cdb9d49e9b--tuplet--stop--1,nea49d6cdb9d49e9b--tuplet--stop--1,tuplet,stamp,nea49d6cdb9d49e9b
nea49d6cdb9d49e9b--slur--stop--1,nea49d6cdb9d49e9b--slur--stop--1,slur,stamp,nea49d6cdb9d49e9b
n8ae9643934c85bd8--tuplet--start--1,n8ae9643934c85bd8--tuplet--start--1,tuplet,stamp,n8ae9643934c85bd8
n8ae9643934c85bd8--slur--start--1,n8ae9643934c85bd8--slur--start--1,slur,stamp,n8ae9643934c85bd8
n8ae9643934c85bd8--accent--1,,accent,derive,n8ae9643934c85bd8
nced37ed5d376d6b7--tuplet--stop--1,nced37ed5d376d6b7--tuplet--stop--1,tuplet,stamp,nced37ed5d376d6b7
nced37ed5d376d6b7--slur--stop--1,nced37ed5d376d6b7--slur--stop--1,slur,stamp,nced37ed5d376d6b7
nf42787680e9e68a8--tuplet--start--1,nf42787680e9e68a8--tuplet--start--1,tuplet,stamp,nf42787680e9e68a8
nf42787680e9e68a8--slur--start--1,nf42787680e9e68a8--slur--start--1,slur,stamp,nf42787680e9e68a8
nf42787680e9e68a8--accent--1,,accent,derive,nf42787680e9e68a8
n13ccd2b3e616fe8c--tuplet--stop--1,n13ccd2b3e616fe8c--tuplet--stop--1,tuplet,stamp,n13ccd2b3e616fe8c
n13ccd2b3e616fe8c--slur--stop--1,n13ccd2b3e616fe8c--slur--stop--1,slur,stamp,n13ccd2b3e616fe8c
nfd76cb767eeb8ab8--tuplet--start--1,nfd76cb767eeb8ab8--tuplet--start--1,tuplet,stamp,nfd76cb767eeb8ab8
nfd76cb767eeb8ab8--slur--start--1,nfd76cb767eeb8ab8--slur--start--1,slur,stamp,nfd76cb767eeb8ab8
nfd76cb767eeb8ab8--accent--1,,accent,derive,nfd76cb767eeb8ab8
n6f85655802c3ed8d--tuplet--stop--1,n6f85655802c3ed8d--tuplet--stop--1,tuplet,stamp,n6f85655802c3ed8d
n6f85655802c3ed8d--slur--stop--1,n6f85655802c3ed8d--slur--stop--1,slur,stamp,n6f85655802c3ed8d
nd770782b32316b7b--tuplet--start--1,nd770782b32316b7b--tuplet--start--1,tuplet,stamp,nd770782b32316b7b
nd770782b32316b7b--slur--start--1,nd770782b32316b7b--slur--start--1,slur,stamp,nd770782b32316b7b
nd770782b32316b7b--accent--1,,accent,derive,nd770782b32316b7b
n3dc9c333bbce8864--tuplet--stop--1,n3dc9c333bbce8864--tuplet--stop--1,tuplet,stamp,n3dc9c333bbce8864
n3dc9c333bbce8864--slur--stop--1,n3dc9c333bbce8864--slur--stop--1,slur,stamp,n3dc9c333bbce8864
nf0550174b146c287--slur--start--1,nf0550174b146c287--slur--start--1,slur,stamp,nf0550174b146c287
ne19918e1e377b887--slur--stop--1,ne19918e1e377b887--slur--stop--1,slur,stamp,ne19918e1e377b887
ea3177420ad5d09b7,ea3177420ad5d09b7,pedal,md,1
ef07587bd264eb855,ef07587bd264eb855,pedal,md,1
e566ff8754ee6bf43,e566ff8754ee6bf43,wedge,md,1
ne863ccc4be3927de--tuplet--start--1,ne863ccc4be3927de--tuplet--start--1,tuplet,stamp,ne863ccc4be3927de
ne863ccc4be3927de--slur--start--1,ne863ccc4be3927de--slur--start--1,slur,stamp,ne863ccc4be3927de
nea66857b92bd6eaf--tuplet--stop--1,nea66857b92bd6eaf--tuplet--stop--1,tuplet,stamp,nea66857b92bd6eaf
nea66857b92bd6eaf--slur--stop--1,nea66857b92bd6eaf--slur--stop--1,slur,stamp,nea66857b92bd6eaf
n3e77465cf5bdbb2e--tuplet--start--1,n3e77465cf5bdbb2e--tuplet--start--1,tuplet,stamp,n3e77465cf5bdbb2e
n3e77465cf5bdbb2e--slur--start--1,n3e77465cf5bdbb2e--slur--start--1,slur,stamp,n3e77465cf5bdbb2e
n09f415c449f44184--tuplet--stop--1,n09f415c449f44184--tuplet--stop--1,tuplet,stamp,n09f415c449f44184
n09f415c449f44184--slur--stop--1,n09f415c449f44184--slur--stop--1,slur,stamp,n09f415c449f44184
n1d3facb14242ff0b--tuplet--start--1,n1d3facb14242ff0b--tuplet--start--1,tuplet,stamp,n1d3facb14242ff0b
n1d3facb14242ff0b--slur--start--1,n1d3facb14242ff0b--slur--start--1,slur,stamp,n1d3facb14242ff0b
n90eebfc8b42fcce9--tuplet--stop--1,n90eebfc8b42fcce9--tuplet--stop--1,tuplet,stamp,n90eebfc8b42fcce9
n90eebfc8b42fcce9--slur--stop--1,n90eebfc8b42fcce9--slur--stop--1,slur,stamp,n90eebfc8b42fcce9
nc2889bd459c71ca6--tuplet--start--1,nc2889bd459c71ca6--tuplet--start--1,tuplet,stamp,nc2889bd459c71ca6
nc2889bd459c71ca6--slur--start--1,nc2889bd459c71ca6--slur--start--1,slur,stamp,nc2889bd459c71ca6
n2b17e34bb8e380b9--tuplet--stop--1,n2b17e34bb8e380b9--tuplet--stop--1,tuplet,stamp,n2b17e34bb8e380b9
n2b17e34bb8e380b9--slur--stop--1,n2b17e34bb8e380b9--slur--stop--1,slur,stamp,n2b17e34bb8e380b9
nb91bb340b3604aeb--tuplet--start--1,nb91bb340b3604aeb--tuplet--start--1,tuplet,stamp,nb91bb340b3604aeb
nb91bb340b3604aeb--slur--start--1,nb91bb340b3604aeb--slur--start--1,slur,stamp,nb91bb340b3604aeb
n61638224f6a735ec--tuplet--stop--1,n61638224f6a735ec--tuplet--stop--1,tuplet,stamp,n61638224f6a735ec
n61638224f6a735ec--slur--stop--1,n61638224f6a735ec--slur--stop--1,slur,stamp,n61638224f6a735ec
nf2b9709062d0f954--tuplet--start--1,nf2b9709062d0f954--tuplet--start--1,tuplet,stamp,nf2b9709062d0f954
nf2b9709062d0f954--slur--start--1,nf2b9709062d0f954--slur--start--1,slur,stamp,nf2b9709062d0f954
nc6b0cc790298a6a8--tuplet--stop--1,nc6b0cc790298a6a8--tuplet--stop--1,tuplet,stamp,nc6b0cc790298a6a8
nc6b0cc790298a6a8--slur--stop--1,nc6b0cc790298a6a8--slur--stop--1,slur,stamp,nc6b0cc790298a6a8
n26ac18094998b2f0--tuplet--start--1,n26ac18094998b2f0--tuplet--start--1,tuplet,stamp,n26ac18094998b2f0
n26ac18094998b2f0--slur--start--1,n26ac18094998b2f0--slur--start--1,slur,stamp,n26ac18094998b2f0
n6265989692232aa3--tuplet--stop--1,n6265989692232aa3--tuplet--stop--1,tuplet,stamp,n6265989692232aa3
n6265989692232aa3--slur--stop--1,n6265989692232aa3--slur--stop--1,slur,stamp,n6265989692232aa3
nb14159bed40e9626--tuplet--start--1,nb14159bed40e9626--tuplet--start--1,tuplet,stamp,nb14159bed40e9626
nb14159bed40e9626--slur--start--1,nb14159bed40e9626--slur--start--1,slur,stamp,nb14159bed40e9626
n0995346b253a3e0c--tuplet--stop--1,n0995346b253a3e0c--tuplet--stop--1,tuplet,stamp,n0995346b253a3e0c
n0995346b253a3e0c--slur--stop--1,n0995346b253a3e0c--slur--stop--1,slur,stamp,n0995346b253a3e0c
nf639bbde398f5b2b--tuplet--start--1,nf639bbde398f5b2b--tuplet--start--1,tuplet,stamp,nf639bbde398f5b2b
nf639bbde398f5b2b--slur--start--1,nf639bbde398f5b2b--slur--start--1,slur,stamp,nf639bbde398f5b2b
n3d06dab3fa2f96ea--tuplet--stop--1,n3d06dab3fa2f96ea--tuplet--stop--1,tuplet,stamp,n3d06dab3fa2f96ea
n3d06dab3fa2f96ea--slur--stop--1,n3d06dab3fa2f96ea--slur--stop--1,slur,stamp,n3d06dab3fa2f96ea
nee9e27e26abba156--tuplet--start--1,nee9e27e26abba156--tuplet--start--1,tuplet,stamp,nee9e27e26abba156
nee9e27e26abba156--slur--start--1,nee9e27e26abba156--slur--start--1,slur,stamp,nee9e27e26abba156
nd3dd33d5ba2d3497--tuplet--stop--1,nd3dd33d5ba2d3497--tuplet--stop--1,tuplet,stamp,nd3dd33d5ba2d3497
nd3dd33d5ba2d3497--slur--stop--1,nd3dd33d5ba2d3497--slur--stop--1,slur,stamp,nd3dd33d5ba2d3497
ncf68d7dfc178e16d--tuplet--start--1,ncf68d7dfc178e16d--tuplet--start--1,tuplet,stamp,ncf68d7dfc178e16d
ncf68d7dfc178e16d--slur--start--1,ncf68d7dfc178e16d--slur--start--1,slur,stamp,ncf68d7dfc178e16d
ndd30e533de99764b--tuplet--stop--1,ndd30e533de99764b--tuplet--stop--1,tuplet,stamp,ndd30e533de99764b
ndd30e533de99764b--slur--stop--1,ndd30e533de99764b--slur--stop--1,slur,stamp,ndd30e533de99764b
n97fbc4b05302bf28--tuplet--start--1,n97fbc4b05302bf28--tuplet--start--1,tuplet,stamp,n97fbc4b05302bf28
n97fbc4b05302bf28--slur--start--1,n97fbc4b05302bf28--slur--start--1,slur,stamp,n97fbc4b05302bf28
n0d1a0df11e0517a0--tuplet--stop--1,n0d1a0df11e0517a0--tuplet--stop--1,tuplet,stamp,n0d1a0df11e0517a0
n0d1a0df11e0517a0--slur--stop--1,n0d1a0df11e0517a0--slur--stop--1,slur,stamp,n0d1a0df11e0517a0
ed3199559bf0eecbb,ed3199559bf0eecbb,wedge,md,1
e8e9a005201c00794,e8e9a005201c00794,dynamics,md,1
ead913f36c0515e80,ead913f36c0515e80,octave-shift,md,1
e5fd673769bb21a35,e5fd673769bb21a35,pedal,md,1
n02d73d193f611683--tuplet--start--1,n02d73d193f611683--tuplet--start--1,tuplet,stamp,n02d73d193f611683
n02d73d193f611683--slur--start--1,n02d73d193f611683--slur--start--1,slur,stamp,n02d73d193f611683
n8218045daf0784dd--tuplet--stop--1,n8218045daf0784dd--tuplet--stop--1,tuplet,stamp,n8218045daf0784dd
n8218045daf0784dd--slur--stop--1,n8218045daf0784dd--slur--stop--1,slur,stamp,n8218045daf0784dd
n982685f37e15e87f--tuplet--start--1,n982685f37e15e87f--tuplet--start--1,tuplet,stamp,n982685f37e15e87f
n982685f37e15e87f--slur--start--1,n982685f37e15e87f--slur--start--1,slur,stamp,n982685f37e15e87f
n97dcdaad39010894--tuplet--stop--1,n97dcdaad39010894--tuplet--stop--1,tuplet,stamp,n97dcdaad39010894
n97dcdaad39010894--slur--stop--1,n97dcdaad39010894--slur--stop--1,slur,stamp,n97dcdaad39010894
nd5601916fad0eb4c--tuplet--start--1,nd5601916fad0eb4c--tuplet--start--1,tuplet,stamp,nd5601916fad0eb4c
nd5601916fad0eb4c--slur--start--1,nd5601916fad0eb4c--slur--start--1,slur,stamp,nd5601916fad0eb4c
nfe368a43d1807e62--tuplet--stop--1,nfe368a43d1807e62--tuplet--stop--1,tuplet,stamp,nfe368a43d1807e62
nfe368a43d1807e62--slur--stop--1,nfe368a43d1807e62--slur--stop--1,slur,stamp,nfe368a43d1807e62
nd06f01755b675fc0--tuplet--start--1,nd06f01755b675fc0--tuplet--start--1,tuplet,stamp,nd06f01755b675fc0
nd06f01755b675fc0--slur--start--1,nd06f01755b675fc0--slur--start--1,slur,stamp,nd06f01755b675fc0
nbda87032a03ec0d5--tuplet--stop--1,nbda87032a03ec0d5--tuplet--stop--1,tuplet,stamp,nbda87032a03ec0d5
na590f0563272a4ea--tuplet--start--1,na590f0563272a4ea--tuplet--start--1,tuplet,stamp,na590f0563272a4ea
n8003ae038da82c56--tuplet--stop--1,n8003ae038da82c56--tuplet--stop--1,tuplet,stamp,n8003ae038da82c56
n7f0c33265c379ca1--slur--stop--1,n7f0c33265c379ca1--slur--stop--1,slur,stamp,n7f0c33265c379ca1
n7f0c33265c379ca1--staccato--1,,staccato,derive,n7f0c33265c379ca1
nd0b008a6211170a5--slur--start--1,nd0b008a6211170a5--slur--start--1,slur,stamp,nd0b008a6211170a5
n3d42d66cea8171b0--slur--stop--1,n3d42d66cea8171b0--slur--stop--1,slur,stamp,n3d42d66cea8171b0
n6b126a960441b6d5--fermata--upright--1,n6b126a960441b6d5--fermata--upright--1,fermata,stamp,n6b126a960441b6d5
ncbd87e1592e7c953--tuplet--start--1,ncbd87e1592e7c953--tuplet--start--1,tuplet,stamp,ncbd87e1592e7c953
ncbd87e1592e7c953--slur--start--1,ncbd87e1592e7c953--slur--start--1,slur,stamp,ncbd87e1592e7c953
ndcad9087769e0b46--tuplet--stop--1,ndcad9087769e0b46--tuplet--stop--1,tuplet,stamp,ndcad9087769e0b46
n8fb4137f7e149f58--slur--stop--1,n8fb4137f7e149f58--slur--stop--1,slur,stamp,n8fb4137f7e149f58
n8fb4137f7e149f58--staccato--1,,staccato,derive,n8fb4137f7e149f58
nc5fcb8130fc977e8--slur--start--1,nc5fcb8130fc977e8--slur--start--1,slur,stamp,nc5fcb8130fc977e8
n9196a85aed54084c--slur--stop--1,n9196a85aed54084c--slur--stop--1,slur,stamp,n9196a85aed54084c
n09bf57a5815640e7--arpeggiate--1,n09bf57a5815640e7--arpeggiate--1,arpeggiate,stamp,n09bf57a5815640e7
ncdd88e9a9ef4786f--arpeggiate--1,ncdd88e9a9ef4786f--arpeggiate--1,arpeggiate,stamp,ncdd88e9a9ef4786f
n784ba1ea4d62617f--arpeggiate--1,n784ba1ea4d62617f--arpeggiate--1,arpeggiate,stamp,n784ba1ea4d62617f
nae76d1f0ac485607--arpeggiate--1,nae76d1f0ac485607--arpeggiate--1,arpeggiate,stamp,nae76d1f0ac485607
n9e6e8688711f105e--arpeggiate--1,n9e6e8688711f105e--arpeggiate--1,arpeggiate,stamp,n9e6e8688711f105e
n5b4e231aa955814b--arpeggiate--1,n5b4e231aa955814b--arpeggiate--1,arpeggiate,stamp,n5b4e231aa955814b
ned79fb89f30a9b32--arpeggiate--1,ned79fb89f30a9b32--arpeggiate--1,arpeggiate,stamp,ned79fb89f30a9b32
n1eb348879a7bc5fe--arpeggiate--1,n1eb348879a7bc5fe--arpeggiate--1,arpeggiate,stamp,n1eb348879a7bc5fe
eedaad6f780cba8c1,eedaad6f780cba8c1,pedal,md,1
e99c68ba102304926,e99c68ba102304926,pedal,md,1
e072d7e0b37d3f25f,e072d7e0b37d3f25f,dynamics,md,1
efa257b001393e995,efa257b001393e995,pedal,md,1
e16b4a4bd7d3d18e1,e16b4a4bd7d3d18e1,dynamics,md,2
nd09aa718f00b4993--fermata--upright--1,nd09aa718f00b4993--fermata--upright--1,fermata,stamp,nd09aa718f00b4993
nef52e18996f17c3e--fermata--upright--1,nef52e18996f17c3e--fermata--upright--1,fermata,stamp,nef52e18996f17c3e
e4a2c648c83f52846,e4a2c648c83f52846,pedal,md,1
ea78327d4a319abd4,ea78327d4a319abd4,words,md,2
n4c36b2ec4b294d23--tuplet--start--1,n4c36b2ec4b294d23--tuplet--start--1,tuplet,stamp,n4c36b2ec4b294d23
n49dc2b0da424d1db--tuplet--stop--1,n49dc2b0da424d1db--tuplet--stop--1,tuplet,stamp,n49dc2b0da424d1db
n6f11de0bebd676b4--slur--start--1,n6f11de0bebd676b4--slur--start--1,slur,stamp,n6f11de0bebd676b4
n6f11de0bebd676b4--staccato--1,,staccato,derive,n6f11de0bebd676b4
ne5fd4498c87f260e--slur--stop--1,ne5fd4498c87f260e--slur--stop--1,slur,stamp,ne5fd4498c87f260e
ne5fd4498c87f260e--staccato--1,,staccato,derive,ne5fd4498c87f260e
e5edcf920771742d5,e5edcf920771742d5,words,md,1
n10c7b2c20e5e60cc--slur--start--1,n10c7b2c20e5e60cc--slur--start--1,slur,stamp,n10c7b2c20e5e60cc
n10c7b2c20e5e60cc--accent--1,,accent,derive,n10c7b2c20e5e60cc
n54a31d6c96001d18--slur--stop--1,n54a31d6c96001d18--slur--stop--1,slur,stamp,n54a31d6c96001d18
n0ebabb03d6f5125d--slur--start--1,n0ebabb03d6f5125d--slur--start--1,slur,stamp,n0ebabb03d6f5125d
n0ebabb03d6f5125d--accent--1,,accent,derive,n0ebabb03d6f5125d
n945e9d37589fc78b--slur--stop--1,n945e9d37589fc78b--slur--stop--1,slur,stamp,n945e9d37589fc78b
nd119688ca71ef3b8--slur--start--1,nd119688ca71ef3b8--slur--start--1,slur,stamp,nd119688ca71ef3b8
n89e74d5caf9ffb24--arpeggiate--1,n89e74d5caf9ffb24--arpeggiate--1,arpeggiate,stamp,n89e74d5caf9ffb24
n9d93d53f3200aa88--arpeggiate--1,n9d93d53f3200aa88--arpeggiate--1,arpeggiate,stamp,n9d93d53f3200aa88
naa8ec37fc4d0b81a--slur--stop--1,naa8ec37fc4d0b81a--slur--stop--1,slur,stamp,naa8ec37fc4d0b81a
ncdb70422834d4702--slur--start--1,ncdb70422834d4702--slur--start--1,slur,stamp,ncdb70422834d4702
ne19e72b749ba7609--arpeggiate--1,ne19e72b749ba7609--arpeggiate--1,arpeggiate,stamp,ne19e72b749ba7609
n94eb733986221259--arpeggiate--1,n94eb733986221259--arpeggiate--1,arpeggiate,stamp,n94eb733986221259
n8df0147f3dad1efa--slur--stop--1,n8df0147f3dad1efa--slur--stop--1,slur,stamp,n8df0147f3dad1efa
e65d12059d1255b17,e65d12059d1255b17,pedal,md,1
efd484ba68c3acff1,efd484ba68c3acff1,pedal,md,1
n7f38bd967e012984--slur--start--1,n7f38bd967e012984--slur--start--1,slur,stamp,n7f38bd967e012984
n7f38bd967e012984--accent--1,,accent,derive,n7f38bd967e012984
n81df471c0e4b4b3b--tuplet--start--1,n81df471c0e4b4b3b--tuplet--start--1,tuplet,stamp,n81df471c0e4b4b3b
nee97f2ccb6607d8a--tuplet--stop--1,nee97f2ccb6607d8a--tuplet--stop--1,tuplet,stamp,nee97f2ccb6607d8a
n0447bd43259adaf2--fermata--upright--1,n0447bd43259adaf2--fermata--upright--1,fermata,stamp,n0447bd43259adaf2
n0447bd43259adaf2--trill-mark--1,,trill-mark,derive,n0447bd43259adaf2
n4c7075ea4b573d98--tuplet--start--1,n4c7075ea4b573d98--tuplet--start--1,tuplet,stamp,n4c7075ea4b573d98
n3307cec2850f351e--tuplet--stop--1,n3307cec2850f351e--tuplet--stop--1,tuplet,stamp,n3307cec2850f351e
nd6ec06f2ea9cee1b--tuplet--start--1,nd6ec06f2ea9cee1b--tuplet--start--1,tuplet,stamp,nd6ec06f2ea9cee1b
n31ca787308651140--tuplet--stop--1,n31ca787308651140--tuplet--stop--1,tuplet,stamp,n31ca787308651140
ndeed3168d630560c--tuplet--start--1,ndeed3168d630560c--tuplet--start--1,tuplet,stamp,ndeed3168d630560c
n55acf85ae4a8734b--tuplet--stop--1,n55acf85ae4a8734b--tuplet--stop--1,tuplet,stamp,n55acf85ae4a8734b
n4645cb694fa4b1f0--tuplet--start--1,n4645cb694fa4b1f0--tuplet--start--1,tuplet,stamp,n4645cb694fa4b1f0
nb1a9f004978cbf1c--tuplet--stop--1,nb1a9f004978cbf1c--tuplet--stop--1,tuplet,stamp,nb1a9f004978cbf1c
nb1a9f004978cbf1c--slur--stop--1,nb1a9f004978cbf1c--slur--stop--1,slur,stamp,nb1a9f004978cbf1c
ndf2aa6a5d9a3a96b--fermata--upright--1,ndf2aa6a5d9a3a96b--fermata--upright--1,fermata,stamp,ndf2aa6a5d9a3a96b
e10345c9052e3168b,e10345c9052e3168b,pedal,md,1
e12bfebdb6ff5a15f,e12bfebdb6ff5a15f,words,md,1
e5b231291b5bd17ae,e5b231291b5bd17ae,pedal,md,1
e9bb2fac9fe2ed84d,e9bb2fac9fe2ed84d,words,md,2
nf8f045cf180b4286--slur--start--1,nf8f045cf180b4286--slur--start--1,slur,stamp,nf8f045cf180b4286
nf8f045cf180b4286--accent--1,,accent,derive,nf8f045cf180b4286
n13650617f5c5dbbb--slur--stop--1,n13650617f5c5dbbb--slur--stop--1,slur,stamp,n13650617f5c5dbbb
na800e93a3611c8cb--slur--start--1,na800e93a3611c8cb--slur--start--1,slur,stamp,na800e93a3611c8cb
na800e93a3611c8cb--accent--1,,accent,derive,na800e93a3611c8cb
nf35baaf2447b8f19--slur--stop--1,nf35baaf2447b8f19--slur--stop--1,slur,stamp,nf35baaf2447b8f19
nee39141a08d518ab--slur--start--1,nee39141a08d518ab--slur--start--1,slur,stamp,nee39141a08d518ab
n5c736a4d38966680--arpeggiate--1,n5c736a4d38966680--arpeggiate--1,arpeggiate,stamp,n5c736a4d38966680
n92006a4733f2a646--arpeggiate--1,n92006a4733f2a646--arpeggiate--1,arpeggiate,stamp,n92006a4733f2a646
n6816f672d952d68d--slur--stop--1,n6816f672d952d68d--slur--stop--1,slur,stamp,n6816f672d952d68d
n422364eceba1b091--slur--start--1,n422364eceba1b091--slur--start--1,slur,stamp,n422364eceba1b091
nb16ed09e11548b03--arpeggiate--1,nb16ed09e11548b03--arpeggiate--1,arpeggiate,stamp,nb16ed09e11548b03
nbf0559ec3847f78e--arpeggiate--1,nbf0559ec3847f78e--arpeggiate--1,arpeggiate,stamp,nbf0559ec3847f78e
n82246e4727275b84--slur--stop--1,n82246e4727275b84--slur--stop--1,slur,stamp,n82246e4727275b84
e5d30b4f0494c02e9,e5d30b4f0494c02e9,pedal,md,1
ee73b67461bc1e1a3,ee73b67461bc1e1a3,pedal,md,1
n4501c76027af4f4c--tuplet--start--1,n4501c76027af4f4c--tuplet--start--1,tuplet,stamp,n4501c76027af4f4c
n4501c76027af4f4c--slur--start--1,n4501c76027af4f4c--slur--start--1,slur,stamp,n4501c76027af4f4c
naf6ea1c75c818316--tuplet--stop--1,naf6ea1c75c818316--tuplet--stop--1,tuplet,stamp,naf6ea1c75c818316
naf6ea1c75c818316--slur--stop--1,naf6ea1c75c818316--slur--stop--1,slur,stamp,naf6ea1c75c818316
n69d38940a20d5d73--tuplet--start--1,n69d38940a20d5d73--tuplet--start--1,tuplet,stamp,n69d38940a20d5d73
n64ef0edf7595ccd9--tuplet--stop--1,n64ef0edf7595ccd9--tuplet--stop--1,tuplet,stamp,n64ef0edf7595ccd9
na369445097c44b07--slur--start--1,na369445097c44b07--slur--start--1,slur,stamp,na369445097c44b07
na369445097c44b07--staccato--1,,staccato,derive,na369445097c44b07
n65d051dfed61d78d--slur--stop--1,n65d051dfed61d78d--slur--stop--1,slur,stamp,n65d051dfed61d78d
n65d051dfed61d78d--staccato--1,,staccato,derive,n65d051dfed61d78d
n1aa81926cb5a97f6--slur--start--1,n1aa81926cb5a97f6--slur--start--1,slur,stamp,n1aa81926cb5a97f6
n82df9e6fa0eb8d15--slur--stop--1,n82df9e6fa0eb8d15--slur--stop--1,slur,stamp,n82df9e6fa0eb8d15
e41ab2eeee5f3d2bc,e41ab2eeee5f3d2bc,pedal,md,1
e5102121446500b19,e5102121446500b19,octave-shift,md,1
edc5ee79a3742392d,edc5ee79a3742392d,octave-shift,md,1
ec10611d2bfb2a5db,ec10611d2bfb2a5db,pedal,md,1
edf81d76e22172255,edf81d76e22172255,words,md,2
nf1f28e513bcfd016--slur--start--1,nf1f28e513bcfd016--slur--start--1,slur,stamp,nf1f28e513bcfd016
nf1f28e513bcfd016--accent--1,,accent,derive,nf1f28e513bcfd016
nea06247a49c8789f--slur--stop--1,nea06247a49c8789f--slur--stop--1,slur,stamp,nea06247a49c8789f
n32a41b4f9e6c7f33--slur--start--1,n32a41b4f9e6c7f33--slur--start--1,slur,stamp,n32a41b4f9e6c7f33
n32a41b4f9e6c7f33--accent--1,,accent,derive,n32a41b4f9e6c7f33
n8887ca4c31c89113--slur--stop--1,n8887ca4c31c89113--slur--stop--1,slur,stamp,n8887ca4c31c89113
ea41d7a84e9d82895,ea41d7a84e9d82895,pedal,md,1
ecdde975f7f22e8ce,ecdde975f7f22e8ce,pedal,md,1
nef5c4f61251dfdef--slur--start--1,nef5c4f61251dfdef--slur--start--1,slur,stamp,nef5c4f61251dfdef
nef5c4f61251dfdef--accent--1,,accent,derive,nef5c4f61251dfdef
nf7d09d36a6a118ce--tuplet--start--1,nf7d09d36a6a118ce--tuplet--start--1,tuplet,stamp,nf7d09d36a6a118ce
nf9f80530a539ba5e--tuplet--stop--1,nf9f80530a539ba5e--tuplet--stop--1,tuplet,stamp,nf9f80530a539ba5e
nb419019bc29a4429--fermata--upright--1,nb419019bc29a4429--fermata--upright--1,fermata,stamp,nb419019bc29a4429
nb419019bc29a4429--trill-mark--1,,trill-mark,derive,nb419019bc29a4429
nea35b9e5745c1872--tuplet--start--1,nea35b9e5745c1872--tuplet--start--1,tuplet,stamp,nea35b9e5745c1872
n94085757fefc203a--tuplet--stop--1,n94085757fefc203a--tuplet--stop--1,tuplet,stamp,n94085757fefc203a
n69fd6c9e55a6f8ce--tuplet--start--1,n69fd6c9e55a6f8ce--tuplet--start--1,tuplet,stamp,n69fd6c9e55a6f8ce
n21b2f3f43f1b576d--tuplet--stop--1,n21b2f3f43f1b576d--tuplet--stop--1,tuplet,stamp,n21b2f3f43f1b576d
nf8df069ed528c6cb--tuplet--start--1,nf8df069ed528c6cb--tuplet--start--1,tuplet,stamp,nf8df069ed528c6cb
nde7d73d779d14031--tuplet--stop--1,nde7d73d779d14031--tuplet--stop--1,tuplet,stamp,nde7d73d779d14031
n99ca353361046e50--tuplet--start--1,n99ca353361046e50--tuplet--start--1,tuplet,stamp,n99ca353361046e50
n2f1c7301932da9b7--tuplet--stop--1,n2f1c7301932da9b7--tuplet--stop--1,tuplet,stamp,n2f1c7301932da9b7
n2f1c7301932da9b7--slur--stop--1,n2f1c7301932da9b7--slur--stop--1,slur,stamp,n2f1c7301932da9b7
e1e7507e141b01adf,e1e7507e141b01adf,pedal,md,1
e6ae65f2bec13b5ed,e6ae65f2bec13b5ed,pedal,md,1
n26897a81487d82f5--slur--start--1,n26897a81487d82f5--slur--start--1,slur,stamp,n26897a81487d82f5
n26897a81487d82f5--accent--1,,accent,derive,n26897a81487d82f5
n78850142524cc467--slur--stop--1,n78850142524cc467--slur--stop--1,slur,stamp,n78850142524cc467
n749bd62bd8267164--slur--start--1,n749bd62bd8267164--slur--start--1,slur,stamp,n749bd62bd8267164
n749bd62bd8267164--accent--1,,accent,derive,n749bd62bd8267164
n2cd53a566cb8bc9e--slur--stop--1,n2cd53a566cb8bc9e--slur--stop--1,slur,stamp,n2cd53a566cb8bc9e
ed8bbc8ab7c3b198a,ed8bbc8ab7c3b198a,pedal,md,1
edd88875c901cf364,edd88875c901cf364,pedal,md,1
ea1922c538107b3d5,ea1922c538107b3d5,pedal,md,1
ee8e5bac1cb4292df,ee8e5bac1cb4292df,pedal,md,1
n28b2423864d6d8ce--tuplet--start--1,n28b2423864d6d8ce--tuplet--start--1,tuplet,stamp,n28b2423864d6d8ce
n28b2423864d6d8ce--slur--start--1,n28b2423864d6d8ce--slur--start--1,slur,stamp,n28b2423864d6d8ce
na7af7b9afc570acf--tuplet--stop--1,na7af7b9afc570acf--tuplet--stop--1,tuplet,stamp,na7af7b9afc570acf
na7af7b9afc570acf--slur--stop--1,na7af7b9afc570acf--slur--stop--1,slur,stamp,na7af7b9afc570acf
n07d2b2f018324fa6--fermata--upright--1,n07d2b2f018324fa6--fermata--upright--1,fermata,stamp,n07d2b2f018324fa6
n06bad7de7cbf8635--tuplet--start--1,n06bad7de7cbf8635--tuplet--start--1,tuplet,stamp,n06bad7de7cbf8635
n8f7ec9451abc4e21--tuplet--stop--1,n8f7ec9451abc4e21--tuplet--stop--1,tuplet,stamp,n8f7ec9451abc4e21
n8ccaa2bf5bc1d7c4--fermata--upright--1,n8ccaa2bf5bc1d7c4--fermata--upright--1,fermata,stamp,n8ccaa2bf5bc1d7c4
e84b8c46354f1365b,e84b8c46354f1365b,pedal,md,1
ed2ff739840bccda5,ed2ff739840bccda5,words,md,1
e5ee756e792ebc6e8,e5ee756e792ebc6e8,octave-shift,md,1
e5feabd9292c3e0de,e5feabd9292c3e0de,octave-shift,md,1
e856ead21f4437a61,e856ead21f4437a61,pedal,md,1
n0aeb717fb4f6a68e--slur--start--1,n0aeb717fb4f6a68e--slur--start--1,slur,stamp,n0aeb717fb4f6a68e
n0aeb717fb4f6a68e--accent--1,,accent,derive,n0aeb717fb4f6a68e
n0aeb717fb4f6a68e--arpeggiate--1,n0aeb717fb4f6a68e--arpeggiate--1,arpeggiate,stamp,n0aeb717fb4f6a68e
nfb84a4bed083c000--arpeggiate--1,nfb84a4bed083c000--arpeggiate--1,arpeggiate,stamp,nfb84a4bed083c000
nf8e6084d77fc1c9e--slur--stop--1,nf8e6084d77fc1c9e--slur--stop--1,slur,stamp,nf8e6084d77fc1c9e
n46ffbbacf8058108--slur--start--1,n46ffbbacf8058108--slur--start--1,slur,stamp,n46ffbbacf8058108
n7ff158ab531c0fba--slur--stop--1,n7ff158ab531c0fba--slur--stop--1,slur,stamp,n7ff158ab531c0fba
n9083df0295711916--slur--start--1,n9083df0295711916--slur--start--1,slur,stamp,n9083df0295711916
n7ce993292401a6c5--slur--stop--1,n7ce993292401a6c5--slur--stop--1,slur,stamp,n7ce993292401a6c5
nd99092b7f0517e99--slur--start--1,nd99092b7f0517e99--slur--start--1,slur,stamp,nd99092b7f0517e99
nb1dbe073463f9c2a--slur--stop--1,nb1dbe073463f9c2a--slur--stop--1,slur,stamp,nb1dbe073463f9c2a
nb8c93a054283f67f--slur--start--1,nb8c93a054283f67f--slur--start--1,slur,stamp,nb8c93a054283f67f
n9eb7ae9e310db8c9--slur--stop--1,n9eb7ae9e310db8c9--slur--stop--1,slur,stamp,n9eb7ae9e310db8c9
nfdca95e5da96dbd6--slur--start--1,nfdca95e5da96dbd6--slur--start--1,slur,stamp,nfdca95e5da96dbd6
n8d75c0b38592d131--slur--stop--1,n8d75c0b38592d131--slur--stop--1,slur,stamp,n8d75c0b38592d131
nbb538c2e82ca51a8--tie--1,,tie,derive,nbb538c2e82ca51a8
nbb538c2e82ca51a8--tied--start--1,nbb538c2e82ca51a8--tied--start--1,tied,stamp,nbb538c2e82ca51a8
nbb538c2e82ca51a8--tuplet--start--1,nbb538c2e82ca51a8--tuplet--start--1,tuplet,stamp,nbb538c2e82ca51a8
n73cab06c8b4e32da--tie--1,,tie,derive,n73cab06c8b4e32da
n73cab06c8b4e32da--tied--start--1,n73cab06c8b4e32da--tied--start--1,tied,stamp,n73cab06c8b4e32da
n60a481e93aee2f5b--tuplet--stop--1,n60a481e93aee2f5b--tuplet--stop--1,tuplet,stamp,n60a481e93aee2f5b
nd1849e3fe5565ba4--tie--1,,tie,derive,nd1849e3fe5565ba4
nd1849e3fe5565ba4--tied--stop--1,nd1849e3fe5565ba4--tied--stop--1,tied,stamp,nd1849e3fe5565ba4
n105417332410faf1--tie--1,,tie,derive,n105417332410faf1
n105417332410faf1--tied--stop--1,n105417332410faf1--tied--stop--1,tied,stamp,n105417332410faf1
nf7402060b77e6544--tie--1,,tie,derive,nf7402060b77e6544
nf7402060b77e6544--tied--start--1,nf7402060b77e6544--tied--start--1,tied,stamp,nf7402060b77e6544
nf7402060b77e6544--tuplet--start--1,nf7402060b77e6544--tuplet--start--1,tuplet,stamp,nf7402060b77e6544
nf9f466bfd4004ff6--tie--1,,tie,derive,nf9f466bfd4004ff6
nf9f466bfd4004ff6--tied--start--1,nf9f466bfd4004ff6--tied--start--1,tied,stamp,nf9f466bfd4004ff6
ne896bdc2a06a75c8--tuplet--stop--1,ne896bdc2a06a75c8--tuplet--stop--1,tuplet,stamp,ne896bdc2a06a75c8
nea89e59ebfc2007d--tie--1,,tie,derive,nea89e59ebfc2007d
nea89e59ebfc2007d--tied--stop--1,nea89e59ebfc2007d--tied--stop--1,tied,stamp,nea89e59ebfc2007d
nb551cb12b2e25a6e--tie--1,,tie,derive,nb551cb12b2e25a6e
nb551cb12b2e25a6e--tied--stop--1,nb551cb12b2e25a6e--tied--stop--1,tied,stamp,nb551cb12b2e25a6e
nb8a324ef7056dc6b--tie--1,,tie,derive,nb8a324ef7056dc6b
nb8a324ef7056dc6b--tied--start--1,nb8a324ef7056dc6b--tied--start--1,tied,stamp,nb8a324ef7056dc6b
nb8a324ef7056dc6b--accent--1,,accent,derive,nb8a324ef7056dc6b
nc4d7a8d6a7cd4b95--tie--1,,tie,derive,nc4d7a8d6a7cd4b95
nc4d7a8d6a7cd4b95--tied--start--1,nc4d7a8d6a7cd4b95--tied--start--1,tied,stamp,nc4d7a8d6a7cd4b95
n5d7374977ea1fc2f--tie--1,,tie,derive,n5d7374977ea1fc2f
n5d7374977ea1fc2f--tied--stop--1,n5d7374977ea1fc2f--tied--stop--1,tied,stamp,n5d7374977ea1fc2f
n476d4173b5436714--tie--1,,tie,derive,n476d4173b5436714
n476d4173b5436714--tied--stop--1,n476d4173b5436714--tied--stop--1,tied,stamp,n476d4173b5436714
n20b6275bc8054d8b--tie--1,,tie,derive,n20b6275bc8054d8b
n20b6275bc8054d8b--tied--start--1,n20b6275bc8054d8b--tied--start--1,tied,stamp,n20b6275bc8054d8b
n05e8ec36bfd8b589--tie--1,,tie,derive,n05e8ec36bfd8b589
n05e8ec36bfd8b589--tied--start--1,n05e8ec36bfd8b589--tied--start--1,tied,stamp,n05e8ec36bfd8b589
n72671ad53ddbc028--tie--1,,tie,derive,n72671ad53ddbc028
n72671ad53ddbc028--tied--stop--1,n72671ad53ddbc028--tied--stop--1,tied,stamp,n72671ad53ddbc028
n72671ad53ddbc028--tuplet--start--1,n72671ad53ddbc028--tuplet--start--1,tuplet,stamp,n72671ad53ddbc028
n72671ad53ddbc028--slur--start--1,n72671ad53ddbc028--slur--start--1,slur,stamp,n72671ad53ddbc028
n72671ad53ddbc028--staccato--1,,staccato,derive,n72671ad53ddbc028
n87e52bb7f8d43d03--tie--1,,tie,derive,n87e52bb7f8d43d03
n87e52bb7f8d43d03--tied--stop--1,n87e52bb7f8d43d03--tied--stop--1,tied,stamp,n87e52bb7f8d43d03
n91e0a96f56372aa2--staccato--1,,staccato,derive,n91e0a96f56372aa2
nfbff995f95a4ba4f--staccato--1,,staccato,derive,nfbff995f95a4ba4f
n779b28b382d8aab8--staccato--1,,staccato,derive,n779b28b382d8aab8
n4812a215f7d29bc6--staccato--1,,staccato,derive,n4812a215f7d29bc6
n589704ccb7af82d7--tuplet--stop--1,n589704ccb7af82d7--tuplet--stop--1,tuplet,stamp,n589704ccb7af82d7
n589704ccb7af82d7--slur--stop--1,n589704ccb7af82d7--slur--stop--1,slur,stamp,n589704ccb7af82d7
n589704ccb7af82d7--staccato--1,,staccato,derive,n589704ccb7af82d7
n8f3452fab58ef8e2--slur--start--1,n8f3452fab58ef8e2--slur--start--1,slur,stamp,n8f3452fab58ef8e2
n116397acc959e1bc--slur--stop--1,n116397acc959e1bc--slur--stop--1,slur,stamp,n116397acc959e1bc
n58b1ccc0de064e06--slur--start--1,n58b1ccc0de064e06--slur--start--1,slur,stamp,n58b1ccc0de064e06
n48c72cb2061f2eac--slur--stop--1,n48c72cb2061f2eac--slur--stop--1,slur,stamp,n48c72cb2061f2eac
n59a9077e958aac9e--slur--start--1,n59a9077e958aac9e--slur--start--1,slur,stamp,n59a9077e958aac9e
n9df1f28b48532f46--slur--stop--1,n9df1f28b48532f46--slur--stop--1,slur,stamp,n9df1f28b48532f46
n42e7066053520f34--slur--stop--1,n42e7066053520f34--slur--stop--1,slur,stamp,n42e7066053520f34
na4df33103954b594--tie--1,,tie,derive,na4df33103954b594
na4df33103954b594--tied--start--1,na4df33103954b594--tied--start--1,tied,stamp,na4df33103954b594
na4df33103954b594--tuplet--start--1,na4df33103954b594--tuplet--start--1,tuplet,stamp,na4df33103954b594
n62e6488ee72529c8--tie--1,,tie,derive,n62e6488ee72529c8
n62e6488ee72529c8--tied--start--1,n62e6488ee72529c8--tied--start--1,tied,stamp,n62e6488ee72529c8
n4a2bb37649c576ba--tuplet--stop--1,n4a2bb37649c576ba--tuplet--stop--1,tuplet,stamp,n4a2bb37649c576ba
n4d07c97c5e7f0111--tie--1,,tie,derive,n4d07c97c5e7f0111
n4d07c97c5e7f0111--tied--stop--1,n4d07c97c5e7f0111--tied--stop--1,tied,stamp,n4d07c97c5e7f0111
n35ce2b69fb88bc43--tie--1,,tie,derive,n35ce2b69fb88bc43
n35ce2b69fb88bc43--tied--stop--1,n35ce2b69fb88bc43--tied--stop--1,tied,stamp,n35ce2b69fb88bc43
n9a34f88322613dbc--tie--1,,tie,derive,n9a34f88322613dbc
n9a34f88322613dbc--tied--start--1,n9a34f88322613dbc--tied--start--1,tied,stamp,n9a34f88322613dbc
n9a34f88322613dbc--tuplet--start--1,n9a34f88322613dbc--tuplet--start--1,tuplet,stamp,n9a34f88322613dbc
n792246d9d0f8c7eb--tie--1,,tie,derive,n792246d9d0f8c7eb
n792246d9d0f8c7eb--tied--start--1,n792246d9d0f8c7eb--tied--start--1,tied,stamp,n792246d9d0f8c7eb
n2cf8868784472dcf--tuplet--stop--1,n2cf8868784472dcf--tuplet--stop--1,tuplet,stamp,n2cf8868784472dcf
n5013678ec5766e96--tie--1,,tie,derive,n5013678ec5766e96
n5013678ec5766e96--tied--stop--1,n5013678ec5766e96--tied--stop--1,tied,stamp,n5013678ec5766e96
n9aa417b36bafa07b--tie--1,,tie,derive,n9aa417b36bafa07b
n9aa417b36bafa07b--tied--stop--1,n9aa417b36bafa07b--tied--stop--1,tied,stamp,n9aa417b36bafa07b
n438e563dad487131--slur--start--1,n438e563dad487131--slur--start--1,slur,stamp,n438e563dad487131
e84cbb29496096513,e84cbb29496096513,wedge,md,2
ef41ac6b7905c8110,ef41ac6b7905c8110,wedge,md,2
n087d2ba321fa962b--staccato--1,,staccato,derive,n087d2ba321fa962b
ndfa24ac2ce0ac236--slur--start--1,ndfa24ac2ce0ac236--slur--start--1,slur,stamp,ndfa24ac2ce0ac236
ndfa24ac2ce0ac236--strong-accent--1,,strong-accent,derive,ndfa24ac2ce0ac236
na829052a15e9624d--slur--stop--1,na829052a15e9624d--slur--stop--1,slur,stamp,na829052a15e9624d
na829052a15e9624d--slur--start--2,na829052a15e9624d--slur--start--2,slur,stamp,na829052a15e9624d
n90be817fef707015--accent--1,,accent,derive,n90be817fef707015
nc4859329ea9835fb--slur--stop--1,nc4859329ea9835fb--slur--stop--1,slur,stamp,nc4859329ea9835fb
na8b95bdf810b8954--slur--start--1,na8b95bdf810b8954--slur--start--1,slur,stamp,na8b95bdf810b8954
neacfaf28db19c2e5--slur--stop--1,neacfaf28db19c2e5--slur--stop--1,slur,stamp,neacfaf28db19c2e5
n1a839130a4e97306--slur--start--1,n1a839130a4e97306--slur--start--1,slur,stamp,n1a839130a4e97306
n3c760140f4d1d6dd--slur--stop--1,n3c760140f4d1d6dd--slur--stop--1,slur,stamp,n3c760140f4d1d6dd
n5e3b5a9e032b5cbf--slur--start--1,n5e3b5a9e032b5cbf--slur--start--1,slur,stamp,n5e3b5a9e032b5cbf
n6b1c97d959e1ca17--slur--stop--1,n6b1c97d959e1ca17--slur--stop--1,slur,stamp,n6b1c97d959e1ca17
n4d0b8ad245f4d593--slur--start--1,n4d0b8ad245f4d593--slur--start--1,slur,stamp,n4d0b8ad245f4d593
n737476cb9893c64e--slur--stop--1,n737476cb9893c64e--slur--stop--1,slur,stamp,n737476cb9893c64e
n7607bbede023d8bf--tie--1,,tie,derive,n7607bbede023d8bf
n7607bbede023d8bf--tied--start--1,n7607bbede023d8bf--tied--start--1,tied,stamp,n7607bbede023d8bf
n7607bbede023d8bf--tuplet--start--1,n7607bbede023d8bf--tuplet--start--1,tuplet,stamp,n7607bbede023d8bf
n6685d5e9f5bde8a8--tie--1,,tie,derive,n6685d5e9f5bde8a8
n6685d5e9f5bde8a8--tied--start--1,n6685d5e9f5bde8a8--tied--start--1,tied,stamp,n6685d5e9f5bde8a8
nabc75fd6d74cc72a--tuplet--stop--1,nabc75fd6d74cc72a--tuplet--stop--1,tuplet,stamp,nabc75fd6d74cc72a
n72adfabeafa9bc47--tie--1,,tie,derive,n72adfabeafa9bc47
n72adfabeafa9bc47--tied--stop--1,n72adfabeafa9bc47--tied--stop--1,tied,stamp,n72adfabeafa9bc47
ne3ebc70a708d3361--tie--1,,tie,derive,ne3ebc70a708d3361
ne3ebc70a708d3361--tied--stop--1,ne3ebc70a708d3361--tied--stop--1,tied,stamp,ne3ebc70a708d3361
n6ecc65bcff222836--tie--1,,tie,derive,n6ecc65bcff222836
n6ecc65bcff222836--tied--start--1,n6ecc65bcff222836--tied--start--1,tied,stamp,n6ecc65bcff222836
n6ecc65bcff222836--tuplet--start--1,n6ecc65bcff222836--tuplet--start--1,tuplet,stamp,n6ecc65bcff222836
nf85010eb701b90e1--tie--1,,tie,derive,nf85010eb701b90e1
nf85010eb701b90e1--tied--start--1,nf85010eb701b90e1--tied--start--1,tied,stamp,nf85010eb701b90e1
n9a8a030fc2f98d67--tuplet--stop--1,n9a8a030fc2f98d67--tuplet--stop--1,tuplet,stamp,n9a8a030fc2f98d67
n9b7bcedd732a05fc--tie--1,,tie,derive,n9b7bcedd732a05fc
n9b7bcedd732a05fc--tied--stop--1,n9b7bcedd732a05fc--tied--stop--1,tied,stamp,n9b7bcedd732a05fc
n2fcdcd14415dd74d--tie--1,,tie,derive,n2fcdcd14415dd74d
n2fcdcd14415dd74d--tied--stop--1,n2fcdcd14415dd74d--tied--stop--1,tied,stamp,n2fcdcd14415dd74d
n7999e068d799a43c--slur--start--1,n7999e068d799a43c--slur--start--1,slur,stamp,n7999e068d799a43c
n6013ce0b6a9a6ef7--slur--stop--1,n6013ce0b6a9a6ef7--slur--stop--1,slur,stamp,n6013ce0b6a9a6ef7
n817dbd0cfe1c1d4d--slur--start--1,n817dbd0cfe1c1d4d--slur--start--1,slur,stamp,n817dbd0cfe1c1d4d
n32085211d4b9a4c4--staccato--1,,staccato,derive,n32085211d4b9a4c4
na9905b8f8748b5d7--staccato--1,,staccato,derive,na9905b8f8748b5d7
n94f967e1ef005e11--slur--stop--1,n94f967e1ef005e11--slur--stop--1,slur,stamp,n94f967e1ef005e11
n94f967e1ef005e11--staccato--1,,staccato,derive,n94f967e1ef005e11
n8b38e04304029c5d--slur--start--1,n8b38e04304029c5d--slur--start--1,slur,stamp,n8b38e04304029c5d
nc5a7e63a37eb4f41--slur--stop--1,nc5a7e63a37eb4f41--slur--stop--1,slur,stamp,nc5a7e63a37eb4f41
n1b46a00ecf6636bb--slur--start--1,n1b46a00ecf6636bb--slur--start--1,slur,stamp,n1b46a00ecf6636bb
nabd63737025dd169--slur--stop--1,nabd63737025dd169--slur--stop--1,slur,stamp,nabd63737025dd169
n89add80e8b880639--slur--start--1,n89add80e8b880639--slur--start--1,slur,stamp,n89add80e8b880639
nc73ff2f2e3349a56--slur--stop--1,nc73ff2f2e3349a56--slur--stop--1,slur,stamp,nc73ff2f2e3349a56
n13ddd44aa1d1d07a--slur--start--1,n13ddd44aa1d1d07a--slur--start--1,slur,stamp,n13ddd44aa1d1d07a
nc956743fb5506cf0--slur--stop--1,nc956743fb5506cf0--slur--stop--1,slur,stamp,nc956743fb5506cf0
n36e50f0e225e2d7e--tie--1,,tie,derive,n36e50f0e225e2d7e
n36e50f0e225e2d7e--tied--start--1,n36e50f0e225e2d7e--tied--start--1,tied,stamp,n36e50f0e225e2d7e
n36e50f0e225e2d7e--tuplet--start--1,n36e50f0e225e2d7e--tuplet--start--1,tuplet,stamp,n36e50f0e225e2d7e
n4ba06a8383a41209--tie--1,,tie,derive,n4ba06a8383a41209
n4ba06a8383a41209--tied--start--1,n4ba06a8383a41209--tied--start--1,tied,stamp,n4ba06a8383a41209
n045529bebafa5c4b--tuplet--stop--1,n045529bebafa5c4b--tuplet--stop--1,tuplet,stamp,n045529bebafa5c4b
n427eb4b1a4da0e09--tie--1,,tie,derive,n427eb4b1a4da0e09
n427eb4b1a4da0e09--tied--stop--1,n427eb4b1a4da0e09--tied--stop--1,tied,stamp,n427eb4b1a4da0e09
na35c94bd370fb453--tie--1,,tie,derive,na35c94bd370fb453
na35c94bd370fb453--tied--stop--1,na35c94bd370fb453--tied--stop--1,tied,stamp,na35c94bd370fb453
ncc8d51b20226c307--tie--1,,tie,derive,ncc8d51b20226c307
ncc8d51b20226c307--tied--start--1,ncc8d51b20226c307--tied--start--1,tied,stamp,ncc8d51b20226c307
ncc8d51b20226c307--tuplet--start--1,ncc8d51b20226c307--tuplet--start--1,tuplet,stamp,ncc8d51b20226c307
n7b9bfaeb573228d0--tie--1,,tie,derive,n7b9bfaeb573228d0
n7b9bfaeb573228d0--tied--start--1,n7b9bfaeb573228d0--tied--start--1,tied,stamp,n7b9bfaeb573228d0
nebdb9512b5bdcb3e--tuplet--stop--1,nebdb9512b5bdcb3e--tuplet--stop--1,tuplet,stamp,nebdb9512b5bdcb3e
n4004f159da67c517--tie--1,,tie,derive,n4004f159da67c517
n4004f159da67c517--tied--stop--1,n4004f159da67c517--tied--stop--1,tied,stamp,n4004f159da67c517
n591e7f56a3175e11--tie--1,,tie,derive,n591e7f56a3175e11
n591e7f56a3175e11--tied--stop--1,n591e7f56a3175e11--tied--stop--1,tied,stamp,n591e7f56a3175e11
nd3df18e6e1582b6d--tie--1,,tie,derive,nd3df18e6e1582b6d
nd3df18e6e1582b6d--tied--start--1,nd3df18e6e1582b6d--tied--start--1,tied,stamp,nd3df18e6e1582b6d
n48fd1bf1e4096cda--tie--1,,tie,derive,n48fd1bf1e4096cda
n48fd1bf1e4096cda--tied--start--1,n48fd1bf1e4096cda--tied--start--1,tied,stamp,n48fd1bf1e4096cda
n4ff6b3a4cd53625f--tie--1,,tie,derive,n4ff6b3a4cd53625f
n4ff6b3a4cd53625f--tied--stop--1,n4ff6b3a4cd53625f--tied--stop--1,tied,stamp,n4ff6b3a4cd53625f
n43f4671166961d3a--tie--1,,tie,derive,n43f4671166961d3a
n43f4671166961d3a--tied--stop--1,n43f4671166961d3a--tied--stop--1,tied,stamp,n43f4671166961d3a
n1ffec65f611eb96d--staccato--1,,staccato,derive,n1ffec65f611eb96d
n84adc8d9f752139b--staccato--1,,staccato,derive,n84adc8d9f752139b
n937af454e54eea2e--staccato--1,,staccato,derive,n937af454e54eea2e
n5583052841bdc72e--staccato--1,,staccato,derive,n5583052841bdc72e
n39f5daf44bf66064--staccato--1,,staccato,derive,n39f5daf44bf66064
n3f7cdb399aa4c6db--staccato--1,,staccato,derive,n3f7cdb399aa4c6db
ne155852b5ce011ac--staccato--1,,staccato,derive,ne155852b5ce011ac
n0373b69c5eeeda9d--tie--1,,tie,derive,n0373b69c5eeeda9d
n0373b69c5eeeda9d--tied--start--1,n0373b69c5eeeda9d--tied--start--1,tied,stamp,n0373b69c5eeeda9d
n272b64e5bdae1341--tie--1,,tie,derive,n272b64e5bdae1341
n272b64e5bdae1341--tied--start--1,n272b64e5bdae1341--tied--start--1,tied,stamp,n272b64e5bdae1341
n9e90e919e6ffa6ba--tie--1,,tie,derive,n9e90e919e6ffa6ba
n9e90e919e6ffa6ba--tied--stop--1,n9e90e919e6ffa6ba--tied--stop--1,tied,stamp,n9e90e919e6ffa6ba
nf650c171ba57ea1b--tie--1,,tie,derive,nf650c171ba57ea1b
nf650c171ba57ea1b--tied--stop--1,nf650c171ba57ea1b--tied--stop--1,tied,stamp,nf650c171ba57ea1b
ncea9afadb6c932e5--staccato--1,,staccato,derive,ncea9afadb6c932e5
nb4931ec784e8287d--staccato--1,,staccato,derive,nb4931ec784e8287d
n7be015456b11d4d2--staccato--1,,staccato,derive,n7be015456b11d4d2
nbc73d1b852a04832--staccato--1,,staccato,derive,nbc73d1b852a04832
ndca75807aae2d985--staccato--1,,staccato,derive,ndca75807aae2d985
na28e4a485f31eb84--staccato--1,,staccato,derive,na28e4a485f31eb84
ncc379f95c6da4a02--staccato--1,,staccato,derive,ncc379f95c6da4a02
nc5b21a550aee4853--slur--start--1,nc5b21a550aee4853--slur--start--1,slur,stamp,nc5b21a550aee4853
nc5b21a550aee4853--staccato--1,,staccato,derive,nc5b21a550aee4853
nc031fcce72fbc756--staccato--1,,staccato,derive,nc031fcce72fbc756
n5affb303cb28228f--slur--stop--1,n5affb303cb28228f--slur--stop--1,slur,stamp,n5affb303cb28228f
n5affb303cb28228f--staccato--1,,staccato,derive,n5affb303cb28228f
n34f783aaed0784bc--slur--start--1,n34f783aaed0784bc--slur--start--1,slur,stamp,n34f783aaed0784bc
n34f783aaed0784bc--staccato--1,,staccato,derive,n34f783aaed0784bc
n47e8dc352dc78872--staccato--1,,staccato,derive,n47e8dc352dc78872
n2f8960aa91bcc095--slur--stop--1,n2f8960aa91bcc095--slur--stop--1,slur,stamp,n2f8960aa91bcc095
n2f8960aa91bcc095--staccato--1,,staccato,derive,n2f8960aa91bcc095
eaff2a14bd7d28a82,eaff2a14bd7d28a82,words,md,1
e0745e0fa1289aa25,e0745e0fa1289aa25,words,md,1
e111c5848707874e8,e111c5848707874e8,octave-shift,md,1
eff4ada28ef5502a8,eff4ada28ef5502a8,octave-shift,md,1
e9193aeb2c7d305cb,e9193aeb2c7d305cb,dynamics,md,2
nf134bddffbe22440--tie--1,,tie,derive,nf134bddffbe22440
nf134bddffbe22440--tied--start--1,nf134bddffbe22440--tied--start--1,tied,stamp,nf134bddffbe22440
n14b054283bc86005--tie--1,,tie,derive,n14b054283bc86005
n14b054283bc86005--tied--start--1,n14b054283bc86005--tied--start--1,tied,stamp,n14b054283bc86005
n6550e13e0beaec85--tie--1,,tie,derive,n6550e13e0beaec85
n6550e13e0beaec85--tied--stop--1,n6550e13e0beaec85--tied--stop--1,tied,stamp,n6550e13e0beaec85
nb30154f705d35fe2--tie--1,,tie,derive,nb30154f705d35fe2
nb30154f705d35fe2--tied--stop--1,nb30154f705d35fe2--tied--stop--1,tied,stamp,nb30154f705d35fe2
n147f3e79895b95a1--staccato--1,,staccato,derive,n147f3e79895b95a1
nf6160e93d9b43afb--staccato--1,,staccato,derive,nf6160e93d9b43afb
nbc452272d87df939--staccato--1,,staccato,derive,nbc452272d87df939
n7ca60c6b3c7ecf1a--staccato--1,,staccato,derive,n7ca60c6b3c7ecf1a
n6c9846cc26dc6617--staccato--1,,staccato,derive,n6c9846cc26dc6617
n0e457f1d9824e9ca--staccato--1,,staccato,derive,n0e457f1d9824e9ca
n5c4d7dc51ee49988--staccato--1,,staccato,derive,n5c4d7dc51ee49988
n31759310f7a73057--tie--1,,tie,derive,n31759310f7a73057
n31759310f7a73057--tied--start--1,n31759310f7a73057--tied--start--1,tied,stamp,n31759310f7a73057
ne1334ef9e78297cd--tie--1,,tie,derive,ne1334ef9e78297cd
ne1334ef9e78297cd--tied--start--1,ne1334ef9e78297cd--tied--start--1,tied,stamp,ne1334ef9e78297cd
nc32cdaf06e448896--tie--1,,tie,derive,nc32cdaf06e448896
nc32cdaf06e448896--tied--stop--1,nc32cdaf06e448896--tied--stop--1,tied,stamp,nc32cdaf06e448896
n2d04a5d780f7f701--tie--1,,tie,derive,n2d04a5d780f7f701
n2d04a5d780f7f701--tied--stop--1,n2d04a5d780f7f701--tied--stop--1,tied,stamp,n2d04a5d780f7f701
nb2f41bb18d393043--staccato--1,,staccato,derive,nb2f41bb18d393043
nee2a4f644f5b141c--staccato--1,,staccato,derive,nee2a4f644f5b141c
nb723bdf2bcd008fe--staccato--1,,staccato,derive,nb723bdf2bcd008fe
n21601992fa3e0a2b--staccato--1,,staccato,derive,n21601992fa3e0a2b
n4888134b59755db7--staccato--1,,staccato,derive,n4888134b59755db7
na5855256fe6cd767--staccato--1,,staccato,derive,na5855256fe6cd767
n5046b4eb7c238916--staccato--1,,staccato,derive,n5046b4eb7c238916
na17c1f5f7b308985--slur--start--1,na17c1f5f7b308985--slur--start--1,slur,stamp,na17c1f5f7b308985
na17c1f5f7b308985--staccato--1,,staccato,derive,na17c1f5f7b308985
n7788f639be60c5c6--staccato--1,,staccato,derive,n7788f639be60c5c6
n9ed9dfcd3bd3e07d--slur--stop--1,n9ed9dfcd3bd3e07d--slur--stop--1,slur,stamp,n9ed9dfcd3bd3e07d
n9ed9dfcd3bd3e07d--staccato--1,,staccato,derive,n9ed9dfcd3bd3e07d
n576d2c0fc557c69a--slur--start--1,n576d2c0fc557c69a--slur--start--1,slur,stamp,n576d2c0fc557c69a
n576d2c0fc557c69a--staccato--1,,staccato,derive,n576d2c0fc557c69a
n57af9f3ccde590a7--staccato--1,,staccato,derive,n57af9f3ccde590a7
naa5b61550205dc2b--slur--stop--1,naa5b61550205dc2b--slur--stop--1,slur,stamp,naa5b61550205dc2b
naa5b61550205dc2b--staccato--1,,staccato,derive,naa5b61550205dc2b
ebdcb2a3841f442c4,ebdcb2a3841f442c4,wedge,md,1
e73cf241fce274214,e73cf241fce274214,octave-shift,md,1
e82484c9de7a9aff0,e82484c9de7a9aff0,wedge,md,1
e86c7372b144a2475,e86c7372b144a2475,wedge,md,1
e2d000cd6410c6cfd,e2d000cd6410c6cfd,octave-shift,md,1
e03e33565d53e7ce5,e03e33565d53e7ce5,wedge,md,1
n413633ab8e1fc6c6--tie--1,,tie,derive,n413633ab8e1fc6c6
n413633ab8e1fc6c6--tied--start--1,n413633ab8e1fc6c6--tied--start--1,tied,stamp,n413633ab8e1fc6c6
n413633ab8e1fc6c6--strong-accent--1,,strong-accent,derive,n413633ab8e1fc6c6
n413633ab8e1fc6c6--arpeggiate--1,n413633ab8e1fc6c6--arpeggiate--1,arpeggiate,stamp,n413633ab8e1fc6c6
ncadcf3a4d539a701--tie--1,,tie,derive,ncadcf3a4d539a701
ncadcf3a4d539a701--tied--start--1,ncadcf3a4d539a701--tied--start--1,tied,stamp,ncadcf3a4d539a701
ncadcf3a4d539a701--arpeggiate--1,ncadcf3a4d539a701--arpeggiate--1,arpeggiate,stamp,ncadcf3a4d539a701
n43331c1bb709391d--tie--1,,tie,derive,n43331c1bb709391d
n43331c1bb709391d--tied--stop--1,n43331c1bb709391d--tied--stop--1,tied,stamp,n43331c1bb709391d
n942b0660128c2244--tie--1,,tie,derive,n942b0660128c2244
n942b0660128c2244--tied--stop--1,n942b0660128c2244--tied--stop--1,tied,stamp,n942b0660128c2244
ndfa7b73cb54a9d7e--staccato--1,,staccato,derive,ndfa7b73cb54a9d7e
e39e3ffa806a575c7,e39e3ffa806a575c7,dynamics,md,1
ebc85f2a72ac29e27,ebc85f2a72ac29e27,words,md,1
edec55098ff090154,edec55098ff090154,octave-shift,md,1
ebfa96eb8c401ce4a,ebfa96eb8c401ce4a,pedal,md,1
e50a65e99839141b8,e50a65e99839141b8,words,md,1
e59979a1d918ac043,e59979a1d918ac043,words,md,1
ea139c51566a6ed11,ea139c51566a6ed11,octave-shift,md,1
e7c57aa85bff2c74b,e7c57aa85bff2c74b,pedal,md,1
n42986a6b63e84e96--accent--1,,accent,derive,n42986a6b63e84e96
n42986a6b63e84e96--arpeggiate--1,n42986a6b63e84e96--arpeggiate--1,arpeggiate,stamp,n42986a6b63e84e96
n2a2558dd3e3d087d--arpeggiate--1,n2a2558dd3e3d087d--arpeggiate--1,arpeggiate,stamp,n2a2558dd3e3d087d
n020f925f97a74a5f--tie--1,,tie,derive,n020f925f97a74a5f
n020f925f97a74a5f--tied--start--1,n020f925f97a74a5f--tied--start--1,tied,stamp,n020f925f97a74a5f
n020f925f97a74a5f--arpeggiate--1,n020f925f97a74a5f--arpeggiate--1,arpeggiate,stamp,n020f925f97a74a5f
nb6828ef37759868c--tie--1,,tie,derive,nb6828ef37759868c
nb6828ef37759868c--tied--stop--1,nb6828ef37759868c--tied--stop--1,tied,stamp,nb6828ef37759868c
n6d1c6dfc7f45bf45--tuplet--start--1,n6d1c6dfc7f45bf45--tuplet--start--1,tuplet,stamp,n6d1c6dfc7f45bf45
n6d1c6dfc7f45bf45--staccatissimo--1,,staccatissimo,derive,n6d1c6dfc7f45bf45
nfa21cd5661a53504--tuplet--stop--1,nfa21cd5661a53504--tuplet--stop--1,tuplet,stamp,nfa21cd5661a53504
n959e60cd46d793ce--tuplet--start--1,n959e60cd46d793ce--tuplet--start--1,tuplet,stamp,n959e60cd46d793ce
nd32bc48d68f5913f--tuplet--stop--1,nd32bc48d68f5913f--tuplet--stop--1,tuplet,stamp,nd32bc48d68f5913f
ndaaa16b437b2c099--tuplet--start--1,ndaaa16b437b2c099--tuplet--start--1,tuplet,stamp,ndaaa16b437b2c099
n769c670172d9a55d--tuplet--stop--1,n769c670172d9a55d--tuplet--stop--1,tuplet,stamp,n769c670172d9a55d
eb30ed3fecd302dec,eb30ed3fecd302dec,pedal,md,1
e59df2c5dc02382ac,e59df2c5dc02382ac,pedal,md,1
e313b53da0d7b6cbd,e313b53da0d7b6cbd,dynamics,md,2
e0ec1a835a9af5a66,e0ec1a835a9af5a66,words,md,2
n7b12a9d03e9a6828--tie--1,,tie,derive,n7b12a9d03e9a6828
n7b12a9d03e9a6828--tied--start--1,n7b12a9d03e9a6828--tied--start--1,tied,stamp,n7b12a9d03e9a6828
n7b12a9d03e9a6828--strong-accent--1,,strong-accent,derive,n7b12a9d03e9a6828
n7b12a9d03e9a6828--arpeggiate--1,n7b12a9d03e9a6828--arpeggiate--1,arpeggiate,stamp,n7b12a9d03e9a6828
n65cfb513fc871a66--tie--1,,tie,derive,n65cfb513fc871a66
n65cfb513fc871a66--tied--start--1,n65cfb513fc871a66--tied--start--1,tied,stamp,n65cfb513fc871a66
n65cfb513fc871a66--arpeggiate--1,n65cfb513fc871a66--arpeggiate--1,arpeggiate,stamp,n65cfb513fc871a66
nd1ea4acb90b08209--tie--1,,tie,derive,nd1ea4acb90b08209
nd1ea4acb90b08209--tied--stop--1,nd1ea4acb90b08209--tied--stop--1,tied,stamp,nd1ea4acb90b08209
n586c2a50705d8030--tie--1,,tie,derive,n586c2a50705d8030
n586c2a50705d8030--tied--stop--1,n586c2a50705d8030--tied--stop--1,tied,stamp,n586c2a50705d8030
n00ef5737409e9936--staccatissimo--1,,staccatissimo,derive,n00ef5737409e9936
na2a9b20b02adaf2f--tie--1,,tie,derive,na2a9b20b02adaf2f
na2a9b20b02adaf2f--tied--stop--1,na2a9b20b02adaf2f--tied--stop--1,tied,stamp,na2a9b20b02adaf2f
n942a679819485692--tie--1,,tie,derive,n942a679819485692
n942a679819485692--tied--stop--1,n942a679819485692--tied--stop--1,tied,stamp,n942a679819485692
nf7d424dd6554f6b3--tie--1,,tie,derive,nf7d424dd6554f6b3
nf7d424dd6554f6b3--tied--stop--1,nf7d424dd6554f6b3--tied--stop--1,tied,stamp,nf7d424dd6554f6b3
n44b1818ddaedb2d5--tie--1,,tie,derive,n44b1818ddaedb2d5
n44b1818ddaedb2d5--tied--start--1,n44b1818ddaedb2d5--tied--start--1,tied,stamp,n44b1818ddaedb2d5
n44b1818ddaedb2d5--tuplet--start--1,n44b1818ddaedb2d5--tuplet--start--1,tuplet,stamp,n44b1818ddaedb2d5
n6128a8fcee0917a5--tie--1,,tie,derive,n6128a8fcee0917a5
n6128a8fcee0917a5--tied--start--1,n6128a8fcee0917a5--tied--start--1,tied,stamp,n6128a8fcee0917a5
n6016e0da4506e8f2--tie--1,,tie,derive,n6016e0da4506e8f2
n6016e0da4506e8f2--tied--start--1,n6016e0da4506e8f2--tied--start--1,tied,stamp,n6016e0da4506e8f2
n5c0c1aefd38641be--tuplet--stop--1,n5c0c1aefd38641be--tuplet--stop--1,tuplet,stamp,n5c0c1aefd38641be
eb6e8cc7ac76e325f,eb6e8cc7ac76e325f,dynamics,md,1
e248f14de86e1acbd,e248f14de86e1acbd,wedge,md,2
e40f8f9d0df8349f3,e40f8f9d0df8349f3,wedge,md,2
nb6a236155dd5c22f--tie--1,,tie,derive,nb6a236155dd5c22f
nb6a236155dd5c22f--tied--start--1,nb6a236155dd5c22f--tied--start--1,tied,stamp,nb6a236155dd5c22f
nb6a236155dd5c22f--strong-accent--1,,strong-accent,derive,nb6a236155dd5c22f
n1332a39a19e0e815--tie--1,,tie,derive,n1332a39a19e0e815
n1332a39a19e0e815--tied--start--1,n1332a39a19e0e815--tied--start--1,tied,stamp,n1332a39a19e0e815
n915c2ca9544baee5--tie--1,,tie,derive,n915c2ca9544baee5
n915c2ca9544baee5--tied--stop--1,n915c2ca9544baee5--tied--stop--1,tied,stamp,n915c2ca9544baee5
n915c2ca9544baee5--slur--start--1,n915c2ca9544baee5--slur--start--1,slur,stamp,n915c2ca9544baee5
nbe1f16b8babd2f20--tie--1,,tie,derive,nbe1f16b8babd2f20
nbe1f16b8babd2f20--tied--stop--1,nbe1f16b8babd2f20--tied--stop--1,tied,stamp,nbe1f16b8babd2f20
n4e4fe3f36c47672f--slur--stop--1,n4e4fe3f36c47672f--slur--stop--1,slur,stamp,n4e4fe3f36c47672f
nedbf10949e90f4fc--tie--1,,tie,derive,nedbf10949e90f4fc
nedbf10949e90f4fc--tied--start--1,nedbf10949e90f4fc--tied--start--1,tied,stamp,nedbf10949e90f4fc
nedbf10949e90f4fc--strong-accent--1,,strong-accent,derive,nedbf10949e90f4fc
n86cbe8e9a3160d4b--tie--1,,tie,derive,n86cbe8e9a3160d4b
n86cbe8e9a3160d4b--tied--start--1,n86cbe8e9a3160d4b--tied--start--1,tied,stamp,n86cbe8e9a3160d4b
n29244650c5bcb4f0--tie--1,,tie,derive,n29244650c5bcb4f0
n29244650c5bcb4f0--tied--stop--1,n29244650c5bcb4f0--tied--stop--1,tied,stamp,n29244650c5bcb4f0
na5355264f919cd05--tie--1,,tie,derive,na5355264f919cd05
na5355264f919cd05--tied--stop--1,na5355264f919cd05--tied--stop--1,tied,stamp,na5355264f919cd05
n924e2ed0368fe38c--slur--start--1,n924e2ed0368fe38c--slur--start--1,slur,stamp,n924e2ed0368fe38c
nc248e1cb4a532d1e--slur--stop--1,nc248e1cb4a532d1e--slur--stop--1,slur,stamp,nc248e1cb4a532d1e
nff4752635e280484--fermata--upright--1,nff4752635e280484--fermata--upright--1,fermata,stamp,nff4752635e280484
e4c338157a52b4bd2,e4c338157a52b4bd2,words,md,1
eac7c51d48434e5ad,eac7c51d48434e5ad,bracket,md,1
e5436e3d7f16d591f,e5436e3d7f16d591f,bracket,md,1
n846c6b24e6f94f99--staccatissimo--1,,staccatissimo,derive,n846c6b24e6f94f99
n28cc40117eae1ffa--staccatissimo--1,,staccatissimo,derive,n28cc40117eae1ffa
n5747354bf0309553--trill-mark--1,,trill-mark,derive,n5747354bf0309553
n7b9d028715163d9f--tuplet--start--1,n7b9d028715163d9f--tuplet--start--1,tuplet,stamp,n7b9d028715163d9f
n7b9d028715163d9f--slur--start--1,n7b9d028715163d9f--slur--start--1,slur,stamp,n7b9d028715163d9f
n15b97fce41922012--tuplet--stop--1,n15b97fce41922012--tuplet--stop--1,tuplet,stamp,n15b97fce41922012
n15b97fce41922012--slur--stop--1,n15b97fce41922012--slur--stop--1,slur,stamp,n15b97fce41922012
e7431d087f6d7dbba,e7431d087f6d7dbba,words,md,1
e07efb5afc665f74a,e07efb5afc665f74a,dynamics,md,2
e00754bc46df871b4,e00754bc46df871b4,wedge,md,2
n25f518fa3ee541a5--slur--start--1,n25f518fa3ee541a5--slur--start--1,slur,stamp,n25f518fa3ee541a5
n25f518fa3ee541a5--accent--1,,accent,derive,n25f518fa3ee541a5
nc3b732c3483b368f--slur--stop--1,nc3b732c3483b368f--slur--stop--1,slur,stamp,nc3b732c3483b368f
n75934f133f48b303--slur--start--1,n75934f133f48b303--slur--start--1,slur,stamp,n75934f133f48b303
n75934f133f48b303--accent--1,,accent,derive,n75934f133f48b303
n3dd3fc0daac721bd--slur--stop--1,n3dd3fc0daac721bd--slur--stop--1,slur,stamp,n3dd3fc0daac721bd
n6ab3268666e34535--fermata--upright--1,n6ab3268666e34535--fermata--upright--1,fermata,stamp,n6ab3268666e34535
n27e0d95c66844e92--slur--start--1,n27e0d95c66844e92--slur--start--1,slur,stamp,n27e0d95c66844e92
n62a71210e6e4e043--slur--stop--1,n62a71210e6e4e043--slur--stop--1,slur,stamp,n62a71210e6e4e043
n29fa8d92b057edcd--fermata--upright--1,n29fa8d92b057edcd--fermata--upright--1,fermata,stamp,n29fa8d92b057edcd
ndb634aa74363573e--slur--start--1,ndb634aa74363573e--slur--start--1,slur,stamp,ndb634aa74363573e
n10fe44c8ddcb5ecc--slur--stop--1,n10fe44c8ddcb5ecc--slur--stop--1,slur,stamp,n10fe44c8ddcb5ecc
e395112be658f9043,e395112be658f9043,words,md,1
n56d1a9c72e119187--staccatissimo--1,,staccatissimo,derive,n56d1a9c72e119187
nc6bee9716fcdf1ac--slur--start--1,nc6bee9716fcdf1ac--slur--start--1,slur,stamp,nc6bee9716fcdf1ac
nf6e788fc6632de17--slur--stop--1,nf6e788fc6632de17--slur--stop--1,slur,stamp,nf6e788fc6632de17
n4a51280f316f69fa--trill-mark--1,,trill-mark,derive,n4a51280f316f69fa
n769e540e484bd2be--tuplet--start--1,n769e540e484bd2be--tuplet--start--1,tuplet,stamp,n769e540e484bd2be
n769e540e484bd2be--slur--start--1,n769e540e484bd2be--slur--start--1,slur,stamp,n769e540e484bd2be
n108d3a8b4d1c6e9a--tuplet--stop--1,n108d3a8b4d1c6e9a--tuplet--stop--1,tuplet,stamp,n108d3a8b4d1c6e9a
n108d3a8b4d1c6e9a--slur--stop--1,n108d3a8b4d1c6e9a--slur--stop--1,slur,stamp,n108d3a8b4d1c6e9a
n81e8bb69b34b5b5f--tuplet--start--1,n81e8bb69b34b5b5f--tuplet--start--1,tuplet,stamp,n81e8bb69b34b5b5f
nef857fb5e78822da--slur--start--1,nef857fb5e78822da--slur--start--1,slur,stamp,nef857fb5e78822da
nf324b86b7e1f49d9--tuplet--stop--1,nf324b86b7e1f49d9--tuplet--stop--1,tuplet,stamp,nf324b86b7e1f49d9
n093d52743e0f04aa--tuplet--start--1,n093d52743e0f04aa--tuplet--start--1,tuplet,stamp,n093d52743e0f04aa
nf7efe4a4eb5d26ce--tuplet--stop--1,nf7efe4a4eb5d26ce--tuplet--stop--1,tuplet,stamp,nf7efe4a4eb5d26ce
n2980c7f53a4a750d--tuplet--start--1,n2980c7f53a4a750d--tuplet--start--1,tuplet,stamp,n2980c7f53a4a750d
n93208a1c0e30f23d--tuplet--stop--1,n93208a1c0e30f23d--tuplet--stop--1,tuplet,stamp,n93208a1c0e30f23d
n93208a1c0e30f23d--slur--stop--1,n93208a1c0e30f23d--slur--stop--1,slur,stamp,n93208a1c0e30f23d
n30cac9c451fa5a9f--tuplet--start--1,n30cac9c451fa5a9f--tuplet--start--1,tuplet,stamp,n30cac9c451fa5a9f
n0a416e73f9e691d6--slur--start--1,n0a416e73f9e691d6--slur--start--1,slur,stamp,n0a416e73f9e691d6
n37cca050d0efbdd3--tuplet--stop--1,n37cca050d0efbdd3--tuplet--stop--1,tuplet,stamp,n37cca050d0efbdd3
n319651485a283326--tuplet--start--1,n319651485a283326--tuplet--start--1,tuplet,stamp,n319651485a283326
ncb0fa0398d94d498--tuplet--stop--1,ncb0fa0398d94d498--tuplet--stop--1,tuplet,stamp,ncb0fa0398d94d498
na5e6645fa714f1aa--tuplet--start--1,na5e6645fa714f1aa--tuplet--start--1,tuplet,stamp,na5e6645fa714f1aa
ne796f8b332b441d0--tuplet--stop--1,ne796f8b332b441d0--tuplet--stop--1,tuplet,stamp,ne796f8b332b441d0
ne796f8b332b441d0--slur--stop--1,ne796f8b332b441d0--slur--stop--1,slur,stamp,ne796f8b332b441d0
n0dbfd83968a8a919--accent--1,,accent,derive,n0dbfd83968a8a919
n57ef6247ccd95473--slur--start--1,n57ef6247ccd95473--slur--start--1,slur,stamp,n57ef6247ccd95473
n4a23829a775d550d--slur--stop--1,n4a23829a775d550d--slur--stop--1,slur,stamp,n4a23829a775d550d
n018a9c9b9329a757--accent--1,,accent,derive,n018a9c9b9329a757
nb3225f794a1f724f--slur--start--1,nb3225f794a1f724f--slur--start--1,slur,stamp,nb3225f794a1f724f
nf0e7228ebbf86c47--slur--stop--1,nf0e7228ebbf86c47--slur--stop--1,slur,stamp,nf0e7228ebbf86c47
nac1b5c29aa2836e2--slur--start--1,nac1b5c29aa2836e2--slur--start--1,slur,stamp,nac1b5c29aa2836e2
nac1b5c29aa2836e2--staccato--1,,staccato,derive,nac1b5c29aa2836e2
n4943709704ce62ea--slur--stop--1,n4943709704ce62ea--slur--stop--1,slur,stamp,n4943709704ce62ea
n4943709704ce62ea--staccato--1,,staccato,derive,n4943709704ce62ea
n612bb071902882cd--slur--start--1,n612bb071902882cd--slur--start--1,slur,stamp,n612bb071902882cd
n612bb071902882cd--staccato--1,,staccato,derive,n612bb071902882cd
nee2728b446707bd2--slur--stop--1,nee2728b446707bd2--slur--stop--1,slur,stamp,nee2728b446707bd2
nee2728b446707bd2--staccato--1,,staccato,derive,nee2728b446707bd2
ee7cecfaeef45c349,ee7cecfaeef45c349,dynamics,md,1
ea7d5006f8b0abe71,ea7d5006f8b0abe71,words,md,1
ee040bd9e89d7b9c5,ee040bd9e89d7b9c5,pedal,md,2
e5d896529e6ef4386,e5d896529e6ef4386,pedal,md,2
e2fd9eec620651ca8,e2fd9eec620651ca8,pedal,md,2
e6eee501b573f58f3,e6eee501b573f58f3,pedal,md,2
n2910785276d6e1d3--tuplet--start--1,n2910785276d6e1d3--tuplet--start--1,tuplet,stamp,n2910785276d6e1d3
n61f64348991d88ef--slur--start--1,n61f64348991d88ef--slur--start--1,slur,stamp,n61f64348991d88ef
n1e2d5ad93f7d5066--tuplet--stop--1,n1e2d5ad93f7d5066--tuplet--stop--1,tuplet,stamp,n1e2d5ad93f7d5066
n2392dae799161c1a--tuplet--start--1,n2392dae799161c1a--tuplet--start--1,tuplet,stamp,n2392dae799161c1a
n73dda9204cba8910--tuplet--stop--1,n73dda9204cba8910--tuplet--stop--1,tuplet,stamp,n73dda9204cba8910
nb34e9aa7bc474b0a--tuplet--start--1,nb34e9aa7bc474b0a--tuplet--start--1,tuplet,stamp,nb34e9aa7bc474b0a
n1eeb3f0eb8361cb3--tuplet--stop--1,n1eeb3f0eb8361cb3--tuplet--stop--1,tuplet,stamp,n1eeb3f0eb8361cb3
n1eeb3f0eb8361cb3--slur--stop--1,n1eeb3f0eb8361cb3--slur--stop--1,slur,stamp,n1eeb3f0eb8361cb3
n318192153776b866--tuplet--start--1,n318192153776b866--tuplet--start--1,tuplet,stamp,n318192153776b866
n7c360df1e8aaceb0--slur--start--1,n7c360df1e8aaceb0--slur--start--1,slur,stamp,n7c360df1e8aaceb0
nded058b6aac68f62--tuplet--stop--1,nded058b6aac68f62--tuplet--stop--1,tuplet,stamp,nded058b6aac68f62
ndab7f961f42dd841--tuplet--start--1,ndab7f961f42dd841--tuplet--start--1,tuplet,stamp,ndab7f961f42dd841
n707f5a948ca52104--tuplet--stop--1,n707f5a948ca52104--tuplet--stop--1,tuplet,stamp,n707f5a948ca52104
n2a6dbf8092da0d3c--tuplet--start--1,n2a6dbf8092da0d3c--tuplet--start--1,tuplet,stamp,n2a6dbf8092da0d3c
n0b5f2535522b5b00--tuplet--stop--1,n0b5f2535522b5b00--tuplet--stop--1,tuplet,stamp,n0b5f2535522b5b00
n0b5f2535522b5b00--slur--stop--1,n0b5f2535522b5b00--slur--stop--1,slur,stamp,n0b5f2535522b5b00
n1f3566d1cff4fc45--slur--start--1,n1f3566d1cff4fc45--slur--start--1,slur,stamp,n1f3566d1cff4fc45
n1f3566d1cff4fc45--staccato--1,,staccato,derive,n1f3566d1cff4fc45
nbaca6c5bc3245636--staccato--1,,staccato,derive,nbaca6c5bc3245636
n26b55d1beca0a2fc--slur--stop--1,n26b55d1beca0a2fc--slur--stop--1,slur,stamp,n26b55d1beca0a2fc
n26b55d1beca0a2fc--staccato--1,,staccato,derive,n26b55d1beca0a2fc
n8fb6ad5ea6787820--slur--start--1,n8fb6ad5ea6787820--slur--start--1,slur,stamp,n8fb6ad5ea6787820
n8fb6ad5ea6787820--staccato--1,,staccato,derive,n8fb6ad5ea6787820
ne7e878afb858b150--staccato--1,,staccato,derive,ne7e878afb858b150
ne40381bafe64c6aa--slur--stop--1,ne40381bafe64c6aa--slur--stop--1,slur,stamp,ne40381bafe64c6aa
ne40381bafe64c6aa--staccato--1,,staccato,derive,ne40381bafe64c6aa
n43ea63ef6dcd3989--slur--start--1,n43ea63ef6dcd3989--slur--start--1,slur,stamp,n43ea63ef6dcd3989
n43ea63ef6dcd3989--strong-accent--1,,strong-accent,derive,n43ea63ef6dcd3989
na61b6c32c571321a--slur--stop--1,na61b6c32c571321a--slur--stop--1,slur,stamp,na61b6c32c571321a
e02142930ceed5b51,e02142930ceed5b51,wedge,md,1
e3b7eea3972adad59,e3b7eea3972adad59,wedge,md,1
e6063b593f8c23dc4,e6063b593f8c23dc4,wedge,md,1
e6902611061b522d5,e6902611061b522d5,wedge,md,1
e8a0204c2402f696d,e8a0204c2402f696d,octave-shift,md,1
e3a5f750bdbd5aa7a,e3a5f750bdbd5aa7a,octave-shift,md,1
n0528eb2e41c45a16--tuplet--start--1,n0528eb2e41c45a16--tuplet--start--1,tuplet,stamp,n0528eb2e41c45a16
nf224c40a35ef16ec--slur--start--1,nf224c40a35ef16ec--slur--start--1,slur,stamp,nf224c40a35ef16ec
n59ef34f2df758bd4--tuplet--stop--1,n59ef34f2df758bd4--tuplet--stop--1,tuplet,stamp,n59ef34f2df758bd4
n89f5864bdd81d708--tuplet--start--1,n89f5864bdd81d708--tuplet--start--1,tuplet,stamp,n89f5864bdd81d708
n13f260c83620d33c--tuplet--stop--1,n13f260c83620d33c--tuplet--stop--1,tuplet,stamp,n13f260c83620d33c
nf9a12a281b1ce4a2--tuplet--start--1,nf9a12a281b1ce4a2--tuplet--start--1,tuplet,stamp,nf9a12a281b1ce4a2
nd839151dd0398dc4--tuplet--stop--1,nd839151dd0398dc4--tuplet--stop--1,tuplet,stamp,nd839151dd0398dc4
nd839151dd0398dc4--slur--stop--1,nd839151dd0398dc4--slur--stop--1,slur,stamp,nd839151dd0398dc4
nd7bdb9b3df7d7085--tuplet--start--1,nd7bdb9b3df7d7085--tuplet--start--1,tuplet,stamp,nd7bdb9b3df7d7085
n1c466844ddf18d46--slur--start--1,n1c466844ddf18d46--slur--start--1,slur,stamp,n1c466844ddf18d46
n738c861efefafaf2--tuplet--stop--1,n738c861efefafaf2--tuplet--stop--1,tuplet,stamp,n738c861efefafaf2
n981290e59c800d18--tuplet--start--1,n981290e59c800d18--tuplet--start--1,tuplet,stamp,n981290e59c800d18
ne99b7ef528981bd8--tuplet--stop--1,ne99b7ef528981bd8--tuplet--stop--1,tuplet,stamp,ne99b7ef528981bd8
nee4f5b35b08015ee--slur--stop--1,nee4f5b35b08015ee--slur--stop--1,slur,stamp,nee4f5b35b08015ee
n7414488466657e37--slur--start--1,n7414488466657e37--slur--start--1,slur,stamp,n7414488466657e37
n7414488466657e37--strong-accent--1,,strong-accent,derive,n7414488466657e37
n44ec11bdf979e1d6--slur--stop--1,n44ec11bdf979e1d6--slur--stop--1,slur,stamp,n44ec11bdf979e1d6
nf0c7e5ab526aaf44--strong-accent--1,,strong-accent,derive,nf0c7e5ab526aaf44
e32371d1f7a0e303f,e32371d1f7a0e303f,wedge,md,1
ed819fbe5601d09c6,ed819fbe5601d09c6,wedge,md,1
e2f5a122f39a13555,e2f5a122f39a13555,wedge,md,1
eb906ea833ddd2a42,eb906ea833ddd2a42,wedge,md,1
ee792c9abbbc5adce,ee792c9abbbc5adce,octave-shift,md,1
ef12a86cb0b352e9d,ef12a86cb0b352e9d,wedge,md,1
e042442c57a5c1d31,e042442c57a5c1d31,wedge,md,1
e049b7fe3d9be3c86,e049b7fe3d9be3c86,wedge,md,1
e3975a50eedb5d5af,e3975a50eedb5d5af,octave-shift,md,1
n9d141c91bf22a306--tuplet--start--1,n9d141c91bf22a306--tuplet--start--1,tuplet,stamp,n9d141c91bf22a306
n04925b003b25803f--slur--start--1,n04925b003b25803f--slur--start--1,slur,stamp,n04925b003b25803f
n1b6379bc18d9c1c8--tuplet--stop--1,n1b6379bc18d9c1c8--tuplet--stop--1,tuplet,stamp,n1b6379bc18d9c1c8
nfe4dbb85bdd20851--tuplet--start--1,nfe4dbb85bdd20851--tuplet--start--1,tuplet,stamp,nfe4dbb85bdd20851
na2f92d4128789c11--tuplet--stop--1,na2f92d4128789c11--tuplet--stop--1,tuplet,stamp,na2f92d4128789c11
n062578607711b2c2--tuplet--start--1,n062578607711b2c2--tuplet--start--1,tuplet,stamp,n062578607711b2c2
n1f5cece3865bf915--tuplet--stop--1,n1f5cece3865bf915--tuplet--stop--1,tuplet,stamp,n1f5cece3865bf915
n1f5cece3865bf915--slur--stop--1,n1f5cece3865bf915--slur--stop--1,slur,stamp,n1f5cece3865bf915
nd4bb8d53523e8efd--tuplet--start--1,nd4bb8d53523e8efd--tuplet--start--1,tuplet,stamp,nd4bb8d53523e8efd
nfe732e621dca489f--slur--start--1,nfe732e621dca489f--slur--start--1,slur,stamp,nfe732e621dca489f
ncc28e01ba0a8f1fa--tuplet--stop--1,ncc28e01ba0a8f1fa--tuplet--stop--1,tuplet,stamp,ncc28e01ba0a8f1fa
n5798a826d7c8b747--tuplet--start--1,n5798a826d7c8b747--tuplet--start--1,tuplet,stamp,n5798a826d7c8b747
n193f678ebfb470e2--tuplet--stop--1,n193f678ebfb470e2--tuplet--stop--1,tuplet,stamp,n193f678ebfb470e2
n655b0c8cef3d9433--tuplet--start--1,n655b0c8cef3d9433--tuplet--start--1,tuplet,stamp,n655b0c8cef3d9433
n27d2bfc7f3171271--tuplet--stop--1,n27d2bfc7f3171271--tuplet--stop--1,tuplet,stamp,n27d2bfc7f3171271
naa038283a59833eb--tuplet--start--1,naa038283a59833eb--tuplet--start--1,tuplet,stamp,naa038283a59833eb
nfff48ccf85dbf4f4--tuplet--stop--1,nfff48ccf85dbf4f4--tuplet--stop--1,tuplet,stamp,nfff48ccf85dbf4f4
n22c740e1b6eced4f--tuplet--start--1,n22c740e1b6eced4f--tuplet--start--1,tuplet,stamp,n22c740e1b6eced4f
nfbe8f16b7a94cfae--tuplet--stop--1,nfbe8f16b7a94cfae--tuplet--stop--1,tuplet,stamp,nfbe8f16b7a94cfae
nfbe8f16b7a94cfae--slur--stop--1,nfbe8f16b7a94cfae--slur--stop--1,slur,stamp,nfbe8f16b7a94cfae
n5203d90091e32e2e--tuplet--start--1,n5203d90091e32e2e--tuplet--start--1,tuplet,stamp,n5203d90091e32e2e
nbca7d2245f511d70--tuplet--stop--1,nbca7d2245f511d70--tuplet--stop--1,tuplet,stamp,nbca7d2245f511d70
n44fc16d44fc9dc08--slur--start--1,n44fc16d44fc9dc08--slur--start--1,slur,stamp,n44fc16d44fc9dc08
na89835d4010efe0a--slur--stop--1,na89835d4010efe0a--slur--stop--1,slur,stamp,na89835d4010efe0a
n3efff2fb21746af9--strong-accent--1,,strong-accent,derive,n3efff2fb21746af9
e70312e91af4e8b2e,e70312e91af4e8b2e,wedge,md,1
e10ac3b918aee75e7,e10ac3b918aee75e7,wedge,md,1
e6db4ea7014ef5194,e6db4ea7014ef5194,octave-shift,md,1
eb704c8e10c2414e7,eb704c8e10c2414e7,wedge,md,1
e439b66be2e24c834,e439b66be2e24c834,wedge,md,1
e60576229cb2640d0,e60576229cb2640d0,octave-shift,md,1
e07d6643c72ec553f,e07d6643c72ec553f,wedge,md,1
n640ec1fd9f64d4df--slur--start--1,n640ec1fd9f64d4df--slur--start--1,slur,stamp,n640ec1fd9f64d4df
n555c44e24d94efbc--slur--stop--1,n555c44e24d94efbc--slur--stop--1,slur,stamp,n555c44e24d94efbc
nc41e44197a17fbb0--slur--start--1,nc41e44197a17fbb0--slur--start--1,slur,stamp,nc41e44197a17fbb0
n0a02d9c199a3250c--slur--stop--1,n0a02d9c199a3250c--slur--stop--1,slur,stamp,n0a02d9c199a3250c
ebddabe2a0b7c7fb2,ebddabe2a0b7c7fb2,octave-shift,md,1
ed233de08fe30d9e0,ed233de08fe30d9e0,octave-shift,md,1
e271430bb9942e609,e271430bb9942e609,octave-shift,md,1
ed364eca11aaa8804,ed364eca11aaa8804,octave-shift,md,1
e3e45da6f1e23c319,e3e45da6f1e23c319,octave-shift,md,1
e7c317116c60b9af8,e7c317116c60b9af8,wedge,md,1
ef81080cdcbac8e20,ef81080cdcbac8e20,wedge,md,1
ecbaee984bb03178e,ecbaee984bb03178e,octave-shift,md,1
eebb1d7e4caea7db6,eebb1d7e4caea7db6,wedge,md,1
n8d23713f4fcf297a--tuplet--start--1,n8d23713f4fcf297a--tuplet--start--1,tuplet,stamp,n8d23713f4fcf297a
n7017657c03360ec2--tuplet--stop--1,n7017657c03360ec2--tuplet--stop--1,tuplet,stamp,n7017657c03360ec2
nec09ce80e76206fb--tuplet--start--1,nec09ce80e76206fb--tuplet--start--1,tuplet,stamp,nec09ce80e76206fb
n56d51f062a0650ee--tuplet--stop--1,n56d51f062a0650ee--tuplet--stop--1,tuplet,stamp,n56d51f062a0650ee
n4c56884120ab0018--tuplet--start--1,n4c56884120ab0018--tuplet--start--1,tuplet,stamp,n4c56884120ab0018
n3cf48ebeee255520--tuplet--stop--1,n3cf48ebeee255520--tuplet--stop--1,tuplet,stamp,n3cf48ebeee255520
na92ced06e2de06c1--tuplet--start--1,na92ced06e2de06c1--tuplet--start--1,tuplet,stamp,na92ced06e2de06c1
n17776c4d24aa8782--tuplet--stop--1,n17776c4d24aa8782--tuplet--stop--1,tuplet,stamp,n17776c4d24aa8782
n22750f0487dbf49b--tuplet--start--1,n22750f0487dbf49b--tuplet--start--1,tuplet,stamp,n22750f0487dbf49b
n9426bb5491c796ed--tuplet--stop--1,n9426bb5491c796ed--tuplet--stop--1,tuplet,stamp,n9426bb5491c796ed
n3cac1807a3d792ed--tuplet--start--1,n3cac1807a3d792ed--tuplet--start--1,tuplet,stamp,n3cac1807a3d792ed
nb04cab50f9db3c07--tuplet--stop--1,nb04cab50f9db3c07--tuplet--stop--1,tuplet,stamp,nb04cab50f9db3c07
n6fd2188b756a55c5--fermata--upright--1,n6fd2188b756a55c5--fermata--upright--1,fermata,stamp,n6fd2188b756a55c5
n56697b9460988f35--tuplet--start--1,n56697b9460988f35--tuplet--start--1,tuplet,stamp,n56697b9460988f35
n56697b9460988f35--slur--start--1,n56697b9460988f35--slur--start--1,slur,stamp,n56697b9460988f35
nae9bfef47a4fc5e1--tuplet--stop--1,nae9bfef47a4fc5e1--tuplet--stop--1,tuplet,stamp,nae9bfef47a4fc5e1
ncf8bb0bfbe56efe9--staccato--1,,staccato,derive,ncf8bb0bfbe56efe9
n16e94502ca97380d--slur--stop--1,n16e94502ca97380d--slur--stop--1,slur,stamp,n16e94502ca97380d
n16e94502ca97380d--staccato--1,,staccato,derive,n16e94502ca97380d
nc717f108dffa71e4--fermata--upright--1,nc717f108dffa71e4--fermata--upright--1,fermata,stamp,nc717f108dffa71e4
ee332f8bd2fdcbf9c,ee332f8bd2fdcbf9c,wedge,md,1
ef26b1350ac2fd471,ef26b1350ac2fd471,dynamics,md,1
e6e73193225b2e538,e6e73193225b2e538,dynamics,md,1
n066ad953410adb63--slur--start--1,n066ad953410adb63--slur--start--1,slur,stamp,n066ad953410adb63
n066ad953410adb63--accent--1,,accent,derive,n066ad953410adb63
n1aa73321b211cd18--slur--stop--1,n1aa73321b211cd18--slur--stop--1,slur,stamp,n1aa73321b211cd18
n3147788d10c90727--slur--start--1,n3147788d10c90727--slur--start--1,slur,stamp,n3147788d10c90727
n3147788d10c90727--accent--1,,accent,derive,n3147788d10c90727
nfba3b076e1047098--slur--stop--1,nfba3b076e1047098--slur--stop--1,slur,stamp,nfba3b076e1047098
n8e226e99f7761445--slur--start--1,n8e226e99f7761445--slur--start--1,slur,stamp,n8e226e99f7761445
n28a33c15e68fc231--arpeggiate--1,n28a33c15e68fc231--arpeggiate--1,arpeggiate,stamp,n28a33c15e68fc231
nd1488483d266eaf8--arpeggiate--1,nd1488483d266eaf8--arpeggiate--1,arpeggiate,stamp,nd1488483d266eaf8
n347bc0fe4311893c--slur--stop--1,n347bc0fe4311893c--slur--stop--1,slur,stamp,n347bc0fe4311893c
n908a133fb49ef0c9--slur--start--1,n908a133fb49ef0c9--slur--start--1,slur,stamp,n908a133fb49ef0c9
n6c9c51c08a31ff82--arpeggiate--1,n6c9c51c08a31ff82--arpeggiate--1,arpeggiate,stamp,n6c9c51c08a31ff82
nef6d10103f55653b--arpeggiate--1,nef6d10103f55653b--arpeggiate--1,arpeggiate,stamp,nef6d10103f55653b
n726614b87eda7800--slur--stop--1,n726614b87eda7800--slur--stop--1,slur,stamp,n726614b87eda7800
eb80ff7f44c621902,eb80ff7f44c621902,words,md,1
e51ace7a58a625699,e51ace7a58a625699,pedal,md,1
edbac591514cb41da,edbac591514cb41da,pedal,md,1
nfe6c878e73e9a000--slur--start--1,nfe6c878e73e9a000--slur--start--1,slur,stamp,nfe6c878e73e9a000
nfe6c878e73e9a000--accent--1,,accent,derive,nfe6c878e73e9a000
n34b6caa4502b44f2--tuplet--start--1,n34b6caa4502b44f2--tuplet--start--1,tuplet,stamp,n34b6caa4502b44f2
n322c7d6988b691a4--tuplet--stop--1,n322c7d6988b691a4--tuplet--stop--1,tuplet,stamp,n322c7d6988b691a4
n082f60570fa6eec5--fermata--upright--1,n082f60570fa6eec5--fermata--upright--1,fermata,stamp,n082f60570fa6eec5
n082f60570fa6eec5--wavy-line--1,,wavy-line,derive,n082f60570fa6eec5
ne834d70cda9d2da2--tuplet--start--1,ne834d70cda9d2da2--tuplet--start--1,tuplet,stamp,ne834d70cda9d2da2
nf94731a6a6d9dc00--tuplet--stop--1,nf94731a6a6d9dc00--tuplet--stop--1,tuplet,stamp,nf94731a6a6d9dc00
nf94731a6a6d9dc00--slur--stop--1,nf94731a6a6d9dc00--slur--stop--1,slur,stamp,nf94731a6a6d9dc00
nbf51de9ffb15d2b8--fermata--upright--1,nbf51de9ffb15d2b8--fermata--upright--1,fermata,stamp,nbf51de9ffb15d2b8
eef350bb838a3ca85,eef350bb838a3ca85,pedal,md,1
e8b9c6385c2f6b5ba,e8b9c6385c2f6b5ba,words,md,1
ea82edb9a0e288446,ea82edb9a0e288446,pedal,md,1
eb726a45842a810db,eb726a45842a810db,words,md,2
n7504a247b83cafa7--slur--start--1,n7504a247b83cafa7--slur--start--1,slur,stamp,n7504a247b83cafa7
n7504a247b83cafa7--accent--1,,accent,derive,n7504a247b83cafa7
n9a470cc4626a54c2--slur--stop--1,n9a470cc4626a54c2--slur--stop--1,slur,stamp,n9a470cc4626a54c2
nb850fd4a7e3b15c4--slur--start--1,nb850fd4a7e3b15c4--slur--start--1,slur,stamp,nb850fd4a7e3b15c4
nb850fd4a7e3b15c4--accent--1,,accent,derive,nb850fd4a7e3b15c4
n6a7196d02f63fe71--slur--stop--1,n6a7196d02f63fe71--slur--stop--1,slur,stamp,n6a7196d02f63fe71
n5950c4a64202794e--arpeggiate--1,n5950c4a64202794e--arpeggiate--1,arpeggiate,stamp,n5950c4a64202794e
n7f9733aefa7610c6--arpeggiate--1,n7f9733aefa7610c6--arpeggiate--1,arpeggiate,stamp,n7f9733aefa7610c6
e348e5beb75839494,e348e5beb75839494,pedal,md,1
e7f74664684ade65b,e7f74664684ade65b,pedal,md,1
nb16eb0b571a8b9e5--tuplet--start--1,nb16eb0b571a8b9e5--tuplet--start--1,tuplet,stamp,nb16eb0b571a8b9e5
nb16eb0b571a8b9e5--slur--start--1,nb16eb0b571a8b9e5--slur--start--1,slur,stamp,nb16eb0b571a8b9e5
n30e18b639ffefa72--tuplet--stop--1,n30e18b639ffefa72--tuplet--stop--1,tuplet,stamp,n30e18b639ffefa72
n30e18b639ffefa72--slur--stop--1,n30e18b639ffefa72--slur--stop--1,slur,stamp,n30e18b639ffefa72
n761a5b4ae06a6345--tuplet--start--1,n761a5b4ae06a6345--tuplet--start--1,tuplet,stamp,n761a5b4ae06a6345
nec277794541a14f9--tuplet--stop--1,nec277794541a14f9--tuplet--stop--1,tuplet,stamp,nec277794541a14f9
nbc646e8a6468bb79--slur--start--1,nbc646e8a6468bb79--slur--start--1,slur,stamp,nbc646e8a6468bb79
nbc646e8a6468bb79--staccato--1,,staccato,derive,nbc646e8a6468bb79
n7d40bb906b2ca00c--slur--stop--1,n7d40bb906b2ca00c--slur--stop--1,slur,stamp,n7d40bb906b2ca00c
n7d40bb906b2ca00c--staccato--1,,staccato,derive,n7d40bb906b2ca00c
n5dbbed066328fc2d--slur--start--1,n5dbbed066328fc2d--slur--start--1,slur,stamp,n5dbbed066328fc2d
nc005a59e3f43fcad--slur--stop--1,nc005a59e3f43fcad--slur--stop--1,slur,stamp,nc005a59e3f43fcad
e30ef0e59ed46f4e0,e30ef0e59ed46f4e0,pedal,md,1
e470c8befcae083f7,e470c8befcae083f7,octave-shift,md,1
e4679985f4842b54b,e4679985f4842b54b,octave-shift,md,1
e2142d7754844b933,e2142d7754844b933,pedal,md,1
n910b24fda2f0619a--slur--start--1,n910b24fda2f0619a--slur--start--1,slur,stamp,n910b24fda2f0619a
n910b24fda2f0619a--accent--1,,accent,derive,n910b24fda2f0619a
ne7a5cce18b839deb--slur--stop--1,ne7a5cce18b839deb--slur--stop--1,slur,stamp,ne7a5cce18b839deb
n2a99e2c286c59ec4--slur--start--1,n2a99e2c286c59ec4--slur--start--1,slur,stamp,n2a99e2c286c59ec4
n2a99e2c286c59ec4--accent--1,,accent,derive,n2a99e2c286c59ec4
n61f6d206d6616509--slur--stop--1,n61f6d206d6616509--slur--stop--1,slur,stamp,n61f6d206d6616509
e6c377e1caf519920,e6c377e1caf519920,pedal,md,1
e9e78eac516f84ff6,e9e78eac516f84ff6,pedal,md,1
nfd3088cee8929192--slur--start--1,nfd3088cee8929192--slur--start--1,slur,stamp,nfd3088cee8929192
nfd3088cee8929192--accent--1,,accent,derive,nfd3088cee8929192
n61efb794563aa4ab--tuplet--start--1,n61efb794563aa4ab--tuplet--start--1,tuplet,stamp,n61efb794563aa4ab
n045a1faeefc6cfe4--tuplet--stop--1,n045a1faeefc6cfe4--tuplet--stop--1,tuplet,stamp,n045a1faeefc6cfe4
n2deea13388dda01a--fermata--upright--1,n2deea13388dda01a--fermata--upright--1,fermata,stamp,n2deea13388dda01a
n2deea13388dda01a--trill-mark--1,,trill-mark,derive,n2deea13388dda01a
n986e93aae7048fb2--tuplet--start--1,n986e93aae7048fb2--tuplet--start--1,tuplet,stamp,n986e93aae7048fb2
n5728de7588f2ba17--tuplet--stop--1,n5728de7588f2ba17--tuplet--stop--1,tuplet,stamp,n5728de7588f2ba17
n5728de7588f2ba17--slur--stop--1,n5728de7588f2ba17--slur--stop--1,slur,stamp,n5728de7588f2ba17
n8b363af5567f492d--fermata--upright--1,n8b363af5567f492d--fermata--upright--1,fermata,stamp,n8b363af5567f492d
ea8ce283bc34d6e27,ea8ce283bc34d6e27,pedal,md,1
e784521570d04ec0b,e784521570d04ec0b,pedal,md,1
n5f2ac34a2e2a63f5--slur--start--1,n5f2ac34a2e2a63f5--slur--start--1,slur,stamp,n5f2ac34a2e2a63f5
n5f2ac34a2e2a63f5--accent--1,,accent,derive,n5f2ac34a2e2a63f5
n5ba8d58e9f42fc72--slur--stop--1,n5ba8d58e9f42fc72--slur--stop--1,slur,stamp,n5ba8d58e9f42fc72
n446e8bd25b9ee160--slur--start--1,n446e8bd25b9ee160--slur--start--1,slur,stamp,n446e8bd25b9ee160
n446e8bd25b9ee160--accent--1,,accent,derive,n446e8bd25b9ee160
nc1ae2c689697e280--slur--stop--1,nc1ae2c689697e280--slur--stop--1,slur,stamp,nc1ae2c689697e280
e8c3a9338a77e5e27,e8c3a9338a77e5e27,pedal,md,1
e1572c1686c22d954,e1572c1686c22d954,pedal,md,1
ecca1f4feceedb2c7,ecca1f4feceedb2c7,pedal,md,1
ea427eb090abf8806,ea427eb090abf8806,pedal,md,1
ne7cfae12c3d6611b--tuplet--start--1,ne7cfae12c3d6611b--tuplet--start--1,tuplet,stamp,ne7cfae12c3d6611b
ne7cfae12c3d6611b--slur--start--1,ne7cfae12c3d6611b--slur--start--1,slur,stamp,ne7cfae12c3d6611b
n53cc065a78bf6a10--tuplet--stop--1,n53cc065a78bf6a10--tuplet--stop--1,tuplet,stamp,n53cc065a78bf6a10
n53cc065a78bf6a10--slur--stop--1,n53cc065a78bf6a10--slur--stop--1,slur,stamp,n53cc065a78bf6a10
n1f3302a2ee8ce944--fermata--upright--1,n1f3302a2ee8ce944--fermata--upright--1,fermata,stamp,n1f3302a2ee8ce944
n3e5a6c29d8537b8a--tuplet--start--1,n3e5a6c29d8537b8a--tuplet--start--1,tuplet,stamp,n3e5a6c29d8537b8a
ne21135a6136511e2--tuplet--stop--1,ne21135a6136511e2--tuplet--stop--1,tuplet,stamp,ne21135a6136511e2
nf1e04d9b7ca32dd0--fermata--upright--1,nf1e04d9b7ca32dd0--fermata--upright--1,fermata,stamp,nf1e04d9b7ca32dd0
e98dceba5613431ac,e98dceba5613431ac,pedal,md,1
e1488abf8d2b5614b,e1488abf8d2b5614b,words,md,1
ef41e41301afcbc26,ef41e41301afcbc26,octave-shift,md,1
e3414f2b0985666d2,e3414f2b0985666d2,octave-shift,md,1
e396886706d87483a,e396886706d87483a,pedal,md,1
n3dab296920b6384e--slur--start--1,n3dab296920b6384e--slur--start--1,slur,stamp,n3dab296920b6384e
na17d45881653e825--staccato--1,,staccato,derive,na17d45881653e825
n3584b1f454fc2879--staccato--1,,staccato,derive,n3584b1f454fc2879
n97857205abc42525--slur--stop--1,n97857205abc42525--slur--stop--1,slur,stamp,n97857205abc42525
n97857205abc42525--staccato--1,,staccato,derive,n97857205abc42525
ncaf91a26c8e9a23b--slur--start--1,ncaf91a26c8e9a23b--slur--start--1,slur,stamp,ncaf91a26c8e9a23b
ncaf91a26c8e9a23b--staccato--1,,staccato,derive,ncaf91a26c8e9a23b
ndbde87dbea2bb690--staccato--1,,staccato,derive,ndbde87dbea2bb690
na20ec8a90061a468--staccato--1,,staccato,derive,na20ec8a90061a468
nadd74a9fb3aad164--staccato--1,,staccato,derive,nadd74a9fb3aad164
nacb3e5cf5c06fb87--staccato--1,,staccato,derive,nacb3e5cf5c06fb87
nd519fe5712f5055f--slur--stop--1,nd519fe5712f5055f--slur--stop--1,slur,stamp,nd519fe5712f5055f
nd519fe5712f5055f--staccato--1,,staccato,derive,nd519fe5712f5055f
e83aeb5cd7ed993e3,e83aeb5cd7ed993e3,words,md,1
e8ea63e2b61d39899,e8ea63e2b61d39899,pedal,md,2
ef5fcbba88a0a7304,ef5fcbba88a0a7304,pedal,md,2
n051d7798ebf1af60--slur--start--1,n051d7798ebf1af60--slur--start--1,slur,stamp,n051d7798ebf1af60
n051d7798ebf1af60--staccato--1,,staccato,derive,n051d7798ebf1af60
n4cea8dd64273a102--staccato--1,,staccato,derive,n4cea8dd64273a102
nb8aade2e349bd047--staccato--1,,staccato,derive,nb8aade2e349bd047
n3d39468a9f453f8c--staccato--1,,staccato,derive,n3d39468a9f453f8c
n35b8ee00d9b5acc4--staccato--1,,staccato,derive,n35b8ee00d9b5acc4
n5c546cfddb54f914--slur--stop--1,n5c546cfddb54f914--slur--stop--1,slur,stamp,n5c546cfddb54f914
n5c546cfddb54f914--staccato--1,,staccato,derive,n5c546cfddb54f914
n77e0ca1010e0eee3--slur--start--1,n77e0ca1010e0eee3--slur--start--1,slur,stamp,n77e0ca1010e0eee3
n77e0ca1010e0eee3--staccato--1,,staccato,derive,n77e0ca1010e0eee3
ncdd8bb2648d328cb--staccato--1,,staccato,derive,ncdd8bb2648d328cb
nc6a64d1377461313--staccato--1,,staccato,derive,nc6a64d1377461313
n8f30f39cf28d021c--staccato--1,,staccato,derive,n8f30f39cf28d021c
nd82bbded2088925f--staccato--1,,staccato,derive,nd82bbded2088925f
nffafcc702d30d1a6--slur--stop--1,nffafcc702d30d1a6--slur--stop--1,slur,stamp,nffafcc702d30d1a6
nffafcc702d30d1a6--staccato--1,,staccato,derive,nffafcc702d30d1a6
eb1d890d1c77a9250,eb1d890d1c77a9250,wedge,md,1
ebf63aad21dd062f7,ebf63aad21dd062f7,wedge,md,1
e07299ebacdd65f06,e07299ebacdd65f06,pedal,md,2
e68b18579b4d9c730,e68b18579b4d9c730,pedal,md,2
nf49a7c0e220c52e7--slur--start--1,nf49a7c0e220c52e7--slur--start--1,slur,stamp,nf49a7c0e220c52e7
n361da2dfdc26ccd4--slur--stop--1,n361da2dfdc26ccd4--slur--stop--1,slur,stamp,n361da2dfdc26ccd4
n4beea3a4c989f8de--slur--start--1,n4beea3a4c989f8de--slur--start--1,slur,stamp,n4beea3a4c989f8de
n4beea3a4c989f8de--strong-accent--1,,strong-accent,derive,n4beea3a4c989f8de
n0c52918d7b3a5b4d--slur--stop--1,n0c52918d7b3a5b4d--slur--stop--1,slur,stamp,n0c52918d7b3a5b4d
e99ef4769d9c30d0c,e99ef4769d9c30d0c,pedal,md,2
ee25d15e3e38b8548,ee25d15e3e38b8548,pedal,md,2
n4f15b1bc2b496fe0--slur--start--1,n4f15b1bc2b496fe0--slur--start--1,slur,stamp,n4f15b1bc2b496fe0
n4f15b1bc2b496fe0--accent--1,,accent,derive,n4f15b1bc2b496fe0
n2e8d0467bc530252--slur--stop--1,n2e8d0467bc530252--slur--stop--1,slur,stamp,n2e8d0467bc530252
n2d8bce04ef4d4c43--slur--start--1,n2d8bce04ef4d4c43--slur--start--1,slur,stamp,n2d8bce04ef4d4c43
n047684adbd5a951e--tenuto--1,,tenuto,derive,n047684adbd5a951e
n531d4c1e82a5e285--tenuto--1,,tenuto,derive,n531d4c1e82a5e285
nc3c3b86e28fe02b2--slur--stop--1,nc3c3b86e28fe02b2--slur--stop--1,slur,stamp,nc3c3b86e28fe02b2
n0aa7d3ce824592a6--slur--start--1,n0aa7d3ce824592a6--slur--start--1,slur,stamp,n0aa7d3ce824592a6
n0aa7d3ce824592a6--strong-accent--1,,strong-accent,derive,n0aa7d3ce824592a6
nfb3748695a77c08c--slur--stop--1,nfb3748695a77c08c--slur--stop--1,slur,stamp,nfb3748695a77c08c
nc805b2c3a20faf08--slur--start--1,nc805b2c3a20faf08--slur--start--1,slur,stamp,nc805b2c3a20faf08
nda763f873073f3bc--staccato--1,,staccato,derive,nda763f873073f3bc
n0c9377c94490368f--staccato--1,,staccato,derive,n0c9377c94490368f
n0765d305dc2fbf37--slur--stop--1,n0765d305dc2fbf37--slur--stop--1,slur,stamp,n0765d305dc2fbf37
n0765d305dc2fbf37--staccato--1,,staccato,derive,n0765d305dc2fbf37
n02e93f4a057e7ec2--slur--start--1,n02e93f4a057e7ec2--slur--start--1,slur,stamp,n02e93f4a057e7ec2
n02e93f4a057e7ec2--staccato--1,,staccato,derive,n02e93f4a057e7ec2
n2e71ce84215d2dde--staccato--1,,staccato,derive,n2e71ce84215d2dde
nf5c9c7642128a821--staccato--1,,staccato,derive,nf5c9c7642128a821
n66b3d71dab801a81--staccato--1,,staccato,derive,n66b3d71dab801a81
n3a4cc6ba1613efdb--staccato--1,,staccato,derive,n3a4cc6ba1613efdb
nc22aa79d564bf1e8--slur--stop--1,nc22aa79d564bf1e8--slur--stop--1,slur,stamp,nc22aa79d564bf1e8
nc22aa79d564bf1e8--staccato--1,,staccato,derive,nc22aa79d564bf1e8
e69efd9a28dec6411,e69efd9a28dec6411,wedge,md,1
efdcaf2005ec8b296,efdcaf2005ec8b296,wedge,md,1
e383cc20acd54c8f5,e383cc20acd54c8f5,pedal,md,2
ea60b3b9b4b9f49ec,ea60b3b9b4b9f49ec,pedal,md,2
n77fa1113f318f275--slur--start--1,n77fa1113f318f275--slur--start--1,slur,stamp,n77fa1113f318f275
n77fa1113f318f275--accent--1,,accent,derive,n77fa1113f318f275
n73952ad2a06cc160--staccato--1,,staccato,derive,n73952ad2a06cc160
nc5b201cf853356fc--staccato--1,,staccato,derive,nc5b201cf853356fc
ne045fe352de9a7e2--slur--stop--1,ne045fe352de9a7e2--slur--stop--1,slur,stamp,ne045fe352de9a7e2
ne045fe352de9a7e2--staccato--1,,staccato,derive,ne045fe352de9a7e2
nfb9639432a1e90dc--slur--start--1,nfb9639432a1e90dc--slur--start--1,slur,stamp,nfb9639432a1e90dc
nfb9639432a1e90dc--accent--1,,accent,derive,nfb9639432a1e90dc
nc3ae9e001a25e9b8--staccato--1,,staccato,derive,nc3ae9e001a25e9b8
n9bd85c37ca61b12e--staccato--1,,staccato,derive,n9bd85c37ca61b12e
n12b246733d345fa2--slur--stop--1,n12b246733d345fa2--slur--stop--1,slur,stamp,n12b246733d345fa2
n12b246733d345fa2--staccato--1,,staccato,derive,n12b246733d345fa2
e974831fa0239502f,e974831fa0239502f,wedge,md,1
e7ed7b1cf8b780007,e7ed7b1cf8b780007,pedal,md,2
e39976bfd36ce126e,e39976bfd36ce126e,pedal,md,2
ee5e99675b3bb22c9,ee5e99675b3bb22c9,pedal,md,2
e573a25fe14a6cb6c,e573a25fe14a6cb6c,pedal,md,2
n262ce2318cd4827a--slur--start--1,n262ce2318cd4827a--slur--start--1,slur,stamp,n262ce2318cd4827a
n262ce2318cd4827a--strong-accent--1,,strong-accent,derive,n262ce2318cd4827a
n17030fb7580cdb13--slur--stop--1,n17030fb7580cdb13--slur--stop--1,slur,stamp,n17030fb7580cdb13
nfa9235237d1dccdd--slur--start--1,nfa9235237d1dccdd--slur--start--1,slur,stamp,nfa9235237d1dccdd
nd90b03513ee0cfb7--slur--stop--1,nd90b03513ee0cfb7--slur--stop--1,slur,stamp,nd90b03513ee0cfb7
nf97a2e1ce29e7f5c--slur--start--1,nf97a2e1ce29e7f5c--slur--start--1,slur,stamp,nf97a2e1ce29e7f5c
n9cb61a54c4789e66--slur--stop--1,n9cb61a54c4789e66--slur--stop--1,slur,stamp,n9cb61a54c4789e66
n66a1d569f73d51b4--slur--start--1,n66a1d569f73d51b4--slur--start--1,slur,stamp,n66a1d569f73d51b4
n12b2cdfc09c9bd78--slur--stop--1,n12b2cdfc09c9bd78--slur--stop--1,slur,stamp,n12b2cdfc09c9bd78
n112060a322a31ff4--slur--start--1,n112060a322a31ff4--slur--start--1,slur,stamp,n112060a322a31ff4
n99ca337398efc594--slur--stop--1,n99ca337398efc594--slur--stop--1,slur,stamp,n99ca337398efc594
e90cb6b6232d56f37,e90cb6b6232d56f37,wedge,md,1
e3d32aeea31f432fe,e3d32aeea31f432fe,pedal,md,2
e8561ef17cdd83499,e8561ef17cdd83499,pedal,md,2
n3fd4f5bd8e432be6--strong-accent--1,,strong-accent,derive,n3fd4f5bd8e432be6
nac2479e1fd0d4e2f--strong-accent--1,,strong-accent,derive,nac2479e1fd0d4e2f
nac2479e1fd0d4e2f--trill-mark--1,,trill-mark,derive,nac2479e1fd0d4e2f
nd0e038fd5506eaa8--tuplet--start--1,nd0e038fd5506eaa8--tuplet--start--1,tuplet,stamp,nd0e038fd5506eaa8
nd0e038fd5506eaa8--slur--start--1,nd0e038fd5506eaa8--slur--start--1,slur,stamp,nd0e038fd5506eaa8
nf234541ea1a27d09--tuplet--stop--1,nf234541ea1a27d09--tuplet--stop--1,tuplet,stamp,nf234541ea1a27d09
nf234541ea1a27d09--slur--stop--1,nf234541ea1a27d09--slur--stop--1,slur,stamp,nf234541ea1a27d09
eeedaa2026236cbac,eeedaa2026236cbac,words,md,1
e0f19aacc24c0c69b,e0f19aacc24c0c69b,dynamics,md,1
n2171e94ab7663ec6--slur--start--1,n2171e94ab7663ec6--slur--start--1,slur,stamp,n2171e94ab7663ec6
n2171e94ab7663ec6--accent--1,,accent,derive,n2171e94ab7663ec6
n9d836d445c5d10af--slur--stop--1,n9d836d445c5d10af--slur--stop--1,slur,stamp,n9d836d445c5d10af
nfee313e05a09dc57--slur--start--1,nfee313e05a09dc57--slur--start--1,slur,stamp,nfee313e05a09dc57
nfee313e05a09dc57--accent--1,,accent,derive,nfee313e05a09dc57
nf7ec29539b6bde39--slur--stop--1,nf7ec29539b6bde39--slur--stop--1,slur,stamp,nf7ec29539b6bde39
n3671a64c4aa91087--slur--start--1,n3671a64c4aa91087--slur--start--1,slur,stamp,n3671a64c4aa91087
n90e52e6ee2b5956d--slur--start--1,n90e52e6ee2b5956d--slur--start--1,slur,stamp,n90e52e6ee2b5956d
n690c9666af36f649--slur--stop--1,n690c9666af36f649--slur--stop--1,slur,stamp,n690c9666af36f649
n4cdfe2b1d029dc27--slur--start--1,n4cdfe2b1d029dc27--slur--start--1,slur,stamp,n4cdfe2b1d029dc27
n73ee1af9083cebef--slur--stop--1,n73ee1af9083cebef--slur--stop--1,slur,stamp,n73ee1af9083cebef
nf9b604e7176e4717--slur--stop--1,nf9b604e7176e4717--slur--stop--1,slur,stamp,nf9b604e7176e4717
n55730e43d4733470--slur--start--1,n55730e43d4733470--slur--start--1,slur,stamp,n55730e43d4733470
ncd4f1c498353fbf2--slur--stop--1,ncd4f1c498353fbf2--slur--stop--1,slur,stamp,ncd4f1c498353fbf2
e02d105574818bbdb,e02d105574818bbdb,words,md,2
n23094e69495d74ba--tuplet--start--1,n23094e69495d74ba--tuplet--start--1,tuplet,stamp,n23094e69495d74ba
n0c79f46b854dc084--tuplet--stop--1,n0c79f46b854dc084--tuplet--stop--1,tuplet,stamp,n0c79f46b854dc084
n8a50c28fc6a935ea--trill-mark--1,,trill-mark,derive,n8a50c28fc6a935ea
nf8c81dc1366f82ee--strong-accent--1,,strong-accent,derive,nf8c81dc1366f82ee
nf8c81dc1366f82ee--trill-mark--1,,trill-mark,derive,nf8c81dc1366f82ee
n4c403b7d02e3aec6--tuplet--start--1,n4c403b7d02e3aec6--tuplet--start--1,tuplet,stamp,n4c403b7d02e3aec6
n9ba24d4203da3e66--tuplet--stop--1,n9ba24d4203da3e66--tuplet--stop--1,tuplet,stamp,n9ba24d4203da3e66
e6bf950e64b4903f2,e6bf950e64b4903f2,dynamics,md,1
e5f0253ae08b6de58,e5f0253ae08b6de58,words,md,1
e670a7956e4685173,e670a7956e4685173,octave-shift,md,1
e110204d26d8a80ed,e110204d26d8a80ed,octave-shift,md,1
n79075e640f952af1--slur--start--1,n79075e640f952af1--slur--start--1,slur,stamp,n79075e640f952af1
n79075e640f952af1--strong-accent--1,,strong-accent,derive,n79075e640f952af1
nb37f19d498779973--slur--stop--1,nb37f19d498779973--slur--stop--1,slur,stamp,nb37f19d498779973
n71cb4e550e578d0d--slur--start--1,n71cb4e550e578d0d--slur--start--1,slur,stamp,n71cb4e550e578d0d
n71cb4e550e578d0d--strong-accent--1,,strong-accent,derive,n71cb4e550e578d0d
n5f7c5d0112ad42be--slur--stop--1,n5f7c5d0112ad42be--slur--stop--1,slur,stamp,n5f7c5d0112ad42be
na419d391bce2879d--slur--start--1,na419d391bce2879d--slur--start--1,slur,stamp,na419d391bce2879d
na419d391bce2879d--strong-accent--1,,strong-accent,derive,na419d391bce2879d
n4b2b8906a1a18842--slur--stop--1,n4b2b8906a1a18842--slur--stop--1,slur,stamp,n4b2b8906a1a18842
ne5e1f53270c487df--slur--start--1,ne5e1f53270c487df--slur--start--1,slur,stamp,ne5e1f53270c487df
ne5e1f53270c487df--strong-accent--1,,strong-accent,derive,ne5e1f53270c487df
nc266d42f1949ebe4--slur--stop--1,nc266d42f1949ebe4--slur--stop--1,slur,stamp,nc266d42f1949ebe4
ecc1fd3398db3b32b,ecc1fd3398db3b32b,wedge,md,1
e206b3878a4e404ce,e206b3878a4e404ce,wedge,md,1
edb68d8a511976039,edb68d8a511976039,words,md,2
nc771433e43e6e42c--accent--1,,accent,derive,nc771433e43e6e42c
nc771433e43e6e42c--trill-mark--1,,trill-mark,derive,nc771433e43e6e42c
na566747162559186--accent--1,,accent,derive,na566747162559186
na566747162559186--trill-mark--1,,trill-mark,derive,na566747162559186
n9a5296ba21ec42b2--accent--1,,accent,derive,n9a5296ba21ec42b2
n9a5296ba21ec42b2--trill-mark--1,,trill-mark,derive,n9a5296ba21ec42b2
n3b28923580fb2d63--slur--start--1,n3b28923580fb2d63--slur--start--1,slur,stamp,n3b28923580fb2d63
n08ed103254af811c--slur--start--1,n08ed103254af811c--slur--start--1,slur,stamp,n08ed103254af811c
n08ed103254af811c--strong-accent--1,,strong-accent,derive,n08ed103254af811c
na14ea01ec7fc518d--slur--stop--1,na14ea01ec7fc518d--slur--stop--1,slur,stamp,na14ea01ec7fc518d
neac5d8f3d96b0e9d--accent--1,,accent,derive,neac5d8f3d96b0e9d
neac5d8f3d96b0e9d--arpeggiate--1,neac5d8f3d96b0e9d--arpeggiate--1,arpeggiate,stamp,neac5d8f3d96b0e9d
n5074f2843027a69c--arpeggiate--1,n5074f2843027a69c--arpeggiate--1,arpeggiate,stamp,n5074f2843027a69c
n036150f0782d464e--arpeggiate--1,n036150f0782d464e--arpeggiate--1,arpeggiate,stamp,n036150f0782d464e
ef63a798d26e9225e,ef63a798d26e9225e,wedge,md,1
efa0b15c755a03bcf,efa0b15c755a03bcf,wedge,md,1
ef2f9eb2cfe217b91,ef2f9eb2cfe217b91,wedge,md,1
e48fb0b400bf79cc8,e48fb0b400bf79cc8,octave-shift,md,1
e4b202e0a4722306f,e4b202e0a4722306f,wedge,md,1
e3d1fe747af770875,e3d1fe747af770875,octave-shift,md,1
nd3cb31997075b447--tuplet--start--1,nd3cb31997075b447--tuplet--start--1,tuplet,stamp,nd3cb31997075b447
n8ad0925e489a27f6--tuplet--stop--1,n8ad0925e489a27f6--tuplet--stop--1,tuplet,stamp,n8ad0925e489a27f6
n8ad0925e489a27f6--slur--stop--1,n8ad0925e489a27f6--slur--stop--1,slur,stamp,n8ad0925e489a27f6
n97358ca6143d5a9f--accent--1,,accent,derive,n97358ca6143d5a9f
n97358ca6143d5a9f--trill-mark--1,,trill-mark,derive,n97358ca6143d5a9f
n1c2414093e82eba6--accent--1,,accent,derive,n1c2414093e82eba6
n1c2414093e82eba6--trill-mark--1,,trill-mark,derive,n1c2414093e82eba6
n50da56c214084500--accent--1,,accent,derive,n50da56c214084500
n50da56c214084500--trill-mark--1,,trill-mark,derive,n50da56c214084500
n7c09362351152144--slur--start--1,n7c09362351152144--slur--start--1,slur,stamp,n7c09362351152144
n0ee58008d97b319b--slur--start--1,n0ee58008d97b319b--slur--start--1,slur,stamp,n0ee58008d97b319b
n0ee58008d97b319b--strong-accent--1,,strong-accent,derive,n0ee58008d97b319b
n4e755c9d68e1cc89--slur--stop--1,n4e755c9d68e1cc89--slur--stop--1,slur,stamp,n4e755c9d68e1cc89
eaec48e31ba76bda8,eaec48e31ba76bda8,words,md,1
e8aba2bb71a483d09,e8aba2bb71a483d09,wedge,md,1
e5982f981809fe0b1,e5982f981809fe0b1,wedge,md,1
ebfbf06b1df32e8ad,ebfbf06b1df32e8ad,octave-shift,md,1
e6ae4dfae9b0bf8b0,e6ae4dfae9b0bf8b0,octave-shift,md,1
n8765504ec43207d7--tuplet--start--1,n8765504ec43207d7--tuplet--start--1,tuplet,stamp,n8765504ec43207d7
n25a1147aa73f2e65--tuplet--stop--1,n25a1147aa73f2e65--tuplet--stop--1,tuplet,stamp,n25a1147aa73f2e65
n25a1147aa73f2e65--slur--stop--1,n25a1147aa73f2e65--slur--stop--1,slur,stamp,n25a1147aa73f2e65
n8542721a55e032e8--accent--1,,accent,derive,n8542721a55e032e8
n8542721a55e032e8--trill-mark--1,,trill-mark,derive,n8542721a55e032e8
n960ecd7901824248--accent--1,,accent,derive,n960ecd7901824248
n960ecd7901824248--trill-mark--1,,trill-mark,derive,n960ecd7901824248
nd5915907ecce190c--tuplet--start--1,nd5915907ecce190c--tuplet--start--1,tuplet,stamp,nd5915907ecce190c
nd5915907ecce190c--slur--start--1,nd5915907ecce190c--slur--start--1,slur,stamp,nd5915907ecce190c
n9e260a5b31d9477f--tuplet--stop--1,n9e260a5b31d9477f--tuplet--stop--1,tuplet,stamp,n9e260a5b31d9477f
ncb735bbff40cf227--tuplet--start--1,ncb735bbff40cf227--tuplet--start--1,tuplet,stamp,ncb735bbff40cf227
n3ca7eae498bc1eae--tuplet--stop--1,n3ca7eae498bc1eae--tuplet--stop--1,tuplet,stamp,n3ca7eae498bc1eae
nf3f8c458a3e29d2d--tuplet--start--1,nf3f8c458a3e29d2d--tuplet--start--1,tuplet,stamp,nf3f8c458a3e29d2d
n362e36b078373ad3--tuplet--stop--1,n362e36b078373ad3--tuplet--stop--1,tuplet,stamp,n362e36b078373ad3
n362e36b078373ad3--slur--stop--1,n362e36b078373ad3--slur--stop--1,slur,stamp,n362e36b078373ad3
n01e02ef73ab8c0da--slur--start--1,n01e02ef73ab8c0da--slur--start--1,slur,stamp,n01e02ef73ab8c0da
n01e02ef73ab8c0da--strong-accent--1,,strong-accent,derive,n01e02ef73ab8c0da
nb34049e59a6d5096--slur--stop--1,nb34049e59a6d5096--slur--stop--1,slur,stamp,nb34049e59a6d5096
n871efe9a15eaefb1--slur--start--1,n871efe9a15eaefb1--slur--start--1,slur,stamp,n871efe9a15eaefb1
n871efe9a15eaefb1--arpeggiate--1,n871efe9a15eaefb1--arpeggiate--1,arpeggiate,stamp,n871efe9a15eaefb1
n81f5734ce63d53d6--arpeggiate--1,n81f5734ce63d53d6--arpeggiate--1,arpeggiate,stamp,n81f5734ce63d53d6
nef24a3416311a08c--arpeggiate--1,nef24a3416311a08c--arpeggiate--1,arpeggiate,stamp,nef24a3416311a08c
e5c469a6cabfdf9c6,e5c469a6cabfdf9c6,words,md,1
ef328c0f27c6591d5,ef328c0f27c6591d5,wedge,md,1
ebc11fe5dc72206bc,ebc11fe5dc72206bc,wedge,md,1
e1fcf2cc3bdf44bf7,e1fcf2cc3bdf44bf7,octave-shift,md,1
nf2e8f557cb824f86--tuplet--start--1,nf2e8f557cb824f86--tuplet--start--1,tuplet,stamp,nf2e8f557cb824f86
nf2e8f557cb824f86--slur--start--1,nf2e8f557cb824f86--slur--start--1,slur,stamp,nf2e8f557cb824f86
n7c77c3eb0c1f6d3e--tuplet--stop--1,n7c77c3eb0c1f6d3e--tuplet--stop--1,tuplet,stamp,n7c77c3eb0c1f6d3e
n7fae2f7b96a4fc67--tuplet--start--1,n7fae2f7b96a4fc67--tuplet--start--1,tuplet,stamp,n7fae2f7b96a4fc67
n1a23b0cc12b9c16b--tuplet--stop--1,n1a23b0cc12b9c16b--tuplet--stop--1,tuplet,stamp,n1a23b0cc12b9c16b
n185dcaab22274c30--tuplet--start--1,n185dcaab22274c30--tuplet--start--1,tuplet,stamp,n185dcaab22274c30
nba74bbf0c85c2352--tuplet--stop--1,nba74bbf0c85c2352--tuplet--stop--1,tuplet,stamp,nba74bbf0c85c2352
n9f291744a4ebe72f--tuplet--start--1,n9f291744a4ebe72f--tuplet--start--1,tuplet,stamp,n9f291744a4ebe72f
n5ec83af0033b3a6f--tuplet--stop--1,n5ec83af0033b3a6f--tuplet--stop--1,tuplet,stamp,n5ec83af0033b3a6f
n03dc2f3e9b5e98ee--tuplet--start--1,n03dc2f3e9b5e98ee--tuplet--start--1,tuplet,stamp,n03dc2f3e9b5e98ee
n25282084d2c3ca4e--tuplet--stop--1,n25282084d2c3ca4e--tuplet--stop--1,tuplet,stamp,n25282084d2c3ca4e
na6158b0501c75220--tuplet--start--1,na6158b0501c75220--tuplet--start--1,tuplet,stamp,na6158b0501c75220
n3217fbcfdec5b7ed--tuplet--stop--1,n3217fbcfdec5b7ed--tuplet--stop--1,tuplet,stamp,n3217fbcfdec5b7ed
n3217fbcfdec5b7ed--slur--stop--1,n3217fbcfdec5b7ed--slur--stop--1,slur,stamp,n3217fbcfdec5b7ed
n5c946fc2ad04b095--tuplet--start--1,n5c946fc2ad04b095--tuplet--start--1,tuplet,stamp,n5c946fc2ad04b095
n5c946fc2ad04b095--slur--start--1,n5c946fc2ad04b095--slur--start--1,slur,stamp,n5c946fc2ad04b095
ncd7913c2af954614--tuplet--stop--1,ncd7913c2af954614--tuplet--stop--1,tuplet,stamp,ncd7913c2af954614
n1b8831bf03d989d4--tuplet--start--1,n1b8831bf03d989d4--tuplet--start--1,tuplet,stamp,n1b8831bf03d989d4
n29da7765434d7bab--tuplet--stop--1,n29da7765434d7bab--tuplet--stop--1,tuplet,stamp,n29da7765434d7bab
n6f1299fa819916e2--tuplet--start--1,n6f1299fa819916e2--tuplet--start--1,tuplet,stamp,n6f1299fa819916e2
n04845f4634a1d118--tuplet--stop--1,n04845f4634a1d118--tuplet--stop--1,tuplet,stamp,n04845f4634a1d118
nfd5ba487b5491151--tuplet--start--1,nfd5ba487b5491151--tuplet--start--1,tuplet,stamp,nfd5ba487b5491151
nb758b51c22fd969e--tuplet--stop--1,nb758b51c22fd969e--tuplet--stop--1,tuplet,stamp,nb758b51c22fd969e
n92d7ea5d24a93bf4--tuplet--start--1,n92d7ea5d24a93bf4--tuplet--start--1,tuplet,stamp,n92d7ea5d24a93bf4
nd5a4eb46f7607402--tuplet--stop--1,nd5a4eb46f7607402--tuplet--stop--1,tuplet,stamp,nd5a4eb46f7607402
n0b38171cb34ff615--tuplet--start--1,n0b38171cb34ff615--tuplet--start--1,tuplet,stamp,n0b38171cb34ff615
n6b40b26709212ad7--tuplet--stop--1,n6b40b26709212ad7--tuplet--stop--1,tuplet,stamp,n6b40b26709212ad7
n6b40b26709212ad7--slur--stop--1,n6b40b26709212ad7--slur--stop--1,slur,stamp,n6b40b26709212ad7
nebd6440cb5b08e22--strong-accent--1,,strong-accent,derive,nebd6440cb5b08e22
n8c39c0bd44ed51e1--slur--start--1,n8c39c0bd44ed51e1--slur--start--1,slur,stamp,n8c39c0bd44ed51e1
n8c39c0bd44ed51e1--strong-accent--1,,strong-accent,derive,n8c39c0bd44ed51e1
n95e0f998a74021fd--slur--stop--1,n95e0f998a74021fd--slur--stop--1,slur,stamp,n95e0f998a74021fd
n80bc20e4a4c1cda9--slur--stop--1,n80bc20e4a4c1cda9--slur--stop--1,slur,stamp,n80bc20e4a4c1cda9
n80bc20e4a4c1cda9--slur--start--2,n80bc20e4a4c1cda9--slur--start--2,slur,stamp,n80bc20e4a4c1cda9
n21faa173759d8dd2--slur--stop--1,n21faa173759d8dd2--slur--stop--1,slur,stamp,n21faa173759d8dd2
nbcbf2261fb896c95--arpeggiate--1,nbcbf2261fb896c95--arpeggiate--1,arpeggiate,stamp,nbcbf2261fb896c95
ndffdca2353c30008--slur--start--1,ndffdca2353c30008--slur--start--1,slur,stamp,ndffdca2353c30008
n4540e02dbce956c1--slur--stop--1,n4540e02dbce956c1--slur--stop--1,slur,stamp,n4540e02dbce956c1
n4540e02dbce956c1--arpeggiate--1,n4540e02dbce956c1--arpeggiate--1,arpeggiate,stamp,n4540e02dbce956c1
nb8df4bc10a07cdb1--slur--start--1,nb8df4bc10a07cdb1--slur--start--1,slur,stamp,nb8df4bc10a07cdb1
e722e20ccc100a96c,e722e20ccc100a96c,wedge,md,1
nf1a70ca3c9903059--tuplet--start--1,nf1a70ca3c9903059--tuplet--start--1,tuplet,stamp,nf1a70ca3c9903059
nf1a70ca3c9903059--slur--start--1,nf1a70ca3c9903059--slur--start--1,slur,stamp,nf1a70ca3c9903059
n4e198303d162d83a--tuplet--stop--1,n4e198303d162d83a--tuplet--stop--1,tuplet,stamp,n4e198303d162d83a
nc19c86630dfd6c02--tuplet--start--1,nc19c86630dfd6c02--tuplet--start--1,tuplet,stamp,nc19c86630dfd6c02
nd8c45f772bccbf3e--tuplet--stop--1,nd8c45f772bccbf3e--tuplet--stop--1,tuplet,stamp,nd8c45f772bccbf3e
n6a90bb000c41b315--tuplet--start--1,n6a90bb000c41b315--tuplet--start--1,tuplet,stamp,n6a90bb000c41b315
ne8adf7c1f7ceb996--tuplet--stop--1,ne8adf7c1f7ceb996--tuplet--stop--1,tuplet,stamp,ne8adf7c1f7ceb996
n124052c4d116d59d--tuplet--start--1,n124052c4d116d59d--tuplet--start--1,tuplet,stamp,n124052c4d116d59d
nab075ef7010f89c5--tuplet--stop--1,nab075ef7010f89c5--tuplet--stop--1,tuplet,stamp,nab075ef7010f89c5
nfab41852fd503522--tuplet--start--1,nfab41852fd503522--tuplet--start--1,tuplet,stamp,nfab41852fd503522
n9d8f9ffca0cd6e87--tuplet--stop--1,n9d8f9ffca0cd6e87--tuplet--stop--1,tuplet,stamp,n9d8f9ffca0cd6e87
n3effa65d38fedd88--tuplet--start--1,n3effa65d38fedd88--tuplet--start--1,tuplet,stamp,n3effa65d38fedd88
n4a5ad13403f92517--tuplet--stop--1,n4a5ad13403f92517--tuplet--stop--1,tuplet,stamp,n4a5ad13403f92517
n4a5ad13403f92517--slur--stop--1,n4a5ad13403f92517--slur--stop--1,slur,stamp,n4a5ad13403f92517
n85b97a159ac75e73--tuplet--start--1,n85b97a159ac75e73--tuplet--start--1,tuplet,stamp,n85b97a159ac75e73
n85b97a159ac75e73--slur--start--1,n85b97a159ac75e73--slur--start--1,slur,stamp,n85b97a159ac75e73
ne6b42223dc2f02a5--tuplet--stop--1,ne6b42223dc2f02a5--tuplet--stop--1,tuplet,stamp,ne6b42223dc2f02a5
n7f1c3aa16a3504de--tuplet--start--1,n7f1c3aa16a3504de--tuplet--start--1,tuplet,stamp,n7f1c3aa16a3504de
n95d9ee4af3360136--tuplet--stop--1,n95d9ee4af3360136--tuplet--stop--1,tuplet,stamp,n95d9ee4af3360136
ne98e061336abb620--tuplet--start--1,ne98e061336abb620--tuplet--start--1,tuplet,stamp,ne98e061336abb620
na8f101f0514e1f54--tuplet--stop--1,na8f101f0514e1f54--tuplet--stop--1,tuplet,stamp,na8f101f0514e1f54
nb81d32cb4202cea6--tuplet--start--1,nb81d32cb4202cea6--tuplet--start--1,tuplet,stamp,nb81d32cb4202cea6
n8bf2c929d2d4a0e7--tuplet--stop--1,n8bf2c929d2d4a0e7--tuplet--stop--1,tuplet,stamp,n8bf2c929d2d4a0e7
nf8ab0663cd1fd2a1--tuplet--start--1,nf8ab0663cd1fd2a1--tuplet--start--1,tuplet,stamp,nf8ab0663cd1fd2a1
nada052070bc1854f--tuplet--stop--1,nada052070bc1854f--tuplet--stop--1,tuplet,stamp,nada052070bc1854f
n2f26f72ff1e03f3d--tuplet--start--1,n2f26f72ff1e03f3d--tuplet--start--1,tuplet,stamp,n2f26f72ff1e03f3d
naaa4ee8dc2c5f37c--tuplet--stop--1,naaa4ee8dc2c5f37c--tuplet--stop--1,tuplet,stamp,naaa4ee8dc2c5f37c
naaa4ee8dc2c5f37c--slur--stop--1,naaa4ee8dc2c5f37c--slur--stop--1,slur,stamp,naaa4ee8dc2c5f37c
n257282f4f72477c6--slur--start--1,n257282f4f72477c6--slur--start--1,slur,stamp,n257282f4f72477c6
ne6ed74ed6b975fe7--slur--stop--1,ne6ed74ed6b975fe7--slur--stop--1,slur,stamp,ne6ed74ed6b975fe7
na37f6701821dd278--slur--start--1,na37f6701821dd278--slur--start--1,slur,stamp,na37f6701821dd278
n4f682673198041f7--slur--stop--1,n4f682673198041f7--slur--stop--1,slur,stamp,n4f682673198041f7
n7ca79b8ecc8bc3fe--slur--stop--1,n7ca79b8ecc8bc3fe--slur--stop--1,slur,stamp,n7ca79b8ecc8bc3fe
n7ca79b8ecc8bc3fe--arpeggiate--1,n7ca79b8ecc8bc3fe--arpeggiate--1,arpeggiate,stamp,n7ca79b8ecc8bc3fe
ncce9d7b3754d11b1--slur--start--1,ncce9d7b3754d11b1--slur--start--1,slur,stamp,ncce9d7b3754d11b1
n5ec0e04d44c63147--slur--stop--1,n5ec0e04d44c63147--slur--stop--1,slur,stamp,n5ec0e04d44c63147
n5ec0e04d44c63147--arpeggiate--1,n5ec0e04d44c63147--arpeggiate--1,arpeggiate,stamp,n5ec0e04d44c63147
ee549df0e8e92028b,ee549df0e8e92028b,wedge,md,1
n422a5885d49d862c--tuplet--start--1,n422a5885d49d862c--tuplet--start--1,tuplet,stamp,n422a5885d49d862c
nae616f7c62397ba2--tuplet--stop--1,nae616f7c62397ba2--tuplet--stop--1,tuplet,stamp,nae616f7c62397ba2
n7b930f897c02c5ee--tuplet--start--1,n7b930f897c02c5ee--tuplet--start--1,tuplet,stamp,n7b930f897c02c5ee
n84b814dbf9d34e46--tuplet--stop--1,n84b814dbf9d34e46--tuplet--stop--1,tuplet,stamp,n84b814dbf9d34e46
n1c942336da43b28e--tuplet--start--1,n1c942336da43b28e--tuplet--start--1,tuplet,stamp,n1c942336da43b28e
n45682e3ccd572790--tuplet--stop--1,n45682e3ccd572790--tuplet--stop--1,tuplet,stamp,n45682e3ccd572790
ncf3884943e954931--tuplet--start--1,ncf3884943e954931--tuplet--start--1,tuplet,stamp,ncf3884943e954931
nd9e41e80882124a7--tuplet--stop--1,nd9e41e80882124a7--tuplet--stop--1,tuplet,stamp,nd9e41e80882124a7
n992a16097291ba4c--tuplet--start--1,n992a16097291ba4c--tuplet--start--1,tuplet,stamp,n992a16097291ba4c
na0298748377140b6--tuplet--stop--1,na0298748377140b6--tuplet--stop--1,tuplet,stamp,na0298748377140b6
n8d1ea5556e12c478--tuplet--start--1,n8d1ea5556e12c478--tuplet--start--1,tuplet,stamp,n8d1ea5556e12c478
nf2dc56bf2fd4764e--tuplet--stop--1,nf2dc56bf2fd4764e--tuplet--stop--1,tuplet,stamp,nf2dc56bf2fd4764e
nf7bb847913182098--tuplet--start--1,nf7bb847913182098--tuplet--start--1,tuplet,stamp,nf7bb847913182098
n0addae1d73e7820d--tuplet--stop--1,n0addae1d73e7820d--tuplet--stop--1,tuplet,stamp,n0addae1d73e7820d
n502e6de6bac99b46--tuplet--start--1,n502e6de6bac99b46--tuplet--start--1,tuplet,stamp,n502e6de6bac99b46
n4a28b3be9882569c--tuplet--stop--1,n4a28b3be9882569c--tuplet--stop--1,tuplet,stamp,n4a28b3be9882569c
ndee7c4477940c212--tuplet--start--1,ndee7c4477940c212--tuplet--start--1,tuplet,stamp,ndee7c4477940c212
n36e42857af206896--tuplet--stop--1,n36e42857af206896--tuplet--stop--1,tuplet,stamp,n36e42857af206896
n39a55aeeab9a6148--tuplet--start--1,n39a55aeeab9a6148--tuplet--start--1,tuplet,stamp,n39a55aeeab9a6148
nc854e70fdf255293--tuplet--stop--1,nc854e70fdf255293--tuplet--stop--1,tuplet,stamp,nc854e70fdf255293
ndb5a1631f921f013--tuplet--start--1,ndb5a1631f921f013--tuplet--start--1,tuplet,stamp,ndb5a1631f921f013
n7b8a1039462a4f1f--tuplet--stop--1,n7b8a1039462a4f1f--tuplet--stop--1,tuplet,stamp,n7b8a1039462a4f1f
n92ef1260617a5152--tuplet--start--1,n92ef1260617a5152--tuplet--start--1,tuplet,stamp,n92ef1260617a5152
n94c1af6c9b022f89--tuplet--stop--1,n94c1af6c9b022f89--tuplet--stop--1,tuplet,stamp,n94c1af6c9b022f89
n176b241130600afe--slur--start--1,n176b241130600afe--slur--start--1,slur,stamp,n176b241130600afe
nb9d7df43a1b0e55a--slur--stop--1,nb9d7df43a1b0e55a--slur--stop--1,slur,stamp,nb9d7df43a1b0e55a
e9d25ecf62769c34e,e9d25ecf62769c34e,octave-shift,md,1
e31ed4fa02a20d623,e31ed4fa02a20d623,octave-shift,md,1
ea2df1457be32379f,ea2df1457be32379f,octave-shift,md,1
n0188e9444a131ed3--tuplet--start--1,n0188e9444a131ed3--tuplet--start--1,tuplet,stamp,n0188e9444a131ed3
n996b746dbe17610f--tuplet--stop--1,n996b746dbe17610f--tuplet--stop--1,tuplet,stamp,n996b746dbe17610f
n854089e8edff34bc--tuplet--start--1,n854089e8edff34bc--tuplet--start--1,tuplet,stamp,n854089e8edff34bc
n22eb6cb2e8536a59--tuplet--stop--1,n22eb6cb2e8536a59--tuplet--stop--1,tuplet,stamp,n22eb6cb2e8536a59
n32936c4a1337c38a--tuplet--start--1,n32936c4a1337c38a--tuplet--start--1,tuplet,stamp,n32936c4a1337c38a
n6a522db3aec61b73--tuplet--stop--1,n6a522db3aec61b73--tuplet--stop--1,tuplet,stamp,n6a522db3aec61b73
n5842f4e42ddc3b8c--tuplet--start--1,n5842f4e42ddc3b8c--tuplet--start--1,tuplet,stamp,n5842f4e42ddc3b8c
n6acaf72645bfc09f--tuplet--stop--1,n6acaf72645bfc09f--tuplet--stop--1,tuplet,stamp,n6acaf72645bfc09f
ne2afebe92a4405fc--tuplet--start--1,ne2afebe92a4405fc--tuplet--start--1,tuplet,stamp,ne2afebe92a4405fc
n53e1776ee0299673--tuplet--stop--1,n53e1776ee0299673--tuplet--stop--1,tuplet,stamp,n53e1776ee0299673
na62b577f6893e715--tuplet--start--1,na62b577f6893e715--tuplet--start--1,tuplet,stamp,na62b577f6893e715
n65c507675a3e673b--tuplet--stop--1,n65c507675a3e673b--tuplet--stop--1,tuplet,stamp,n65c507675a3e673b
n1ee61fccf5e2dd53--tuplet--start--1,n1ee61fccf5e2dd53--tuplet--start--1,tuplet,stamp,n1ee61fccf5e2dd53
n00bfaadc510c5dc6--tuplet--stop--1,n00bfaadc510c5dc6--tuplet--stop--1,tuplet,stamp,n00bfaadc510c5dc6
n529ec7d1b882e3e3--tuplet--start--1,n529ec7d1b882e3e3--tuplet--start--1,tuplet,stamp,n529ec7d1b882e3e3
n6ffa680cff04481c--tuplet--stop--1,n6ffa680cff04481c--tuplet--stop--1,tuplet,stamp,n6ffa680cff04481c
n43d67d0d776e0cb9--tuplet--start--1,n43d67d0d776e0cb9--tuplet--start--1,tuplet,stamp,n43d67d0d776e0cb9
n202b80a150567ab9--tuplet--stop--1,n202b80a150567ab9--tuplet--stop--1,tuplet,stamp,n202b80a150567ab9
nbcdfa02c2af21a93--tuplet--start--1,nbcdfa02c2af21a93--tuplet--start--1,tuplet,stamp,nbcdfa02c2af21a93
nba7de0d7184b6720--tuplet--stop--1,nba7de0d7184b6720--tuplet--stop--1,tuplet,stamp,nba7de0d7184b6720
n108314d434f4a193--tuplet--start--1,n108314d434f4a193--tuplet--start--1,tuplet,stamp,n108314d434f4a193
nc1e6ff9936fc6e7c--tuplet--stop--1,nc1e6ff9936fc6e7c--tuplet--stop--1,tuplet,stamp,nc1e6ff9936fc6e7c
n79797475f96f4366--tuplet--start--1,n79797475f96f4366--tuplet--start--1,tuplet,stamp,n79797475f96f4366
n4b4605eb7c0aa8e4--tuplet--stop--1,n4b4605eb7c0aa8e4--tuplet--stop--1,tuplet,stamp,n4b4605eb7c0aa8e4
n5e6de2f898c6fa76--tuplet--start--1,n5e6de2f898c6fa76--tuplet--start--1,tuplet,stamp,n5e6de2f898c6fa76
n286180e157ec37a9--tuplet--stop--1,n286180e157ec37a9--tuplet--stop--1,tuplet,stamp,n286180e157ec37a9
n39e1026c948c1b5d--tuplet--start--1,n39e1026c948c1b5d--tuplet--start--1,tuplet,stamp,n39e1026c948c1b5d
nc2225300d7142851--tuplet--stop--1,nc2225300d7142851--tuplet--stop--1,tuplet,stamp,nc2225300d7142851
n62c7cb88648d91bb--tuplet--start--1,n62c7cb88648d91bb--tuplet--start--1,tuplet,stamp,n62c7cb88648d91bb
n1774b3da09df1768--tuplet--stop--1,n1774b3da09df1768--tuplet--stop--1,tuplet,stamp,n1774b3da09df1768
ne203e65cdb2ba343--tuplet--start--1,ne203e65cdb2ba343--tuplet--start--1,tuplet,stamp,ne203e65cdb2ba343
n65dbc0c0d9fc4508--tuplet--stop--1,n65dbc0c0d9fc4508--tuplet--stop--1,tuplet,stamp,n65dbc0c0d9fc4508
n96a0418a7443543a--tuplet--start--1,n96a0418a7443543a--tuplet--start--1,tuplet,stamp,n96a0418a7443543a
n7e5863ac1a191a31--tuplet--stop--1,n7e5863ac1a191a31--tuplet--stop--1,tuplet,stamp,n7e5863ac1a191a31
naf69530ba63e4a1a--tuplet--start--1,naf69530ba63e4a1a--tuplet--start--1,tuplet,stamp,naf69530ba63e4a1a
n78d14ca0462995d4--tuplet--stop--1,n78d14ca0462995d4--tuplet--stop--1,tuplet,stamp,n78d14ca0462995d4
nd1fcba8b165db7db--tuplet--start--1,nd1fcba8b165db7db--tuplet--start--1,tuplet,stamp,nd1fcba8b165db7db
n1bae188439591a1f--tuplet--stop--1,n1bae188439591a1f--tuplet--stop--1,tuplet,stamp,n1bae188439591a1f
efe723abcb3205a3d,efe723abcb3205a3d,wedge,md,1
e4303bbc9a9557b81,e4303bbc9a9557b81,octave-shift,md,1
e967965c7dd3a991a,e967965c7dd3a991a,wedge,md,1
e2aec001daf381520,e2aec001daf381520,octave-shift,md,1
n2317b4fb4931cf04--tuplet--start--1,n2317b4fb4931cf04--tuplet--start--1,tuplet,stamp,n2317b4fb4931cf04
n9af988acc6394fc8--tuplet--stop--1,n9af988acc6394fc8--tuplet--stop--1,tuplet,stamp,n9af988acc6394fc8
na4bcc12d478f2587--tuplet--start--1,na4bcc12d478f2587--tuplet--start--1,tuplet,stamp,na4bcc12d478f2587
n4bb88f5a72a9c7cb--tuplet--stop--1,n4bb88f5a72a9c7cb--tuplet--stop--1,tuplet,stamp,n4bb88f5a72a9c7cb
n6a77ffb43bd7748a--tuplet--start--1,n6a77ffb43bd7748a--tuplet--start--1,tuplet,stamp,n6a77ffb43bd7748a
n9b75393ad944319a--tuplet--stop--1,n9b75393ad944319a--tuplet--stop--1,tuplet,stamp,n9b75393ad944319a
na334491180f285b1--tuplet--start--1,na334491180f285b1--tuplet--start--1,tuplet,stamp,na334491180f285b1
nef47270e329ee8d1--tuplet--stop--1,nef47270e329ee8d1--tuplet--stop--1,tuplet,stamp,nef47270e329ee8d1
n7228924dd076e4f3--tuplet--start--1,n7228924dd076e4f3--tuplet--start--1,tuplet,stamp,n7228924dd076e4f3
na5d417b1d27845d6--tuplet--stop--1,na5d417b1d27845d6--tuplet--stop--1,tuplet,stamp,na5d417b1d27845d6
n6876e34d4e8eb855--tuplet--start--1,n6876e34d4e8eb855--tuplet--start--1,tuplet,stamp,n6876e34d4e8eb855
n4358407de91728a6--tuplet--stop--1,n4358407de91728a6--tuplet--stop--1,tuplet,stamp,n4358407de91728a6
e94c41a7e997a6660,e94c41a7e997a6660,wedge,md,1
edaa95ec11f09ca49,edaa95ec11f09ca49,octave-shift,md,1
e290b0e0fd472e414,e290b0e0fd472e414,wedge,md,1
e77a1212313d36f72,e77a1212313d36f72,octave-shift,md,1
e9c2d5f16de16c8ca,e9c2d5f16de16c8ca,wedge,md,1
e97617ec9f073894b,e97617ec9f073894b,octave-shift,md,1
e95260a8d37ce8338,e95260a8d37ce8338,wedge,md,1
e9dd67a8117ff9efb,e9dd67a8117ff9efb,wedge,md,1
ef97001855356c8a0,ef97001855356c8a0,words,md,1
e08de186b984e4faf,e08de186b984e4faf,octave-shift,md,1
ec3dce5c64d5300df,ec3dce5c64d5300df,words,md,1
n8edd0db1ca4bb265--fermata--upright--1,n8edd0db1ca4bb265--fermata--upright--1,fermata,stamp,n8edd0db1ca4bb265
n8edd0db1ca4bb265--trill-mark--1,,trill-mark,derive,n8edd0db1ca4bb265
ede32485fe264d5be,ede32485fe264d5be,words,md,1
ndb2ce75e0677184e--slur--start--1,ndb2ce75e0677184e--slur--start--1,slur,stamp,ndb2ce75e0677184e
n956332ac87470946--slur--stop--1,n956332ac87470946--slur--stop--1,slur,stamp,n956332ac87470946
n2c8448d669cdf947--slur--start--1,n2c8448d669cdf947--slur--start--1,slur,stamp,n2c8448d669cdf947
n4b126f40dcc71a79--slur--stop--1,n4b126f40dcc71a79--slur--stop--1,slur,stamp,n4b126f40dcc71a79
n18045a59c65d6e9b--slur--start--1,n18045a59c65d6e9b--slur--start--1,slur,stamp,n18045a59c65d6e9b
nff8a550780f6a10f--slur--stop--1,nff8a550780f6a10f--slur--stop--1,slur,stamp,nff8a550780f6a10f
n38b324da5f3a9387--slur--start--1,n38b324da5f3a9387--slur--start--1,slur,stamp,n38b324da5f3a9387
nb604085a22ae97b4--slur--stop--1,nb604085a22ae97b4--slur--stop--1,slur,stamp,nb604085a22ae97b4
e7008a915bf6710bb,e7008a915bf6710bb,words,md,1
nc0d837c853ab7499--tuplet--start--1,nc0d837c853ab7499--tuplet--start--1,tuplet,stamp,nc0d837c853ab7499
nddaf4787bcaf4214--tuplet--stop--1,nddaf4787bcaf4214--tuplet--stop--1,tuplet,stamp,nddaf4787bcaf4214
na32f7cd859d0565d--trill-mark--1,,trill-mark,derive,na32f7cd859d0565d
n6102187ee7299258--tuplet--start--1,n6102187ee7299258--tuplet--start--1,tuplet,stamp,n6102187ee7299258
nf56b757c9858f7dd--tuplet--stop--1,nf56b757c9858f7dd--tuplet--stop--1,tuplet,stamp,nf56b757c9858f7dd
n901c60d79c7661e8--tuplet--start--1,n901c60d79c7661e8--tuplet--start--1,tuplet,stamp,n901c60d79c7661e8
n6fe780fee81cd098--tuplet--stop--1,n6fe780fee81cd098--tuplet--stop--1,tuplet,stamp,n6fe780fee81cd098
nb156de6fdad7c43c--tuplet--start--1,nb156de6fdad7c43c--tuplet--start--1,tuplet,stamp,nb156de6fdad7c43c
n6554145476cd9dac--tuplet--stop--1,n6554145476cd9dac--tuplet--stop--1,tuplet,stamp,n6554145476cd9dac
nb5f5733031017f93--tuplet--start--1,nb5f5733031017f93--tuplet--start--1,tuplet,stamp,nb5f5733031017f93
n3827ef63ebd07327--tuplet--stop--1,n3827ef63ebd07327--tuplet--stop--1,tuplet,stamp,n3827ef63ebd07327
n0ad4cbbe3a54fa55--slur--start--1,n0ad4cbbe3a54fa55--slur--start--1,slur,stamp,n0ad4cbbe3a54fa55
nfd97a510aa2947a9--slur--stop--1,nfd97a510aa2947a9--slur--stop--1,slur,stamp,nfd97a510aa2947a9
n950e314850141b14--slur--start--1,n950e314850141b14--slur--start--1,slur,stamp,n950e314850141b14
n1c61ce4d0a41d975--accent--1,,accent,derive,n1c61ce4d0a41d975
na7089c1866754fc3--slur--stop--1,na7089c1866754fc3--slur--stop--1,slur,stamp,na7089c1866754fc3
ne6c00a78f6767f0d--slur--start--1,ne6c00a78f6767f0d--slur--start--1,slur,stamp,ne6c00a78f6767f0d
n428e3448b31c1c5d--accent--1,,accent,derive,n428e3448b31c1c5d
n599876a0bdb71d82--slur--stop--1,n599876a0bdb71d82--slur--stop--1,slur,stamp,n599876a0bdb71d82
n5e9255d322473b75--slur--start--1,n5e9255d322473b75--slur--start--1,slur,stamp,n5e9255d322473b75
n1fcbff020b25d0ea--slur--stop--1,n1fcbff020b25d0ea--slur--stop--1,slur,stamp,n1fcbff020b25d0ea
na4156dc4e8ebc810--slur--start--1,na4156dc4e8ebc810--slur--start--1,slur,stamp,na4156dc4e8ebc810
n4b92828c52ddb23d--slur--stop--1,n4b92828c52ddb23d--slur--stop--1,slur,stamp,n4b92828c52ddb23d
e185f1ed0f17dd2ed,e185f1ed0f17dd2ed,words,md,1
n2e3c6f1c144a8bdb--slur--start--1,n2e3c6f1c144a8bdb--slur--start--1,slur,stamp,n2e3c6f1c144a8bdb
na508f4902af05484--tuplet--start--1,na508f4902af05484--tuplet--start--1,tuplet,stamp,na508f4902af05484
n1c7cf659ca769f3c--tuplet--stop--1,n1c7cf659ca769f3c--tuplet--stop--1,tuplet,stamp,n1c7cf659ca769f3c
ne475c1ed72bcb5bd--slur--stop--1,ne475c1ed72bcb5bd--slur--stop--1,slur,stamp,ne475c1ed72bcb5bd
n7964b73f329153fc--tuplet--start--1,n7964b73f329153fc--tuplet--start--1,tuplet,stamp,n7964b73f329153fc
nfeb67fa49509a94b--tuplet--stop--1,nfeb67fa49509a94b--tuplet--stop--1,tuplet,stamp,nfeb67fa49509a94b
n4a9cf1c303985af9--slur--start--1,n4a9cf1c303985af9--slur--start--1,slur,stamp,n4a9cf1c303985af9
n4a9cf1c303985af9--staccato--1,,staccato,derive,n4a9cf1c303985af9
n57101403d35b0f7c--slur--stop--1,n57101403d35b0f7c--slur--stop--1,slur,stamp,n57101403d35b0f7c
nf8d73d96c10074e7--slur--start--1,nf8d73d96c10074e7--slur--start--1,slur,stamp,nf8d73d96c10074e7
n05b2c1a70d849ed2--slur--stop--1,n05b2c1a70d849ed2--slur--stop--1,slur,stamp,n05b2c1a70d849ed2
nb2ba63cecad42ac3--slur--start--1,nb2ba63cecad42ac3--slur--start--1,slur,stamp,nb2ba63cecad42ac3
n02c6eef2a901516b--slur--stop--1,n02c6eef2a901516b--slur--stop--1,slur,stamp,n02c6eef2a901516b
eca479b1fb7cb04db,eca479b1fb7cb04db,octave-shift,md,1
e1d99989f9d68bcde,e1d99989f9d68bcde,octave-shift,md,1
n15551dfaf27448c3--slur--start--1,n15551dfaf27448c3--slur--start--1,slur,stamp,n15551dfaf27448c3
n15551dfaf27448c3--accent--1,,accent,derive,n15551dfaf27448c3
nc0e104596dea3c12--slur--stop--1,nc0e104596dea3c12--slur--stop--1,slur,stamp,nc0e104596dea3c12
n6161276b4df21a56--tie--1,,tie,derive,n6161276b4df21a56
n6161276b4df21a56--tied--start--1,n6161276b4df21a56--tied--start--1,tied,stamp,n6161276b4df21a56
n6bee421bd87254b7--tie--1,,tie,derive,n6bee421bd87254b7
n6bee421bd87254b7--tied--stop--1,n6bee421bd87254b7--tied--stop--1,tied,stamp,n6bee421bd87254b7
n6bee421bd87254b7--tuplet--start--1,n6bee421bd87254b7--tuplet--start--1,tuplet,stamp,n6bee421bd87254b7
n6bee421bd87254b7--slur--start--1,n6bee421bd87254b7--slur--start--1,slur,stamp,n6bee421bd87254b7
na16197ad4f071e99--staccato--1,,staccato,derive,na16197ad4f071e99
nbc358db31b434711--staccato--1,,staccato,derive,nbc358db31b434711
nbeea4cec0949fbd4--staccato--1,,staccato,derive,nbeea4cec0949fbd4
n6b043ced3240f8ad--staccato--1,,staccato,derive,n6b043ced3240f8ad
nc886f4733102031e--tuplet--stop--1,nc886f4733102031e--tuplet--stop--1,tuplet,stamp,nc886f4733102031e
nc886f4733102031e--slur--stop--1,nc886f4733102031e--slur--stop--1,slur,stamp,nc886f4733102031e
nc886f4733102031e--staccato--1,,staccato,derive,nc886f4733102031e
n550129ce2d5d97a5--tie--1,,tie,derive,n550129ce2d5d97a5
n550129ce2d5d97a5--tied--start--1,n550129ce2d5d97a5--tied--start--1,tied,stamp,n550129ce2d5d97a5
n3f47e6f301005fb2--tie--1,,tie,derive,n3f47e6f301005fb2
n3f47e6f301005fb2--tied--stop--1,n3f47e6f301005fb2--tied--stop--1,tied,stamp,n3f47e6f301005fb2
n3f47e6f301005fb2--tuplet--start--1,n3f47e6f301005fb2--tuplet--start--1,tuplet,stamp,n3f47e6f301005fb2
nb61d3352f310d38f--staccato--1,,staccato,derive,nb61d3352f310d38f
nccabbf4263d066d5--tuplet--stop--1,nccabbf4263d066d5--tuplet--stop--1,tuplet,stamp,nccabbf4263d066d5
nccabbf4263d066d5--staccato--1,,staccato,derive,nccabbf4263d066d5
nda517b0733e89866--staccato--1,,staccato,derive,nda517b0733e89866
n12296d99d6fc4535--staccato--1,,staccato,derive,n12296d99d6fc4535
n76ec8d4dcea1d9a5--staccato--1,,staccato,derive,n76ec8d4dcea1d9a5
na46920fa55204a17--staccato--1,,staccato,derive,na46920fa55204a17
ncaa195fe8e57fa4c--tuplet--start--1,ncaa195fe8e57fa4c--tuplet--start--1,tuplet,stamp,ncaa195fe8e57fa4c
n53feff4f16abce24--tuplet--stop--1,n53feff4f16abce24--tuplet--stop--1,tuplet,stamp,n53feff4f16abce24
nb13487946b727c00--trill-mark--1,,trill-mark,derive,nb13487946b727c00
n59211fe6d5cb2884--fermata--upright--1,n59211fe6d5cb2884--fermata--upright--1,fermata,stamp,n59211fe6d5cb2884
e2332976309000110,e2332976309000110,wedge,md,1
e267cc0718402db70,e267cc0718402db70,wedge,md,1
nc06d73bbc6545a2f--slur--start--1,nc06d73bbc6545a2f--slur--start--1,slur,stamp,nc06d73bbc6545a2f
nc06d73bbc6545a2f--accent--1,,accent,derive,nc06d73bbc6545a2f
n1b5e7109f6670f8c--slur--stop--1,n1b5e7109f6670f8c--slur--stop--1,slur,stamp,n1b5e7109f6670f8c
nac5dc9608e498fff--staccatissimo--1,,staccatissimo,derive,nac5dc9608e498fff
n7dbfdc7ad8a0a9f9--staccatissimo--1,,staccatissimo,derive,n7dbfdc7ad8a0a9f9
e40f6c990cc594827,e40f6c990cc594827,dynamics,md,1
e57d56a5154575452,e57d56a5154575452,words,md,1
e3d7207d1a0364384,e3d7207d1a0364384,pedal,md,2
ef493d223f356b6c6,ef493d223f356b6c6,pedal,md,2
ed495f47a52c39286,ed495f47a52c39286,pedal,md,2
eb69c82619e7f74d8,eb69c82619e7f74d8,pedal,md,2
nbc64805977dc8ee7--slur--start--1,nbc64805977dc8ee7--slur--start--1,slur,stamp,nbc64805977dc8ee7
nbc64805977dc8ee7--accent--1,,accent,derive,nbc64805977dc8ee7
n9e3122a7e8f98039--slur--stop--1,n9e3122a7e8f98039--slur--stop--1,slur,stamp,n9e3122a7e8f98039
n2cda2d5aed2430b1--accent--1,,accent,derive,n2cda2d5aed2430b1
e2c7849c91b56b6eb,e2c7849c91b56b6eb,pedal,md,2
ecc46ae2b108be244,ecc46ae2b108be244,pedal,md,2
e6bd3b6a26f6f22d7,e6bd3b6a26f6f22d7,pedal,md,2
e612944ac3880f23c,e612944ac3880f23c,pedal,md,2
n2c47913dc9a67b6e--strong-accent--1,,strong-accent,derive,n2c47913dc9a67b6e
n60f71c4283d7e04f--strong-accent--1,,strong-accent,derive,n60f71c4283d7e04f
ee17960db54853236,ee17960db54853236,dynamics,md,1
e217f5d47b4f97df2,e217f5d47b4f97df2,pedal,md,2
ed144e6aabe104d5b,ed144e6aabe104d5b,pedal,md,2
e6d27fd30e004f30f,e6d27fd30e004f30f,pedal,md,2
e5c829462871e2401,e5c829462871e2401,pedal,md,2
nf465a9163ff03429--strong-accent--1,,strong-accent,derive,nf465a9163ff03429
nd8d0b3ae4c0d4914--strong-accent--1,,strong-accent,derive,nd8d0b3ae4c0d4914
e9aeb1f9a994c360c,e9aeb1f9a994c360c,pedal,md,2
e8e8cf1ecc30dc8bd,e8e8cf1ecc30dc8bd,pedal,md,2
ec534632082215ea7,ec534632082215ea7,pedal,md,2
e83a14eee5efe54ca,e83a14eee5efe54ca,pedal,md,2
n5ce1621b9a727dfd--accent--1,,accent,derive,n5ce1621b9a727dfd
n46d013c08758e1ac--slur--start--1,n46d013c08758e1ac--slur--start--1,slur,stamp,n46d013c08758e1ac
n46d013c08758e1ac--accent--1,,accent,derive,n46d013c08758e1ac
na1f949cebe8685ef--slur--stop--1,na1f949cebe8685ef--slur--stop--1,slur,stamp,na1f949cebe8685ef
e2d0376df9320227d,e2d0376df9320227d,words,md,1
e770c185df7564240,e770c185df7564240,octave-shift,md,1
e22f35e8ff49238ed,e22f35e8ff49238ed,words,md,1
e353aae1a7a9a796b,e353aae1a7a9a796b,octave-shift,md,1
e5a88252c75fd135a,e5a88252c75fd135a,pedal,md,2
efecc3fcfc8b1685c,efecc3fcfc8b1685c,pedal,md,2
e5b72f6e740bcd4ad,e5b72f6e740bcd4ad,pedal,md,2
e405f464f2cffb1b4,e405f464f2cffb1b4,pedal,md,2
n4dcf71b9883a2282--strong-accent--1,,strong-accent,derive,n4dcf71b9883a2282
e94c1070e38511112,e94c1070e38511112,words,md,1
e261738f9cbf7a006,e261738f9cbf7a006,octave-shift,md,1
e65f77f5486c69d33,e65f77f5486c69d33,octave-shift,md,1
e6aa4548034484add,e6aa4548034484add,dynamics,md,2
ec74150028d753ae1,ec74150028d753ae1,octave-shift,md,2
e7882d0a5c8fddfc2,e7882d0a5c8fddfc2,octave-shift,md,2
n0d781eb70b99d287--tuplet--start--1,n0d781eb70b99d287--tuplet--start--1,tuplet,stamp,n0d781eb70b99d287
n0d781eb70b99d287--slur--start--1,n0d781eb70b99d287--slur--start--1,slur,stamp,n0d781eb70b99d287
nf77a82abc2ed540f--tuplet--stop--1,nf77a82abc2ed540f--tuplet--stop--1,tuplet,stamp,nf77a82abc2ed540f
nf77a82abc2ed540f--slur--stop--1,nf77a82abc2ed540f--slur--stop--1,slur,stamp,nf77a82abc2ed540f
n2bdb292d958d71fb--staccatissimo--1,,staccatissimo,derive,n2bdb292d958d71fb
ea6613a835f75ca17,ea6613a835f75ca17,wedge,md,1
e5651ca832a06e1b6,e5651ca832a06e1b6,wedge,md,1
nf3edf13e5bf820d8--slur--start--1,nf3edf13e5bf820d8--slur--start--1,slur,stamp,nf3edf13e5bf820d8
nf3edf13e5bf820d8--strong-accent--1,,strong-accent,derive,nf3edf13e5bf820d8
n86402f26bd1647e0--slur--stop--1,n86402f26bd1647e0--slur--stop--1,slur,stamp,n86402f26bd1647e0
n65327b9183c8ead1--slur--start--1,n65327b9183c8ead1--slur--start--1,slur,stamp,n65327b9183c8ead1
n65327b9183c8ead1--strong-accent--1,,strong-accent,derive,n65327b9183c8ead1
n0770d77865157ce0--slur--stop--1,n0770d77865157ce0--slur--stop--1,slur,stamp,n0770d77865157ce0
n7a317fe5cedca83f--tuplet--start--1,n7a317fe5cedca83f--tuplet--start--1,tuplet,stamp,n7a317fe5cedca83f
n7a317fe5cedca83f--slur--start--1,n7a317fe5cedca83f--slur--start--1,slur,stamp,n7a317fe5cedca83f
n7a317fe5cedca83f--accent--1,,accent,derive,n7a317fe5cedca83f
nc80f3b28b1d3685e--tuplet--stop--1,nc80f3b28b1d3685e--tuplet--stop--1,tuplet,stamp,nc80f3b28b1d3685e
nc80f3b28b1d3685e--slur--stop--1,nc80f3b28b1d3685e--slur--stop--1,slur,stamp,nc80f3b28b1d3685e
n70882cc9001fac1a--tuplet--start--1,n70882cc9001fac1a--tuplet--start--1,tuplet,stamp,n70882cc9001fac1a
n690a7d0d2f267337--tuplet--stop--1,n690a7d0d2f267337--tuplet--stop--1,tuplet,stamp,n690a7d0d2f267337
n441e6512fec8108e--slur--start--1,n441e6512fec8108e--slur--start--1,slur,stamp,n441e6512fec8108e
n441e6512fec8108e--accent--1,,accent,derive,n441e6512fec8108e
nd4ab69445e908ff5--slur--stop--1,nd4ab69445e908ff5--slur--stop--1,slur,stamp,nd4ab69445e908ff5
n29affd17d84a0c6f--slur--start--1,n29affd17d84a0c6f--slur--start--1,slur,stamp,n29affd17d84a0c6f
n29affd17d84a0c6f--accent--1,,accent,derive,n29affd17d84a0c6f
nf4b9970ce958b60d--slur--stop--1,nf4b9970ce958b60d--slur--stop--1,slur,stamp,nf4b9970ce958b60d
n8cc41c1222ae3234--slur--start--1,n8cc41c1222ae3234--slur--start--1,slur,stamp,n8cc41c1222ae3234
n8cc41c1222ae3234--accent--1,,accent,derive,n8cc41c1222ae3234
ne90ef3c87ca4944b--slur--stop--1,ne90ef3c87ca4944b--slur--stop--1,slur,stamp,ne90ef3c87ca4944b
n63ae1d2cabb82f8f--slur--start--1,n63ae1d2cabb82f8f--slur--start--1,slur,stamp,n63ae1d2cabb82f8f
n63ae1d2cabb82f8f--accent--1,,accent,derive,n63ae1d2cabb82f8f
n0014c31b50ee2c2c--slur--stop--1,n0014c31b50ee2c2c--slur--stop--1,slur,stamp,n0014c31b50ee2c2c
ne5df8a09e341bdde--slur--start--1,ne5df8a09e341bdde--slur--start--1,slur,stamp,ne5df8a09e341bdde
n3e482e636f7409b7--slur--stop--1,n3e482e636f7409b7--slur--stop--1,slur,stamp,n3e482e636f7409b7
n2480a712f0afa520--tie--1,,tie,derive,n2480a712f0afa520
n2480a712f0afa520--tied--start--1,n2480a712f0afa520--tied--start--1,tied,stamp,n2480a712f0afa520
n2480a712f0afa520--slur--start--1,n2480a712f0afa520--slur--start--1,slur,stamp,n2480a712f0afa520
n2480a712f0afa520--strong-accent--1,,strong-accent,derive,n2480a712f0afa520
n10d4f95458193197--tie--1,,tie,derive,n10d4f95458193197
n10d4f95458193197--tied--stop--1,n10d4f95458193197--tied--stop--1,tied,stamp,n10d4f95458193197
n8e9bf8587ee6fb2f--slur--stop--1,n8e9bf8587ee6fb2f--slur--stop--1,slur,stamp,n8e9bf8587ee6fb2f
e58f3f96bda1b4e22,e58f3f96bda1b4e22,words,md,2
nc82e3b99b80db4b1--fermata--upright--1,nc82e3b99b80db4b1--fermata--upright--1,fermata,stamp,nc82e3b99b80db4b1
naab03df03e88d4cf--tie--1,,tie,derive,naab03df03e88d4cf
naab03df03e88d4cf--tied--start--1,naab03df03e88d4cf--tied--start--1,tied,stamp,naab03df03e88d4cf
naab03df03e88d4cf--fermata--upright--1,naab03df03e88d4cf--fermata--upright--1,fermata,stamp,naab03df03e88d4cf
naab03df03e88d4cf--strong-accent--1,,strong-accent,derive,naab03df03e88d4cf
n725856e8d14179b5--tie--1,,tie,derive,n725856e8d14179b5
n725856e8d14179b5--tied--stop--1,n725856e8d14179b5--tied--stop--1,tied,stamp,n725856e8d14179b5
n725856e8d14179b5--slur--start--1,n725856e8d14179b5--slur--start--1,slur,stamp,n725856e8d14179b5
n173a60d7c1dc8a29--slur--stop--1,n173a60d7c1dc8a29--slur--stop--1,slur,stamp,n173a60d7c1dc8a29
e7782486305705e3e,e7782486305705e3e,words,md,1
ebd1a8d5beb7bf561,ebd1a8d5beb7bf561,wedge,md,2
e7c3399e278ed74f5,e7c3399e278ed74f5,wedge,md,2
nee50f986b0ea9107--slur--start--1,nee50f986b0ea9107--slur--start--1,slur,stamp,nee50f986b0ea9107
n6971acd2f26352e2--staccato--1,,staccato,derive,n6971acd2f26352e2
naea9a15b8fc99db8--staccato--1,,staccato,derive,naea9a15b8fc99db8
n67915d8bea17ba68--slur--stop--1,n67915d8bea17ba68--slur--stop--1,slur,stamp,n67915d8bea17ba68
n67915d8bea17ba68--staccato--1,,staccato,derive,n67915d8bea17ba68
n5ccc783203951f11--slur--start--1,n5ccc783203951f11--slur--start--1,slur,stamp,n5ccc783203951f11
n5ccc783203951f11--staccato--1,,staccato,derive,n5ccc783203951f11
n10bd7d5a58a53f03--staccato--1,,staccato,derive,n10bd7d5a58a53f03
n058d1ba25c405e49--staccato--1,,staccato,derive,n058d1ba25c405e49
na3258755ce39aee3--staccato--1,,staccato,derive,na3258755ce39aee3
nfede9ef7af24399e--staccato--1,,staccato,derive,nfede9ef7af24399e
n50625d340de7e260--slur--stop--1,n50625d340de7e260--slur--stop--1,slur,stamp,n50625d340de7e260
n50625d340de7e260--staccato--1,,staccato,derive,n50625d340de7e260
ndfe976ef67e0cbf5--arpeggiate--1,ndfe976ef67e0cbf5--arpeggiate--1,arpeggiate,stamp,ndfe976ef67e0cbf5
nccd84f53499fe39b--arpeggiate--1,nccd84f53499fe39b--arpeggiate--1,arpeggiate,stamp,nccd84f53499fe39b
nd1b1cab78ed61061--slur--start--1,nd1b1cab78ed61061--slur--start--1,slur,stamp,nd1b1cab78ed61061
nd1b1cab78ed61061--staccato--1,,staccato,derive,nd1b1cab78ed61061
n4620ec216f0e7390--staccato--1,,staccato,derive,n4620ec216f0e7390
nfc7954d05f85b9f0--staccato--1,,staccato,derive,nfc7954d05f85b9f0
n3dbf1ca8908344ee--staccato--1,,staccato,derive,n3dbf1ca8908344ee
n5b83f1eb5c132f43--slur--stop--1,n5b83f1eb5c132f43--slur--stop--1,slur,stamp,n5b83f1eb5c132f43
n5b83f1eb5c132f43--staccato--1,,staccato,derive,n5b83f1eb5c132f43
n927a0633b00a133e--slur--start--1,n927a0633b00a133e--slur--start--1,slur,stamp,n927a0633b00a133e
n927a0633b00a133e--staccato--1,,staccato,derive,n927a0633b00a133e
n8c14433d2278be62--staccato--1,,staccato,derive,n8c14433d2278be62
naea2edab1f4cd768--staccato--1,,staccato,derive,naea2edab1f4cd768
ne22625a6d8f5516c--staccato--1,,staccato,derive,ne22625a6d8f5516c
na306c2067d0bd42d--staccato--1,,staccato,derive,na306c2067d0bd42d
nec736e8bc630cd08--slur--stop--1,nec736e8bc630cd08--slur--stop--1,slur,stamp,nec736e8bc630cd08
nec736e8bc630cd08--staccato--1,,staccato,derive,nec736e8bc630cd08
ecc1a34faa56d935b,ecc1a34faa56d935b,dynamics,md,1
ede5f2c16b9514333,ede5f2c16b9514333,dynamics,md,2
n035f58e299368e40--slur--start--1,n035f58e299368e40--slur--start--1,slur,stamp,n035f58e299368e40
n035f58e299368e40--staccato--1,,staccato,derive,n035f58e299368e40
n94cfac4b55f31db8--staccato--1,,staccato,derive,n94cfac4b55f31db8
n6750e07c7e4d769a--staccato--1,,staccato,derive,n6750e07c7e4d769a
ncdb0eadcd528ea72--staccato--1,,staccato,derive,ncdb0eadcd528ea72
nbc171c1e84a8c4c9--staccato--1,,staccato,derive,nbc171c1e84a8c4c9
na9c1dbc30a622915--staccato--1,,staccato,derive,na9c1dbc30a622915
nee109b9fa1000b05--staccato--1,,staccato,derive,nee109b9fa1000b05
nb98896dadef03eac--staccato--1,,staccato,derive,nb98896dadef03eac
naa97d72ad8c59a9d--staccato--1,,staccato,derive,naa97d72ad8c59a9d
n992a22101b455691--staccato--1,,staccato,derive,n992a22101b455691
n3d71f49ff4185ece--staccato--1,,staccato,derive,n3d71f49ff4185ece
n2bfad0b46ea19327--slur--stop--1,n2bfad0b46ea19327--slur--stop--1,slur,stamp,n2bfad0b46ea19327
n2bfad0b46ea19327--staccato--1,,staccato,derive,n2bfad0b46ea19327
n245a8c294cb868f9--slur--start--1,n245a8c294cb868f9--slur--start--1,slur,stamp,n245a8c294cb868f9
n245a8c294cb868f9--staccato--1,,staccato,derive,n245a8c294cb868f9
ne2f413eb2790f231--staccato--1,,staccato,derive,ne2f413eb2790f231
nded909d66798d839--staccato--1,,staccato,derive,nded909d66798d839
n42742b71903fc5b6--staccato--1,,staccato,derive,n42742b71903fc5b6
nacb29a4d257665c5--staccato--1,,staccato,derive,nacb29a4d257665c5
n255c933d0bf8d140--staccato--1,,staccato,derive,n255c933d0bf8d140
n3a0392a9aa495310--staccato--1,,staccato,derive,n3a0392a9aa495310
n06d26cddfb0f555e--staccato--1,,staccato,derive,n06d26cddfb0f555e
n623d87b996c35b2e--staccato--1,,staccato,derive,n623d87b996c35b2e
n0a5874cd7a79bbbb--staccato--1,,staccato,derive,n0a5874cd7a79bbbb
n84926355cf853adc--slur--stop--1,n84926355cf853adc--slur--stop--1,slur,stamp,n84926355cf853adc
n84926355cf853adc--staccato--1,,staccato,derive,n84926355cf853adc
ef7ba66f9cb0e4284,ef7ba66f9cb0e4284,wedge,md,1
nbbe7f4539bc17c14--slur--start--1,nbbe7f4539bc17c14--slur--start--1,slur,stamp,nbbe7f4539bc17c14
nbbe7f4539bc17c14--accent--1,,accent,derive,nbbe7f4539bc17c14
ndc1b077038e07289--slur--stop--1,ndc1b077038e07289--slur--stop--1,slur,stamp,ndc1b077038e07289
n54acd93cd11d8959--slur--start--1,n54acd93cd11d8959--slur--start--1,slur,stamp,n54acd93cd11d8959
n54acd93cd11d8959--strong-accent--1,,strong-accent,derive,n54acd93cd11d8959
n3f845da43d169154--slur--stop--1,n3f845da43d169154--slur--stop--1,slur,stamp,n3f845da43d169154
n5596c5089c74d207--staccato--1,,staccato,derive,n5596c5089c74d207
n65d69afb7db3e364--staccato--1,,staccato,derive,n65d69afb7db3e364
n7785b947b72f4e6c--staccato--1,,staccato,derive,n7785b947b72f4e6c
n87da045f6ce32008--staccato--1,,staccato,derive,n87da045f6ce32008
nde64bb4653c6b97c--staccato--1,,staccato,derive,nde64bb4653c6b97c
n7db86c5cc61d14ee--slur--start--1,n7db86c5cc61d14ee--slur--start--1,slur,stamp,n7db86c5cc61d14ee
n7db86c5cc61d14ee--staccato--1,,staccato,derive,n7db86c5cc61d14ee
ndd3c7db25fb9ce8c--staccato--1,,staccato,derive,ndd3c7db25fb9ce8c
n58ccb695c46e9384--staccato--1,,staccato,derive,n58ccb695c46e9384
n6a92ffeef5d901e2--staccato--1,,staccato,derive,n6a92ffeef5d901e2
n127ab8944b25fcb9--slur--stop--1,n127ab8944b25fcb9--slur--stop--1,slur,stamp,n127ab8944b25fcb9
n127ab8944b25fcb9--staccato--1,,staccato,derive,n127ab8944b25fcb9
n8c3075ad14158739--slur--start--1,n8c3075ad14158739--slur--start--1,slur,stamp,n8c3075ad14158739
n8c3075ad14158739--staccato--1,,staccato,derive,n8c3075ad14158739
n8c2af3833f8089d8--staccato--1,,staccato,derive,n8c2af3833f8089d8
n812e6c47cf4ab642--staccato--1,,staccato,derive,n812e6c47cf4ab642
n9321a7d313ff89b8--staccato--1,,staccato,derive,n9321a7d313ff89b8
n9ea0dcd498980f0e--staccato--1,,staccato,derive,n9ea0dcd498980f0e
nd586b535990e0714--slur--stop--1,nd586b535990e0714--slur--stop--1,slur,stamp,nd586b535990e0714
nd586b535990e0714--staccato--1,,staccato,derive,nd586b535990e0714
n801b21a4c12078c1--slur--start--1,n801b21a4c12078c1--slur--start--1,slur,stamp,n801b21a4c12078c1
n79ee03af15e975ef--staccato--1,,staccato,derive,n79ee03af15e975ef
n0c14d9d6ab1970f1--staccato--1,,staccato,derive,n0c14d9d6ab1970f1
n8a6887b239e1c509--slur--stop--1,n8a6887b239e1c509--slur--stop--1,slur,stamp,n8a6887b239e1c509
n8a6887b239e1c509--staccato--1,,staccato,derive,n8a6887b239e1c509
nd02f414bef4f3e00--slur--start--1,nd02f414bef4f3e00--slur--start--1,slur,stamp,nd02f414bef4f3e00
nd02f414bef4f3e00--staccato--1,,staccato,derive,nd02f414bef4f3e00
nfc52db06505ebe1b--staccato--1,,staccato,derive,nfc52db06505ebe1b
ne8d63ddcce3e25b3--staccato--1,,staccato,derive,ne8d63ddcce3e25b3
nf3ab4ecb74f6eeca--staccato--1,,staccato,derive,nf3ab4ecb74f6eeca
n3779b24a746e7c71--staccato--1,,staccato,derive,n3779b24a746e7c71
n7a34db654a04e39d--slur--stop--1,n7a34db654a04e39d--slur--stop--1,slur,stamp,n7a34db654a04e39d
n7a34db654a04e39d--staccato--1,,staccato,derive,n7a34db654a04e39d
n716052f3dee15914--slur--start--1,n716052f3dee15914--slur--start--1,slur,stamp,n716052f3dee15914
n716052f3dee15914--staccato--1,,staccato,derive,n716052f3dee15914
n51422e657e4bcd9f--staccato--1,,staccato,derive,n51422e657e4bcd9f
n39156895f99e6873--staccato--1,,staccato,derive,n39156895f99e6873
n348541d9a5f2db1f--staccato--1,,staccato,derive,n348541d9a5f2db1f
nd95feaab228d5706--slur--stop--1,nd95feaab228d5706--slur--stop--1,slur,stamp,nd95feaab228d5706
nd95feaab228d5706--staccato--1,,staccato,derive,nd95feaab228d5706
n829197ea3537532e--slur--start--1,n829197ea3537532e--slur--start--1,slur,stamp,n829197ea3537532e
n829197ea3537532e--staccato--1,,staccato,derive,n829197ea3537532e
na1ab8d83f1e646fe--staccato--1,,staccato,derive,na1ab8d83f1e646fe
n3cae589f9a6b72bf--staccato--1,,staccato,derive,n3cae589f9a6b72bf
nd215a84138bd0001--staccato--1,,staccato,derive,nd215a84138bd0001
n52b557f712db5489--staccato--1,,staccato,derive,n52b557f712db5489
n5350ff1a8a9694ef--slur--stop--1,n5350ff1a8a9694ef--slur--stop--1,slur,stamp,n5350ff1a8a9694ef
n5350ff1a8a9694ef--staccato--1,,staccato,derive,n5350ff1a8a9694ef
ea4fda9456f445d29,ea4fda9456f445d29,wedge,md,1
e998541dec1283303,e998541dec1283303,wedge,md,1
e6da6dea86fa5e956,e6da6dea86fa5e956,wedge,md,1
ecd48947d641e7a68,ecd48947d641e7a68,wedge,md,1
nf851c1e4b95223a1--strong-accent--1,,strong-accent,derive,nf851c1e4b95223a1
ne978ca13940a0bd1--accent--1,,accent,derive,ne978ca13940a0bd1
ed9abf020f0bc9a64,ed9abf020f0bc9a64,words,md,1
e70a8093d18f8ef2d,e70a8093d18f8ef2d,bracket,md,1
ne0cdbc3b8565d5a4--accent--1,,accent,derive,ne0cdbc3b8565d5a4
na33908d937ac3c7f--accent--1,,accent,derive,na33908d937ac3c7f
n303f1ef2f19be674--accent--1,,accent,derive,n303f1ef2f19be674
n01a932602f609807--tenuto--1,,tenuto,derive,n01a932602f609807
n61389412278388dd--tenuto--1,,tenuto,derive,n61389412278388dd
nbd467ae0f7a7a3e3--tenuto--1,,tenuto,derive,nbd467ae0f7a7a3e3
n4e2cfee14dae6813--accent--1,,accent,derive,n4e2cfee14dae6813
n3130bd60682c84c0--slur--start--1,n3130bd60682c84c0--slur--start--1,slur,stamp,n3130bd60682c84c0
n6ae90bdbc62110b6--slur--stop--1,n6ae90bdbc62110b6--slur--stop--1,slur,stamp,n6ae90bdbc62110b6
e469db41e269d4cd8,e469db41e269d4cd8,wedge,md,1
ef3ad50ef955bad98,ef3ad50ef955bad98,wedge,md,1
n44a419ada0283430--arpeggiate--1,n44a419ada0283430--arpeggiate--1,arpeggiate,stamp,n44a419ada0283430
nb9706fc722c6165a--arpeggiate--1,nb9706fc722c6165a--arpeggiate--1,arpeggiate,stamp,nb9706fc722c6165a
nd385a22d44f493fc--tuplet--start--1,nd385a22d44f493fc--tuplet--start--1,tuplet,stamp,nd385a22d44f493fc
nd385a22d44f493fc--slur--start--1,nd385a22d44f493fc--slur--start--1,slur,stamp,nd385a22d44f493fc
n8cd41748d14f847c--tuplet--stop--1,n8cd41748d14f847c--tuplet--stop--1,tuplet,stamp,n8cd41748d14f847c
n1e347c3e9c68cd45--slur--stop--1,n1e347c3e9c68cd45--slur--stop--1,slur,stamp,n1e347c3e9c68cd45
n5e2c30c682f8abce--slur--start--1,n5e2c30c682f8abce--slur--start--1,slur,stamp,n5e2c30c682f8abce
nd294c21817c73890--slur--stop--1,nd294c21817c73890--slur--stop--1,slur,stamp,nd294c21817c73890
nb8397061323468a5--arpeggiate--1,nb8397061323468a5--arpeggiate--1,arpeggiate,stamp,nb8397061323468a5
nd3755c3c2825c819--arpeggiate--1,nd3755c3c2825c819--arpeggiate--1,arpeggiate,stamp,nd3755c3c2825c819
e1668cf4af53520c3,e1668cf4af53520c3,bracket,md,1
eb415c879488e046d,eb415c879488e046d,words,md,2
n2f259c31395e1b84--tuplet--start--1,n2f259c31395e1b84--tuplet--start--1,tuplet,stamp,n2f259c31395e1b84
n8347283c2bcf4c43--slur--start--1,n8347283c2bcf4c43--slur--start--1,slur,stamp,n8347283c2bcf4c43
nd5dfad283011db25--tuplet--stop--1,nd5dfad283011db25--tuplet--stop--1,tuplet,stamp,nd5dfad283011db25
nd5dfad283011db25--slur--stop--1,nd5dfad283011db25--slur--stop--1,slur,stamp,nd5dfad283011db25
n22650084fbc8f408--tie--1,,tie,derive,n22650084fbc8f408
n22650084fbc8f408--tied--start--1,n22650084fbc8f408--tied--start--1,tied,stamp,n22650084fbc8f408
nc2f995dee578df2e--tie--1,,tie,derive,nc2f995dee578df2e
nc2f995dee578df2e--tied--stop--1,nc2f995dee578df2e--tied--stop--1,tied,stamp,nc2f995dee578df2e
ee0b7bbdb9d045713,ee0b7bbdb9d045713,words,md,1
n40ac00b19eded31c--staccato--1,,staccato,derive,n40ac00b19eded31c
nf72db0f36edd33ed--tuplet--start--1,nf72db0f36edd33ed--tuplet--start--1,tuplet,stamp,nf72db0f36edd33ed
n6f25439fd143580a--tuplet--stop--1,n6f25439fd143580a--tuplet--stop--1,tuplet,stamp,n6f25439fd143580a
n39e26a2113f3597a--tuplet--start--1,n39e26a2113f3597a--tuplet--start--1,tuplet,stamp,n39e26a2113f3597a
n39e26a2113f3597a--slur--start--1,n39e26a2113f3597a--slur--start--1,slur,stamp,n39e26a2113f3597a
ne1f50e385bbaffc2--tuplet--stop--1,ne1f50e385bbaffc2--tuplet--stop--1,tuplet,stamp,ne1f50e385bbaffc2
ne1f50e385bbaffc2--slur--stop--1,ne1f50e385bbaffc2--slur--stop--1,slur,stamp,ne1f50e385bbaffc2
n359704c43e861088--slur--start--1,n359704c43e861088--slur--start--1,slur,stamp,n359704c43e861088
n359704c43e861088--accent--1,,accent,derive,n359704c43e861088
n276565f64f41bf43--slur--stop--1,n276565f64f41bf43--slur--stop--1,slur,stamp,n276565f64f41bf43
ne62de0aa395cf3c2--tuplet--start--1,ne62de0aa395cf3c2--tuplet--start--1,tuplet,stamp,ne62de0aa395cf3c2
n173db3b789236f5d--tuplet--stop--1,n173db3b789236f5d--tuplet--stop--1,tuplet,stamp,n173db3b789236f5d
nad73806c0c0ccdfd--tuplet--start--1,nad73806c0c0ccdfd--tuplet--start--1,tuplet,stamp,nad73806c0c0ccdfd
n7d687aff1ec1a1cf--tuplet--stop--1,n7d687aff1ec1a1cf--tuplet--stop--1,tuplet,stamp,n7d687aff1ec1a1cf
n73b55e3f1ab16dbf--tuplet--start--1,n73b55e3f1ab16dbf--tuplet--start--1,tuplet,stamp,n73b55e3f1ab16dbf
nd67fd04b7d0dee9f--tuplet--stop--1,nd67fd04b7d0dee9f--tuplet--stop--1,tuplet,stamp,nd67fd04b7d0dee9f
neb8b41f2c4bafbca--tuplet--start--1,neb8b41f2c4bafbca--tuplet--start--1,tuplet,stamp,neb8b41f2c4bafbca
n06d495489bb4c354--tuplet--stop--1,n06d495489bb4c354--tuplet--stop--1,tuplet,stamp,n06d495489bb4c354
n4067eb61ecf333c6--tuplet--start--1,n4067eb61ecf333c6--tuplet--start--1,tuplet,stamp,n4067eb61ecf333c6
n57f558ab813afb6e--tuplet--stop--1,n57f558ab813afb6e--tuplet--stop--1,tuplet,stamp,n57f558ab813afb6e
n0227269d283c2b59--tie--1,,tie,derive,n0227269d283c2b59
n0227269d283c2b59--tied--start--1,n0227269d283c2b59--tied--start--1,tied,stamp,n0227269d283c2b59
n0227269d283c2b59--accent--1,,accent,derive,n0227269d283c2b59
n313c3c3f223f5a38--tie--1,,tie,derive,n313c3c3f223f5a38
n313c3c3f223f5a38--tied--stop--1,n313c3c3f223f5a38--tied--stop--1,tied,stamp,n313c3c3f223f5a38
n313c3c3f223f5a38--slur--start--1,n313c3c3f223f5a38--slur--start--1,slur,stamp,n313c3c3f223f5a38
n35c558c233b0e321--slur--stop--1,n35c558c233b0e321--slur--stop--1,slur,stamp,n35c558c233b0e321
e646bfbf2619a3dfc,e646bfbf2619a3dfc,octave-shift,md,1
e79a829573cc1702c,e79a829573cc1702c,octave-shift,md,1
e2d0c1fc7aa461225,e2d0c1fc7aa461225,wedge,md,2
ea7ae08e812e2d24e,ea7ae08e812e2d24e,wedge,md,2
e979a3c5f8c623255,e979a3c5f8c623255,wedge,md,2
eb2571d4a2153b4bf,eb2571d4a2153b4bf,wedge,md,2
n99d94786fa8181b7--tuplet--start--1,n99d94786fa8181b7--tuplet--start--1,tuplet,stamp,n99d94786fa8181b7
n0267696b8ecf6f8c--slur--start--1,n0267696b8ecf6f8c--slur--start--1,slur,stamp,n0267696b8ecf6f8c
n32011f9fdf6cea79--tuplet--stop--1,n32011f9fdf6cea79--tuplet--stop--1,tuplet,stamp,n32011f9fdf6cea79
nbe6fc52f42b2695f--tuplet--start--1,nbe6fc52f42b2695f--tuplet--start--1,tuplet,stamp,nbe6fc52f42b2695f
n218586c3c617780d--tuplet--stop--1,n218586c3c617780d--tuplet--stop--1,tuplet,stamp,n218586c3c617780d
nf57bd613b64b487c--tuplet--start--1,nf57bd613b64b487c--tuplet--start--1,tuplet,stamp,nf57bd613b64b487c
nbb0addd84ee9ec03--tuplet--stop--1,nbb0addd84ee9ec03--tuplet--stop--1,tuplet,stamp,nbb0addd84ee9ec03
n81887939028c2c68--tuplet--start--1,n81887939028c2c68--tuplet--start--1,tuplet,stamp,n81887939028c2c68
n0b2d7fb04aac78af--tuplet--stop--1,n0b2d7fb04aac78af--tuplet--stop--1,tuplet,stamp,n0b2d7fb04aac78af
n2c27834c9c2bce46--tuplet--start--1,n2c27834c9c2bce46--tuplet--start--1,tuplet,stamp,n2c27834c9c2bce46
n7cae6a5292cc50a8--tuplet--stop--1,n7cae6a5292cc50a8--tuplet--stop--1,tuplet,stamp,n7cae6a5292cc50a8
n2bbb30d7e024fab8--tuplet--start--1,n2bbb30d7e024fab8--tuplet--start--1,tuplet,stamp,n2bbb30d7e024fab8
n7ec953d58d804ed4--tuplet--stop--1,n7ec953d58d804ed4--tuplet--stop--1,tuplet,stamp,n7ec953d58d804ed4
n7ec953d58d804ed4--slur--stop--1,n7ec953d58d804ed4--slur--stop--1,slur,stamp,n7ec953d58d804ed4
n21da6a72be738435--tie--1,,tie,derive,n21da6a72be738435
n21da6a72be738435--tied--start--1,n21da6a72be738435--tied--start--1,tied,stamp,n21da6a72be738435
n939ab8ca8d9d72d6--tie--1,,tie,derive,n939ab8ca8d9d72d6
n939ab8ca8d9d72d6--tied--stop--1,n939ab8ca8d9d72d6--tied--stop--1,tied,stamp,n939ab8ca8d9d72d6
n939ab8ca8d9d72d6--slur--start--1,n939ab8ca8d9d72d6--slur--start--1,slur,stamp,n939ab8ca8d9d72d6
n7779584e84a81b1c--slur--stop--1,n7779584e84a81b1c--slur--stop--1,slur,stamp,n7779584e84a81b1c
e669d318db419cfee,e669d318db419cfee,octave-shift,md,1
e1258c8ec6493a0ed,e1258c8ec6493a0ed,octave-shift,md,1
ed24efce63fbf5ddd,ed24efce63fbf5ddd,wedge,md,2
e059c895b2898c900,e059c895b2898c900,wedge,md,2
nc90e40e5d433a6a3--tuplet--start--1,nc90e40e5d433a6a3--tuplet--start--1,tuplet,stamp,nc90e40e5d433a6a3
na72b31c2ce890972--slur--start--1,na72b31c2ce890972--slur--start--1,slur,stamp,na72b31c2ce890972
n2afd22d4cfc60349--tuplet--stop--1,n2afd22d4cfc60349--tuplet--stop--1,tuplet,stamp,n2afd22d4cfc60349
n46aa201b3da6ef65--tuplet--start--1,n46aa201b3da6ef65--tuplet--start--1,tuplet,stamp,n46aa201b3da6ef65
ne7e5df220b10c8da--tuplet--stop--1,ne7e5df220b10c8da--tuplet--stop--1,tuplet,stamp,ne7e5df220b10c8da
n5607e60c4a81889f--tuplet--start--1,n5607e60c4a81889f--tuplet--start--1,tuplet,stamp,n5607e60c4a81889f
n8c436abb86d9a59c--tuplet--stop--1,n8c436abb86d9a59c--tuplet--stop--1,tuplet,stamp,n8c436abb86d9a59c
n70b590e6dee7221c--tuplet--start--1,n70b590e6dee7221c--tuplet--start--1,tuplet,stamp,n70b590e6dee7221c
nbed51dad9e7a2afb--tuplet--stop--1,nbed51dad9e7a2afb--tuplet--stop--1,tuplet,stamp,nbed51dad9e7a2afb
n524ed5692dcd6f7a--tuplet--start--1,n524ed5692dcd6f7a--tuplet--start--1,tuplet,stamp,n524ed5692dcd6f7a
nd37808aaa425a165--tuplet--stop--1,nd37808aaa425a165--tuplet--stop--1,tuplet,stamp,nd37808aaa425a165
nec9e19665f8c5bad--tuplet--start--1,nec9e19665f8c5bad--tuplet--start--1,tuplet,stamp,nec9e19665f8c5bad
nc8c34a6141629a9d--tuplet--stop--1,nc8c34a6141629a9d--tuplet--stop--1,tuplet,stamp,nc8c34a6141629a9d
nc8c34a6141629a9d--slur--stop--1,nc8c34a6141629a9d--slur--stop--1,slur,stamp,nc8c34a6141629a9d
n356397545ea87b24--tie--1,,tie,derive,n356397545ea87b24
n356397545ea87b24--tied--start--1,n356397545ea87b24--tied--start--1,tied,stamp,n356397545ea87b24
n1e3b3578311bc1e9--tie--1,,tie,derive,n1e3b3578311bc1e9
n1e3b3578311bc1e9--tied--stop--1,n1e3b3578311bc1e9--tied--stop--1,tied,stamp,n1e3b3578311bc1e9
nedeed95c61268b96--tuplet--start--1,nedeed95c61268b96--tuplet--start--1,tuplet,stamp,nedeed95c61268b96
n53a515955e051a27--tuplet--stop--1,n53a515955e051a27--tuplet--stop--1,tuplet,stamp,n53a515955e051a27
e8b3ee830b3b93aa7,e8b3ee830b3b93aa7,wedge,md,1
eb3b6b1278590f16f,eb3b6b1278590f16f,octave-shift,md,1
efce89c577d6c8344,efce89c577d6c8344,wedge,md,1
ecd617f2e038e3505,ecd617f2e038e3505,wedge,md,1
e02828ec3ac865982,e02828ec3ac865982,octave-shift,md,1
e91e3ee0306c541b4,e91e3ee0306c541b4,wedge,md,1
n2ad4b288fa8c2468--tuplet--start--1,n2ad4b288fa8c2468--tuplet--start--1,tuplet,stamp,n2ad4b288fa8c2468
nafdab74a811a5841--tuplet--stop--1,nafdab74a811a5841--tuplet--stop--1,tuplet,stamp,nafdab74a811a5841
n8d8fe59df77f1b22--slur--start--1,n8d8fe59df77f1b22--slur--start--1,slur,stamp,n8d8fe59df77f1b22
n8d8fe59df77f1b22--staccato--1,,staccato,derive,n8d8fe59df77f1b22
n345dff6ca72cf7a4--staccato--1,,staccato,derive,n345dff6ca72cf7a4
n7439fccd4b95041c--staccato--1,,staccato,derive,n7439fccd4b95041c
n9dc314add97cb06f--staccato--1,,staccato,derive,n9dc314add97cb06f
ne4623129fe4c1e9b--slur--stop--1,ne4623129fe4c1e9b--slur--stop--1,slur,stamp,ne4623129fe4c1e9b
ne4623129fe4c1e9b--staccato--1,,staccato,derive,ne4623129fe4c1e9b
e65315fd87d445170,e65315fd87d445170,pedal,md,1
e4cec8bdc7f6f8b1e,e4cec8bdc7f6f8b1e,wedge,md,1
e44c49b0b2a367b03,e44c49b0b2a367b03,octave-shift,md,1
e9eec275f26373a96,e9eec275f26373a96,wedge,md,1
e8440245cca55d9ba,e8440245cca55d9ba,octave-shift,md,1
e47a1b4020fb4e6e9,e47a1b4020fb4e6e9,wedge,md,1
e0ca664009229c7a4,e0ca664009229c7a4,octave-shift,md,1
ea4881632ecf67f7a,ea4881632ecf67f7a,octave-shift,md,1
eda227fa23975ddd9,eda227fa23975ddd9,octave-shift,md,1
e96f29e33c749e396,e96f29e33c749e396,octave-shift,md,1
n6496c19c37f84e41--tuplet--start--1,n6496c19c37f84e41--tuplet--start--1,tuplet,stamp,n6496c19c37f84e41
nf3f9c7ffaf8008b2--tuplet--stop--1,nf3f9c7ffaf8008b2--tuplet--stop--1,tuplet,stamp,nf3f9c7ffaf8008b2
n4c4486384c963af9--tuplet--start--1,n4c4486384c963af9--tuplet--start--1,tuplet,stamp,n4c4486384c963af9
nc2752664c446a110--tuplet--stop--1,nc2752664c446a110--tuplet--stop--1,tuplet,stamp,nc2752664c446a110
ne50a49fcee71e419--slur--start--1,ne50a49fcee71e419--slur--start--1,slur,stamp,ne50a49fcee71e419
n918217299099a422--slur--stop--1,n918217299099a422--slur--stop--1,slur,stamp,n918217299099a422
n2a85337d2f97f99f--arpeggiate--1,n2a85337d2f97f99f--arpeggiate--1,arpeggiate,stamp,n2a85337d2f97f99f
n657e64042bcd6a7e--arpeggiate--1,n657e64042bcd6a7e--arpeggiate--1,arpeggiate,stamp,n657e64042bcd6a7e
n6934aa08bd7d7a59--arpeggiate--1,n6934aa08bd7d7a59--arpeggiate--1,arpeggiate,stamp,n6934aa08bd7d7a59
e06dc4e92c34daf44,e06dc4e92c34daf44,wedge,md,1
e8fb4bf1fc9aee064,e8fb4bf1fc9aee064,dynamics,md,1
e97f85d2aec1da304,e97f85d2aec1da304,words,md,1
n6c62f0b600e7994f--slur--start--1,n6c62f0b600e7994f--slur--start--1,slur,stamp,n6c62f0b600e7994f
n6c62f0b600e7994f--staccato--1,,staccato,derive,n6c62f0b600e7994f
n6c62f0b600e7994f--arpeggiate--1,n6c62f0b600e7994f--arpeggiate--1,arpeggiate,stamp,n6c62f0b600e7994f
n4a93c126fb50c2c3--arpeggiate--1,n4a93c126fb50c2c3--arpeggiate--1,arpeggiate,stamp,n4a93c126fb50c2c3
nff504a272ac7dae3--arpeggiate--1,nff504a272ac7dae3--arpeggiate--1,arpeggiate,stamp,nff504a272ac7dae3
n86b2262aaa2a51ed--staccato--1,,staccato,derive,n86b2262aaa2a51ed
n86b2262aaa2a51ed--arpeggiate--1,n86b2262aaa2a51ed--arpeggiate--1,arpeggiate,stamp,n86b2262aaa2a51ed
n083d6087ebb7299a--arpeggiate--1,n083d6087ebb7299a--arpeggiate--1,arpeggiate,stamp,n083d6087ebb7299a
na3c9c1509a355a80--arpeggiate--1,na3c9c1509a355a80--arpeggiate--1,arpeggiate,stamp,na3c9c1509a355a80
n20b37b88cc77d44e--slur--stop--1,n20b37b88cc77d44e--slur--stop--1,slur,stamp,n20b37b88cc77d44e
n20b37b88cc77d44e--staccato--1,,staccato,derive,n20b37b88cc77d44e
n20b37b88cc77d44e--arpeggiate--1,n20b37b88cc77d44e--arpeggiate--1,arpeggiate,stamp,n20b37b88cc77d44e
na7445e1009e7d2da--arpeggiate--1,na7445e1009e7d2da--arpeggiate--1,arpeggiate,stamp,na7445e1009e7d2da
na22ff5bb8cf88860--arpeggiate--1,na22ff5bb8cf88860--arpeggiate--1,arpeggiate,stamp,na22ff5bb8cf88860
n61780756ca6da15c--fermata--upright--1,n61780756ca6da15c--fermata--upright--1,fermata,stamp,n61780756ca6da15c
n61780756ca6da15c--arpeggiate--1,n61780756ca6da15c--arpeggiate--1,arpeggiate,stamp,n61780756ca6da15c
n32458bd3c6b481f6--arpeggiate--1,n32458bd3c6b481f6--arpeggiate--1,arpeggiate,stamp,n32458bd3c6b481f6
n96f041f98b6324d7--arpeggiate--1,n96f041f98b6324d7--arpeggiate--1,arpeggiate,stamp,n96f041f98b6324d7
n4979e1a76fc2e466--slur--start--1,n4979e1a76fc2e466--slur--start--1,slur,stamp,n4979e1a76fc2e466
n4979e1a76fc2e466--staccato--1,,staccato,derive,n4979e1a76fc2e466
n4979e1a76fc2e466--arpeggiate--1,n4979e1a76fc2e466--arpeggiate--1,arpeggiate,stamp,n4979e1a76fc2e466
n048234dc55616f90--arpeggiate--1,n048234dc55616f90--arpeggiate--1,arpeggiate,stamp,n048234dc55616f90
ne03acce9f30cd670--arpeggiate--1,ne03acce9f30cd670--arpeggiate--1,arpeggiate,stamp,ne03acce9f30cd670
n1604c672b1138ca9--staccato--1,,staccato,derive,n1604c672b1138ca9
n1604c672b1138ca9--arpeggiate--1,n1604c672b1138ca9--arpeggiate--1,arpeggiate,stamp,n1604c672b1138ca9
nc788340aeb9b181a--arpeggiate--1,nc788340aeb9b181a--arpeggiate--1,arpeggiate,stamp,nc788340aeb9b181a
n15fc7ad10b20102d--arpeggiate--1,n15fc7ad10b20102d--arpeggiate--1,arpeggiate,stamp,n15fc7ad10b20102d
n9faf88c7066ff3fa--slur--stop--1,n9faf88c7066ff3fa--slur--stop--1,slur,stamp,n9faf88c7066ff3fa
n9faf88c7066ff3fa--staccato--1,,staccato,derive,n9faf88c7066ff3fa
n9faf88c7066ff3fa--arpeggiate--1,n9faf88c7066ff3fa--arpeggiate--1,arpeggiate,stamp,n9faf88c7066ff3fa
n9de833a0e9a916c9--arpeggiate--1,n9de833a0e9a916c9--arpeggiate--1,arpeggiate,stamp,n9de833a0e9a916c9
n3725d58dc275ca91--arpeggiate--1,n3725d58dc275ca91--arpeggiate--1,arpeggiate,stamp,n3725d58dc275ca91
nf12412cc48f79074--fermata--upright--1,nf12412cc48f79074--fermata--upright--1,fermata,stamp,nf12412cc48f79074
nf12412cc48f79074--arpeggiate--1,nf12412cc48f79074--arpeggiate--1,arpeggiate,stamp,nf12412cc48f79074
n10c0517b2d9aeedd--arpeggiate--1,n10c0517b2d9aeedd--arpeggiate--1,arpeggiate,stamp,n10c0517b2d9aeedd
n91bc4cc24c3ddf35--arpeggiate--1,n91bc4cc24c3ddf35--arpeggiate--1,arpeggiate,stamp,n91bc4cc24c3ddf35
e9c299f83674ad15c,e9c299f83674ad15c,words,md,1
e32bfb0ea6ea498dd,e32bfb0ea6ea498dd,pedal,md,1
