note_id,original_id,printed_bar
ncae0e7ec3634d539,ncae0e7ec3634d539,1
n1d41d64271c37c34,n1d41d64271c37c34,1
n6dbd155f6125fa99,n6dbd155f6125fa99,1
nabfb9ab928e8e951,nabfb9ab928e8e951,1
ne743d42104129b12,ne743d42104129b12,1
n008c50288dce74df,n008c50288dce74df,1
nd588f7ef2e58c475,nd588f7ef2e58c475,1
nce5387cc4dc2e4e6,nce5387cc4dc2e4e6,1
nf9c36ed43c36a3c9,nf9c36ed43c36a3c9,1
n8d8d9d2c4993740e,n8d8d9d2c4993740e,1
ne4eaf18ed3e06c61,ne4eaf18ed3e06c61,2
nf544c9cfce129b00,nf544c9cfce129b00,2
nd260bb5483a7fee5,nd260bb5483a7fee5,2
n73ab13648df19954,n73ab13648df19954,2
n755ac5c42570da7d,n755ac5c42570da7d,2
n924d42b2bac085bc,n924d42b2bac085bc,2
n3307e3b4fb652962,n3307e3b4fb652962,2
n923c7f0ecfcd16f3,n923c7f0ecfcd16f3,2
nb7fa49dbb4c4c865,nb7fa49dbb4c4c865,2
n7e73af2982d29453,n7e73af2982d29453,2
n5ca3ed1786978c62,n5ca3ed1786978c62,2
ncce0f16ed7fddce5,ncce0f16ed7fddce5,2
ne1ce7806b6eb793c,ne1ce7806b6eb793c,2
n0bc7273135f431a4,n0bc7273135f431a4,2
nf791bed87ed2611e,nf791bed87ed2611e,2
n37f2281073b4b2eb,n37f2281073b4b2eb,2
n1796c1e00fe76e50,n1796c1e00fe76e50,2
n1e1749cd55bdf0f4,n1e1749cd55bdf0f4,2
necbc3c326b153905,necbc3c326b153905,2
nced816cf8c1e1f30,nced816cf8c1e1f30,2
nb27ca05947a26fd6,nb27ca05947a26fd6,3
n85991facf5f4a26f,n85991facf5f4a26f,3
na813c97a1e6d2a72,na813c97a1e6d2a72,3
ncdf304b4b3a5c889,ncdf304b4b3a5c889,3
n49f3a1a83abaa4cb,n49f3a1a83abaa4cb,3
na9b3fff5f538b8be,na9b3fff5f538b8be,3
n70953c71601d3ea3,n70953c71601d3ea3,3
n1af79e5eb53fab6e,n1af79e5eb53fab6e,3
na0916a25f748da92,na0916a25f748da92,3
n8d53bfbc7935dfd7,n8d53bfbc7935dfd7,3
n9dacb3df6be5ba62,n9dacb3df6be5ba62,3
neac5eac9024549ef,neac5eac9024549ef,3
nbac836b928d83ef5,nbac836b928d83ef5,3
n7e654cff449b6cf6,n7e654cff449b6cf6,3
n6c4084c6f4b54d11,n6c4084c6f4b54d11,3
nd38a55d185132695,nd38a55d185132695,3
n20cedeee86738745,n20cedeee86738745,3
n13af33fe30d02fa9,n13af33fe30d02fa9,3
ndf3ae15ec11253a0,ndf3ae15ec11253a0,3
n2400545a82b853df,n2400545a82b853df,3
n09d9fb1a6e2dd12b,n09d9fb1a6e2dd12b,4
n839561be0d85dbb3,n839561be0d85dbb3,4
n94b3d152c8909140,n94b3d152c8909140,4
ncc0925376eac179f,ncc0925376eac179f,4
nabf41576c835026f,nabf41576c835026f,4
n27f007ddf63d7da3,n27f007ddf63d7da3,4
n0fc1cb9704b4c7c0,n0fc1cb9704b4c7c0,4
n1d89268d0a166ffe,n1d89268d0a166ffe,4
n16c79a54df616323,n16c79a54df616323,4
n215103925480f472,n215103925480f472,4
nbdff48a926b6cd7a,nbdff48a926b6cd7a,4
n4d04e749c95de838,n4d04e749c95de838,4
nc0ebfcc162469f75,nc0ebfcc162469f75,4
nf4c5826284ce7200,nf4c5826284ce7200,4
n95a5c997fd4db2af,n95a5c997fd4db2af,4
nd7344edc46895570,nd7344edc46895570,4
nc59ca3590b40cd92,nc59ca3590b40cd92,4
nb1d45b024c895f68,nb1d45b024c895f68,4
n26c65e22374ec57d,n26c65e22374ec57d,4
n7e473b7eeb3f3974,n7e473b7eeb3f3974,4
n01a6a32ae388baeb,n01a6a32ae388baeb,4
nc38c6f2b6e53a0c5,nc38c6f2b6e53a0c5,4
n4b769a356d656770,n4b769a356d656770,4
nd0777ca06f64594b,nd0777ca06f64594b,4
n81ee5798689d7955,n81ee5798689d7955,4
ncb891cc6aacc2d2c,ncb891cc6aacc2d2c,4
ne291feb268162aee,ne291feb268162aee,5
neeb8a40183631bb9,neeb8a40183631bb9,5
nbf304a8d66a2dbe8,nbf304a8d66a2dbe8,5
nb28aaea0534e4f65,nb28aaea0534e4f65,5
n1dac546f1f16442e,n1dac546f1f16442e,5
n84c18a044279c2f6,n84c18a044279c2f6,5
n33a45a783856ba1d,n33a45a783856ba1d,5
n2409cc84cb1e6722,n2409cc84cb1e6722,5
nf56b68b50cbe4e2f,nf56b68b50cbe4e2f,5
n318ac25e53f1ef55,n318ac25e53f1ef55,5
n48b1f48488ba08a7,n48b1f48488ba08a7,5
n9e4f90c5c1d999a3,n9e4f90c5c1d999a3,5
n9da628096f086543,n9da628096f086543,5
ndbf96aa97eb9e85b,ndbf96aa97eb9e85b,5
nea0f34daa5b8111d,nea0f34daa5b8111d,5
ncc04bd1085cbe471,ncc04bd1085cbe471,5
n208ad209f513bd21,n208ad209f513bd21,5
nc414e7380fbf47d9,nc414e7380fbf47d9,5
nb9d9ae13741cecc8,nb9d9ae13741cecc8,5
n8311d8e10a1b007e,n8311d8e10a1b007e,5
nfbd0ffc54fdea1eb,nfbd0ffc54fdea1eb,5
n62b7ab68a1604a89,n62b7ab68a1604a89,6
nefd68efd37580d35,nefd68efd37580d35,6
n24c1db7d4e5768f0,n24c1db7d4e5768f0,6
nbebb8493c1bf7568,nbebb8493c1bf7568,6
ne924b118be90fa23,ne924b118be90fa23,6
nb9c9260c28ee1d08,nb9c9260c28ee1d08,6
na8bfe585dad24afb,na8bfe585dad24afb,6
n229de04720379e2d,n229de04720379e2d,6
n40e2eb5fad72713d,n40e2eb5fad72713d,6
n640c0374b50ad5bb,n640c0374b50ad5bb,6
n6fea75bbc6534a45,n6fea75bbc6534a45,6
na4f8e97ae7ade265,na4f8e97ae7ade265,6
nfd406fc3c914ff59,nfd406fc3c914ff59,6
nbcfaac58670fc12b,nbcfaac58670fc12b,6
n59453d593a9d5c8d,n59453d593a9d5c8d,6
nc7c33ae84070be1f,nc7c33ae84070be1f,6
n0efbd62bbf29ee52,n0efbd62bbf29ee52,6
nc0b8f75bac3660f7,nc0b8f75bac3660f7,6
n518978566cc1fc1a,n518978566cc1fc1a,6
n4c14728c674a9cbc,n4c14728c674a9cbc,6
n78d131a1c0d85dcf,n78d131a1c0d85dcf,6
na74b9cb562acaf2c,na74b9cb562acaf2c,6
n36dd49865d6146e5,n36dd49865d6146e5,6
n8dec5ef14cae0a12,n8dec5ef14cae0a12,6
n59152f20a7a54c54,n59152f20a7a54c54,6
neebc902dbcca0b29,neebc902dbcca0b29,6
nb35b9a9727a2c1b4,nb35b9a9727a2c1b4,7
na7c2e61e775d1091,na7c2e61e775d1091,7
na4582fa7e3921bbb,na4582fa7e3921bbb,7
nbb7b2da44f923bca,nbb7b2da44f923bca,7
ncab51a27380f1d8b,ncab51a27380f1d8b,7
n1c1430cb4db935bd,n1c1430cb4db935bd,7
nf93873a4b61ba5be,nf93873a4b61ba5be,7
n3385b4c76df2d62b,n3385b4c76df2d62b,7
n070ffd277d6955c1,n070ffd277d6955c1,7
ne5dea43b3730317e,ne5dea43b3730317e,7
n588063ae152a6ed1,n588063ae152a6ed1,7
n8355a503a2d146a7,n8355a503a2d146a7,7
n2176f9024ff8a5b3,n2176f9024ff8a5b3,7
n037d789c061d614b,n037d789c061d614b,7
nb04187637ca6dc4f,nb04187637ca6dc4f,7
nb0eed1f78847f7c4,nb0eed1f78847f7c4,7
n2522b4cc23a32a9c,n2522b4cc23a32a9c,7
n67fab4089750ba9f,n67fab4089750ba9f,8
n9f7b3fab2a6e832f,n9f7b3fab2a6e832f,8
n81d3e749ed0191e5,n81d3e749ed0191e5,8
n20d5e12ffbce073a,n20d5e12ffbce073a,8
n5f4ae8a015e3a4cf,n5f4ae8a015e3a4cf,8
nae1afee9f4569a6d,nae1afee9f4569a6d,8
n7e09cd6c05f25ce9,n7e09cd6c05f25ce9,8
n6041389f7d08a321,n6041389f7d08a321,8
nf516ed633314f194,nf516ed633314f194,8
nfb25bc524d8c568b,nfb25bc524d8c568b,8
n32e4a81c61cba897,n32e4a81c61cba897,8
n5963bd2bf5b82384,n5963bd2bf5b82384,8
n831da31669876b4a,n831da31669876b4a,8
nef93f8e265e470bd,nef93f8e265e470bd,8
n557a911c710ec643,n557a911c710ec643,8
ndb0626b0b3996f9b,ndb0626b0b3996f9b,8
na7a8af578236bbe9,na7a8af578236bbe9,8
n735ed2f3969d043e,n735ed2f3969d043e,8
n6c380fac86f8cc42,n6c380fac86f8cc42,8
n29eaaf9d77b8e248,n29eaaf9d77b8e248,8
nb11d7362c18e7d39,nb11d7362c18e7d39,8
n535ae97fcb082fa6,n535ae97fcb082fa6,9
n4aac0465ca5969be,n4aac0465ca5969be,9
nfe5748610a518bea,nfe5748610a518bea,9
na9f5f4aba7b667e7,na9f5f4aba7b667e7,9
n7443911e2235bba4,n7443911e2235bba4,9
n3cf3032bfa898a3f,n3cf3032bfa898a3f,9
nee8474916390e350,nee8474916390e350,9
n36c0029ef58c2518,n36c0029ef58c2518,9
n84f3ade344fa8257,n84f3ade344fa8257,9
nf4bb9247d3229a9e,nf4bb9247d3229a9e,10
n265dadde49621f20,n265dadde49621f20,10
ne334a21b93bbe85f,ne334a21b93bbe85f,10
nd285a2acd8725d0b,nd285a2acd8725d0b,10
nf188ff6ca56482f2,nf188ff6ca56482f2,10
n8a75517bbac66ddc,n8a75517bbac66ddc,10
n6659e544f2cf8ec1,n6659e544f2cf8ec1,10
naf8e498f453b87b2,naf8e498f453b87b2,10
n1f3a3566ed5264a9,n1f3a3566ed5264a9,10
ndefd6a7b26a0873b,ndefd6a7b26a0873b,10
n20f90f4ba3432d88,n20f90f4ba3432d88,10
nf8a9d7898d6cccdd,nf8a9d7898d6cccdd,10
nd002f852d04419d5,nd002f852d04419d5,10
nef3bd43410fcc7c4,nef3bd43410fcc7c4,10
n3fc75e20ccf43cd3,n3fc75e20ccf43cd3,10
nd6be421ce13a050e,nd6be421ce13a050e,10
nea6025dcf6f7a4e0,nea6025dcf6f7a4e0,10
nbc9930db466d9f18,nbc9930db466d9f18,10
n79f205150d86f712,n79f205150d86f712,10
ncdd872fbb1e5eedf,ncdd872fbb1e5eedf,10
n1cb4fbcc217cf31d,n1cb4fbcc217cf31d,10
nd4f72bf81256f3de,nd4f72bf81256f3de,10
n28ba1359c1034b3f,n28ba1359c1034b3f,10
n99061377b4341739,n99061377b4341739,10
n093bc9139d8d2f21,n093bc9139d8d2f21,10
n4c63139ddfd4e98d,n4c63139ddfd4e98d,10
n65541c36c729a682,n65541c36c729a682,10
ne252f934c9a53c56,ne252f934c9a53c56,10
nb1e18c384857702e,nb1e18c384857702e,10
n7899c0a85a63f384,n7899c0a85a63f384,10
ncc83f8e121a3dd15,ncc83f8e121a3dd15,10
nd449adfac31adc9f,nd449adfac31adc9f,10
n0f943b260b394ee0,n0f943b260b394ee0,10
n48b4e666afd31412,n48b4e666afd31412,10
n6167bee2c9aaf092,n6167bee2c9aaf092,10
n09c1d0f8dbcc9f61,n09c1d0f8dbcc9f61,10
naa6237c269654380,naa6237c269654380,10
nb6bf77289316e4e7,nb6bf77289316e4e7,10
n21ce2da961b8feb6,n21ce2da961b8feb6,10
n3c4265ea9a88f497,n3c4265ea9a88f497,10
ndee29c52a8d06875,ndee29c52a8d06875,10
n862a8231703dfb46,n862a8231703dfb46,10
ne60539ef2bd1eb95,ne60539ef2bd1eb95,10
n46d1051f70050263,n46d1051f70050263,10
n135dcf3cf2a513de,n135dcf3cf2a513de,10
n2a0a68f2f0f6788b,n2a0a68f2f0f6788b,10
n6fa189c3599d7857,n6fa189c3599d7857,10
nfcadbd80e647cc25,nfcadbd80e647cc25,10
n8384f9913a679209,n8384f9913a679209,10
ne651c12639b1df1d,ne651c12639b1df1d,10
n15467b39b68371e4,n15467b39b68371e4,10
n900ca07482a2b1b2,n900ca07482a2b1b2,10
ne8902d9b8d8c81ef,ne8902d9b8d8c81ef,10
n9a9527144cebeb0f,n9a9527144cebeb0f,10
nf5446a4637e59235,nf5446a4637e59235,10
n13885cb466b012be,n13885cb466b012be,10
n36ab129fa1bae450,n36ab129fa1bae450,10
n8e261084a08c8feb,n8e261084a08c8feb,10
n53821d3a85394f9b,n53821d3a85394f9b,10
n96f500653245b139,n96f500653245b139,10
nca7bb94c1b4b486b,nca7bb94c1b4b486b,10
n95ff061d6bc4df2c,n95ff061d6bc4df2c,10
n50f7b5243aa752be,n50f7b5243aa752be,10
n7be475708ccce14d,n7be475708ccce14d,10
n0d91fd75de712b50,n0d91fd75de712b50,10
n63ebd013b67dd2a5,n63ebd013b67dd2a5,10
ncfbcf7dedfc909af,ncfbcf7dedfc909af,10
n633e06ce68a0422d,n633e06ce68a0422d,10
nce232c2c9cce54b7,nce232c2c9cce54b7,10
n27101db9a043b585,n27101db9a043b585,10
nc0626bca80a78ed9,nc0626bca80a78ed9,10
n98d8675387fb793e,n98d8675387fb793e,10
n5074f4d6e3348b56,n5074f4d6e3348b56,10
nc9be48af6c23f147,nc9be48af6c23f147,10
n82c365725def611a,n82c365725def611a,10
n87f14044c498fb89,n87f14044c498fb89,10
n1d73537786e771c3,n1d73537786e771c3,10
n29b710e62c80366f,n29b710e62c80366f,10
n8092c1b57f3259f1,n8092c1b57f3259f1,10
ndc3c35d56ff5ecfd,ndc3c35d56ff5ecfd,11
nc716fe0c3de26248,nc716fe0c3de26248,11
n2781ee3aac4d04a9,n2781ee3aac4d04a9,11
nac930f4efa18345f,nac930f4efa18345f,11
n0d1d363fa3fae81c,n0d1d363fa3fae81c,11
n498d2448c46f5014,n498d2448c46f5014,11
ne1c356f2917aa24c,ne1c356f2917aa24c,11
n70973eec46717e86,n70973eec46717e86,11
na400ddde36ef71db,na400ddde36ef71db,11
n06b70cc4611bd0af,n06b70cc4611bd0af,11
n966c4b57d7f253cc,n966c4b57d7f253cc,11
nd88b2af178a604b8,nd88b2af178a604b8,11
n02fe674e8f45c3bc,n02fe674e8f45c3bc,11
nb802e0c322be8e6e,nb802e0c322be8e6e,11
nd903afa769798941,nd903afa769798941,11
n8213078ec09311cc,n8213078ec09311cc,11
ne330255feee85c94,ne330255feee85c94,11
nf4a2c76b2cf4bd8c,nf4a2c76b2cf4bd8c,11
n9881cd100eea8394,n9881cd100eea8394,11
n6fffd168b696c675,n6fffd168b696c675,11
ne492b4ec476c0b3c,ne492b4ec476c0b3c,12
n44bf92618dcbfea7,n44bf92618dcbfea7,12
n2a4bbc6b8955b217,n2a4bbc6b8955b217,12
n08b624ef11236b7d,n08b624ef11236b7d,12
nf18a6c98e41c9c18,nf18a6c98e41c9c18,12
nb1a50dafe43358a1,nb1a50dafe43358a1,12
n75a39bfa66343a8b,n75a39bfa66343a8b,12
n226b244aa73a4e33,n226b244aa73a4e33,12
n7be9197076abec17,n7be9197076abec17,12
n4f348917e5f45b05,n4f348917e5f45b05,12
n2622709cfea5ce2f,n2622709cfea5ce2f,12
n29b212ec48bddd65,n29b212ec48bddd65,12
ne41b8f6022ad24ec,ne41b8f6022ad24ec,12
nb15ca29835dde08e,nb15ca29835dde08e,12
n021b4fbb07e7acee,n021b4fbb07e7acee,12
nb36daf149de41fce,nb36daf149de41fce,12
n7a5f1e811ee0dd5b,n7a5f1e811ee0dd5b,12
n4d426eb674c82aea,n4d426eb674c82aea,12
n518820692ee1f75e,n518820692ee1f75e,12
nd6e1d77ebc65b2a7,nd6e1d77ebc65b2a7,12
n5513203e8a44d4b2,n5513203e8a44d4b2,13
nf497971fd71b5e12,nf497971fd71b5e12,13
n592f1ed8c9fd54ae,n592f1ed8c9fd54ae,13
nce4a5abaca43f112,nce4a5abaca43f112,13
nbe742e1e2eb87618,nbe742e1e2eb87618,13
n03dc7bdba949ed4f,n03dc7bdba949ed4f,13
n7863365a3cede993,n7863365a3cede993,13
n249efca75a59841e,n249efca75a59841e,13
nc3da1350aa358713,nc3da1350aa358713,13
ndbca12d5e2f1c86b,ndbca12d5e2f1c86b,13
n3abc31568d706b7f,n3abc31568d706b7f,13
n195da761a6d8139d,n195da761a6d8139d,13
ne3361345a2e30fbd,ne3361345a2e30fbd,13
n08d6d626ef1faf4f,n08d6d626ef1faf4f,13
n2eb56867990fc0c6,n2eb56867990fc0c6,13
n785b702f7deaf3c9,n785b702f7deaf3c9,13
n3673ebf36fdc4675,n3673ebf36fdc4675,13
n20b0f35aad14da99,n20b0f35aad14da99,13
n20f1d4cf66e2839b,n20f1d4cf66e2839b,13
n2e8a43ff26cc96df,n2e8a43ff26cc96df,13
n74889cc8919719dc,n74889cc8919719dc,13
n68ca0f8ccbaf8b25,n68ca0f8ccbaf8b25,13
n03deb443f2bd3ecc,n03deb443f2bd3ecc,14
nfc86784bddb25eef,nfc86784bddb25eef,14
n121f0e4d8cada3de,n121f0e4d8cada3de,14
n3cb9af2e1a419b15,n3cb9af2e1a419b15,14
n47abc5afe8ac3c0f,n47abc5afe8ac3c0f,14
nfee22eada97800c9,nfee22eada97800c9,14
n2e6dfb44c0b9bcd2,n2e6dfb44c0b9bcd2,14
n796ab85921535ad9,n796ab85921535ad9,14
n8503b9c3365e4779,n8503b9c3365e4779,14
neb8ef289c8db2485,neb8ef289c8db2485,14
n49353c06f2cc96cd,n49353c06f2cc96cd,14
nd7e667912c8a3fc1,nd7e667912c8a3fc1,14
n86b5f9c8cd734c9b,n86b5f9c8cd734c9b,14
n892a08223353ee00,n892a08223353ee00,14
ndee2ac4bbc49d5e8,ndee2ac4bbc49d5e8,14
n2374da27bcb98978,n2374da27bcb98978,14
n88c6f382de3acc11,n88c6f382de3acc11,14
nf9e70d0410005742,nf9e70d0410005742,14
nb0fd7cc02d02bc19,nb0fd7cc02d02bc19,14
nda55eb699aee4c7b,nda55eb699aee4c7b,14
n52f497efd7beadce,n52f497efd7beadce,14
n7f5da61883bfffeb,n7f5da61883bfffeb,14
nd4f981206d51fad6,nd4f981206d51fad6,14
n9b3472d562d63f2a,n9b3472d562d63f2a,14
n4fd7c3341d31b294,n4fd7c3341d31b294,14
n0d78fecf49d07628,n0d78fecf49d07628,14
n4dcb5b26fba26048,n4dcb5b26fba26048,14
neff4055bf27362a0,neff4055bf27362a0,14
n2d7705c3d72a3db0,n2d7705c3d72a3db0,14
n15cc229f0c827497,n15cc229f0c827497,14
n4dc08dc67a42ce64,n4dc08dc67a42ce64,14
nd0ce521fbc521ef4,nd0ce521fbc521ef4,14
n60200ff8ebf79575,n60200ff8ebf79575,14
ncf37d2bf7fbe3b85,ncf37d2bf7fbe3b85,14
n51453d08029ab790,n51453d08029ab790,14
n57a496cb5ea520d3,n57a496cb5ea520d3,14
n113ffe454250b107,n113ffe454250b107,14
n05bbd4f1e21d6afc,n05bbd4f1e21d6afc,14
n9d1c759d5b82f38c,n9d1c759d5b82f38c,14
nae48caac8a0df165,nae48caac8a0df165,14
n7b248c44635a6c66,n7b248c44635a6c66,14
n97b44b053146c41d,n97b44b053146c41d,14
n49827c9b7ef702d2,n49827c9b7ef702d2,14
n2cfa379e8125ebb9,n2cfa379e8125ebb9,14
nee4583d094b53b81,nee4583d094b53b81,14
n1b0e92385389c017,n1b0e92385389c017,14
n547a7aeba9a24572,n547a7aeba9a24572,14
nb6d0c25cf8d00c8f,nb6d0c25cf8d00c8f,14
nac2e8c181601eab4,nac2e8c181601eab4,14
nf5db1c1762648e3a,nf5db1c1762648e3a,14
n8fb14f3158a80b95,n8fb14f3158a80b95,14
nf5dabcb9ad58f9e1,nf5dabcb9ad58f9e1,14
ne566786ac0f37920,ne566786ac0f37920,14
nd7d950a593d53619,nd7d950a593d53619,14
nf4bde9e01d24b99f,nf4bde9e01d24b99f,14
n0a32f94f11b63a1e,n0a32f94f11b63a1e,14
n0dabc45591924671,n0dabc45591924671,14
n4816f39af8f8deab,n4816f39af8f8deab,14
neecb02b8102909e4,neecb02b8102909e4,14
n36bc8628d7f36b06,n36bc8628d7f36b06,14
n31abd365033cfdcf,n31abd365033cfdcf,14
n66f2923be7dd6ea9,n66f2923be7dd6ea9,14
nb55c84a2fb320532,nb55c84a2fb320532,14
ndce64ff5808c39fa,ndce64ff5808c39fa,14
n5006142c47e82fb7,n5006142c47e82fb7,14
ne25a8793bc540fc2,ne25a8793bc540fc2,14
n5d8de9fa6a49b462,n5d8de9fa6a49b462,14
n9418f8d505fb2f02,n9418f8d505fb2f02,14
n13e496d8b0df6e6e,n13e496d8b0df6e6e,14
n48511285a5a972d7,n48511285a5a972d7,14
n2e7dd0bdd73c62a7,n2e7dd0bdd73c62a7,14
na0f86274600da404,na0f86274600da404,14
nd3aa5fa85dbabb60,nd3aa5fa85dbabb60,14
naae88b45689ff85a,naae88b45689ff85a,14
n54e67270a6e1b3d1,n54e67270a6e1b3d1,14
n988fb5eaf8b26bc2,n988fb5eaf8b26bc2,14
nd64f60ae3e2f17b7,nd64f60ae3e2f17b7,14
nba242774a945c977,nba242774a945c977,X1
n56e7d32d97b757fe,n56e7d32d97b757fe,X1
nbfdf22394929b481,nbfdf22394929b481,X1
nc22a6615ffac8965,nc22a6615ffac8965,X1
n5d2d46c487946892,n5d2d46c487946892,X1
n5d3a88875a3a465d,n5d3a88875a3a465d,X1
nd1fb21b630f8c09a,nd1fb21b630f8c09a,X1
nbfee91e1dc1e20cb,nbfee91e1dc1e20cb,X1
n4ba1f9c7f1f80188,n4ba1f9c7f1f80188,X1
n283dbd0953ffadf6,n283dbd0953ffadf6,X1
nb3ee5b24b5497731,nb3ee5b24b5497731,X1
n83c3299e8d2a946d,n83c3299e8d2a946d,X1
n258251a01b468288,n258251a01b468288,X1
nc1c1164ca14a7e67,nc1c1164ca14a7e67,X1
ne97ecb3b49cea39a,ne97ecb3b49cea39a,X1
n07527a22e401e9ba,n07527a22e401e9ba,X1
n95bf9959bc3279f9,n95bf9959bc3279f9,X1
n2513100c7690cdd4,n2513100c7690cdd4,X1
n6ba67eeec120362f,n6ba67eeec120362f,X1
nbc8123ab82972a4f,nbc8123ab82972a4f,X1
n6d6f75447ad428f5,n6d6f75447ad428f5,X1
n363dc31391a23357,n363dc31391a23357,X1
n6f508c0f9f275c93,n6f508c0f9f275c93,X1
n66cfe636eff4aa51,n66cfe636eff4aa51,X1
ndbf7bd358b43507b,ndbf7bd358b43507b,X1
n1c3fc95d83729325,n1c3fc95d83729325,X1
n1321c591a6894b58,n1321c591a6894b58,X1
ne4fd738fb57035a4,ne4fd738fb57035a4,X1
n43fa55db7a8137cf,n43fa55db7a8137cf,X1
nf7d7495677304535,nf7d7495677304535,X1
n916c24c7765c697f,n916c24c7765c697f,X1
n027a26b6cd2d5de9,n027a26b6cd2d5de9,X1
nc67365cb2a43b49b,nc67365cb2a43b49b,X1
n4b719d24f7044096,n4b719d24f7044096,X1
n5ec290689dede1a3,n5ec290689dede1a3,X1
n0069b484d74cf897,n0069b484d74cf897,X1
ne671fa5c755fc79f,ne671fa5c755fc79f,X1
nf8e9818d3c41b6f5,nf8e9818d3c41b6f5,X1
n7472d472f922f43e,n7472d472f922f43e,X1
nea49d6cdb9d49e9b,nea49d6cdb9d49e9b,X1
n8ae9643934c85bd8,n8ae9643934c85bd8,X1
n84350c7cb917e9dc,n84350c7cb917e9dc,X1
n4f76f4073da68d47,n4f76f4073da68d47,X1
n291376cc2d9bb2c5,n291376cc2d9bb2c5,X1
nced37ed5d376d6b7,nced37ed5d376d6b7,X1
nf42787680e9e68a8,nf42787680e9e68a8,X1
n4538aba8968aecda,n4538aba8968aecda,X1
nae54d3d3c524b8b2,nae54d3d3c524b8b2,X1
nde68412640c87f22,nde68412640c87f22,X1
n13ccd2b3e616fe8c,n13ccd2b3e616fe8c,X1
nfd76cb767eeb8ab8,nfd76cb767eeb8ab8,X1
n1d41a251fcc3dfae,n1d41a251fcc3dfae,X1
nd88924242876c4cb,nd88924242876c4cb,X1
n887857b5a2944226,n887857b5a2944226,X1
n6f85655802c3ed8d,n6f85655802c3ed8d,X1
nd770782b32316b7b,nd770782b32316b7b,X1
n18008baff6c9dca3,n18008baff6c9dca3,X1
n1589bfb2620f5a30,n1589bfb2620f5a30,X1
n5a560d264041e567,n5a560d264041e567,X1
n3dc9c333bbce8864,n3dc9c333bbce8864,X1
nfa8daf1a2bdb83fb,nfa8daf1a2bdb83fb,X1
nf0550174b146c287,nf0550174b146c287,X1
n1d0222ae90387eb8,n1d0222ae90387eb8,X1
ne338205ab9b88951,ne338205ab9b88951,X1
nac0bb0a68e8fe6de,nac0bb0a68e8fe6de,X1
n33d31b5f17de89c5,n33d31b5f17de89c5,X1
n48e45f934ee9679f,n48e45f934ee9679f,X1
nb0479474a575a42a,nb0479474a575a42a,X1
n49a08cdab6e0afad,n49a08cdab6e0afad,X1
n3491d7c3242b881d,n3491d7c3242b881d,X1
ne90fb34d185deb26,ne90fb34d185deb26,X1
nb6f30cbe631dac53,nb6f30cbe631dac53,X1
n768806154299668c,n768806154299668c,X1
ne19918e1e377b887,ne19918e1e377b887,X1
n861136576f1e9418,n861136576f1e9418,X1
ne863ccc4be3927de,ne863ccc4be3927de,X2
n8022064152806898,n8022064152806898,X2
nf6aa8aa0291affc5,nf6aa8aa0291affc5,X2
nfb7bb41e4fd4e13e,nfb7bb41e4fd4e13e,X2
nea66857b92bd6eaf,nea66857b92bd6eaf,X2
n3e77465cf5bdbb2e,n3e77465cf5bdbb2e,X2
nee3dfebbe8598354,nee3dfebbe8598354,X2
n00fc4d8679b21ff2,n00fc4d8679b21ff2,X2
n86259578d9c2c397,n86259578d9c2c397,X2
n09f415c449f44184,n09f415c449f44184,X2
n1d3facb14242ff0b,n1d3facb14242ff0b,X2
n1299e262da927ad4,n1299e262da927ad4,X2
ne34a8fb3f63b175c,ne34a8fb3f63b175c,X2
n73b765c5dd556492,n73b765c5dd556492,X2
n90eebfc8b42fcce9,n90eebfc8b42fcce9,X2
nc2889bd459c71ca6,nc2889bd459c71ca6,X2
n9579104566fa07f0,n9579104566fa07f0,X2
n2782752e42c707e6,n2782752e42c707e6,X2
n9477ec0065729659,n9477ec0065729659,X2
n2b17e34bb8e380b9,n2b17e34bb8e380b9,X2
nb91bb340b3604aeb,nb91bb340b3604aeb,X2
nfb919799b84ce518,nfb919799b84ce518,X2
n6152501c2d87d756,n6152501c2d87d756,X2
n59e079f38e4da218,n59e079f38e4da218,X2
n61638224f6a735ec,n61638224f6a735ec,X2
nf2b9709062d0f954,nf2b9709062d0f954,X2
nc896dde516027adf,nc896dde516027adf,X2
nfda9ead0fd01c3dd,nfda9ead0fd01c3dd,X2
nc6fd9adc17bc64e0,nc6fd9adc17bc64e0,X2
nc6b0cc790298a6a8,nc6b0cc790298a6a8,X2
n26ac18094998b2f0,n26ac18094998b2f0,X2
na28638392056eee9,na28638392056eee9,X2
n43eb20a5ad77f22d,n43eb20a5ad77f22d,X2
nfb05417188c07e3a,nfb05417188c07e3a,X2
n6265989692232aa3,n6265989692232aa3,X2
nb14159bed40e9626,nb14159bed40e9626,X2
n322a1afc3cbea099,n322a1afc3cbea099,X2
n37dd4060acf82f35,n37dd4060acf82f35,X2
n0262478015fbeb42,n0262478015fbeb42,X2
n0995346b253a3e0c,n0995346b253a3e0c,X2
nf639bbde398f5b2b,nf639bbde398f5b2b,X2
ne0f1faea58135f9e,ne0f1faea58135f9e,X2
n1c7c5cbaab710321,n1c7c5cbaab710321,X2
nb36929c82200adc3,nb36929c82200adc3,X2
n3d06dab3fa2f96ea,n3d06dab3fa2f96ea,X2
nee9e27e26abba156,nee9e27e26abba156,X2
n67fe8795bd4aac0d,n67fe8795bd4aac0d,X2
nec904ab5c92a9356,nec904ab5c92a9356,X2
ne67183f1605d6ece,ne67183f1605d6ece,X2
nd3dd33d5ba2d3497,nd3dd33d5ba2d3497,X2
ncf68d7dfc178e16d,ncf68d7dfc178e16d,X2
n5483107b9a85bb48,n5483107b9a85bb48,X2
n9c900861f5ab53ef,n9c900861f5ab53ef,X2
nfa5bc20684be771e,nfa5bc20684be771e,X2
ndd30e533de99764b,ndd30e533de99764b,X2
n97fbc4b05302bf28,n97fbc4b05302bf28,X2
n3e343adc9d6cfe7f,n3e343adc9d6cfe7f,X2
n2ef194dfae76084d,n2ef194dfae76084d,X2
nd5b7abb52d6551b4,nd5b7abb52d6551b4,X2
n0d1a0df11e0517a0,n0d1a0df11e0517a0,X2
neb439a4db36f2303,neb439a4db36f2303,X2
n02d73d193f611683,n02d73d193f611683,X3
n5e067ee1b81ea4ab,n5e067ee1b81ea4ab,X3
n509a4b509239a01c,n509a4b509239a01c,X3
n525f1b230d8f52b0,n525f1b230d8f52b0,X3
n8218045daf0784dd,n8218045daf0784dd,X3
n982685f37e15e87f,n982685f37e15e87f,X3
nfd6dcf64545fd1ca,nfd6dcf64545fd1ca,X3
nf96f5c9b75e6d864,nf96f5c9b75e6d864,X3
n98990b1effa78044,n98990b1effa78044,X3
n97dcdaad39010894,n97dcdaad39010894,X3
nd5601916fad0eb4c,nd5601916fad0eb4c,X3
n79f521fa8ad973f8,n79f521fa8ad973f8,X3
ncb1213d1ec542039,ncb1213d1ec542039,X3
n7a75933ed07ea43a,n7a75933ed07ea43a,X3
nfe368a43d1807e62,nfe368a43d1807e62,X3
nd06f01755b675fc0,nd06f01755b675fc0,X3
n6c99b3f8f1c380d3,n6c99b3f8f1c380d3,X3
n01fc8864dea06054,n01fc8864dea06054,X3
ne35c48725b6c999a,ne35c48725b6c999a,X3
n881e1a254656007c,n881e1a254656007c,X3
nbda87032a03ec0d5,nbda87032a03ec0d5,X3
na590f0563272a4ea,na590f0563272a4ea,X3
nda8781c553c94ba5,nda8781c553c94ba5,X3
nd77f57644f24c7b3,nd77f57644f24c7b3,X3
n7e18fac99d9521af,n7e18fac99d9521af,X3
n9ff16afca47a369b,n9ff16afca47a369b,X3
n8003ae038da82c56,n8003ae038da82c56,X3
n7f0c33265c379ca1,n7f0c33265c379ca1,X3
ne140fdd66746d84d,ne140fdd66746d84d,X3
nd0b008a6211170a5,nd0b008a6211170a5,X3
n6bfe659e175354d9,n6bfe659e175354d9,X3
n3d42d66cea8171b0,n3d42d66cea8171b0,X3
n6b126a960441b6d5,n6b126a960441b6d5,X3
ncbd87e1592e7c953,ncbd87e1592e7c953,X3
n9b4ab9ccd4d0f9b8,n9b4ab9ccd4d0f9b8,X3
n1f0dcc98d5d047b1,n1f0dcc98d5d047b1,X3
n1f89936c68fac4f7,n1f89936c68fac4f7,X3
n07eb1deb6fa040b9,n07eb1deb6fa040b9,X3
n8325bd3baeedd35f,n8325bd3baeedd35f,X3
nd41d6d0d8dfceb27,nd41d6d0d8dfceb27,X3
n38aa5464f2ba33e4,n38aa5464f2ba33e4,X3
ndcad9087769e0b46,ndcad9087769e0b46,X3
n8fb4137f7e149f58,n8fb4137f7e149f58,X3
n26ea031c98a11be4,n26ea031c98a11be4,X3
nc5fcb8130fc977e8,nc5fcb8130fc977e8,X3
n0562622e3d05fd42,n0562622e3d05fd42,X3
n9196a85aed54084c,n9196a85aed54084c,X3
n3faea3db1d72369c,n3faea3db1d72369c,X3
n88f2758d827b60ed,n88f2758d827b60ed,X3
n4d24f02e3ca248c7,n4d24f02e3ca248c7,X3
n09bf57a5815640e7,n09bf57a5815640e7,X3
ncdd88e9a9ef4786f,ncdd88e9a9ef4786f,X3
n784ba1ea4d62617f,n784ba1ea4d62617f,X3
nae76d1f0ac485607,nae76d1f0ac485607,X3
ncc88ecf654482a47,ncc88ecf654482a47,X3
n7ab246f1f53d1ae7,n7ab246f1f53d1ae7,X3
n9e6e8688711f105e,n9e6e8688711f105e,X3
n5b4e231aa955814b,n5b4e231aa955814b,X3
ned79fb89f30a9b32,ned79fb89f30a9b32,X3
n1eb348879a7bc5fe,n1eb348879a7bc5fe,X3
nb0261bfe17927a8b,nb0261bfe17927a8b,15
nd09aa718f00b4993,nd09aa718f00b4993,15
n7cead3797c195e0a,n7cead3797c195e0a,15
ne0f533281bf4f6a9,ne0f533281bf4f6a9,15
nef52e18996f17c3e,nef52e18996f17c3e,15
n2caf9d7675b3d730,n2caf9d7675b3d730,15
n7858f60558fb4879,n7858f60558fb4879,16
n4c36b2ec4b294d23,n4c36b2ec4b294d23,16
nc3ccfd3ca8a85e54,nc3ccfd3ca8a85e54,16
n58041b41053969f4,n58041b41053969f4,16
na496f16ae74fcf45,na496f16ae74fcf45,16
n49dc2b0da424d1db,n49dc2b0da424d1db,16
n6f11de0bebd676b4,n6f11de0bebd676b4,16
ne5fd4498c87f260e,ne5fd4498c87f260e,16
nf84fc31d322c3516,nf84fc31d322c3516,16
ne3e6bc098f6fa190,ne3e6bc098f6fa190,16
n16f68062cf315464,n16f68062cf315464,17
n10c7b2c20e5e60cc,n10c7b2c20e5e60cc,17
nf57900227739e505,nf57900227739e505,17
n31d97575002c585b,n31d97575002c585b,17
n54a31d6c96001d18,n54a31d6c96001d18,17
n4beb8cf212746457,n4beb8cf212746457,17
n0ebabb03d6f5125d,n0ebabb03d6f5125d,17
nce29860fd637542b,nce29860fd637542b,17
n3c4c877a36a80f3e,n3c4c877a36a80f3e,17
n945e9d37589fc78b,n945e9d37589fc78b,17
nd119688ca71ef3b8,nd119688ca71ef3b8,17
n89e74d5caf9ffb24,n89e74d5caf9ffb24,17
n9d93d53f3200aa88,n9d93d53f3200aa88,17
n169127676a2bde97,n169127676a2bde97,17
n224cd278276ae117,n224cd278276ae117,17
naa8ec37fc4d0b81a,naa8ec37fc4d0b81a,17
nd6d6d593c8d3e0b9,nd6d6d593c8d3e0b9,17
ne76798b75e85cc3d,ne76798b75e85cc3d,17
ncdb70422834d4702,ncdb70422834d4702,17
ne19e72b749ba7609,ne19e72b749ba7609,17
n94eb733986221259,n94eb733986221259,17
n2f0bf372cf8669e4,n2f0bf372cf8669e4,17
n99b2fbf5abee4c88,n99b2fbf5abee4c88,17
n8df0147f3dad1efa,n8df0147f3dad1efa,17
n3ab3d0bf0c13288e,n3ab3d0bf0c13288e,17
n8f18f11b616f8c81,n8f18f11b616f8c81,17
n31d0281fd1141b31,n31d0281fd1141b31,18
n7f38bd967e012984,n7f38bd967e012984,18
n6a18bb8437a44970,n6a18bb8437a44970,18
nec7b2529c0953614,nec7b2529c0953614,18
na4f08eaa9c283dc0,na4f08eaa9c283dc0,18
n81df471c0e4b4b3b,n81df471c0e4b4b3b,18
nad0beee7b0d4979e,nad0beee7b0d4979e,18
nee97f2ccb6607d8a,nee97f2ccb6607d8a,18
n0447bd43259adaf2,n0447bd43259adaf2,18
n4c7075ea4b573d98,n4c7075ea4b573d98,18
n40f8713ecdadb0e5,n40f8713ecdadb0e5,18
n3307cec2850f351e,n3307cec2850f351e,18
nd6ec06f2ea9cee1b,nd6ec06f2ea9cee1b,18
n7218e12967bb030a,n7218e12967bb030a,18
n31ca787308651140,n31ca787308651140,18
ndeed3168d630560c,ndeed3168d630560c,18
n08cbb54cc44dd9aa,n08cbb54cc44dd9aa,18
n55acf85ae4a8734b,n55acf85ae4a8734b,18
n4645cb694fa4b1f0,n4645cb694fa4b1f0,18
n6ea3a2988f1f23bf,n6ea3a2988f1f23bf,18
nb1a9f004978cbf1c,nb1a9f004978cbf1c,18
n665d46a65f905b07,n665d46a65f905b07,18
ne7d20f8b4f82ecb5,ne7d20f8b4f82ecb5,18
nf01cdb493154378c,nf01cdb493154378c,18
n2df3515bf468c1d8,n2df3515bf468c1d8,18
nd7a09d2672cfe874,nd7a09d2672cfe874,18
n878c37f677383dd8,n878c37f677383dd8,18
n9913e2cebdf5cdb1,n9913e2cebdf5cdb1,18
n71ad03d61814779d,n71ad03d61814779d,18
ndeda966bc65ce608,ndeda966bc65ce608,18
ndf2aa6a5d9a3a96b,ndf2aa6a5d9a3a96b,18
na8edbd16d447d78d,na8edbd16d447d78d,18
n6430b0200f89a9fb,n6430b0200f89a9fb,19
nf8f045cf180b4286,nf8f045cf180b4286,19
n196cba1fa701eb06,n196cba1fa701eb06,19
n7772b79530e0c66d,n7772b79530e0c66d,19
n13650617f5c5dbbb,n13650617f5c5dbbb,19
nd6a525767b224069,nd6a525767b224069,19
na800e93a3611c8cb,na800e93a3611c8cb,19
n7e0803956dddecac,n7e0803956dddecac,19
n75f636cb94bbc11b,n75f636cb94bbc11b,19
nf35baaf2447b8f19,nf35baaf2447b8f19,19
nee39141a08d518ab,nee39141a08d518ab,19
n5c736a4d38966680,n5c736a4d38966680,19
n92006a4733f2a646,n92006a4733f2a646,19
nc05cbc4c920d9354,nc05cbc4c920d9354,19
nc83749021bd19dd8,nc83749021bd19dd8,19
n6816f672d952d68d,n6816f672d952d68d,19
n089e02e550c5bb88,n089e02e550c5bb88,19
n75d1619ae7ae68c5,n75d1619ae7ae68c5,19
n422364eceba1b091,n422364eceba1b091,19
nb16ed09e11548b03,nb16ed09e11548b03,19
nbf0559ec3847f78e,nbf0559ec3847f78e,19
nfd9f06eb40b83efc,nfd9f06eb40b83efc,19
n1c053b5c370226c2,n1c053b5c370226c2,19
n82246e4727275b84,n82246e4727275b84,19
na4980cde17c30423,na4980cde17c30423,19
nfdd9059d26e842a3,nfdd9059d26e842a3,19
n4269cc14be99b628,n4269cc14be99b628,20
n392c5a1d64975995,n392c5a1d64975995,20
nf9409a97ee4675fc,nf9409a97ee4675fc,20
n72d2a93131cc66c0,n72d2a93131cc66c0,20
n96ea85d7d664ba65,n96ea85d7d664ba65,20
n7dd50636adefcb98,n7dd50636adefcb98,20
n4501c76027af4f4c,n4501c76027af4f4c,20
na0737389622e682c,na0737389622e682c,20
naf6ea1c75c818316,naf6ea1c75c818316,20
nabc7da78a06d885e,nabc7da78a06d885e,20
n80c6280bdf09d7dd,n80c6280bdf09d7dd,20
ncbc8dacc33a54f22,ncbc8dacc33a54f22,20
n69d38940a20d5d73,n69d38940a20d5d73,20
n2ee8f4b19e2a4857,n2ee8f4b19e2a4857,20
nd58af4fa3327c085,nd58af4fa3327c085,20
n276755bbd1519841,n276755bbd1519841,20
n64ef0edf7595ccd9,n64ef0edf7595ccd9,20
na369445097c44b07,na369445097c44b07,20
n65d051dfed61d78d,n65d051dfed61d78d,20
n69b331532a2f4c1d,n69b331532a2f4c1d,20
n906dbc9bd428764f,n906dbc9bd428764f,20
n62ceb6252f7a0e38,n62ceb6252f7a0e38,20
n019bbe23b582c517,n019bbe23b582c517,20
nf38e56646c0b9d9b,nf38e56646c0b9d9b,20
nbf374b0bbaaf37f7,nbf374b0bbaaf37f7,20
n892bb3f2d09fad1e,n892bb3f2d09fad1e,20
nd48d7cf4ad4d764f,nd48d7cf4ad4d764f,20
nb17923d67095cca8,nb17923d67095cca8,20
n1aa81926cb5a97f6,n1aa81926cb5a97f6,20
n1f7673c56ac0f909,n1f7673c56ac0f909,20
n205474703522ad9c,n205474703522ad9c,20
n5aa6ec5ec002293f,n5aa6ec5ec002293f,20
n82df9e6fa0eb8d15,n82df9e6fa0eb8d15,20
ncc05bbd84f0a032f,ncc05bbd84f0a032f,20
n924f50b801829706,n924f50b801829706,20
na4cbba3c99793f57,na4cbba3c99793f57,20
n8b971b7fe63bee14,n8b971b7fe63bee14,21
nf1f28e513bcfd016,nf1f28e513bcfd016,21
n6ee122d737a123e2,n6ee122d737a123e2,21
na57b16664918a8fc,na57b16664918a8fc,21
nea06247a49c8789f,nea06247a49c8789f,21
necc82431d8e51bb4,necc82431d8e51bb4,21
n32a41b4f9e6c7f33,n32a41b4f9e6c7f33,21
ndbff5f47bfb6f2a4,ndbff5f47bfb6f2a4,21
n3af9810e37289865,n3af9810e37289865,21
n8887ca4c31c89113,n8887ca4c31c89113,21
naa158d1f1b4eff36,naa158d1f1b4eff36,21
nba118271401f51e4,nba118271401f51e4,21
n7595b843b0fb9aa5,n7595b843b0fb9aa5,21
n174ae84f9ed0fd9d,n174ae84f9ed0fd9d,21
n6a155bea6865fcc9,n6a155bea6865fcc9,21
nf9a446837f1c4aab,nf9a446837f1c4aab,21
n87f7706f1b22ea10,n87f7706f1b22ea10,21
n1625e166fdc6fc48,n1625e166fdc6fc48,21
naea2384d7f792e74,naea2384d7f792e74,21
n0d7e9d105423b121,n0d7e9d105423b121,21
n5e209eaf790c840e,n5e209eaf790c840e,21
ncc784c2ce8627025,ncc784c2ce8627025,21
n9d91e0cad6c7c63a,n9d91e0cad6c7c63a,21
nc9e88106e8aa94c0,nc9e88106e8aa94c0,21
n8b5df401c6af16d3,n8b5df401c6af16d3,21
n59a559fae0161c08,n59a559fae0161c08,21
ndb7cd50a04867ff3,ndb7cd50a04867ff3,22
nef5c4f61251dfdef,nef5c4f61251dfdef,22
n708a8e9cfebb423b,n708a8e9cfebb423b,22
n39fdb693b4da2a06,n39fdb693b4da2a06,22
n376a14356b4f8f23,n376a14356b4f8f23,22
nf7d09d36a6a118ce,nf7d09d36a6a118ce,22
n35d3f1c2c7f81f1e,n35d3f1c2c7f81f1e,22
nf9f80530a539ba5e,nf9f80530a539ba5e,22
nb419019bc29a4429,nb419019bc29a4429,22
nea35b9e5745c1872,nea35b9e5745c1872,22
n2ce854d9c168364a,n2ce854d9c168364a,22
n94085757fefc203a,n94085757fefc203a,22
n69fd6c9e55a6f8ce,n69fd6c9e55a6f8ce,22
n201d1df1473b112c,n201d1df1473b112c,22
n21b2f3f43f1b576d,n21b2f3f43f1b576d,22
nf8df069ed528c6cb,nf8df069ed528c6cb,22
n1fcc806c5dc5004b,n1fcc806c5dc5004b,22
nde7d73d779d14031,nde7d73d779d14031,22
n99ca353361046e50,n99ca353361046e50,22
n14a1ef93ec57536e,n14a1ef93ec57536e,22
n2f1c7301932da9b7,n2f1c7301932da9b7,22
n69e824d14c47d3da,n69e824d14c47d3da,22
n70029f7106098641,n70029f7106098641,22
n75ad74e237165a98,n75ad74e237165a98,22
ndf36a8bb6ee883ac,ndf36a8bb6ee883ac,22
n996b11a99057f179,n996b11a99057f179,22
nf3f1c1e703987d27,nf3f1c1e703987d27,22
n2a3ebd98ea5ad7ba,n2a3ebd98ea5ad7ba,22
n3607a2125f03baf4,n3607a2125f03baf4,22
n019860d83f9bdbe4,n019860d83f9bdbe4,22
n368248ee587cd582,n368248ee587cd582,22
nf8abf1937a6b0dfa,nf8abf1937a6b0dfa,22
nc5ab35f9465a32f9,nc5ab35f9465a32f9,22
n4807e79e77648ccc,n4807e79e77648ccc,22
n741a24bbff89046d,n741a24bbff89046d,22
nafb1c7bf0f9a1053,nafb1c7bf0f9a1053,22
n8121f641ce744b1c,n8121f641ce744b1c,22
n91035bed2c08a304,n91035bed2c08a304,22
naed172b112227b21,naed172b112227b21,23
n26897a81487d82f5,n26897a81487d82f5,23
n6283cd199cf49e77,n6283cd199cf49e77,23
n73dc87ee86106da1,n73dc87ee86106da1,23
n78850142524cc467,n78850142524cc467,23
n26720e6faec4867d,n26720e6faec4867d,23
n749bd62bd8267164,n749bd62bd8267164,23
n485ab600a139f0f3,n485ab600a139f0f3,23
nfd6e723860c6e438,nfd6e723860c6e438,23
n2cd53a566cb8bc9e,n2cd53a566cb8bc9e,23
n6b2be8b9c60fc885,n6b2be8b9c60fc885,23
n8032007162cc282c,n8032007162cc282c,23
n7e8c22cc269120d2,n7e8c22cc269120d2,23
n3e64ad8dd0deae72,n3e64ad8dd0deae72,23
n4a270d46cbb1d87e,n4a270d46cbb1d87e,23
n0c8ca66c68e07554,n0c8ca66c68e07554,23
n514b59879d5937c3,n514b59879d5937c3,23
n0cbd264e7422212e,n0cbd264e7422212e,23
n705d8b05338cb2ae,n705d8b05338cb2ae,23
na896c9862260edc2,na896c9862260edc2,23
n144c08fd50c0b478,n144c08fd50c0b478,23
nee7b9900ef758ee0,nee7b9900ef758ee0,23
nb0d191d73652f768,nb0d191d73652f768,23
nffece8eac97bc280,nffece8eac97bc280,23
n291ff694173bd5df,n291ff694173bd5df,23
ncd5ff095f90d1542,ncd5ff095f90d1542,23
n0ef893d14d81dde8,n0ef893d14d81dde8,23
nc8f5ddb18993cd73,nc8f5ddb18993cd73,23
n0f2aaedbc41ac1dc,n0f2aaedbc41ac1dc,24
nf57ae885833a0e63,nf57ae885833a0e63,24
n4195ea58679689ea,n4195ea58679689ea,24
n63a8fbb1191b54df,n63a8fbb1191b54df,24
n951fcb18e8f81cf6,n951fcb18e8f81cf6,24
n763c864b87f245de,n763c864b87f245de,24
n28b2423864d6d8ce,n28b2423864d6d8ce,24
n2dab353b8eed9efe,n2dab353b8eed9efe,24
na7af7b9afc570acf,na7af7b9afc570acf,24
n8ebd66e28c6ce19c,n8ebd66e28c6ce19c,24
n07d2b2f018324fa6,n07d2b2f018324fa6,24
n06bad7de7cbf8635,n06bad7de7cbf8635,24
nd6192345aad9d9e3,nd6192345aad9d9e3,24
n8f7ec9451abc4e21,n8f7ec9451abc4e21,24
na14ab1286e2018cb,na14ab1286e2018cb,24
nfcc5c5e58a08b74b,nfcc5c5e58a08b74b,24
n6ce2ae4c4251828a,n6ce2ae4c4251828a,24
n6f88922b37feebc1,n6f88922b37feebc1,24
ncb16e492338de0cf,ncb16e492338de0cf,24
n8be580d5af68cb02,n8be580d5af68cb02,24
n1d177d0c22c175d6,n1d177d0c22c175d6,24
nc63a3a5c66e39968,nc63a3a5c66e39968,24
n0af7b8b73f664445,n0af7b8b73f664445,24
n971e235ea018a38b,n971e235ea018a38b,24
n2f5cd3e5e5ad79e2,n2f5cd3e5e5ad79e2,24
n6f81515ee5433392,n6f81515ee5433392,24
n5fef8a2841eb515f,n5fef8a2841eb515f,24
na6744ec155f7d117,na6744ec155f7d117,24
n2c4209d63e000f3a,n2c4209d63e000f3a,24
n8ccaa2bf5bc1d7c4,n8ccaa2bf5bc1d7c4,24
n52cb665d44cc4761,n52cb665d44cc4761,24
n88a95fb193487ab7,n88a95fb193487ab7,24
n0aeb717fb4f6a68e,n0aeb717fb4f6a68e,25
nfb84a4bed083c000,nfb84a4bed083c000,25
n024fe991158c002f,n024fe991158c002f,25
nf8e6084d77fc1c9e,nf8e6084d77fc1c9e,25
n79e5ce5bdb927eb1,n79e5ce5bdb927eb1,25
n46ffbbacf8058108,n46ffbbacf8058108,25
n08111ff8d0e2d7bf,n08111ff8d0e2d7bf,25
n2b87dd516b1b6375,n2b87dd516b1b6375,25
n0360c5a0e93460ba,n0360c5a0e93460ba,25
na0e462619e77df1a,na0e462619e77df1a,25
nc46e66bd264e4529,nc46e66bd264e4529,25
n7ff158ab531c0fba,n7ff158ab531c0fba,25
nedf32ab52d618db5,nedf32ab52d618db5,25
ned1047826cae2ab8,ned1047826cae2ab8,25
n9083df0295711916,n9083df0295711916,25
ne635246b7e80a568,ne635246b7e80a568,25
nf2669b682e31f0e2,nf2669b682e31f0e2,25
n7ce993292401a6c5,n7ce993292401a6c5,25
nd99092b7f0517e99,nd99092b7f0517e99,25
nb1dbe073463f9c2a,nb1dbe073463f9c2a,25
nce07301a2f53a8b5,nce07301a2f53a8b5,25
nb8c93a054283f67f,nb8c93a054283f67f,25
na2b4255df09f38ea,na2b4255df09f38ea,25
nd21c9212f3cc29b9,nd21c9212f3cc29b9,25
n9eb7ae9e310db8c9,n9eb7ae9e310db8c9,25
nfdca95e5da96dbd6,nfdca95e5da96dbd6,25
n8d75c0b38592d131,n8d75c0b38592d131,25
nacdc1232f98445c7,nacdc1232f98445c7,25
n9c02c745543436bd,n9c02c745543436bd,25
nbb538c2e82ca51a8,nbb538c2e82ca51a8,25
n73cab06c8b4e32da,n73cab06c8b4e32da,25
n60a481e93aee2f5b,n60a481e93aee2f5b,25
nd1849e3fe5565ba4,nd1849e3fe5565ba4,25
n105417332410faf1,n105417332410faf1,25
n3d80ea89cc408459,n3d80ea89cc408459,25
nff0f460eaa199960,nff0f460eaa199960,25
n999f07fe3be43c27,n999f07fe3be43c27,25
n7024c6904b79ba1f,n7024c6904b79ba1f,25
nf7402060b77e6544,nf7402060b77e6544,25
nf9f466bfd4004ff6,nf9f466bfd4004ff6,25
ne896bdc2a06a75c8,ne896bdc2a06a75c8,25
nea89e59ebfc2007d,nea89e59ebfc2007d,25
nb551cb12b2e25a6e,nb551cb12b2e25a6e,25
n3d4ef7169a359926,n3d4ef7169a359926,25
neb133099a854529d,neb133099a854529d,25
nb8a324ef7056dc6b,nb8a324ef7056dc6b,26
nc4d7a8d6a7cd4b95,nc4d7a8d6a7cd4b95,26
nfaef694cd21f7ac3,nfaef694cd21f7ac3,26
n5d7374977ea1fc2f,n5d7374977ea1fc2f,26
n476d4173b5436714,n476d4173b5436714,26
nd5e9764b01b91444,nd5e9764b01b91444,26
n580c40e984fe988a,n580c40e984fe988a,26
n20b6275bc8054d8b,n20b6275bc8054d8b,26
n05e8ec36bfd8b589,n05e8ec36bfd8b589,26
na307c38c2e2050b4,na307c38c2e2050b4,26
n72671ad53ddbc028,n72671ad53ddbc028,26
n87e52bb7f8d43d03,n87e52bb7f8d43d03,26
n91e0a96f56372aa2,n91e0a96f56372aa2,26
nd24a6cdd998a7062,nd24a6cdd998a7062,26
nfbff995f95a4ba4f,nfbff995f95a4ba4f,26
n836c2b97c14e86da,n836c2b97c14e86da,26
n779b28b382d8aab8,n779b28b382d8aab8,26
na871a4b665e4f564,na871a4b665e4f564,26
n4812a215f7d29bc6,n4812a215f7d29bc6,26
ncd1444399e729c35,ncd1444399e729c35,26
n589704ccb7af82d7,n589704ccb7af82d7,26
nf2a677734f4b57c3,nf2a677734f4b57c3,26
nbe2991e64e98444a,nbe2991e64e98444a,26
n8f3452fab58ef8e2,n8f3452fab58ef8e2,26
n2aedfdd8bcacf4c3,n2aedfdd8bcacf4c3,26
nd931c86b3b086c72,nd931c86b3b086c72,26
n116397acc959e1bc,n116397acc959e1bc,26
n58b1ccc0de064e06,n58b1ccc0de064e06,26
n48c72cb2061f2eac,n48c72cb2061f2eac,26
n29b0f8d91512dfe8,n29b0f8d91512dfe8,26
n59a9077e958aac9e,n59a9077e958aac9e,26
n7c4c3dff669c2df5,n7c4c3dff669c2df5,26
nc1eb59b08ae26e7d,nc1eb59b08ae26e7d,26
n9df1f28b48532f46,n9df1f28b48532f46,26
nfaf40a9dab3650f8,nfaf40a9dab3650f8,26
n42e7066053520f34,n42e7066053520f34,26
n8ace1a80c9f91927,n8ace1a80c9f91927,26
ndf8402b5b6c487c0,ndf8402b5b6c487c0,26
na4df33103954b594,na4df33103954b594,26
n62e6488ee72529c8,n62e6488ee72529c8,26
n4a2bb37649c576ba,n4a2bb37649c576ba,26
n4d07c97c5e7f0111,n4d07c97c5e7f0111,26
n35ce2b69fb88bc43,n35ce2b69fb88bc43,26
n0e1cf277a38aadd7,n0e1cf277a38aadd7,26
n27abba28d010d878,n27abba28d010d878,26
ncd16010cea129e6b,ncd16010cea129e6b,26
n8a7693a0b839a111,n8a7693a0b839a111,26
n9a34f88322613dbc,n9a34f88322613dbc,26
n792246d9d0f8c7eb,n792246d9d0f8c7eb,26
n2cf8868784472dcf,n2cf8868784472dcf,26
n5013678ec5766e96,n5013678ec5766e96,26
n9aa417b36bafa07b,n9aa417b36bafa07b,26
n438e563dad487131,n438e563dad487131,26
nb3e3fd9fee78215d,nb3e3fd9fee78215d,26
n087d2ba321fa962b,n087d2ba321fa962b,27
n425db8d0a533e8cc,n425db8d0a533e8cc,27
n26dd224c727c4f30,n26dd224c727c4f30,27
ndfa24ac2ce0ac236,ndfa24ac2ce0ac236,27
n2563eea4b0e54b80,n2563eea4b0e54b80,27
n145f9bad95f7fafb,n145f9bad95f7fafb,27
n81ca8c87dcdc2bcc,n81ca8c87dcdc2bcc,27
na829052a15e9624d,na829052a15e9624d,27
n4c83d6ef670cf30e,n4c83d6ef670cf30e,27
n984f01e8a5dba7e0,n984f01e8a5dba7e0,27
ncf906b78c7d46e29,ncf906b78c7d46e29,27
nb15f22b1129b1465,nb15f22b1129b1465,27
n90be817fef707015,n90be817fef707015,27
ne1c77ccb2770233a,ne1c77ccb2770233a,27
nc4859329ea9835fb,nc4859329ea9835fb,27
n526a5df7369b2965,n526a5df7369b2965,27
na80fae9eee00b62b,na80fae9eee00b62b,27
na8b95bdf810b8954,na8b95bdf810b8954,27
n5a2134858a8d0a1d,n5a2134858a8d0a1d,27
n81f8e2ff155785bc,n81f8e2ff155785bc,27
neacfaf28db19c2e5,neacfaf28db19c2e5,27
n1a839130a4e97306,n1a839130a4e97306,27
n3c760140f4d1d6dd,n3c760140f4d1d6dd,27
n5baf639c80614074,n5baf639c80614074,27
n5e3b5a9e032b5cbf,n5e3b5a9e032b5cbf,27
ne7087e3235a4d18f,ne7087e3235a4d18f,27
n65fda7e5a88f64fe,n65fda7e5a88f64fe,27
n6b1c97d959e1ca17,n6b1c97d959e1ca17,27
n4d0b8ad245f4d593,n4d0b8ad245f4d593,27
n737476cb9893c64e,n737476cb9893c64e,27
na02cb5cc36456be3,na02cb5cc36456be3,27
n344c7e3f93296d10,n344c7e3f93296d10,27
n7607bbede023d8bf,n7607bbede023d8bf,27
n6685d5e9f5bde8a8,n6685d5e9f5bde8a8,27
nabc75fd6d74cc72a,nabc75fd6d74cc72a,27
n72adfabeafa9bc47,n72adfabeafa9bc47,27
ne3ebc70a708d3361,ne3ebc70a708d3361,27
nf2f3bc6014fcd6d2,nf2f3bc6014fcd6d2,27
nb18d0766009b579f,nb18d0766009b579f,27
nd5834698fbadd48f,nd5834698fbadd48f,27
neef33b86e8ce0fbe,neef33b86e8ce0fbe,27
n6ecc65bcff222836,n6ecc65bcff222836,27
nf85010eb701b90e1,nf85010eb701b90e1,27
n9a8a030fc2f98d67,n9a8a030fc2f98d67,27
n9b7bcedd732a05fc,n9b7bcedd732a05fc,27
n2fcdcd14415dd74d,n2fcdcd14415dd74d,27
n5cddee198942d76c,n5cddee198942d76c,27
nc3934623f1e1be10,nc3934623f1e1be10,27
n7999e068d799a43c,n7999e068d799a43c,28
n0ae84473c266931a,n0ae84473c266931a,28
n7f4208e54dd13af6,n7f4208e54dd13af6,28
n49512ecfa1997013,n49512ecfa1997013,28
n9390c7884cc005a5,n9390c7884cc005a5,28
nc7b13215e71cf251,nc7b13215e71cf251,28
n500bb3f00ec87a33,n500bb3f00ec87a33,28
n6013ce0b6a9a6ef7,n6013ce0b6a9a6ef7,28
nb78772e1a41cde1e,nb78772e1a41cde1e,28
n817dbd0cfe1c1d4d,n817dbd0cfe1c1d4d,28
n847e5ce086992163,n847e5ce086992163,28
n9ca456da99d9e19d,n9ca456da99d9e19d,28
n32085211d4b9a4c4,n32085211d4b9a4c4,28
n922b6adf1d71d7f2,n922b6adf1d71d7f2,28
na9905b8f8748b5d7,na9905b8f8748b5d7,28
n517ea88fa35eecdb,n517ea88fa35eecdb,28
n94f967e1ef005e11,n94f967e1ef005e11,28
nb48d8a7b96e69fae,nb48d8a7b96e69fae,28
nbf0423791b511df5,nbf0423791b511df5,28
n8b38e04304029c5d,n8b38e04304029c5d,28
nfd0bd0da6eb7c7ce,nfd0bd0da6eb7c7ce,28
nc5a7e63a37eb4f41,nc5a7e63a37eb4f41,28
nddbcc60fda15085a,nddbcc60fda15085a,28
n1b46a00ecf6636bb,n1b46a00ecf6636bb,28
nabd63737025dd169,nabd63737025dd169,28
n253f4c60280eedea,n253f4c60280eedea,28
n89add80e8b880639,n89add80e8b880639,28
nb80b00681a8b2def,nb80b00681a8b2def,28
n0e9a01ed3248cf60,n0e9a01ed3248cf60,28
nc73ff2f2e3349a56,nc73ff2f2e3349a56,28
n13ddd44aa1d1d07a,n13ddd44aa1d1d07a,28
nc956743fb5506cf0,nc956743fb5506cf0,28
n3133f94ab3db2193,n3133f94ab3db2193,28
n2184db944b7944ce,n2184db944b7944ce,28
n36e50f0e225e2d7e,n36e50f0e225e2d7e,28
n4ba06a8383a41209,n4ba06a8383a41209,28
n045529bebafa5c4b,n045529bebafa5c4b,28
n427eb4b1a4da0e09,n427eb4b1a4da0e09,28
na35c94bd370fb453,na35c94bd370fb453,28
n97138325c89be5f0,n97138325c89be5f0,28
nb805387cffe8758a,nb805387cffe8758a,28
n932910c608d5e16b,n932910c608d5e16b,28
n39620fd1d22d8aa6,n39620fd1d22d8aa6,28
ncc8d51b20226c307,ncc8d51b20226c307,28
n7b9bfaeb573228d0,n7b9bfaeb573228d0,28
nebdb9512b5bdcb3e,nebdb9512b5bdcb3e,28
n4004f159da67c517,n4004f159da67c517,28
n591e7f56a3175e11,n591e7f56a3175e11,28
nb092b1daf4a89f05,nb092b1daf4a89f05,28
nfd6435f6a65a33a7,nfd6435f6a65a33a7,28
n034bda426879c5da,n034bda426879c5da,28
nd3df18e6e1582b6d,nd3df18e6e1582b6d,29
n48fd1bf1e4096cda,n48fd1bf1e4096cda,29
n4ff6b3a4cd53625f,n4ff6b3a4cd53625f,29
n43f4671166961d3a,n43f4671166961d3a,29
n1ffec65f611eb96d,n1ffec65f611eb96d,29
n936254d27fbaa154,n936254d27fbaa154,29
n84adc8d9f752139b,n84adc8d9f752139b,29
n8b45f76d702696d1,n8b45f76d702696d1,29
n937af454e54eea2e,n937af454e54eea2e,29
n92951f88dd0ebc97,n92951f88dd0ebc97,29
n5583052841bdc72e,n5583052841bdc72e,29
n39f5daf44bf66064,n39f5daf44bf66064,29
nb9b4828dc106af36,nb9b4828dc106af36,29
n3f7cdb399aa4c6db,n3f7cdb399aa4c6db,29
nc765a5ae98134e8c,nc765a5ae98134e8c,29
ne155852b5ce011ac,ne155852b5ce011ac,29
n8bd78d15afe4d809,n8bd78d15afe4d809,29
n0373b69c5eeeda9d,n0373b69c5eeeda9d,29
n272b64e5bdae1341,n272b64e5bdae1341,29
n9e90e919e6ffa6ba,n9e90e919e6ffa6ba,29
nf650c171ba57ea1b,nf650c171ba57ea1b,29
ncea9afadb6c932e5,ncea9afadb6c932e5,29
nea3789069dbdd490,nea3789069dbdd490,29
nb4931ec784e8287d,nb4931ec784e8287d,29
nea20bdabbec9d480,nea20bdabbec9d480,29
n7be015456b11d4d2,n7be015456b11d4d2,29
n2d9dd632dced8d87,n2d9dd632dced8d87,29
nbc73d1b852a04832,nbc73d1b852a04832,29
n187f79d6a5115d35,n187f79d6a5115d35,29
ndca75807aae2d985,ndca75807aae2d985,29
n62bd75bbcccfb2ec,n62bd75bbcccfb2ec,29
na28e4a485f31eb84,na28e4a485f31eb84,29
n29e7f33f5a7281b5,n29e7f33f5a7281b5,29
ncc379f95c6da4a02,ncc379f95c6da4a02,29
ne92fdc436c76939a,ne92fdc436c76939a,29
ned57a84a3a8ab7b5,ned57a84a3a8ab7b5,29
nc5b21a550aee4853,nc5b21a550aee4853,29
nae98165b258b0860,nae98165b258b0860,29
nef6c1f3f88f8355f,nef6c1f3f88f8355f,29
nc031fcce72fbc756,nc031fcce72fbc756,29
nc80715f6f767f626,nc80715f6f767f626,29
n5affb303cb28228f,n5affb303cb28228f,29
na7afa2f961537959,na7afa2f961537959,29
n54eca6a6e4b61644,n54eca6a6e4b61644,29
n01a3f5daa314b7de,n01a3f5daa314b7de,29
n34f783aaed0784bc,n34f783aaed0784bc,29
nac76b6e0aa69ec9a,nac76b6e0aa69ec9a,29
nfa10b3e7d5b4339b,nfa10b3e7d5b4339b,29
n47e8dc352dc78872,n47e8dc352dc78872,29
n3e5f55d6b6b22362,n3e5f55d6b6b22362,29
n2f8960aa91bcc095,n2f8960aa91bcc095,29
n70e0d62ffb3cfed7,n70e0d62ffb3cfed7,29
naa5295f6e5acdf2f,naa5295f6e5acdf2f,29
n866ecdd57bf20820,n866ecdd57bf20820,29
na14c9fb5b0511b4c,na14c9fb5b0511b4c,29
n00665036458275b5,n00665036458275b5,29
nc443bd78d220e2b6,nc443bd78d220e2b6,29
n9a4cc750bd96b8f0,n9a4cc750bd96b8f0,29
ncc16d39ca8d93c7b,ncc16d39ca8d93c7b,29
nf134bddffbe22440,nf134bddffbe22440,30
n14b054283bc86005,n14b054283bc86005,30
n6550e13e0beaec85,n6550e13e0beaec85,30
nb30154f705d35fe2,nb30154f705d35fe2,30
n147f3e79895b95a1,n147f3e79895b95a1,30
n7dbc66efa04e7855,n7dbc66efa04e7855,30
nf6160e93d9b43afb,nf6160e93d9b43afb,30
n2e4d9fc6cf0fe64b,n2e4d9fc6cf0fe64b,30
nbc452272d87df939,nbc452272d87df939,30
n934633ff8a7cedbc,n934633ff8a7cedbc,30
n7ca60c6b3c7ecf1a,n7ca60c6b3c7ecf1a,30
n6c9846cc26dc6617,n6c9846cc26dc6617,30
n19b85a09eedfa300,n19b85a09eedfa300,30
n0e457f1d9824e9ca,n0e457f1d9824e9ca,30
n415abc2723152d0a,n415abc2723152d0a,30
n5c4d7dc51ee49988,n5c4d7dc51ee49988,30
n855d2c6bef07b4ed,n855d2c6bef07b4ed,30
n31759310f7a73057,n31759310f7a73057,30
ne1334ef9e78297cd,ne1334ef9e78297cd,30
nc32cdaf06e448896,nc32cdaf06e448896,30
n2d04a5d780f7f701,n2d04a5d780f7f701,30
nb2f41bb18d393043,nb2f41bb18d393043,30
n216744cb348ba2a9,n216744cb348ba2a9,30
nee2a4f644f5b141c,nee2a4f644f5b141c,30
nb2a260eb1161a176,nb2a260eb1161a176,30
nb723bdf2bcd008fe,nb723bdf2bcd008fe,30
n6d24d9edda23e9fd,n6d24d9edda23e9fd,30
n21601992fa3e0a2b,n21601992fa3e0a2b,30
n9ba725ec4bc7e648,n9ba725ec4bc7e648,30
n4888134b59755db7,n4888134b59755db7,30
nc62983ba6786f9e0,nc62983ba6786f9e0,30
na5855256fe6cd767,na5855256fe6cd767,30
n0f30398d8a4a8ef3,n0f30398d8a4a8ef3,30
n5046b4eb7c238916,n5046b4eb7c238916,30
n2296188217075455,n2296188217075455,30
n0e37f01ed5c2228f,n0e37f01ed5c2228f,30
na17c1f5f7b308985,na17c1f5f7b308985,30
n2273fc2f0fc1ccbd,n2273fc2f0fc1ccbd,30
n98807882dfd0c30e,n98807882dfd0c30e,30
n7788f639be60c5c6,n7788f639be60c5c6,30
n9230104bef354c35,n9230104bef354c35,30
n9ed9dfcd3bd3e07d,n9ed9dfcd3bd3e07d,30
n0331c058d3263d32,n0331c058d3263d32,30
n097040e255ff7db8,n097040e255ff7db8,30
ndd0c97b885dc4314,ndd0c97b885dc4314,30
n576d2c0fc557c69a,n576d2c0fc557c69a,30
n039389a4c64d11d7,n039389a4c64d11d7,30
n37ffbceb5eeb971d,n37ffbceb5eeb971d,30
n57af9f3ccde590a7,n57af9f3ccde590a7,30
nec0901715ba780aa,nec0901715ba780aa,30
naa5b61550205dc2b,naa5b61550205dc2b,30
ncfed853190040cef,ncfed853190040cef,30
n2742121e6d4ab14c,n2742121e6d4ab14c,30
n57fa051182b9a328,n57fa051182b9a328,30
n8d2467131f169bd3,n8d2467131f169bd3,30
n1e85ae6decdac955,n1e85ae6decdac955,30
n0a01eab108ef87f5,n0a01eab108ef87f5,30
n6a8d12c49276bc3c,n6a8d12c49276bc3c,30
n7f8a1166103e597c,n7f8a1166103e597c,30
n413633ab8e1fc6c6,n413633ab8e1fc6c6,31
ncadcf3a4d539a701,ncadcf3a4d539a701,31
n43331c1bb709391d,n43331c1bb709391d,31
n942b0660128c2244,n942b0660128c2244,31
nb73a1e0834e0da08,nb73a1e0834e0da08,31
n93d2aa7ad05f46af,n93d2aa7ad05f46af,31
nb788d48456f4c7c4,nb788d48456f4c7c4,31
naeac6cc93ea40abc,naeac6cc93ea40abc,31
nab04a8533b73d2d7,nab04a8533b73d2d7,31
n527b76f2898573ee,n527b76f2898573ee,31
nc565fcdb4357943a,nc565fcdb4357943a,31
n22f9a85b1eb862b5,n22f9a85b1eb862b5,31
n86f9821910b1800e,n86f9821910b1800e,31
n7ce002a2d06dffe5,n7ce002a2d06dffe5,31
ncc688344b8f2d2c2,ncc688344b8f2d2c2,31
nc9c793f22447ccca,nc9c793f22447ccca,31
n5c765f8eb8f5f427,n5c765f8eb8f5f427,31
ncbf8dac68bcbed64,ncbf8dac68bcbed64,31
n384f063354ead955,n384f063354ead955,31
naaca70e4e97580b5,naaca70e4e97580b5,31
nd32b3f49f4f5189e,nd32b3f49f4f5189e,31
n9b16506079b3d180,n9b16506079b3d180,31
nc108067fb5e8878f,nc108067fb5e8878f,31
ncbdcd94ec810ee91,ncbdcd94ec810ee91,31
n6b101cb77f6ee47f,n6b101cb77f6ee47f,31
n7af08132ad5b2a09,n7af08132ad5b2a09,31
n4df0f8502bc2fcd4,n4df0f8502bc2fcd4,31
n7ce08e2fe0a0ffd5,n7ce08e2fe0a0ffd5,31
n877a6d71de3430b2,n877a6d71de3430b2,31
n3f9976398aa7a39f,n3f9976398aa7a39f,31
ne241c16944cdb123,ne241c16944cdb123,31
n2ee666958f810a2b,n2ee666958f810a2b,31
nf10998acb831cea5,nf10998acb831cea5,31
n842707f6785c3866,n842707f6785c3866,31
nfc5bd13136990513,nfc5bd13136990513,31
ne18c77b0cc989982,ne18c77b0cc989982,31
n4367269dff801e8a,n4367269dff801e8a,31
ndfa7b73cb54a9d7e,ndfa7b73cb54a9d7e,31
n3a7deabec076df77,n3a7deabec076df77,31
nf5e8dbc8225066d7,nf5e8dbc8225066d7,31
n0c3840b6134da95d,n0c3840b6134da95d,31
n7094a168f02f7853,n7094a168f02f7853,31
n4683c4cbf2ae8674,n4683c4cbf2ae8674,31
nf6722a4d69216b2f,nf6722a4d69216b2f,31
n392f7a6aabd98606,n392f7a6aabd98606,31
n631a14ce44805585,n631a14ce44805585,31
n4cb3cb877ea78fbe,n4cb3cb877ea78fbe,31
nf9171769fd9ef3da,nf9171769fd9ef3da,31
nb386dc2435efc272,nb386dc2435efc272,31
nb415001f73f14e76,nb415001f73f14e76,31
n4a939c8156a923fc,n4a939c8156a923fc,31
na874fb2a5785c16e,na874fb2a5785c16e,31
ne851973120d45a4d,ne851973120d45a4d,31
n2b6a61142e90ca06,n2b6a61142e90ca06,31
n9b2f0b0abd952c9f,n9b2f0b0abd952c9f,31
n88dab0e42663a0cd,n88dab0e42663a0cd,31
n5ee6e613dc672392,n5ee6e613dc672392,31
n2ef6cceed1dee520,n2ef6cceed1dee520,31
n75a235837c4604bd,n75a235837c4604bd,31
n077bae482bf9bdd8,n077bae482bf9bdd8,31
nab9483c1ef130070,nab9483c1ef130070,31
n86b652569b7090bb,n86b652569b7090bb,31
n42986a6b63e84e96,n42986a6b63e84e96,32
n2a2558dd3e3d087d,n2a2558dd3e3d087d,32
n020f925f97a74a5f,n020f925f97a74a5f,32
nb6828ef37759868c,nb6828ef37759868c,32
n8b16d8f1f0ae85e5,n8b16d8f1f0ae85e5,32
n747d849dcfa8f346,n747d849dcfa8f346,32
n743469faa612e33c,n743469faa612e33c,32
nf0a2d830cfdd9d51,nf0a2d830cfdd9d51,32
nfa04b8d2d5739608,nfa04b8d2d5739608,32
n15f2d6c9d47393e8,n15f2d6c9d47393e8,32
nbe742d6eb70a7611,nbe742d6eb70a7611,32
n6d1c6dfc7f45bf45,n6d1c6dfc7f45bf45,32
n1ec8bbf7e0562fe0,n1ec8bbf7e0562fe0,32
nf20f44b9fcb3a9ed,nf20f44b9fcb3a9ed,32
n24cbbd4a96e26221,n24cbbd4a96e26221,32
n0d92b47dedf072b4,n0d92b47dedf072b4,32
n12f697adcc27b677,n12f697adcc27b677,32
nfa21cd5661a53504,nfa21cd5661a53504,32
n959e60cd46d793ce,n959e60cd46d793ce,32
n396c5bd56a3c89de,n396c5bd56a3c89de,32
n4ae711cb860efa68,n4ae711cb860efa68,32
nd32bc48d68f5913f,nd32bc48d68f5913f,32
nb85f8c035ef17ec0,nb85f8c035ef17ec0,32
n6e469e2c74f9cdf9,n6e469e2c74f9cdf9,32
ndaaa16b437b2c099,ndaaa16b437b2c099,32
n3f71a863cf4a3163,n3f71a863cf4a3163,32
nf554d75fa62096a6,nf554d75fa62096a6,32
n0c525356a100a87d,n0c525356a100a87d,32
n769c670172d9a55d,n769c670172d9a55d,32
n0adcfbe89b842280,n0adcfbe89b842280,32
nbed0fc82f4b4d0ed,nbed0fc82f4b4d0ed,32
nac7e31f0febefc72,nac7e31f0febefc72,32
n75d5f24bfb652d26,n75d5f24bfb652d26,32
n7aa626a60217f9df,n7aa626a60217f9df,32
n623b18dcf47b2e50,n623b18dcf47b2e50,32
neb602ad95d2baa1b,neb602ad95d2baa1b,32
n3deb54b06192ecf5,n3deb54b06192ecf5,32
n74106ee73aa3f7c9,n74106ee73aa3f7c9,32
n57097a9cb3299ed9,n57097a9cb3299ed9,32
n38399c00ef18d915,n38399c00ef18d915,32
n4d41b89f6759861a,n4d41b89f6759861a,32
n160b188e95ea5849,n160b188e95ea5849,32
n4ef92f0202850474,n4ef92f0202850474,32
n3dab6fad81f92e75,n3dab6fad81f92e75,32
nea7591f57082d224,nea7591f57082d224,32
n7b12a9d03e9a6828,n7b12a9d03e9a6828,33
n65cfb513fc871a66,n65cfb513fc871a66,33
n4c1e1227fa01e4e3,n4c1e1227fa01e4e3,33
nd1ea4acb90b08209,nd1ea4acb90b08209,33
n586c2a50705d8030,n586c2a50705d8030,33
n8dedfc78f05cffa6,n8dedfc78f05cffa6,33
n1f5f985712e1405e,n1f5f985712e1405e,33
naa479817acde3013,naa479817acde3013,33
n96fc12c623f4d27f,n96fc12c623f4d27f,33
nc4e929e59df9ecb1,nc4e929e59df9ecb1,33
na07ac0ff1950b59a,na07ac0ff1950b59a,33
nb2c7af14598d2167,nb2c7af14598d2167,33
nb3e79dff4555585a,nb3e79dff4555585a,33
na6fcfbb4ac6fcf8c,na6fcfbb4ac6fcf8c,33
n69a26b1e65b10ded,n69a26b1e65b10ded,33
n67d765177774d5bc,n67d765177774d5bc,33
n0853479e98fa95e7,n0853479e98fa95e7,33
ne1b62f8997fa363d,ne1b62f8997fa363d,33
n37d674fc03d00864,n37d674fc03d00864,33
n6284d2e11629c367,n6284d2e11629c367,33
n4172d57654bc62d1,n4172d57654bc62d1,33
n40cc3a6b356ada0b,n40cc3a6b356ada0b,33
n485bbe1d76e02826,n485bbe1d76e02826,33
nf06079a222d1f29c,nf06079a222d1f29c,33
ncf2287a1dbe66b94,ncf2287a1dbe66b94,33
nca97ba83348c315b,nca97ba83348c315b,33
naa3be8946f801408,naa3be8946f801408,33
n6aae80fd89239abf,n6aae80fd89239abf,33
n6b34140e312a0798,n6b34140e312a0798,33
n872fcc0d9819195e,n872fcc0d9819195e,33
nb046eb53da038a5b,nb046eb53da038a5b,33
na1ba286da3b0975a,na1ba286da3b0975a,33
n2cc9859a2da47b8d,n2cc9859a2da47b8d,33
n5725081b7568a0f9,n5725081b7568a0f9,33
ne86c04832272eb0d,ne86c04832272eb0d,33
n3a7747b949540b13,n3a7747b949540b13,33
n9edd7da460462fa4,n9edd7da460462fa4,33
n569eb30578b027ae,n569eb30578b027ae,33
n00ef5737409e9936,n00ef5737409e9936,33
nf36405c3beb7185c,nf36405c3beb7185c,33
na59750a40b01c492,na59750a40b01c492,33
nef24cc69ce487282,nef24cc69ce487282,33
n63f225df8268db24,n63f225df8268db24,33
n3f734ad5e3781bad,n3f734ad5e3781bad,33
n68b09afff0d1da2e,n68b09afff0d1da2e,33
ne4c39c9a44944bc0,ne4c39c9a44944bc0,33
nf44d61ccf3c9092b,nf44d61ccf3c9092b,33
n164ddbb1475bb411,n164ddbb1475bb411,33
nf6002ad1272ac1ff,nf6002ad1272ac1ff,33
na4d1b904153d880a,na4d1b904153d880a,33
na2a9b20b02adaf2f,na2a9b20b02adaf2f,33
n942a679819485692,n942a679819485692,33
nf7d424dd6554f6b3,nf7d424dd6554f6b3,33
n8cccf59db9af6935,n8cccf59db9af6935,33
n202f00727be544a2,n202f00727be544a2,33
n762b612f9218a581,n762b612f9218a581,33
n4fbf7779cc9bfe75,n4fbf7779cc9bfe75,33
n1e8b588a1e7df1b8,n1e8b588a1e7df1b8,33
n03026d42522bf283,n03026d42522bf283,33
n766ae8b33f87cfb5,n766ae8b33f87cfb5,33
n93677a3b0e947a18,n93677a3b0e947a18,33
n44b1818ddaedb2d5,n44b1818ddaedb2d5,33
n6128a8fcee0917a5,n6128a8fcee0917a5,33
n6016e0da4506e8f2,n6016e0da4506e8f2,33
n5c0c1aefd38641be,n5c0c1aefd38641be,33
nb6a236155dd5c22f,nb6a236155dd5c22f,34
n1332a39a19e0e815,n1332a39a19e0e815,34
n915c2ca9544baee5,n915c2ca9544baee5,34
nbe1f16b8babd2f20,nbe1f16b8babd2f20,34
nef8d8ef5f52f14c8,nef8d8ef5f52f14c8,34
nda9384c6603b344c,nda9384c6603b344c,34
nfe70d833b38db563,nfe70d833b38db563,34
nd3a00bda5ba2e3fe,nd3a00bda5ba2e3fe,34
n4922e16be94a6f35,n4922e16be94a6f35,34
nd020c55ecba88ffe,nd020c55ecba88ffe,34
n8fe34dcd5f0ecb37,n8fe34dcd5f0ecb37,34
n06b8b3362136ee1b,n06b8b3362136ee1b,34
nff8b98e75f171e31,nff8b98e75f171e31,34
n7a592ae8528d4f7e,n7a592ae8528d4f7e,34
n53d808b180d2d6db,n53d808b180d2d6db,34
n722b4168cc62c4b1,n722b4168cc62c4b1,34
n4e4fe3f36c47672f,n4e4fe3f36c47672f,34
nc2d5123757385e3d,nc2d5123757385e3d,34
nedbf10949e90f4fc,nedbf10949e90f4fc,34
n86cbe8e9a3160d4b,n86cbe8e9a3160d4b,34
n29244650c5bcb4f0,n29244650c5bcb4f0,34
na5355264f919cd05,na5355264f919cd05,34
n924e2ed0368fe38c,n924e2ed0368fe38c,34
n5fc81a91d9c23875,n5fc81a91d9c23875,34
n118ac29bbb830643,n118ac29bbb830643,34
n1affddcfeaf6826d,n1affddcfeaf6826d,34
n957a7bb851797396,n957a7bb851797396,34
n24a80d2e1a8708c3,n24a80d2e1a8708c3,34
n23cdaafd6326487a,n23cdaafd6326487a,34
n358513df43676266,n358513df43676266,34
nc248e1cb4a532d1e,nc248e1cb4a532d1e,34
ncc6a350434cab6df,ncc6a350434cab6df,34
nd250a8bf60bbc6b5,nd250a8bf60bbc6b5,34
nfa0607df40df9a4b,nfa0607df40df9a4b,34
n524a98c09dcf45fa,n524a98c09dcf45fa,34
nfd6bfa1b6bc033df,nfd6bfa1b6bc033df,34
n3b0abc109cb73715,n3b0abc109cb73715,34
n24ecc57ec691f0a5,n24ecc57ec691f0a5,34
ne1a9b83024b646ec,ne1a9b83024b646ec,34
n05bd60ccb7f1a5ef,n05bd60ccb7f1a5ef,34
n808a66a2f888403d,n808a66a2f888403d,34
n93225879223b9522,n93225879223b9522,34
nf66ee379a6217166,nf66ee379a6217166,34
n8d5de7878c37b574,n8d5de7878c37b574,34
nff1778c7e5a7a263,nff1778c7e5a7a263,34
n3bb98b95630d433c,n3bb98b95630d433c,34
n535eacd85b1a5830,n535eacd85b1a5830,34
n1661169716ffb78a,n1661169716ffb78a,34
ndf0b89dcfe51b27c,ndf0b89dcfe51b27c,34
n452386a55d3af531,n452386a55d3af531,34
na756230f86a82b10,na756230f86a82b10,34
n1f17f903ee20c2f2,n1f17f903ee20c2f2,34
nf4d70a64cc5d6dfe,nf4d70a64cc5d6dfe,34
n767bcbde6f898cf3,n767bcbde6f898cf3,34
nc8e3852a875c4033,nc8e3852a875c4033,34
ne048422fa1bb510c,ne048422fa1bb510c,34
n84f171a719ffdc2c,n84f171a719ffdc2c,34
nb7c90ab5ecbe1010,nb7c90ab5ecbe1010,34
n9df84c9b2a75efa3,n9df84c9b2a75efa3,34
nf9c3ad6d4b1eac41,nf9c3ad6d4b1eac41,34
nff4752635e280484,nff4752635e280484,34
n4921763fb23f0c00,n4921763fb23f0c00,34
n846c6b24e6f94f99,n846c6b24e6f94f99,35
n3a3d08fd10cfead4,n3a3d08fd10cfead4,35
nd0ea6f1c4f593287,nd0ea6f1c4f593287,35
n14a2c1c63f9b515b,n14a2c1c63f9b515b,35
ndf846d3f89efb898,ndf846d3f89efb898,35
n28cc40117eae1ffa,n28cc40117eae1ffa,35
nd7c1567824a75597,nd7c1567824a75597,35
ne946d6737c0547be,ne946d6737c0547be,35
n4159de5c06967369,n4159de5c06967369,35
n39ec691b04e3bc2f,n39ec691b04e3bc2f,35
n5747354bf0309553,n5747354bf0309553,35
n7b9d028715163d9f,n7b9d028715163d9f,35
n22d488a89aa8e873,n22d488a89aa8e873,35
n5da97d5444f59dcd,n5da97d5444f59dcd,35
n2a37d7f7a78ced87,n2a37d7f7a78ced87,35
n3cfd86084117e4ac,n3cfd86084117e4ac,35
n00716a3bb9c7bd77,n00716a3bb9c7bd77,35
n7ead6c0d50c4a843,n7ead6c0d50c4a843,35
nb4a5ba0405b1352c,nb4a5ba0405b1352c,35
n15b97fce41922012,n15b97fce41922012,35
n25f518fa3ee541a5,n25f518fa3ee541a5,36
ncd7a4b011e28914f,ncd7a4b011e28914f,36
n4a30a469a56c6cc6,n4a30a469a56c6cc6,36
nc3b732c3483b368f,nc3b732c3483b368f,36
n75934f133f48b303,n75934f133f48b303,36
n0ab503882e26a692,n0ab503882e26a692,36
n5fa5d3f62450d8b5,n5fa5d3f62450d8b5,36
n3dd3fc0daac721bd,n3dd3fc0daac721bd,36
n8a14654392f78021,n8a14654392f78021,36
neaa01925e5c4726f,neaa01925e5c4726f,36
n626f7dd980cbf743,n626f7dd980cbf743,36
n00651574e07912e7,n00651574e07912e7,36
n0d28d3c38e2b5afd,n0d28d3c38e2b5afd,36
ndf623c41d5ac845a,ndf623c41d5ac845a,36
n13ce9adc4448a152,n13ce9adc4448a152,36
n309dba3d77cbf1b3,n309dba3d77cbf1b3,36
n71c5e8c44321d723,n71c5e8c44321d723,36
n2349a9cca6ba34cf,n2349a9cca6ba34cf,36
na9ed8c382c4dee64,na9ed8c382c4dee64,36
n4a21e44c4d6bfc30,n4a21e44c4d6bfc30,36
n30c56abc81a48431,n30c56abc81a48431,36
n049eb5428f450749,n049eb5428f450749,36
n70b7c2f86db7292c,n70b7c2f86db7292c,36
n87187086dbf08887,n87187086dbf08887,36
ncad0820f1bbc84c9,ncad0820f1bbc84c9,36
n0ababf2359b2ca85,n0ababf2359b2ca85,36
nb4d1865c65c80b4a,nb4d1865c65c80b4a,36
n37c56a8d9cbfe2b6,n37c56a8d9cbfe2b6,36
n9a932723b95a33df,n9a932723b95a33df,36
n34d4eb2323d51ec8,n34d4eb2323d51ec8,36
n6ab3268666e34535,n6ab3268666e34535,36
n27e0d95c66844e92,n27e0d95c66844e92,36
n6c03e26ef4aec73f,n6c03e26ef4aec73f,36
nfbccd78016d4a52d,nfbccd78016d4a52d,36
n677cc01076abd6c7,n677cc01076abd6c7,36
n3a7ca8373ea661a1,n3a7ca8373ea661a1,36
n9fbef8c78469b1ce,n9fbef8c78469b1ce,36
nbca5924acdd28b32,nbca5924acdd28b32,36
nc95fd39fd53cafb4,nc95fd39fd53cafb4,36
n2dcac97985c65bb4,n2dcac97985c65bb4,36
ne9c09e7ad422f81b,ne9c09e7ad422f81b,36
n62a71210e6e4e043,n62a71210e6e4e043,36
n29fa8d92b057edcd,n29fa8d92b057edcd,36
ndb634aa74363573e,ndb634aa74363573e,36
n07a26f7f6db2a78b,n07a26f7f6db2a78b,36
n415195d869f4932d,n415195d869f4932d,36
nf9ef9b540885510a,nf9ef9b540885510a,36
na2e3c4c2f0a444cb,na2e3c4c2f0a444cb,36
nc08b47d8c043694e,nc08b47d8c043694e,36
n0a03c5044ae7204c,n0a03c5044ae7204c,36
n36088b4a298baba0,n36088b4a298baba0,36
n55c2a36453aed729,n55c2a36453aed729,36
n2ecdb07d6e57ce01,n2ecdb07d6e57ce01,36
n10fe44c8ddcb5ecc,n10fe44c8ddcb5ecc,36
n2e5e7e7202ff913b,n2e5e7e7202ff913b,37
ndd3775f67c2f2ccf,ndd3775f67c2f2ccf,37
n56d1a9c72e119187,n56d1a9c72e119187,37
n78829a984b4255db,n78829a984b4255db,37
ne7e3c7191ebb5b14,ne7e3c7191ebb5b14,37
nc4d9def1acc947d2,nc4d9def1acc947d2,37
n94a32f6761499357,n94a32f6761499357,37
n64106d03552ed559,n64106d03552ed559,37
nc2ca9080d23142c3,nc2ca9080d23142c3,37
n30120e17178539f9,n30120e17178539f9,37
nf3af8556468df6c6,nf3af8556468df6c6,37
n97a6fd8f53753555,n97a6fd8f53753555,37
n58dc940adc303538,n58dc940adc303538,37
n4e458f83189bc576,n4e458f83189bc576,37
nadd862078e4915ea,nadd862078e4915ea,37
nf5f47e6db4716886,nf5f47e6db4716886,37
n6ff988f030b964ca,n6ff988f030b964ca,37
nba969b9a0854c988,nba969b9a0854c988,37
n3976ea751747393a,n3976ea751747393a,37
nbd90427fa513c401,nbd90427fa513c401,37
nc6bee9716fcdf1ac,nc6bee9716fcdf1ac,37
n427e1eae5a079ecb,n427e1eae5a079ecb,37
n0199dde616b10315,n0199dde616b10315,37
ndbb3bd940e7d2670,ndbb3bd940e7d2670,37
nec39f4fa85cbffda,nec39f4fa85cbffda,37
n57a74da33b5752a5,n57a74da33b5752a5,37
nc82d2397bd9ac7e4,nc82d2397bd9ac7e4,37
n1426508a9bd75589,n1426508a9bd75589,37
nd538ff0d30c533ff,nd538ff0d30c533ff,37
nc792d12ab4b28bbd,nc792d12ab4b28bbd,37
nf6e788fc6632de17,nf6e788fc6632de17,37
n05ec19e7e886971b,n05ec19e7e886971b,37
nfa696aff5567c22f,nfa696aff5567c22f,37
n4a51280f316f69fa,n4a51280f316f69fa,37
n769e540e484bd2be,n769e540e484bd2be,37
n856045b5c9396b84,n856045b5c9396b84,37
n9040406bd44e2b4b,n9040406bd44e2b4b,37
nb7e809c759f1f24f,nb7e809c759f1f24f,37
n6f1752e00845f05f,n6f1752e00845f05f,37
n86fa02a5dc7501ac,n86fa02a5dc7501ac,37
na16015e8a667f76b,na16015e8a667f76b,37
n7540ae052b5cfb57,n7540ae052b5cfb57,37
n108d3a8b4d1c6e9a,n108d3a8b4d1c6e9a,37
n81e8bb69b34b5b5f,n81e8bb69b34b5b5f,38
nef857fb5e78822da,nef857fb5e78822da,38
nbef4ea08b29298db,nbef4ea08b29298db,38
n7e66b2d5d0ad8e68,n7e66b2d5d0ad8e68,38
na97c87e7adb91a5f,na97c87e7adb91a5f,38
nf324b86b7e1f49d9,nf324b86b7e1f49d9,38
n093d52743e0f04aa,n093d52743e0f04aa,38
n3ff5d3488f452652,n3ff5d3488f452652,38
n27df83ec24b0a6ae,n27df83ec24b0a6ae,38
n1d55d794b174dc69,n1d55d794b174dc69,38
ncfb418b7ec3593e1,ncfb418b7ec3593e1,38
nf7efe4a4eb5d26ce,nf7efe4a4eb5d26ce,38
n2980c7f53a4a750d,n2980c7f53a4a750d,38
n2d86dbc6b936ed8e,n2d86dbc6b936ed8e,38
n60c8e85cf7eb40cc,n60c8e85cf7eb40cc,38
n2210a4de7b694e49,n2210a4de7b694e49,38
n71f1cfc10104693d,n71f1cfc10104693d,38
n93208a1c0e30f23d,n93208a1c0e30f23d,38
n30cac9c451fa5a9f,n30cac9c451fa5a9f,38
n0a416e73f9e691d6,n0a416e73f9e691d6,38
nc5c38d4481fd7257,nc5c38d4481fd7257,38
n2001192e80eec685,n2001192e80eec685,38
n207ef49ee293471d,n207ef49ee293471d,38
n37cca050d0efbdd3,n37cca050d0efbdd3,38
n319651485a283326,n319651485a283326,38
n39bf866182662eaa,n39bf866182662eaa,38
nbd7cdda58647638e,nbd7cdda58647638e,38
nddb1c51390a78046,nddb1c51390a78046,38
n113eb731f22d9db5,n113eb731f22d9db5,38
ncb0fa0398d94d498,ncb0fa0398d94d498,38
na5e6645fa714f1aa,na5e6645fa714f1aa,38
n02ff5a96dc08a817,n02ff5a96dc08a817,38
na9383d12273e3acb,na9383d12273e3acb,38
nff7c4968f6e06e03,nff7c4968f6e06e03,38
n6b9eea0f81fd2a77,n6b9eea0f81fd2a77,38
ne796f8b332b441d0,ne796f8b332b441d0,38
n0dbfd83968a8a919,n0dbfd83968a8a919,38
n57ef6247ccd95473,n57ef6247ccd95473,38
n756ddafd1c79180e,n756ddafd1c79180e,38
n4a23829a775d550d,n4a23829a775d550d,38
n018a9c9b9329a757,n018a9c9b9329a757,38
nb3225f794a1f724f,nb3225f794a1f724f,38
nf1ff4d16160be7e9,nf1ff4d16160be7e9,38
nf0e7228ebbf86c47,nf0e7228ebbf86c47,38
n2a81671cfca51fa8,n2a81671cfca51fa8,38
nac1b5c29aa2836e2,nac1b5c29aa2836e2,38
n622b2b98e613d619,n622b2b98e613d619,38
n3a07d4cd3ff8f58f,n3a07d4cd3ff8f58f,38
n4943709704ce62ea,n4943709704ce62ea,38
nb9f4c786379c64af,nb9f4c786379c64af,38
n8a531c2a2dc38f5b,n8a531c2a2dc38f5b,38
na18af91c93ea2d2c,na18af91c93ea2d2c,38
n612bb071902882cd,n612bb071902882cd,38
n5711c4947909ade8,n5711c4947909ade8,38
nce1e2e55cbbb2a50,nce1e2e55cbbb2a50,38
nee2728b446707bd2,nee2728b446707bd2,38
ndf1a22dcf14d5b48,ndf1a22dcf14d5b48,38
n8545d5ee257de33a,n8545d5ee257de33a,38
n2910785276d6e1d3,n2910785276d6e1d3,39
n61f64348991d88ef,n61f64348991d88ef,39
nf1ee13b63c061bba,nf1ee13b63c061bba,39
n8ce0874ea21de2ae,n8ce0874ea21de2ae,39
n05e008afe932f4a7,n05e008afe932f4a7,39
n1e2d5ad93f7d5066,n1e2d5ad93f7d5066,39
n2392dae799161c1a,n2392dae799161c1a,39
n3a5baa135ce921e9,n3a5baa135ce921e9,39
nec465e60f832d1b6,nec465e60f832d1b6,39
n5725242189f38175,n5725242189f38175,39
nb4dfa834f6421f6c,nb4dfa834f6421f6c,39
n73dda9204cba8910,n73dda9204cba8910,39
nb34e9aa7bc474b0a,nb34e9aa7bc474b0a,39
n70d19ac466bfe97c,n70d19ac466bfe97c,39
naec0c0ce207114cd,naec0c0ce207114cd,39
nce0f4b3ac9d4fdf0,nce0f4b3ac9d4fdf0,39
nf9543a8261a8ea7a,nf9543a8261a8ea7a,39
n1eeb3f0eb8361cb3,n1eeb3f0eb8361cb3,39
n318192153776b866,n318192153776b866,39
n7c360df1e8aaceb0,n7c360df1e8aaceb0,39
ndb035124e12cf9c7,ndb035124e12cf9c7,39
ne2271e1cc8fe8452,ne2271e1cc8fe8452,39
n19f7dd6804614c25,n19f7dd6804614c25,39
nded058b6aac68f62,nded058b6aac68f62,39
ndab7f961f42dd841,ndab7f961f42dd841,39
ncc91632fc95eaf96,ncc91632fc95eaf96,39
n659d4e12f6900f03,n659d4e12f6900f03,39
n8666191a99be779f,n8666191a99be779f,39
nf97b0756b778dc06,nf97b0756b778dc06,39
n707f5a948ca52104,n707f5a948ca52104,39
n2a6dbf8092da0d3c,n2a6dbf8092da0d3c,39
n174a5bde2310a0d2,n174a5bde2310a0d2,39
nb3c8999ceda1aad0,nb3c8999ceda1aad0,39
n09f63719cf234be4,n09f63719cf234be4,39
n879cb63d4d9c774a,n879cb63d4d9c774a,39
nf04d7d42fe55f04e,nf04d7d42fe55f04e,39
n0b5f2535522b5b00,n0b5f2535522b5b00,39
n5d21fa242c986a5c,n5d21fa242c986a5c,39
n1f3566d1cff4fc45,n1f3566d1cff4fc45,39
n5c562dad63a0bbad,n5c562dad63a0bbad,39
n9dce311156712742,n9dce311156712742,39
nbaca6c5bc3245636,nbaca6c5bc3245636,39
n04677698cbd00b5a,n04677698cbd00b5a,39
ne550a409abbfcda7,ne550a409abbfcda7,39
n26b55d1beca0a2fc,n26b55d1beca0a2fc,39
n3330a10e92edf1b9,n3330a10e92edf1b9,39
n53af671dae5b5431,n53af671dae5b5431,39
na486c812811840be,na486c812811840be,39
nf5fdac0c64951128,nf5fdac0c64951128,39
n213491dcc3445e1c,n213491dcc3445e1c,39
n41f12637e67b7538,n41f12637e67b7538,39
ne629edeba1ddb28b,ne629edeba1ddb28b,39
n8fb6ad5ea6787820,n8fb6ad5ea6787820,39
ncca52c28131663a5,ncca52c28131663a5,39
n8a90f85bb0d13868,n8a90f85bb0d13868,39
ne7e878afb858b150,ne7e878afb858b150,39
nce9e2985c5734842,nce9e2985c5734842,39
n784aa4e9606bdd21,n784aa4e9606bdd21,39
ne40381bafe64c6aa,ne40381bafe64c6aa,39
n4bfa849ddbff70c5,n4bfa849ddbff70c5,39
nb1e533532658fb5d,nb1e533532658fb5d,39
nb9c4ffdda16e428a,nb9c4ffdda16e428a,39
n6a87e925b1b84e42,n6a87e925b1b84e42,39
ne6b047232d7cca07,ne6b047232d7cca07,39
ned65b474c05cced7,ned65b474c05cced7,39
n43ea63ef6dcd3989,n43ea63ef6dcd3989,39
na61b6c32c571321a,na61b6c32c571321a,39
n85e36e2bee27ffbe,n85e36e2bee27ffbe,39
n0528eb2e41c45a16,n0528eb2e41c45a16,40
nf224c40a35ef16ec,nf224c40a35ef16ec,40
n83fdc4aed2693a7a,n83fdc4aed2693a7a,40
n57ca5db8934e07d7,n57ca5db8934e07d7,40
n13870a1c660378a1,n13870a1c660378a1,40
n59ef34f2df758bd4,n59ef34f2df758bd4,40
n89f5864bdd81d708,n89f5864bdd81d708,40
nd4067600361b7bc0,nd4067600361b7bc0,40
nc20863fc39cf6ba5,nc20863fc39cf6ba5,40
n49e66cdff00ffb0d,n49e66cdff00ffb0d,40
n6edc54fc6bf03540,n6edc54fc6bf03540,40
n13f260c83620d33c,n13f260c83620d33c,40
nf9a12a281b1ce4a2,nf9a12a281b1ce4a2,40
n5c4a02f6ee57f7ce,n5c4a02f6ee57f7ce,40
nf6f3d52c6ba7cf22,nf6f3d52c6ba7cf22,40
nd0d28b02b17542c0,nd0d28b02b17542c0,40
n3b91da2d0cdb71ef,n3b91da2d0cdb71ef,40
nd839151dd0398dc4,nd839151dd0398dc4,40
nd7bdb9b3df7d7085,nd7bdb9b3df7d7085,40
n1c466844ddf18d46,n1c466844ddf18d46,40
nb34e8c5d5844df25,nb34e8c5d5844df25,40
n1b219fd65b190ef7,n1b219fd65b190ef7,40
n096175111149ad40,n096175111149ad40,40
n738c861efefafaf2,n738c861efefafaf2,40
n981290e59c800d18,n981290e59c800d18,40
nac2b0dc7202a22f6,nac2b0dc7202a22f6,40
nef224f41e37df1e2,nef224f41e37df1e2,40
na4899595bf1a1a25,na4899595bf1a1a25,40
ne5e42a0ffb1e0a8a,ne5e42a0ffb1e0a8a,40
ne99b7ef528981bd8,ne99b7ef528981bd8,40
nc05d221240749c36,nc05d221240749c36,40
n4247a0dd3fce00e5,n4247a0dd3fce00e5,40
na879b07c51648db3,na879b07c51648db3,40
n6c6d07b947498ee1,n6c6d07b947498ee1,40
na8e58e22c0ae139a,na8e58e22c0ae139a,40
n05f954a8a885beaa,n05f954a8a885beaa,40
n9f21b4adb22e8044,n9f21b4adb22e8044,40
nee4f5b35b08015ee,nee4f5b35b08015ee,40
n8b1020bcc0147a6d,n8b1020bcc0147a6d,40
nf8cc3a38f1a40f29,nf8cc3a38f1a40f29,40
n857d982bc1072dda,n857d982bc1072dda,40
nfde606626560722c,nfde606626560722c,40
n760a0480d173727e,n760a0480d173727e,40
n118300321b648d02,n118300321b648d02,40
n3329025be1e31c23,n3329025be1e31c23,40
n8d60c5197deeeb9a,n8d60c5197deeeb9a,40
n58f9d0d9d3171253,n58f9d0d9d3171253,40
ne822c9ac792ce5e1,ne822c9ac792ce5e1,40
n2331dbe01d612e8c,n2331dbe01d612e8c,40
ndfdcf27cde86edbe,ndfdcf27cde86edbe,40
n2111fa60fdd14aff,n2111fa60fdd14aff,40
nec2711a19dc3e108,nec2711a19dc3e108,40
n32b5b9bd2d640903,n32b5b9bd2d640903,40
n839ed8ce21203083,n839ed8ce21203083,40
nf0e295545f5cddb1,nf0e295545f5cddb1,40
n072d0b5511b1003e,n072d0b5511b1003e,40
nda9fd213307db265,nda9fd213307db265,40
n9dda995dd58c2521,n9dda995dd58c2521,40
n20eee50678ec97ba,n20eee50678ec97ba,40
nba8444ecbc801709,nba8444ecbc801709,40
n9259eb7fc7aea500,n9259eb7fc7aea500,40
n98e0f9ec699a1bcf,n98e0f9ec699a1bcf,40
n776a95c4961eab84,n776a95c4961eab84,40
nbc83e13365345224,nbc83e13365345224,40
n8157f798e3faa9b4,n8157f798e3faa9b4,40
n25a13ab12b58325a,n25a13ab12b58325a,40
n7414488466657e37,n7414488466657e37,40
n44ec11bdf979e1d6,n44ec11bdf979e1d6,40
nf0c7e5ab526aaf44,nf0c7e5ab526aaf44,40
n1042f751d8dea363,n1042f751d8dea363,41
n9d141c91bf22a306,n9d141c91bf22a306,41
n04925b003b25803f,n04925b003b25803f,41
n6185be678442c7d1,n6185be678442c7d1,41
ndd82a9ecaf132522,ndd82a9ecaf132522,41
n4d894e22c7298859,n4d894e22c7298859,41
n1b6379bc18d9c1c8,n1b6379bc18d9c1c8,41
nfe4dbb85bdd20851,nfe4dbb85bdd20851,41
n663a4cdd61b8bf85,n663a4cdd61b8bf85,41
n1ce2fadba0b79153,n1ce2fadba0b79153,41
n5498f6acbdec76a8,n5498f6acbdec76a8,41
n4b358e815a340a3c,n4b358e815a340a3c,41
na2f92d4128789c11,na2f92d4128789c11,41
n062578607711b2c2,n062578607711b2c2,41
n2d709f76c536beab,n2d709f76c536beab,41
ne1ecb5baba4a3682,ne1ecb5baba4a3682,41
nfea4fe08d034318f,nfea4fe08d034318f,41
neac1033e687536d0,neac1033e687536d0,41
n1f5cece3865bf915,n1f5cece3865bf915,41
nd4bb8d53523e8efd,nd4bb8d53523e8efd,41
nfe732e621dca489f,nfe732e621dca489f,41
ncc28e01ba0a8f1fa,ncc28e01ba0a8f1fa,41
nd558ce4558c3c6c9,nd558ce4558c3c6c9,41
n21eaa7dc1740b68d,n21eaa7dc1740b68d,41
n32074441cc0168ed,n32074441cc0168ed,41
n1f5ba990a092557f,n1f5ba990a092557f,41
n5798a826d7c8b747,n5798a826d7c8b747,41
n34a2ac3b899bf415,n34a2ac3b899bf415,41
n193f678ebfb470e2,n193f678ebfb470e2,41
n655b0c8cef3d9433,n655b0c8cef3d9433,41
nf919091447108e24,nf919091447108e24,41
n27d2bfc7f3171271,n27d2bfc7f3171271,41
naa038283a59833eb,naa038283a59833eb,41
nf1ccc66fb5361189,nf1ccc66fb5361189,41
nfff48ccf85dbf4f4,nfff48ccf85dbf4f4,41
n22c740e1b6eced4f,n22c740e1b6eced4f,41
nc53bf2a1da5dc91e,nc53bf2a1da5dc91e,41
nfbe8f16b7a94cfae,nfbe8f16b7a94cfae,41
nd682798008a7abe4,nd682798008a7abe4,41
n0071bcb273d7c31f,n0071bcb273d7c31f,41
na3953686dfb0049f,na3953686dfb0049f,41
n7a671cffefcc712f,n7a671cffefcc712f,41
n5de1d5ccb024a1ab,n5de1d5ccb024a1ab,41
n6bf2ae14298f92da,n6bf2ae14298f92da,41
n1f1bde9d6f3c3ee8,n1f1bde9d6f3c3ee8,41
nc8c21b242d34633f,nc8c21b242d34633f,41
n7dc54b119a5853a5,n7dc54b119a5853a5,41
ncddf41af2559d5e0,ncddf41af2559d5e0,41
nff9eb6516c1578dd,nff9eb6516c1578dd,41
ne2fdd08bd6e18979,ne2fdd08bd6e18979,41
n242ae7d7552e1182,n242ae7d7552e1182,41
n648e8b605bb7dc33,n648e8b605bb7dc33,41
n1afba2f8307de073,n1afba2f8307de073,41
n8b35c83377b53a9e,n8b35c83377b53a9e,41
n42a79aeb3c2f9fcc,n42a79aeb3c2f9fcc,41
n067e80901ff49128,n067e80901ff49128,41
n039fa4da0b441aea,n039fa4da0b441aea,41
n9379231a8534f86b,n9379231a8534f86b,41
n1fe7b732105c3cfa,n1fe7b732105c3cfa,41
nfb55c2142542ad05,nfb55c2142542ad05,41
n9f52c685bc558709,n9f52c685bc558709,41
ne2ca16d16f458bcc,ne2ca16d16f458bcc,41
n6ed6a5d881e899da,n6ed6a5d881e899da,41
n7699c2da44771fe5,n7699c2da44771fe5,41
na40b345c1f462670,na40b345c1f462670,41
n894a3161d789c1c6,n894a3161d789c1c6,41
n741f042f9981801d,n741f042f9981801d,41
n5203d90091e32e2e,n5203d90091e32e2e,41
nea32786e1de005ef,nea32786e1de005ef,41
nbca7d2245f511d70,nbca7d2245f511d70,41
n44fc16d44fc9dc08,n44fc16d44fc9dc08,41
na89835d4010efe0a,na89835d4010efe0a,41
n3efff2fb21746af9,n3efff2fb21746af9,41
n640ec1fd9f64d4df,n640ec1fd9f64d4df,42
nf5c7ee787bd63594,nf5c7ee787bd63594,42
n6e9fafc82d2fcb80,n6e9fafc82d2fcb80,42
n4ddeb17e608b8edf,n4ddeb17e608b8edf,42
nd3c960ed00429609,nd3c960ed00429609,42
nad6f733b71cbfd57,nad6f733b71cbfd57,42
nca98794eb138c4ac,nca98794eb138c4ac,42
n8a933322ffcf804e,n8a933322ffcf804e,42
na5caa5839fadc15e,na5caa5839fadc15e,42
n83698ce39745b6b2,n83698ce39745b6b2,42
n392ea2481591ae4e,n392ea2481591ae4e,42
n67441d30f81d6fc3,n67441d30f81d6fc3,42
nfc9cb6357dabb551,nfc9cb6357dabb551,42
nf23c0485c5aebe70,nf23c0485c5aebe70,42
n7998956de864afbc,n7998956de864afbc,42
nb5666097c2981dfb,nb5666097c2981dfb,42
naf95a12e9490099d,naf95a12e9490099d,42
nf6cd36744803fcb6,nf6cd36744803fcb6,42
n470369b60ded88e1,n470369b60ded88e1,42
n9b82bfa00a3177da,n9b82bfa00a3177da,42
nc4eafd809083c34f,nc4eafd809083c34f,42
nb1c57873fb761429,nb1c57873fb761429,42
n555c44e24d94efbc,n555c44e24d94efbc,42
nc41e44197a17fbb0,nc41e44197a17fbb0,42
n6e0fd72d63fa305e,n6e0fd72d63fa305e,42
n6fae874f464fd14c,n6fae874f464fd14c,42
nc25fb376868cc89e,nc25fb376868cc89e,42
nc773d5c86b040be6,nc773d5c86b040be6,42
n5b9f515af91358d7,n5b9f515af91358d7,42
n2edbad8cda48fe92,n2edbad8cda48fe92,42
nb4827d3a8567457f,nb4827d3a8567457f,42
n187e0c1d4057041c,n187e0c1d4057041c,42
n51476007a33e1b89,n51476007a33e1b89,42
n4db8700d60d4e004,n4db8700d60d4e004,42
n092668fc8a61e751,n092668fc8a61e751,42
n0a0487a0362059b6,n0a0487a0362059b6,42
ncd88fd52363fd224,ncd88fd52363fd224,42
n6a77b355f88e880b,n6a77b355f88e880b,42
n36aac0010183e54a,n36aac0010183e54a,42
n3ac306ef9ea88d19,n3ac306ef9ea88d19,42
nc127b7ba985817ea,nc127b7ba985817ea,42
nccadd66785598731,nccadd66785598731,42
n5a0c17dc962c8fb8,n5a0c17dc962c8fb8,42
n32285444bbf01d46,n32285444bbf01d46,42
n748b863eef368ebc,n748b863eef368ebc,42
n0a02d9c199a3250c,n0a02d9c199a3250c,42
n3cdb227e4045ae4e,n3cdb227e4045ae4e,42
n8ce4491d3e54b245,n8ce4491d3e54b245,43
n25a5e481cf5a08d8,n25a5e481cf5a08d8,43
ne7f05d31491df514,ne7f05d31491df514,43
n88266a12cb7f28bd,n88266a12cb7f28bd,43
n988a9973808c7496,n988a9973808c7496,43
n2da83c674692e089,n2da83c674692e089,43
n8ea2c68b82ddada8,n8ea2c68b82ddada8,43
nd0d5614fcfbb9ccf,nd0d5614fcfbb9ccf,43
na988b1c867036c48,na988b1c867036c48,43
ncc7b98c4a1d16fb6,ncc7b98c4a1d16fb6,43
n9551231325105b31,n9551231325105b31,43
n1163a90bed04df03,n1163a90bed04df03,43
ne7d55c25a7fc922b,ne7d55c25a7fc922b,43
nf6ca1ada51383270,nf6ca1ada51383270,43
n40dd05dda3d4e3e7,n40dd05dda3d4e3e7,43
nfd1a1aaf7d1bb380,nfd1a1aaf7d1bb380,43
n3885c0c344f614e2,n3885c0c344f614e2,43
n32fc55b59cffeb1c,n32fc55b59cffeb1c,43
n3824cade7758127f,n3824cade7758127f,43
nb0c12c1ca6721f33,nb0c12c1ca6721f33,43
nf388ccd38de09b8e,nf388ccd38de09b8e,43
nf0f94d6fa8a75e02,nf0f94d6fa8a75e02,43
nf18f35c646ea8ea6,nf18f35c646ea8ea6,43
n51d16ad3d5773665,n51d16ad3d5773665,43
n803240d8ea582ab7,n803240d8ea582ab7,43
nfc14b18d3de2125b,nfc14b18d3de2125b,43
nc3fbb83417b55c0d,nc3fbb83417b55c0d,43
n4360be6246d14167,n4360be6246d14167,43
nd48061cdc938df0a,nd48061cdc938df0a,43
n583ea87ba092f045,n583ea87ba092f045,43
ndae0671affe75596,ndae0671affe75596,43
n32292726c3ec51f7,n32292726c3ec51f7,43
n783441fda847f21a,n783441fda847f21a,43
ne6b35ebd512d88c4,ne6b35ebd512d88c4,43
nbf600ed99b300720,nbf600ed99b300720,43
n4b6a2eb204285e05,n4b6a2eb204285e05,43
n4c4f947cf4039fa0,n4c4f947cf4039fa0,43
n38eb9c08dfb2381f,n38eb9c08dfb2381f,43
n8f428d9dfc405abc,n8f428d9dfc405abc,43
n610c224e76a7ec16,n610c224e76a7ec16,43
n0e13d0c30b1b16f4,n0e13d0c30b1b16f4,43
n2ec7798786b9d96d,n2ec7798786b9d96d,43
n075d6064ce7770f6,n075d6064ce7770f6,43
n42300405f1aa7286,n42300405f1aa7286,43
n50c574a45182cfbb,n50c574a45182cfbb,43
n6d7a55839f8ad4a0,n6d7a55839f8ad4a0,X4
n2eae7bd82a2339cd,n2eae7bd82a2339cd,X4
n4b252b0a2d568ebb,n4b252b0a2d568ebb,X4
n9bff98a7f4ef2602,n9bff98a7f4ef2602,X4
n159dc8d5939c6338,n159dc8d5939c6338,X4
nfc7f40dbe28a9aa8,nfc7f40dbe28a9aa8,X4
nd3470d60d4444c9e,nd3470d60d4444c9e,X4
ne68422cabe80f97d,ne68422cabe80f97d,X4
nba62080d81602ff3,nba62080d81602ff3,X4
n628d5201f19547fa,n628d5201f19547fa,X4
n95eee79ab4941cee,n95eee79ab4941cee,X4
n3ca46e4b800f4860,n3ca46e4b800f4860,X4
n269d05e75f5a3395,n269d05e75f5a3395,X4
n801cbdfb683d4e15,n801cbdfb683d4e15,X4
n2eced2e85d90a2a9,n2eced2e85d90a2a9,X4
n2e467571eda0ff80,n2e467571eda0ff80,X4
n5d2b28545a2c8346,n5d2b28545a2c8346,X4
n617137ad7a24bf91,n617137ad7a24bf91,X4
n0e363991f913429d,n0e363991f913429d,X4
n91a99401b49e89d0,n91a99401b49e89d0,X4
n6e6ab758651b1c98,n6e6ab758651b1c98,X4
n417724d4c2feabd3,n417724d4c2feabd3,X4
nbcfde42c927e3c68,nbcfde42c927e3c68,X4
nd1673fb7a4992639,nd1673fb7a4992639,X4
n5d159a8f38ee6eec,n5d159a8f38ee6eec,X4
ne07eb44b238658a8,ne07eb44b238658a8,X4
nc208a041ff92713a,nc208a041ff92713a,X4
n2886a5860f268521,n2886a5860f268521,X4
n498d50fdfa078e92,n498d50fdfa078e92,X4
nf6eec944a9df2805,nf6eec944a9df2805,X4
n71ed41c8062e191e,n71ed41c8062e191e,X4
nf1323b21fb9a68fe,nf1323b21fb9a68fe,X4
n7730d768a48b6268,n7730d768a48b6268,X4
nd59849e67a518c79,nd59849e67a518c79,X4
n21eb624dc3ae7d19,n21eb624dc3ae7d19,X4
n7459e8889e7ef15b,n7459e8889e7ef15b,X4
n35cddb02aca44cae,n35cddb02aca44cae,X4
nb5b9daf1a17b67fb,nb5b9daf1a17b67fb,X4
ndfdf89b90591c699,ndfdf89b90591c699,X4
n83d0b68fb4b69432,n83d0b68fb4b69432,X4
n36b4e402d51eb120,n36b4e402d51eb120,X4
n8d23713f4fcf297a,n8d23713f4fcf297a,X5
n166e28b9cf50367b,n166e28b9cf50367b,X5
n45628a18e68a2896,n45628a18e68a2896,X5
n1fbb29ec02f551ba,n1fbb29ec02f551ba,X5
n7017657c03360ec2,n7017657c03360ec2,X5
nec09ce80e76206fb,nec09ce80e76206fb,X5
ne366f468f5ae4e14,ne366f468f5ae4e14,X5
nce1f2ecf27ad42bf,nce1f2ecf27ad42bf,X5
n78f7f1d1be2ee6fb,n78f7f1d1be2ee6fb,X5
n56d51f062a0650ee,n56d51f062a0650ee,X5
n4c56884120ab0018,n4c56884120ab0018,X5
n2897ca6a91f33042,n2897ca6a91f33042,X5
n365727deb48bd36a,n365727deb48bd36a,X5
n3376fd657a40f14b,n3376fd657a40f14b,X5
n3cf48ebeee255520,n3cf48ebeee255520,X5
na92ced06e2de06c1,na92ced06e2de06c1,X5
n33d766f948b1da00,n33d766f948b1da00,X5
nd9e4222612f65157,nd9e4222612f65157,X5
nf3401d66494ae3d3,nf3401d66494ae3d3,X5
n17776c4d24aa8782,n17776c4d24aa8782,X5
n22750f0487dbf49b,n22750f0487dbf49b,X5
n71eaf2124cbe7aae,n71eaf2124cbe7aae,X5
n11ebfff2193bbdbd,n11ebfff2193bbdbd,X5
n4bac524ac889f1e5,n4bac524ac889f1e5,X5
n9951f2d205565f25,n9951f2d205565f25,X5
n381a5987c80522a3,n381a5987c80522a3,X5
n9426bb5491c796ed,n9426bb5491c796ed,X5
nfa7023390ad5e844,nfa7023390ad5e844,X5
n9e009dfeabaa1d4f,n9e009dfeabaa1d4f,X5
na0dadd97e8a16ab9,na0dadd97e8a16ab9,X5
na554d9bec6b216aa,na554d9bec6b216aa,X5
n3cac1807a3d792ed,n3cac1807a3d792ed,X5
n9b824ae96f69d31c,n9b824ae96f69d31c,X5
nd7e3e0b4e66b73be,nd7e3e0b4e66b73be,X5
n78a8e99d7f59d245,n78a8e99d7f59d245,X5
nc6ade85da3b25799,nc6ade85da3b25799,X5
na22bf2a6cf8b7879,na22bf2a6cf8b7879,X5
nb04cab50f9db3c07,nb04cab50f9db3c07,X5
n83b1b4da96660de7,n83b1b4da96660de7,X5
n5a1f6b44829bce8d,n5a1f6b44829bce8d,X5
n336a81ea3f29dcc7,n336a81ea3f29dcc7,X5
n0c6249b9bfd351fb,n0c6249b9bfd351fb,X5
n6fd2188b756a55c5,n6fd2188b756a55c5,X5
nf77a2f295aa84533,nf77a2f295aa84533,X5
n56697b9460988f35,n56697b9460988f35,X5
nb2d9c5a1557647b1,nb2d9c5a1557647b1,X5
na9ba225bb5956162,na9ba225bb5956162,X5
ndf9cad4373aa267e,ndf9cad4373aa267e,X5
nae9bfef47a4fc5e1,nae9bfef47a4fc5e1,X5
ncf8bb0bfbe56efe9,ncf8bb0bfbe56efe9,X5
n16e94502ca97380d,n16e94502ca97380d,X5
nc7fe526226a58d2d,nc7fe526226a58d2d,X5
nc717f108dffa71e4,nc717f108dffa71e4,X5
nc080ba871612adb1,nc080ba871612adb1,X5
ne092341d0a06d16a,ne092341d0a06d16a,X5
n6635926b5a5f6964,n6635926b5a5f6964,44
n066ad953410adb63,n066ad953410adb63,44
n4bafcdac74e877ec,n4bafcdac74e877ec,44
nb54365b49723da0a,nb54365b49723da0a,44
n1aa73321b211cd18,n1aa73321b211cd18,44
n98ed5191a2443b08,n98ed5191a2443b08,44
n3147788d10c90727,n3147788d10c90727,44
n3c51e38ee9c4d4ed,n3c51e38ee9c4d4ed,44
nb4e7aa9c6d9b6b9d,nb4e7aa9c6d9b6b9d,44
nfba3b076e1047098,nfba3b076e1047098,44
n8e226e99f7761445,n8e226e99f7761445,44
n28a33c15e68fc231,n28a33c15e68fc231,44
nd1488483d266eaf8,nd1488483d266eaf8,44
nd60dab252086be48,nd60dab252086be48,44
n73e1a9b655d456cf,n73e1a9b655d456cf,44
n347bc0fe4311893c,n347bc0fe4311893c,44
n6eb0a9d408c9f5ed,n6eb0a9d408c9f5ed,44
n2e19978bba28f113,n2e19978bba28f113,44
n908a133fb49ef0c9,n908a133fb49ef0c9,44
n6c9c51c08a31ff82,n6c9c51c08a31ff82,44
nef6d10103f55653b,nef6d10103f55653b,44
nc77b7bcc1c71f0c1,nc77b7bcc1c71f0c1,44
nc4d4fdb3c0907025,nc4d4fdb3c0907025,44
n726614b87eda7800,n726614b87eda7800,44
n480dd0967e912134,n480dd0967e912134,44
n907becf9ad092630,n907becf9ad092630,44
n4f915e8d267a0b71,n4f915e8d267a0b71,45
nfe6c878e73e9a000,nfe6c878e73e9a000,45
n2da7adcd185c82e9,n2da7adcd185c82e9,45
n0e03b1c1e9123cfa,n0e03b1c1e9123cfa,45
na3c3447f8abdf33a,na3c3447f8abdf33a,45
n34b6caa4502b44f2,n34b6caa4502b44f2,45
n1c7f7c36f3795a23,n1c7f7c36f3795a23,45
n322c7d6988b691a4,n322c7d6988b691a4,45
n082f60570fa6eec5,n082f60570fa6eec5,45
ne834d70cda9d2da2,ne834d70cda9d2da2,45
n1fb6b91525cd0486,n1fb6b91525cd0486,45
ndc739e1a576a9647,ndc739e1a576a9647,45
n95f83f6b84f7a06e,n95f83f6b84f7a06e,45
n422270515f14cd27,n422270515f14cd27,45
n66bf71df5ffa1ad7,n66bf71df5ffa1ad7,45
na4a24f28b905cbff,na4a24f28b905cbff,45
n99b15999403d0fbb,n99b15999403d0fbb,45
n4de69a83758df557,n4de69a83758df557,45
na144012868db435f,na144012868db435f,45
n465217f9ab9c92d0,n465217f9ab9c92d0,45
nf94731a6a6d9dc00,nf94731a6a6d9dc00,45
ndcab88ac15bf93aa,ndcab88ac15bf93aa,45
n5d469a546b61695c,n5d469a546b61695c,45
n5eca9b730488ae51,n5eca9b730488ae51,45
n486bdbac82aff4d5,n486bdbac82aff4d5,45
n17b43036ce1ee253,n17b43036ce1ee253,45
nc93bf6f486963e06,nc93bf6f486963e06,45
n387222486c269a77,n387222486c269a77,45
n388d33f47dccbaba,n388d33f47dccbaba,45
ndff8500d1e19a250,ndff8500d1e19a250,45
nbf51de9ffb15d2b8,nbf51de9ffb15d2b8,45
nfa6aca3b7e96d4fc,nfa6aca3b7e96d4fc,45
n812d073a4754ad82,n812d073a4754ad82,46
n7504a247b83cafa7,n7504a247b83cafa7,46
n6855cd716cc500ba,n6855cd716cc500ba,46
n5c7f1326748ce8ff,n5c7f1326748ce8ff,46
n9a470cc4626a54c2,n9a470cc4626a54c2,46
nb978bce3cc10ccfc,nb978bce3cc10ccfc,46
nb850fd4a7e3b15c4,nb850fd4a7e3b15c4,46
nd42586f47185bbcf,nd42586f47185bbcf,46
nfa1db89523258881,nfa1db89523258881,46
n6a7196d02f63fe71,n6a7196d02f63fe71,46
n8644819d6afbd0f6,n8644819d6afbd0f6,46
n4639dfe13acc502a,n4639dfe13acc502a,46
n50da87ba47a4d27f,n50da87ba47a4d27f,46
n4b0d3714b94266b9,n4b0d3714b94266b9,46
nfa3eb0c217c0e976,nfa3eb0c217c0e976,46
ncfbdcbeb23e812aa,ncfbdcbeb23e812aa,46
nf7e3b1dc8a1f1234,nf7e3b1dc8a1f1234,46
n337c7a50b1842773,n337c7a50b1842773,46
n667181c4c66a0937,n667181c4c66a0937,46
n5950c4a64202794e,n5950c4a64202794e,46
n7f9733aefa7610c6,n7f9733aefa7610c6,46
n522d649984c9e63c,n522d649984c9e63c,46
n4c30d36d052a148e,n4c30d36d052a148e,46
n0e01a5f0b97d0ec7,n0e01a5f0b97d0ec7,46
n40c3b588368b8fe2,n40c3b588368b8fe2,46
n68569476d3990c32,n68569476d3990c32,46
n374c820284d0da28,n374c820284d0da28,47
n4764f345022ead3d,n4764f345022ead3d,47
n0bfa548171339fc2,n0bfa548171339fc2,47
nd2607a540c836311,nd2607a540c836311,47
na80b29214bc0317d,na80b29214bc0317d,47
n29b678accd42e5b1,n29b678accd42e5b1,47
nb16eb0b571a8b9e5,nb16eb0b571a8b9e5,47
n0cd5a0ea7e2fb74b,n0cd5a0ea7e2fb74b,47
n30e18b639ffefa72,n30e18b639ffefa72,47
nd5dc124bfab5e31e,nd5dc124bfab5e31e,47
n9a1fd578efc7f3be,n9a1fd578efc7f3be,47
n5513061558d08714,n5513061558d08714,47
n761a5b4ae06a6345,n761a5b4ae06a6345,47
nfabe638e11c928e5,nfabe638e11c928e5,47
n7398b28f9745ee55,n7398b28f9745ee55,47
n90ebf73b2c037667,n90ebf73b2c037667,47
nec277794541a14f9,nec277794541a14f9,47
nbc646e8a6468bb79,nbc646e8a6468bb79,47
n7d40bb906b2ca00c,n7d40bb906b2ca00c,47
nb073d03998307e68,nb073d03998307e68,47
neef11fbfcc2cfc4b,neef11fbfcc2cfc4b,47
n46e65b1319d50105,n46e65b1319d50105,47
n176d8aea7ebfb000,n176d8aea7ebfb000,47
ncea65805d25abec6,ncea65805d25abec6,47
n1bca6c4cf11f1799,n1bca6c4cf11f1799,47
n2ab0874c683c867a,n2ab0874c683c867a,47
n6a95b365555c4399,n6a95b365555c4399,47
n4aad17b260ccdc22,n4aad17b260ccdc22,47
n5dbbed066328fc2d,n5dbbed066328fc2d,47
n530918f1da660e1e,n530918f1da660e1e,47
n0419202aa329f9d4,n0419202aa329f9d4,47
ne49f5d38a3a3520b,ne49f5d38a3a3520b,47
nc005a59e3f43fcad,nc005a59e3f43fcad,47
n61d50af2401c11fc,n61d50af2401c11fc,47
nf40a7f133c7640b3,nf40a7f133c7640b3,47
nddbcdb49b503eaaa,nddbcdb49b503eaaa,47
n55c2526061d1dc27,n55c2526061d1dc27,48
n910b24fda2f0619a,n910b24fda2f0619a,48
neb387906333edff9,neb387906333edff9,48
n67b32fb8f5797b2c,n67b32fb8f5797b2c,48
ne7a5cce18b839deb,ne7a5cce18b839deb,48
n9286cd5f52aea402,n9286cd5f52aea402,48
n2a99e2c286c59ec4,n2a99e2c286c59ec4,48
ncbe5de594aea0ba6,ncbe5de594aea0ba6,48
n84ffea267c99ce29,n84ffea267c99ce29,48
n61f6d206d6616509,n61f6d206d6616509,48
nddab34f9e372d197,nddab34f9e372d197,48
n2b1be5efab412b14,n2b1be5efab412b14,48
nbb9d2bbb0f81dfdb,nbb9d2bbb0f81dfdb,48
nefa590045ec4e432,nefa590045ec4e432,48
nc03e7d364a5cead7,nc03e7d364a5cead7,48
n1784b540e173acdb,n1784b540e173acdb,48
nd80ea60faf9ba1f8,nd80ea60faf9ba1f8,48
ncea0dc07bbb95d5c,ncea0dc07bbb95d5c,48
n958124faee79087f,n958124faee79087f,48
n2a55574a46f77bdb,n2a55574a46f77bdb,48
nf5c4a4c1fe69fd16,nf5c4a4c1fe69fd16,48
nc51f308d6dd3a48b,nc51f308d6dd3a48b,48
n8e8d7f92107b67d7,n8e8d7f92107b67d7,48
nbdfc56d5892f2d7a,nbdfc56d5892f2d7a,48
n3b5c8c9a1b3fee68,n3b5c8c9a1b3fee68,48
n417005ae0815d000,n417005ae0815d000,48
n360529d88f5d7f58,n360529d88f5d7f58,49
nfd3088cee8929192,nfd3088cee8929192,49
n2d1cd63e867895b7,n2d1cd63e867895b7,49
n809ccf795afd1a1a,n809ccf795afd1a1a,49
nb6fbd0649d0eefc5,nb6fbd0649d0eefc5,49
n61efb794563aa4ab,n61efb794563aa4ab,49
n70e498281d76a239,n70e498281d76a239,49
n045a1faeefc6cfe4,n045a1faeefc6cfe4,49
n2deea13388dda01a,n2deea13388dda01a,49
n986e93aae7048fb2,n986e93aae7048fb2,49
n0146a46d6c93128b,n0146a46d6c93128b,49
n611f9f461a1053e7,n611f9f461a1053e7,49
n627e862492494a8a,n627e862492494a8a,49
nb0322a56f3c1f31f,nb0322a56f3c1f31f,49
nd5cfd80d80e5c32a,nd5cfd80d80e5c32a,49
n53cda492574906af,n53cda492574906af,49
n250e9c03618db010,n250e9c03618db010,49
n0e2909681c9c92fb,n0e2909681c9c92fb,49
ne18f603557cbe613,ne18f603557cbe613,49
n0aaba00ce55de708,n0aaba00ce55de708,49
n5728de7588f2ba17,n5728de7588f2ba17,49
n64e889eb38d7c10e,n64e889eb38d7c10e,49
n3cc45aa8754d2c48,n3cc45aa8754d2c48,49
n163bcc7699953ddb,n163bcc7699953ddb,49
na62808d914df84df,na62808d914df84df,49
nf6bb8e8a25f5d191,nf6bb8e8a25f5d191,49
nf37b56d69d40bd10,nf37b56d69d40bd10,49
n793a0c0adbf4bcb2,n793a0c0adbf4bcb2,49
n7f8c212a92064c5b,n7f8c212a92064c5b,49
n3b778c7a50707f4f,n3b778c7a50707f4f,49
ncb3437fc6d7caabe,ncb3437fc6d7caabe,49
n2649f73b49394948,n2649f73b49394948,49
nc17ffbf14f381c35,nc17ffbf14f381c35,49
n01801d35fcb53c83,n01801d35fcb53c83,49
n8b363af5567f492d,n8b363af5567f492d,49
nd84279628c366cc5,nd84279628c366cc5,49
n6e1156a1308180c0,n6e1156a1308180c0,49
n67b7f5ab97ced48f,n67b7f5ab97ced48f,49
n85386666e10a6c3f,n85386666e10a6c3f,50
n5f2ac34a2e2a63f5,n5f2ac34a2e2a63f5,50
n5d858ef2a51a938b,n5d858ef2a51a938b,50
nc5e88af024b4cc97,nc5e88af024b4cc97,50
n5ba8d58e9f42fc72,n5ba8d58e9f42fc72,50
nb24bac827b35a246,nb24bac827b35a246,50
n446e8bd25b9ee160,n446e8bd25b9ee160,50
n9028963358bc16b3,n9028963358bc16b3,50
n03236f8b70a78953,n03236f8b70a78953,50
nc1ae2c689697e280,nc1ae2c689697e280,50
n1c503f585b829c31,n1c503f585b829c31,50
n2fa0c3f42ade190a,n2fa0c3f42ade190a,50
nd2b54e6266f3302b,nd2b54e6266f3302b,50
n952f5805ce4271d5,n952f5805ce4271d5,50
n9ae0a3e9ef610693,n9ae0a3e9ef610693,50
n586df3c6c68cd658,n586df3c6c68cd658,50
ncf6a0f78dba516e5,ncf6a0f78dba516e5,50
naaafe207bc971cfb,naaafe207bc971cfb,50
nec52c49efb18b392,nec52c49efb18b392,50
n026d6bccd11ea086,n026d6bccd11ea086,50
nb88809b41988ddb3,nb88809b41988ddb3,50
n0a372cd3073e4f92,n0a372cd3073e4f92,50
nee29b0ead10c637e,nee29b0ead10c637e,50
nb90bd34f059aae57,nb90bd34f059aae57,50
n20aadaca9284dc9d,n20aadaca9284dc9d,50
n1f7a9d92241aac74,n1f7a9d92241aac74,50
n0d89b375d11918eb,n0d89b375d11918eb,50
n8875145f8f66bf00,n8875145f8f66bf00,50
n0809b577da6b002a,n0809b577da6b002a,51
n2a41ff95089da379,n2a41ff95089da379,51
n6f1b1accaf09cdd2,n6f1b1accaf09cdd2,51
n7481e6a0b6625c91,n7481e6a0b6625c91,51
nbdd08fc25a43bc2a,nbdd08fc25a43bc2a,51
ndee5401b5a8e2d77,ndee5401b5a8e2d77,51
ne7cfae12c3d6611b,ne7cfae12c3d6611b,51
n48070eed26891907,n48070eed26891907,51
n53cc065a78bf6a10,n53cc065a78bf6a10,51
n986db0ebf4ced49e,n986db0ebf4ced49e,51
n1f3302a2ee8ce944,n1f3302a2ee8ce944,51
n3e5a6c29d8537b8a,n3e5a6c29d8537b8a,51
n50f466dd86132679,n50f466dd86132679,51
ne21135a6136511e2,ne21135a6136511e2,51
n2b20d5f1b6bb8891,n2b20d5f1b6bb8891,51
nfd2433764354dd22,nfd2433764354dd22,51
necdce91757a9c5c6,necdce91757a9c5c6,51
nf9a3c6353869f5c8,nf9a3c6353869f5c8,51
nd2327509b90e0efe,nd2327509b90e0efe,51
ne67bc1d973d1d958,ne67bc1d973d1d958,51
n2cac1fd8125cad40,n2cac1fd8125cad40,51
n7229d55b090974d6,n7229d55b090974d6,51
n729b94ff4ef6876d,n729b94ff4ef6876d,51
n57c17b2b46f8ec2e,n57c17b2b46f8ec2e,51
n7af86f10a12fbb17,n7af86f10a12fbb17,51
n6ef2a1bba2149f3e,n6ef2a1bba2149f3e,51
n256c6110a66072fe,n256c6110a66072fe,51
nbdd03a6c0281a070,nbdd03a6c0281a070,51
na08bb1013ad9c29b,na08bb1013ad9c29b,51
nf1e04d9b7ca32dd0,nf1e04d9b7ca32dd0,51
nf98f499ef4e8c4c9,nf98f499ef4e8c4c9,51
nbd4dd28578cd5da9,nbd4dd28578cd5da9,51
nb6afd44b956c1c79,nb6afd44b956c1c79,51
n3dab296920b6384e,n3dab296920b6384e,52
na17d45881653e825,na17d45881653e825,52
n3584b1f454fc2879,n3584b1f454fc2879,52
n97857205abc42525,n97857205abc42525,52
ncaf91a26c8e9a23b,ncaf91a26c8e9a23b,52
ndbde87dbea2bb690,ndbde87dbea2bb690,52
na20ec8a90061a468,na20ec8a90061a468,52
nadd74a9fb3aad164,nadd74a9fb3aad164,52
nacb3e5cf5c06fb87,nacb3e5cf5c06fb87,52
nd519fe5712f5055f,nd519fe5712f5055f,52
nd17aa6a72e2ee746,nd17aa6a72e2ee746,52
n093d51de1de587c6,n093d51de1de587c6,52
n61c3eab41bd10c69,n61c3eab41bd10c69,52
n32ef9079717e5c37,n32ef9079717e5c37,52
n4ac44cf281e5f4a2,n4ac44cf281e5f4a2,52
na597f284db62413c,na597f284db62413c,52
na7138c2f99b32bb1,na7138c2f99b32bb1,52
n45237cd93fe6106c,n45237cd93fe6106c,52
n488e81d668f68ea4,n488e81d668f68ea4,52
nc16584614dc3416e,nc16584614dc3416e,52
nf4b148b920636517,nf4b148b920636517,52
n81e4f83ed6f0f234,n81e4f83ed6f0f234,52
n793f1ab71a4e7472,n793f1ab71a4e7472,52
nb63379db4ac55f99,nb63379db4ac55f99,52
n22cc994256cc00cf,n22cc994256cc00cf,52
nfb863f6145797846,nfb863f6145797846,52
n044b8ee4ba5d9526,n044b8ee4ba5d9526,52
n8163630451888c78,n8163630451888c78,52
nd3c4833d8cf09bef,nd3c4833d8cf09bef,52
neeb20589e2bdc728,neeb20589e2bdc728,52
na954a7d3c43c8926,na954a7d3c43c8926,52
nc156f93557b84265,nc156f93557b84265,52
n6b2cf1b4b7969316,n6b2cf1b4b7969316,52
na4422ef738361812,na4422ef738361812,52
n3263b4d20ac2c8bb,n3263b4d20ac2c8bb,52
n4ee38c882a88eae5,n4ee38c882a88eae5,52
nde8460e14e018aca,nde8460e14e018aca,52
n005a60776c8989a3,n005a60776c8989a3,52
n1e555c892110502f,n1e555c892110502f,52
n731fbe27b4d20f1a,n731fbe27b4d20f1a,52
n795314551d245e22,n795314551d245e22,52
n22c7b65c9c10b81c,n22c7b65c9c10b81c,52
nde3387eca5cddae9,nde3387eca5cddae9,52
nb256bc2aa9fdac88,nb256bc2aa9fdac88,52
n22a4115b6544f39c,n22a4115b6544f39c,52
na5819ec4be4ddc81,na5819ec4be4ddc81,52
n690a5d48a47feefc,n690a5d48a47feefc,52
n711137162048f65e,n711137162048f65e,52
na4ac84e5e757d448,na4ac84e5e757d448,52
naac651cb89122c86,naac651cb89122c86,52
nc9c78f4b2f701576,nc9c78f4b2f701576,52
nb5de42a939eae734,nb5de42a939eae734,52
n72ae15c34e5e0c82,n72ae15c34e5e0c82,52
n84b76bc3a9052e0a,n84b76bc3a9052e0a,52
ndc05a25cc0016516,ndc05a25cc0016516,52
n5cb8a5edccaa5b02,n5cb8a5edccaa5b02,52
n41bf8adb4ff39a0d,n41bf8adb4ff39a0d,52
nf8b379c958478c8f,nf8b379c958478c8f,52
n55be00503681dd56,n55be00503681dd56,52
n6f9982fa3e6137bb,n6f9982fa3e6137bb,52
n8e57bac8a7559ade,n8e57bac8a7559ade,52
n17a9675d98fb8411,n17a9675d98fb8411,52
n90fe7d11c16037a8,n90fe7d11c16037a8,52
nbbfb0962c38f1ab5,nbbfb0962c38f1ab5,52
n7384af119bc62383,n7384af119bc62383,52
n873056adc5da845d,n873056adc5da845d,52
n94d6ae205673a23b,n94d6ae205673a23b,52
nf04bb406ec0685b8,nf04bb406ec0685b8,52
n49157355e1eaa355,n49157355e1eaa355,52
n8b179f1b93b1eb90,n8b179f1b93b1eb90,52
n051d7798ebf1af60,n051d7798ebf1af60,53
n4cea8dd64273a102,n4cea8dd64273a102,53
nb8aade2e349bd047,nb8aade2e349bd047,53
n3d39468a9f453f8c,n3d39468a9f453f8c,53
n35b8ee00d9b5acc4,n35b8ee00d9b5acc4,53
n5c546cfddb54f914,n5c546cfddb54f914,53
n77e0ca1010e0eee3,n77e0ca1010e0eee3,53
ncdd8bb2648d328cb,ncdd8bb2648d328cb,53
nc6a64d1377461313,nc6a64d1377461313,53
n8f30f39cf28d021c,n8f30f39cf28d021c,53
nd82bbded2088925f,nd82bbded2088925f,53
nffafcc702d30d1a6,nffafcc702d30d1a6,53
n2d38c61c1a43c5f7,n2d38c61c1a43c5f7,53
n79ad7cbe82273b3c,n79ad7cbe82273b3c,53
n461d213e844bc276,n461d213e844bc276,53
ne40734efc9cb9681,ne40734efc9cb9681,53
n16364037c2ad3858,n16364037c2ad3858,53
nb936698e42bea2dc,nb936698e42bea2dc,53
nf9ed629accebfe0c,nf9ed629accebfe0c,53
ne7411a4f1a9c3644,ne7411a4f1a9c3644,53
na6e5aede101bb23f,na6e5aede101bb23f,53
n9491055f30f21aa1,n9491055f30f21aa1,53
ne4402abdb909f460,ne4402abdb909f460,53
n040a0bb26e2cf1d5,n040a0bb26e2cf1d5,53
nf9e5f9b8be30c5a0,nf9e5f9b8be30c5a0,53
nec9e10f1da2be0a5,nec9e10f1da2be0a5,53
n87481ba444f6c2c8,n87481ba444f6c2c8,53
n6b8dad579e635d42,n6b8dad579e635d42,53
n5f2b8e0634645705,n5f2b8e0634645705,53
n94321134a71079c4,n94321134a71079c4,53
n85ded868dc2be777,n85ded868dc2be777,53
nd1c43c320542b054,nd1c43c320542b054,53
n1791d47c1be06d7b,n1791d47c1be06d7b,53
n4cd21033ec6c78c6,n4cd21033ec6c78c6,53
nd3f7c93971ef555e,nd3f7c93971ef555e,53
nacecd9891f64b515,nacecd9891f64b515,53
n2c5a4344101a23f3,n2c5a4344101a23f3,53
nf430f804f69e8fd1,nf430f804f69e8fd1,53
n680b90728ade5033,n680b90728ade5033,53
n0e4562cded23e3db,n0e4562cded23e3db,53
ne369d5dc661769ca,ne369d5dc661769ca,53
n6975a5638a316e62,n6975a5638a316e62,53
n6d24da8c8fe2b5ca,n6d24da8c8fe2b5ca,53
n8ce9781bad33d897,n8ce9781bad33d897,53
n4a8fbb3c4cb35eb1,n4a8fbb3c4cb35eb1,53
n93409234c90a4f0a,n93409234c90a4f0a,53
nb21b9a0bc2bcf088,nb21b9a0bc2bcf088,53
n45ec2ceccd7bb926,n45ec2ceccd7bb926,53
nb6f33c687a75af86,nb6f33c687a75af86,53
n418fbbc9a4ad9694,n418fbbc9a4ad9694,53
n4613cf61fdb69e13,n4613cf61fdb69e13,53
ne1bec9b534afbf6c,ne1bec9b534afbf6c,53
n5f07fe6f8c5812ed,n5f07fe6f8c5812ed,53
n79eff098e81ad0e7,n79eff098e81ad0e7,53
n7861cf4952b8a6e6,n7861cf4952b8a6e6,53
n9e86305be54eb1dc,n9e86305be54eb1dc,53
n6910af0bc9971a54,n6910af0bc9971a54,53
ne56eea6d2511db0a,ne56eea6d2511db0a,53
ndde08965d3cbb1eb,ndde08965d3cbb1eb,53
ndb9a5e548b54059c,ndb9a5e548b54059c,53
n9dc63c80803bf857,n9dc63c80803bf857,53
n89a4ee269fa4b4b3,n89a4ee269fa4b4b3,53
naaef309b83088507,naaef309b83088507,53
n102ff958422096e5,n102ff958422096e5,53
nf49a7c0e220c52e7,nf49a7c0e220c52e7,54
n361da2dfdc26ccd4,n361da2dfdc26ccd4,54
n4beea3a4c989f8de,n4beea3a4c989f8de,54
na4825208e641a905,na4825208e641a905,54
n28a320079f4e2baa,n28a320079f4e2baa,54
n0c52918d7b3a5b4d,n0c52918d7b3a5b4d,54
na1f7a7cd1b330b99,na1f7a7cd1b330b99,54
n49c898bb2e3b7470,n49c898bb2e3b7470,54
n42c6da137db69463,n42c6da137db69463,54
n33a6ca956dcebd21,n33a6ca956dcebd21,54
nb617afad7bc06cf9,nb617afad7bc06cf9,54
n9b97b038c8612770,n9b97b038c8612770,54
n85b01c02f7c1107e,n85b01c02f7c1107e,54
n6401f75c30fe4a88,n6401f75c30fe4a88,54
nb065c17f3279cb6d,nb065c17f3279cb6d,54
n24c2da2497245064,n24c2da2497245064,54
n26add16345bc79fa,n26add16345bc79fa,54
n1b2062d62d3341c9,n1b2062d62d3341c9,54
nec2f4c6a238244a7,nec2f4c6a238244a7,54
nfae2bc2d306b9b0b,nfae2bc2d306b9b0b,54
n1a792868514101da,n1a792868514101da,54
nd86e2c775f12e60e,nd86e2c775f12e60e,54
n76ad922be786fa26,n76ad922be786fa26,54
n8edad035896719f5,n8edad035896719f5,54
n9c66987243ef09a6,n9c66987243ef09a6,54
n7d7b1236d3602caf,n7d7b1236d3602caf,54
n31260899faea9ec7,n31260899faea9ec7,54
nb8a2c530c43a100e,nb8a2c530c43a100e,54
n8f23c70de63467ff,n8f23c70de63467ff,54
n1da60fa2c45c1fb0,n1da60fa2c45c1fb0,54
nc7448c85f9f462dc,nc7448c85f9f462dc,54
n785b31b57ac06b05,n785b31b57ac06b05,54
n1cf3d48b0723e1b1,n1cf3d48b0723e1b1,54
nfaeb13ed69e28023,nfaeb13ed69e28023,54
n873f68665b8bda50,n873f68665b8bda50,54
n717eb581277d6ae5,n717eb581277d6ae5,54
nec9fb6c5925f8c04,nec9fb6c5925f8c04,54
n220e70745f87dd52,n220e70745f87dd52,54
na1186d8069e2c646,na1186d8069e2c646,54
n0139e634b631b187,n0139e634b631b187,54
nb384ba2345e39053,nb384ba2345e39053,54
n14f4d07524fa49ec,n14f4d07524fa49ec,54
nb392fa6f0c4909ad,nb392fa6f0c4909ad,54
nf0ae40002794e045,nf0ae40002794e045,54
n7781069bc511371d,n7781069bc511371d,54
n9f1b6c9d31261441,n9f1b6c9d31261441,54
n9bf51464d47bbb97,n9bf51464d47bbb97,54
n5ec196e4d44f0012,n5ec196e4d44f0012,54
nb801b857603e13b3,nb801b857603e13b3,54
n48e55645e2cb68c8,n48e55645e2cb68c8,54
nd452ada72b882709,nd452ada72b882709,54
nc864829b00a32ca1,nc864829b00a32ca1,54
ndab4a1d041a8ab3c,ndab4a1d041a8ab3c,54
nf6f80badcf9d66b9,nf6f80badcf9d66b9,54
n8f4d632d690dd0f8,n8f4d632d690dd0f8,54
n681e042c53f7bda1,n681e042c53f7bda1,54
n3e6e4368bb8b7aca,n3e6e4368bb8b7aca,54
n46575dc5d9d7cd1a,n46575dc5d9d7cd1a,54
nfbb1a853e38b16ac,nfbb1a853e38b16ac,54
nd378eee41518cefc,nd378eee41518cefc,54
n14713fe5d827b3a3,n14713fe5d827b3a3,54
n32a27f02b3e4f33b,n32a27f02b3e4f33b,54
nb43319d0e5a71689,nb43319d0e5a71689,54
ndf42cc367355a968,ndf42cc367355a968,54
n8d48be604e585958,n8d48be604e585958,54
nae548ae2f243449d,nae548ae2f243449d,54
n8563b43f088201f7,n8563b43f088201f7,54
n950635b0bce72047,n950635b0bce72047,54
n82d3a8dd1554be2d,n82d3a8dd1554be2d,54
n2f8b84a97409d470,n2f8b84a97409d470,54
n5f8259decb15324f,n5f8259decb15324f,54
n636622b183cc81ad,n636622b183cc81ad,54
n4f15b1bc2b496fe0,n4f15b1bc2b496fe0,55
nf2106c1a14953147,nf2106c1a14953147,55
n0dee7e78a50897ac,n0dee7e78a50897ac,55
n2e8d0467bc530252,n2e8d0467bc530252,55
n2d8bce04ef4d4c43,n2d8bce04ef4d4c43,55
n104f6f294ebb654c,n104f6f294ebb654c,55
n047684adbd5a951e,n047684adbd5a951e,55
n72e75624593f36bc,n72e75624593f36bc,55
n42601f8816b32902,n42601f8816b32902,55
n531d4c1e82a5e285,n531d4c1e82a5e285,55
nc3c3b86e28fe02b2,nc3c3b86e28fe02b2,55
n0e75d3029d04bfc2,n0e75d3029d04bfc2,55
n4f016d526f035689,n4f016d526f035689,55
ne80131342b346cd0,ne80131342b346cd0,55
nf676e431f825ff8c,nf676e431f825ff8c,55
n68f17e8815484f53,n68f17e8815484f53,55
n29fbd34bcd95441c,n29fbd34bcd95441c,55
n2d8c3246471ff922,n2d8c3246471ff922,55
n775b057c8672f8f0,n775b057c8672f8f0,55
n4623b9b201887cd1,n4623b9b201887cd1,55
nbc68403dcc2595e8,nbc68403dcc2595e8,55
naf03c2d511656fbd,naf03c2d511656fbd,55
nc398e8c38aa4b00d,nc398e8c38aa4b00d,55
nd4b856af88e84e5c,nd4b856af88e84e5c,55
n022ede24c123ed92,n022ede24c123ed92,55
n572d011d659602cb,n572d011d659602cb,55
n55c7cf8b77f82815,n55c7cf8b77f82815,55
nb1f6e99725d9e631,nb1f6e99725d9e631,55
ncbe9e7038f5be52e,ncbe9e7038f5be52e,55
n3ff9c8579b736850,n3ff9c8579b736850,55
na39cbd606879a291,na39cbd606879a291,55
n8eeacbf2f8ef71d0,n8eeacbf2f8ef71d0,55
nff8c22bdcce90dcd,nff8c22bdcce90dcd,55
n10054052ad8ff625,n10054052ad8ff625,55
n1193c8cbf33302fe,n1193c8cbf33302fe,55
n7e8acb9f73c34112,n7e8acb9f73c34112,55
nd093ac4423ea3482,nd093ac4423ea3482,55
n85bac7d7ed75e795,n85bac7d7ed75e795,55
nc0ebc488d83cd5e7,nc0ebc488d83cd5e7,55
n252806c70ac342c7,n252806c70ac342c7,55
na4270c76b39d91a1,na4270c76b39d91a1,55
n177120d43b68210e,n177120d43b68210e,55
n287e7cbfb636d4f1,n287e7cbfb636d4f1,55
nf6d529062114c400,nf6d529062114c400,55
neb8437f81bbcadd7,neb8437f81bbcadd7,55
ncd4692d509436597,ncd4692d509436597,55
ndc79b69f72e6a458,ndc79b69f72e6a458,55
nfd4ddddeccb8b057,nfd4ddddeccb8b057,55
n6f0704626746fd29,n6f0704626746fd29,55
n2f8cb0d982df04a3,n2f8cb0d982df04a3,55
nec92472c5eaddc11,nec92472c5eaddc11,55
ndcb3d354af91ac99,ndcb3d354af91ac99,55
n3e4e23ee166d2d78,n3e4e23ee166d2d78,55
n4c8a812e996b7a31,n4c8a812e996b7a31,55
nd7f3acfd4030c114,nd7f3acfd4030c114,55
n7e7f1aadf87e05d6,n7e7f1aadf87e05d6,55
n407ea323f487aaa6,n407ea323f487aaa6,55
nfd6b50d98710e966,nfd6b50d98710e966,55
n409eb366207bffb8,n409eb366207bffb8,55
nc702d400f1cb2c5c,nc702d400f1cb2c5c,55
ndc833899f94478c1,ndc833899f94478c1,55
n4af32c10ca89cb0f,n4af32c10ca89cb0f,55
n3278c9a9aa8c9f70,n3278c9a9aa8c9f70,55
n922a915a7b2340fd,n922a915a7b2340fd,55
nda64d0f58580dead,nda64d0f58580dead,55
n72afe50c615bdb42,n72afe50c615bdb42,55
na1bc452a16cd40e7,na1bc452a16cd40e7,55
nd57832f08460ca54,nd57832f08460ca54,55
n199d050f69066847,n199d050f69066847,55
n678c12b610e691a2,n678c12b610e691a2,55
n8f23567b2dafb42d,n8f23567b2dafb42d,55
n0aa7d3ce824592a6,n0aa7d3ce824592a6,56
nfb3748695a77c08c,nfb3748695a77c08c,56
n553aa1ed3f2be0ef,n553aa1ed3f2be0ef,56
nfc8943aa2b3cb2fb,nfc8943aa2b3cb2fb,56
n92cf5943a947dd6f,n92cf5943a947dd6f,56
n262e457271f2992d,n262e457271f2992d,56
nc168d9a7f2045219,nc168d9a7f2045219,56
na98cdc838bc01c0b,na98cdc838bc01c0b,56
nab602184baa7718b,nab602184baa7718b,56
n2cf363bea38f20ff,n2cf363bea38f20ff,56
n887b67cef375928a,n887b67cef375928a,56
nd93f780293b74f4d,nd93f780293b74f4d,56
n172c51d25da6c196,n172c51d25da6c196,56
nb9d9e7aebbced82a,nb9d9e7aebbced82a,56
nc85ada0ffd5476bd,nc85ada0ffd5476bd,56
n837fec56ce5e3749,n837fec56ce5e3749,56
n0ac7be60ebf2eb11,n0ac7be60ebf2eb11,56
n20852bfb3a20efee,n20852bfb3a20efee,56
ned36e62b1e2665ac,ned36e62b1e2665ac,56
nccd97affacd08c95,nccd97affacd08c95,56
naa2e91028062631c,naa2e91028062631c,56
n111a5c3c5243c1c6,n111a5c3c5243c1c6,56
na24a664b01ea1590,na24a664b01ea1590,56
n09351a208bb0fd53,n09351a208bb0fd53,56
nf04ec2cb6ae2ab52,nf04ec2cb6ae2ab52,56
n93e7646bf74fbd3d,n93e7646bf74fbd3d,56
n8792f0e0dc9898c6,n8792f0e0dc9898c6,56
n397463f994153909,n397463f994153909,56
n262b5549d13d1254,n262b5549d13d1254,56
nf70b0d81193e788c,nf70b0d81193e788c,56
n4fb4d6eac19e8848,n4fb4d6eac19e8848,56
n9394cf0855554a7c,n9394cf0855554a7c,56
n2cc4f906b84df787,n2cc4f906b84df787,56
n2f17f7b88e8571d8,n2f17f7b88e8571d8,56
nfcec2116e2d6c1b2,nfcec2116e2d6c1b2,56
n36ad6f9641ac7be1,n36ad6f9641ac7be1,56
n1ad5209174c3d3a6,n1ad5209174c3d3a6,56
nf0656a072e4bdcf0,nf0656a072e4bdcf0,56
n9cd52262a8529623,n9cd52262a8529623,56
na0150b21b608324b,na0150b21b608324b,56
ndae3f8318a59aed3,ndae3f8318a59aed3,56
ne8b16ec81dbf1078,ne8b16ec81dbf1078,56
n878f1a6e32e4551e,n878f1a6e32e4551e,56
n0879f6d19ab823bf,n0879f6d19ab823bf,56
n501de555b5d08cd0,n501de555b5d08cd0,56
nc11ce601714b8f5e,nc11ce601714b8f5e,56
n1330b7a3ac24c2bc,n1330b7a3ac24c2bc,56
n7e3a09fe558f6874,n7e3a09fe558f6874,56
nb787293ba51245de,nb787293ba51245de,56
n8584a389321de7c2,n8584a389321de7c2,56
n0d688cdd967d621d,n0d688cdd967d621d,56
nfd0a8f4d4a27d966,nfd0a8f4d4a27d966,56
n36783f48633a3bff,n36783f48633a3bff,56
n3577eb0425e7f6e9,n3577eb0425e7f6e9,56
nf58b4e13899df53c,nf58b4e13899df53c,56
n278faedf0b044c90,n278faedf0b044c90,56
n4b381b2ec0169c0d,n4b381b2ec0169c0d,56
nf41087a299c9a7ad,nf41087a299c9a7ad,56
nde5f4d4ac5f31d14,nde5f4d4ac5f31d14,56
n78fd278e2a774cc0,n78fd278e2a774cc0,56
n3f6a908e1f2efa4d,n3f6a908e1f2efa4d,56
neda02a2da6af122c,neda02a2da6af122c,56
n4ff72bdafa5a021d,n4ff72bdafa5a021d,56
n0d58b486c793cd3b,n0d58b486c793cd3b,56
nc805b2c3a20faf08,nc805b2c3a20faf08,57
nda763f873073f3bc,nda763f873073f3bc,57
n0c9377c94490368f,n0c9377c94490368f,57
n0765d305dc2fbf37,n0765d305dc2fbf37,57
n02e93f4a057e7ec2,n02e93f4a057e7ec2,57
n2e71ce84215d2dde,n2e71ce84215d2dde,57
nf5c9c7642128a821,nf5c9c7642128a821,57
n66b3d71dab801a81,n66b3d71dab801a81,57
n3a4cc6ba1613efdb,n3a4cc6ba1613efdb,57
nc22aa79d564bf1e8,nc22aa79d564bf1e8,57
nee62f1559e4b5b47,nee62f1559e4b5b47,57
n9ead82fba295acbc,n9ead82fba295acbc,57
nacf807136738bedd,nacf807136738bedd,57
n9f23514fe2bacf4d,n9f23514fe2bacf4d,57
n25b57b00b8ba247a,n25b57b00b8ba247a,57
nd161ab2f84a0de9a,nd161ab2f84a0de9a,57
n437a14a581aac18f,n437a14a581aac18f,57
n0c266fdfc1c2a87e,n0c266fdfc1c2a87e,57
na30d01e022e088e0,na30d01e022e088e0,57
ne87295e6c911daef,ne87295e6c911daef,57
n28df3907cd215f37,n28df3907cd215f37,57
n449cf285570fa73e,n449cf285570fa73e,57
n7ab7776222edd127,n7ab7776222edd127,57
n87592efecc8700be,n87592efecc8700be,57
n6cc94286988ecd57,n6cc94286988ecd57,57
n1f7c4763887c1fe4,n1f7c4763887c1fe4,57
n3ad6580a540b1fc1,n3ad6580a540b1fc1,57
n694ab674763a2ff7,n694ab674763a2ff7,57
n4f961acc4240ce87,n4f961acc4240ce87,57
nc1e1db6311b719ad,nc1e1db6311b719ad,57
nd36bd282d894472e,nd36bd282d894472e,57
n0387ad4554277151,n0387ad4554277151,57
n2310ef7f71cc49c3,n2310ef7f71cc49c3,57
n45422e8fb650183d,n45422e8fb650183d,57
n93c5a0e61715b931,n93c5a0e61715b931,57
nbb8da47948ec51ad,nbb8da47948ec51ad,57
n012e777c093dfcbe,n012e777c093dfcbe,57
nf9f311729858e8c7,nf9f311729858e8c7,57
n6a3471713706a62d,n6a3471713706a62d,57
n4af908cc8d9b3834,n4af908cc8d9b3834,57
n19e9be8ec0cfa010,n19e9be8ec0cfa010,57
n60469188a141a02d,n60469188a141a02d,57
n490e3312495c63bb,n490e3312495c63bb,57
na8099c296be53bc6,na8099c296be53bc6,57
nff66aab7ab0a6bf3,nff66aab7ab0a6bf3,57
nbf5d0fd5b6a335a4,nbf5d0fd5b6a335a4,57
n679e953dce2ddde3,n679e953dce2ddde3,57
na6bdbd4578157ab1,na6bdbd4578157ab1,57
nc54649805adc002d,nc54649805adc002d,57
n898c030da7a132f1,n898c030da7a132f1,57
na8b801786bccaad2,na8b801786bccaad2,57
n11c2e2ca10f1ce19,n11c2e2ca10f1ce19,57
ne272e98ba628cb92,ne272e98ba628cb92,57
nb790b15159e99376,nb790b15159e99376,57
ne7841f60afc1e3c9,ne7841f60afc1e3c9,57
n3eb070db614c4e4d,n3eb070db614c4e4d,57
n4914fa5693314927,n4914fa5693314927,57
ne8543f86c16ba509,ne8543f86c16ba509,57
n37d8eff2e9d2d1ad,n37d8eff2e9d2d1ad,57
n29a6494c5e308ca3,n29a6494c5e308ca3,57
nfaec0305d8246fe1,nfaec0305d8246fe1,57
n4e8a722f693f1e34,n4e8a722f693f1e34,57
n3257110dbaa88b76,n3257110dbaa88b76,57
n60d715e49a89328f,n60d715e49a89328f,57
n4b7b4aec549b3422,n4b7b4aec549b3422,57
n8ec66d4d2cdd4cfa,n8ec66d4d2cdd4cfa,57
nce691c1f88e01f54,nce691c1f88e01f54,57
ne21587d8b924b92f,ne21587d8b924b92f,57
na93a39107d721aea,na93a39107d721aea,57
n6b1547a4a36ed174,n6b1547a4a36ed174,57
n77fa1113f318f275,n77fa1113f318f275,58
n73952ad2a06cc160,n73952ad2a06cc160,58
nc5b201cf853356fc,nc5b201cf853356fc,58
ne045fe352de9a7e2,ne045fe352de9a7e2,58
nfb9639432a1e90dc,nfb9639432a1e90dc,58
nc3ae9e001a25e9b8,nc3ae9e001a25e9b8,58
n9bd85c37ca61b12e,n9bd85c37ca61b12e,58
n12b246733d345fa2,n12b246733d345fa2,58
n3a0cf27ad3a932d2,n3a0cf27ad3a932d2,58
n4cc742da0f6ea3c1,n4cc742da0f6ea3c1,58
n260a13e9a57275c0,n260a13e9a57275c0,58
n4d2e889902b08e0f,n4d2e889902b08e0f,58
nc63cb8bb0a62e43b,nc63cb8bb0a62e43b,58
nae7008cc3fdd087f,nae7008cc3fdd087f,58
nf54a99b90776aada,nf54a99b90776aada,58
na0ef3d5eda82cc8a,na0ef3d5eda82cc8a,58
n0b7ee57f4887123b,n0b7ee57f4887123b,58
n4d27e80e127972e4,n4d27e80e127972e4,58
n950b6126350c7af0,n950b6126350c7af0,58
n90600d66924c0624,n90600d66924c0624,58
nc30d55d0d95677b4,nc30d55d0d95677b4,58
n2d1495acfb2fde48,n2d1495acfb2fde48,58
n178bf76a7d19fe6a,n178bf76a7d19fe6a,58
n5b34845fbaa0934c,n5b34845fbaa0934c,58
n083167e4b0bdf2d2,n083167e4b0bdf2d2,58
n6a02323399f0e553,n6a02323399f0e553,58
n34917c4c3f9fe9c4,n34917c4c3f9fe9c4,58
n273d8fc67a3ccae4,n273d8fc67a3ccae4,58
n9a62eddf817f78a4,n9a62eddf817f78a4,58
n0611633b192ecb61,n0611633b192ecb61,58
nd184c0fd0b0deba2,nd184c0fd0b0deba2,58
nd44361d011e536c3,nd44361d011e536c3,58
n40794697c586f79d,n40794697c586f79d,58
ne0e47637ec59d242,ne0e47637ec59d242,58
nd7466d46019098ff,nd7466d46019098ff,58
n001d57fd3417db47,n001d57fd3417db47,58
n4851f57e9fd33a3e,n4851f57e9fd33a3e,58
n5292554310292e16,n5292554310292e16,58
n34724394251553ce,n34724394251553ce,58
nca30328d9e99febd,nca30328d9e99febd,58
n53ef22372ef92018,n53ef22372ef92018,58
n457e2a87cc28a3e8,n457e2a87cc28a3e8,58
n564613381d5d7682,n564613381d5d7682,58
n1bdb4c54120ef90c,n1bdb4c54120ef90c,58
n6d8d18996eb6d81a,n6d8d18996eb6d81a,58
n5aed19eb60220c1f,n5aed19eb60220c1f,58
na794240b6d79f5bf,na794240b6d79f5bf,58
n43a2c190bd1b1b64,n43a2c190bd1b1b64,58
ne6005a1d75fc3b5f,ne6005a1d75fc3b5f,58
n8294dfc1e686d86c,n8294dfc1e686d86c,58
ndab772f18dd031bf,ndab772f18dd031bf,58
nf347e3de14bf6225,nf347e3de14bf6225,58
n6570d1e0817bf72b,n6570d1e0817bf72b,58
ndd80fc490e6801b9,ndd80fc490e6801b9,58
naf955d2685dbb001,naf955d2685dbb001,58
nb0524153f9f2e37a,nb0524153f9f2e37a,58
n19b8c291e1030f11,n19b8c291e1030f11,58
n3c7a81e76bc3b789,n3c7a81e76bc3b789,58
n7bb3ea1b1b59adc9,n7bb3ea1b1b59adc9,58
n48317127ade5ca2b,n48317127ade5ca2b,58
nf6b14d5b5eef9ce7,nf6b14d5b5eef9ce7,58
nc62d14ce72e7f9e1,nc62d14ce72e7f9e1,58
n79f7a23787e34929,n79f7a23787e34929,58
n320df25edb7ab732,n320df25edb7ab732,58
nae1d35ea9d5f9877,nae1d35ea9d5f9877,58
n772c5666ed7e5e76,n772c5666ed7e5e76,58
n8c5b25ed983850e4,n8c5b25ed983850e4,58
nf1aebe8574f7a874,nf1aebe8574f7a874,58
n275f11e1770989b3,n275f11e1770989b3,58
n1354a426f41fc912,n1354a426f41fc912,58
nf75f66f31a2f3fe2,nf75f66f31a2f3fe2,58
nf4294c8c585b9307,nf4294c8c585b9307,58
n08d3475370e8325c,n08d3475370e8325c,58
n3a18299aa61034d0,n3a18299aa61034d0,58
n262ce2318cd4827a,n262ce2318cd4827a,59
n17030fb7580cdb13,n17030fb7580cdb13,59
nfa9235237d1dccdd,nfa9235237d1dccdd,59
nd90b03513ee0cfb7,nd90b03513ee0cfb7,59
nf97a2e1ce29e7f5c,nf97a2e1ce29e7f5c,59
n9cb61a54c4789e66,n9cb61a54c4789e66,59
n66a1d569f73d51b4,n66a1d569f73d51b4,59
n12b2cdfc09c9bd78,n12b2cdfc09c9bd78,59
n112060a322a31ff4,n112060a322a31ff4,59
n99ca337398efc594,n99ca337398efc594,59
ne6e292b1777cfb24,ne6e292b1777cfb24,59
n649760fdffb6647a,n649760fdffb6647a,59
n1d26726b49291e01,n1d26726b49291e01,59
n935ccfc1ac9624ec,n935ccfc1ac9624ec,59
n7894396458065dbe,n7894396458065dbe,59
nf995fe3f17b17477,nf995fe3f17b17477,59
n5ffcd538a7eb0543,n5ffcd538a7eb0543,59
n8234cfc32035528d,n8234cfc32035528d,59
nbe9b1ada6590c09b,nbe9b1ada6590c09b,59
n890de18c7d7cca2e,n890de18c7d7cca2e,59
n1441446e6c9be4f7,n1441446e6c9be4f7,59
nc2ad1550cfe86886,nc2ad1550cfe86886,59
nc4ece3d1ca0bafea,nc4ece3d1ca0bafea,59
n821bf88cd46d83e3,n821bf88cd46d83e3,59
n91893f1dfa2f0f11,n91893f1dfa2f0f11,59
nf6a1bad459407283,nf6a1bad459407283,59
n021326432399331c,n021326432399331c,59
n80c7d00f6f0c4849,n80c7d00f6f0c4849,59
nbb9a13f61cb04c89,nbb9a13f61cb04c89,59
na29272cd390bd33d,na29272cd390bd33d,59
n9f0c12c44834fe58,n9f0c12c44834fe58,59
n7a7058b0032e7747,n7a7058b0032e7747,59
n514bceb87031670a,n514bceb87031670a,59
nc3e5a5abac1d5148,nc3e5a5abac1d5148,59
n2e58a057fdcf127d,n2e58a057fdcf127d,59
na3acd1f671d21447,na3acd1f671d21447,59
nfe8b3343590a935a,nfe8b3343590a935a,59
na4b3acddb6de5d08,na4b3acddb6de5d08,59
nf0e9cd00c4126abd,nf0e9cd00c4126abd,59
nd4935e84c505731c,nd4935e84c505731c,59
nef038845bc8572b1,nef038845bc8572b1,59
n6eaed5d16a9f288d,n6eaed5d16a9f288d,59
ne8875fe9eb075677,ne8875fe9eb075677,59
nc1a7e22a86d6ea52,nc1a7e22a86d6ea52,59
n26a0ccf56bd74814,n26a0ccf56bd74814,59
n0a5dfb76e4b52558,n0a5dfb76e4b52558,59
ne0d25e83d026761f,ne0d25e83d026761f,59
n271dfbf4a23083fd,n271dfbf4a23083fd,59
n69c5f3d1a4eda188,n69c5f3d1a4eda188,59
n5d34ddd834a0d1cf,n5d34ddd834a0d1cf,59
n7f245880592e8f7a,n7f245880592e8f7a,59
n6ceaaed46e3243a9,n6ceaaed46e3243a9,59
nb35083def7dc5ae5,nb35083def7dc5ae5,59
n92b0350ba4008d9f,n92b0350ba4008d9f,59
nb0553daa0d96c5ac,nb0553daa0d96c5ac,59
nf234d3a9fbeadd43,nf234d3a9fbeadd43,59
nefbb5b351c4e59bb,nefbb5b351c4e59bb,59
n0d12364a7435d7f1,n0d12364a7435d7f1,59
nb54c930d539780e5,nb54c930d539780e5,59
nc9f4a59c815b3aec,nc9f4a59c815b3aec,59
n724b6cb17f3041a3,n724b6cb17f3041a3,59
n8870556da7cb0647,n8870556da7cb0647,59
n7fc972f6df72f656,n7fc972f6df72f656,59
n045713ff3a442a51,n045713ff3a442a51,59
ncfc6ae9a73432ed9,ncfc6ae9a73432ed9,59
n894473511b601547,n894473511b601547,59
n3fd4f5bd8e432be6,n3fd4f5bd8e432be6,60
n45d5f1530cec5f98,n45d5f1530cec5f98,60
n27cad74b0d42e944,n27cad74b0d42e944,60
nab0c6b71625e95a2,nab0c6b71625e95a2,60
n43876acf2c71cf33,n43876acf2c71cf33,60
nceec7814d41be293,nceec7814d41be293,60
nac2479e1fd0d4e2f,nac2479e1fd0d4e2f,60
nd0e038fd5506eaa8,nd0e038fd5506eaa8,60
n4e0d596ce652ed5f,n4e0d596ce652ed5f,60
n9fef18fce4f06051,n9fef18fce4f06051,60
n36611145578ed8c6,n36611145578ed8c6,60
n0f715ecfc49451e0,n0f715ecfc49451e0,60
nbcf23a9f9b51f693,nbcf23a9f9b51f693,60
n2c547eb4e3e2076e,n2c547eb4e3e2076e,60
n4cc5956cba248bf6,n4cc5956cba248bf6,60
nf234541ea1a27d09,nf234541ea1a27d09,60
nb86396b43971f3af,nb86396b43971f3af,60
na9ab9682fbc0870e,na9ab9682fbc0870e,60
nd568f43817ae1074,nd568f43817ae1074,60
n10a6c70a585b583b,n10a6c70a585b583b,60
n23407419ff30b8ee,n23407419ff30b8ee,60
n2171e94ab7663ec6,n2171e94ab7663ec6,61
n272e18a322d149d8,n272e18a322d149d8,61
n349e0457e140c0d3,n349e0457e140c0d3,61
n9d836d445c5d10af,n9d836d445c5d10af,61
nfee313e05a09dc57,nfee313e05a09dc57,61
n5af25ba034c24c94,n5af25ba034c24c94,61
nf119f651cfffd587,nf119f651cfffd587,61
nf7ec29539b6bde39,nf7ec29539b6bde39,61
nb717b7b0aa5a4941,nb717b7b0aa5a4941,61
nb779fe773715d85e,nb779fe773715d85e,61
n3d83708b534eca5a,n3d83708b534eca5a,61
na6dcba39efa58ca5,na6dcba39efa58ca5,61
n4d9c6b6740bee2aa,n4d9c6b6740bee2aa,61
n75299e63078c6d77,n75299e63078c6d77,61
n7d8faeeddc64c09c,n7d8faeeddc64c09c,61
nafde7cde4eff1c56,nafde7cde4eff1c56,61
n0c40adeb590ab838,n0c40adeb590ab838,61
n8986b52d9e16f5d3,n8986b52d9e16f5d3,61
n7c738c0dd614ec1c,n7c738c0dd614ec1c,61
nd2412c0b10aba482,nd2412c0b10aba482,61
n16babee8c70a25d0,n16babee8c70a25d0,61
n15af7ed0bf6bab10,n15af7ed0bf6bab10,61
n58ee563cfbc83fda,n58ee563cfbc83fda,61
n6b36a03386d8667d,n6b36a03386d8667d,61
nb3485583b4bc06dc,nb3485583b4bc06dc,61
n88c60de91a861006,n88c60de91a861006,61
n5c1fa4045a12767a,n5c1fa4045a12767a,61
nd8145f36e887b04e,nd8145f36e887b04e,61
n7b21df65851a2185,n7b21df65851a2185,61
nb0914b3bc5eaf8a6,nb0914b3bc5eaf8a6,61
n7aa50b5cce47f1f4,n7aa50b5cce47f1f4,61
n3671a64c4aa91087,n3671a64c4aa91087,61
n06c47b904480eb48,n06c47b904480eb48,61
n1f407963764de3ec,n1f407963764de3ec,61
n90e52e6ee2b5956d,n90e52e6ee2b5956d,61
n690c9666af36f649,n690c9666af36f649,61
necd1aad03e0f3240,necd1aad03e0f3240,61
n0ce1d0abedc1bf5d,n0ce1d0abedc1bf5d,61
n4cdfe2b1d029dc27,n4cdfe2b1d029dc27,61
n73ee1af9083cebef,n73ee1af9083cebef,61
n61fbaa30f8e5abf3,n61fbaa30f8e5abf3,61
nf9b604e7176e4717,nf9b604e7176e4717,61
n2ac28d6f41401a50,n2ac28d6f41401a50,61
n55730e43d4733470,n55730e43d4733470,61
n982b49e9bdf9b345,n982b49e9bdf9b345,61
n6f7de32a9b8321f4,n6f7de32a9b8321f4,61
n6346f3a0ab150c50,n6346f3a0ab150c50,61
n52fdaef0fbf8e4de,n52fdaef0fbf8e4de,61
n34c141a39ecf3e75,n34c141a39ecf3e75,61
nebeb56c4aa1bd6c0,nebeb56c4aa1bd6c0,61
na0af0f671e0a9ca9,na0af0f671e0a9ca9,61
n362e2f67f0b7cebf,n362e2f67f0b7cebf,61
nb9dc0ce655a64c36,nb9dc0ce655a64c36,61
ncd4f1c498353fbf2,ncd4f1c498353fbf2,61
n608d07ed8719b97a,n608d07ed8719b97a,62
n90189045a2f49936,n90189045a2f49936,62
n8c89ba56a20d034f,n8c89ba56a20d034f,62
n5cc9120aa2f7fe1e,n5cc9120aa2f7fe1e,62
nafd443d7c24685d9,nafd443d7c24685d9,62
n23094e69495d74ba,n23094e69495d74ba,62
n83a7d6b11023fc7e,n83a7d6b11023fc7e,62
n849e79e2590df3bd,n849e79e2590df3bd,62
n264364bce6e6d5a2,n264364bce6e6d5a2,62
nbd064c0e28ac02a6,nbd064c0e28ac02a6,62
nf3d02714e0882075,nf3d02714e0882075,62
n2a782dc2fdc4b9e9,n2a782dc2fdc4b9e9,62
ndce9474246d0c59b,ndce9474246d0c59b,62
ned5b82e95515c060,ned5b82e95515c060,62
n530cfe9a48c676f0,n530cfe9a48c676f0,62
ne2d4bad39aeee3a3,ne2d4bad39aeee3a3,62
n9ef0211111a8a2a7,n9ef0211111a8a2a7,62
n0c79f46b854dc084,n0c79f46b854dc084,62
nddc89b585c815a9a,nddc89b585c815a9a,62
n87e2dc3881329dd0,n87e2dc3881329dd0,62
n8a50c28fc6a935ea,n8a50c28fc6a935ea,62
n7c2864c8b43929cc,n7c2864c8b43929cc,62
n91ee81f131873b8c,n91ee81f131873b8c,62
naea1168297e3c3b6,naea1168297e3c3b6,62
na693aded1fd026e7,na693aded1fd026e7,62
n0b934030694066db,n0b934030694066db,62
nf8c81dc1366f82ee,nf8c81dc1366f82ee,62
n4c403b7d02e3aec6,n4c403b7d02e3aec6,62
nd2ff782bacde4e64,nd2ff782bacde4e64,62
n770330aca0e3831d,n770330aca0e3831d,62
ndda1dca59c395c0a,ndda1dca59c395c0a,62
n48ac2f76d2c5ba19,n48ac2f76d2c5ba19,62
n02777418f15a6117,n02777418f15a6117,62
n8d3f893409be8ec0,n8d3f893409be8ec0,62
n545f6d00a15a1e0b,n545f6d00a15a1e0b,62
n34b9d91f73631a64,n34b9d91f73631a64,62
nbeb976504a5ba96d,nbeb976504a5ba96d,62
nbd72de8efb462612,nbd72de8efb462612,62
n533c1e9f4e38a844,n533c1e9f4e38a844,62
n9ba24d4203da3e66,n9ba24d4203da3e66,62
n391baf8bb018d8cd,n391baf8bb018d8cd,63
n8cdd2599a126eed3,n8cdd2599a126eed3,63
n3452a52ceee69ac2,n3452a52ceee69ac2,63
n6e74a7c3e6188bdd,n6e74a7c3e6188bdd,63
nc60dbdbf70ca64f3,nc60dbdbf70ca64f3,63
nc3d8a916bafaf0ad,nc3d8a916bafaf0ad,63
n7b840f5843a1a056,n7b840f5843a1a056,63
ne2e11d7b3028ea0f,ne2e11d7b3028ea0f,63
na93d7dede5157b88,na93d7dede5157b88,63
n7bec044405b8953f,n7bec044405b8953f,63
nef2a9f706148bcc7,nef2a9f706148bcc7,63
n2656d0bdf987d655,n2656d0bdf987d655,63
nf6ed046822a57a76,nf6ed046822a57a76,63
nd9db5cdcf37960ae,nd9db5cdcf37960ae,63
nfed74c6b9bdf9013,nfed74c6b9bdf9013,63
n2605dfb8588c919d,n2605dfb8588c919d,63
nf1fd1e82f544e64a,nf1fd1e82f544e64a,63
nbe0be376545b93cc,nbe0be376545b93cc,63
n170c8246e12325f0,n170c8246e12325f0,63
na1f88b5af2632584,na1f88b5af2632584,63
n3b4a216f0f8cfc2e,n3b4a216f0f8cfc2e,63
n9f2d60f80cc5c93e,n9f2d60f80cc5c93e,63
n79075e640f952af1,n79075e640f952af1,63
n9e9ab2b41c890c8e,n9e9ab2b41c890c8e,63
nc1d3433344ccdff1,nc1d3433344ccdff1,63
nb37f19d498779973,nb37f19d498779973,63
n71cb4e550e578d0d,n71cb4e550e578d0d,63
n952d486dd43de605,n952d486dd43de605,63
n5f7c5d0112ad42be,n5f7c5d0112ad42be,63
na419d391bce2879d,na419d391bce2879d,63
n7a32e8882aba47e9,n7a32e8882aba47e9,63
n15e0e639fa60df27,n15e0e639fa60df27,63
ncdfcaff087cee8e2,ncdfcaff087cee8e2,63
n7ed4bd3ffc2feb9c,n7ed4bd3ffc2feb9c,63
n1d86e1e39fd84987,n1d86e1e39fd84987,63
ne553448e93d55d9c,ne553448e93d55d9c,63
nf03a01a3bfd1b19f,nf03a01a3bfd1b19f,63
nb38c16e4792798a4,nb38c16e4792798a4,63
n5e1f10a0c508ce42,n5e1f10a0c508ce42,63
n4b2b8906a1a18842,n4b2b8906a1a18842,63
n8b93a57fe5f274fc,n8b93a57fe5f274fc,63
ne5e1f53270c487df,ne5e1f53270c487df,63
n0a9b66b5b14de6b5,n0a9b66b5b14de6b5,63
ne7d05250921905d6,ne7d05250921905d6,63
n68e14ec342f9e38b,n68e14ec342f9e38b,63
n63ef496415069071,n63ef496415069071,63
n9975d0705492f68c,n9975d0705492f68c,63
n5e263368f98df432,n5e263368f98df432,63
ncb1fe9ee7d508e25,ncb1fe9ee7d508e25,63
n89d2f1014e0e7113,n89d2f1014e0e7113,63
nced2363157682e1e,nced2363157682e1e,63
ne45bb6f469d76a68,ne45bb6f469d76a68,63
nc266d42f1949ebe4,nc266d42f1949ebe4,63
n1b0dd7273f65d3ab,n1b0dd7273f65d3ab,64
n1ea4b7c7a83bf125,n1ea4b7c7a83bf125,64
nde88ad22f2ead601,nde88ad22f2ead601,64
nbbe15cf72c777b78,nbbe15cf72c777b78,64
nc771433e43e6e42c,nc771433e43e6e42c,64
nfe887ed3560a5ba1,nfe887ed3560a5ba1,64
n6f00591e9e09283b,n6f00591e9e09283b,64
na566747162559186,na566747162559186,64
na140d931665a8201,na140d931665a8201,64
n9469a9678a2e9cc2,n9469a9678a2e9cc2,64
n9a5296ba21ec42b2,n9a5296ba21ec42b2,64
ne6ff8bd54e11a320,ne6ff8bd54e11a320,64
n3b28923580fb2d63,n3b28923580fb2d63,64
n85a83bec9be58590,n85a83bec9be58590,64
ne0ca57b6846a59f7,ne0ca57b6846a59f7,64
n46fb86bb7b2e6c9a,n46fb86bb7b2e6c9a,64
n43b1d7c324e19882,n43b1d7c324e19882,64
n3324ba4e90136852,n3324ba4e90136852,64
n244f2977979fadfb,n244f2977979fadfb,64
ne813a9863d24807e,ne813a9863d24807e,64
n2c9f72fd5f2d1d4e,n2c9f72fd5f2d1d4e,64
ne30947b68fb900aa,ne30947b68fb900aa,64
n817f172b304a7677,n817f172b304a7677,64
nafc61ab7b172a4a2,nafc61ab7b172a4a2,64
n6e0d449782cc4d2e,n6e0d449782cc4d2e,64
n624e04c994704c19,n624e04c994704c19,64
nd1cd392ce4590605,nd1cd392ce4590605,64
n9617d7314fa6e5f7,n9617d7314fa6e5f7,64
n1a4a3626100fa001,n1a4a3626100fa001,64
n08ed103254af811c,n08ed103254af811c,64
n367fbdf6a80a10a3,n367fbdf6a80a10a3,64
n08faac0a5c2ff43b,n08faac0a5c2ff43b,64
na14ea01ec7fc518d,na14ea01ec7fc518d,64
n343faf490ecb925b,n343faf490ecb925b,64
n5ca32ae28085bd42,n5ca32ae28085bd42,64
n45b415ee0bf82771,n45b415ee0bf82771,64
nd65c45dd5af6578c,nd65c45dd5af6578c,64
n652553d1b58e45dc,n652553d1b58e45dc,64
n6dbb2fcb798db3fc,n6dbb2fcb798db3fc,64
neac5d8f3d96b0e9d,neac5d8f3d96b0e9d,64
n5074f2843027a69c,n5074f2843027a69c,64
n036150f0782d464e,n036150f0782d464e,64
nd3cb31997075b447,nd3cb31997075b447,65
nf10668a03cd8dedf,nf10668a03cd8dedf,65
n98c52faa4f918912,n98c52faa4f918912,65
n2a17436ac19b1049,n2a17436ac19b1049,65
nd74429ed82b44282,nd74429ed82b44282,65
n8ad0925e489a27f6,n8ad0925e489a27f6,65
n97358ca6143d5a9f,n97358ca6143d5a9f,65
n45b58827d65ba74e,n45b58827d65ba74e,65
nc35ad78b203313c7,nc35ad78b203313c7,65
n1c2414093e82eba6,n1c2414093e82eba6,65
nafab32f1e0216af2,nafab32f1e0216af2,65
ncdd288bd7e1754ac,ncdd288bd7e1754ac,65
n50da56c214084500,n50da56c214084500,65
n667afcb7877224d1,n667afcb7877224d1,65
n7c09362351152144,n7c09362351152144,65
ne38e232a70ebbf56,ne38e232a70ebbf56,65
n1a725710cf52c1f3,n1a725710cf52c1f3,65
ne02e1b3cf9b29f13,ne02e1b3cf9b29f13,65
nfc739844c8d49bf1,nfc739844c8d49bf1,65
nf17c4db9ad6bdd99,nf17c4db9ad6bdd99,65
n877bb33fca4b82a6,n877bb33fca4b82a6,65
n753149cd2dfa54eb,n753149cd2dfa54eb,65
nf15640d766625cad,nf15640d766625cad,65
nfdee66c351e0ae66,nfdee66c351e0ae66,65
ne92f222edf2efabf,ne92f222edf2efabf,65
nf477fb3d85beb6fa,nf477fb3d85beb6fa,65
nfeba9e8c3bed4ef6,nfeba9e8c3bed4ef6,65
n5da7ed209071909f,n5da7ed209071909f,65
ne37d9a2ecc05192b,ne37d9a2ecc05192b,65
n4d4d5ee6e2b341fd,n4d4d5ee6e2b341fd,65
nebafaa13287e9397,nebafaa13287e9397,65
n0ee58008d97b319b,n0ee58008d97b319b,65
n3842f98b29efa43e,n3842f98b29efa43e,65
na133397822f993db,na133397822f993db,65
n4e755c9d68e1cc89,n4e755c9d68e1cc89,65
n269835ef506bac1c,n269835ef506bac1c,65
n3ecd4fd204953602,n3ecd4fd204953602,65
nb726a2313fc74494,nb726a2313fc74494,65
n957f45ddbddcec7a,n957f45ddbddcec7a,65
nb931ab26dbf6c6a1,nb931ab26dbf6c6a1,65
n64e6dc14c4c4e733,n64e6dc14c4c4e733,65
n24406def6c21a200,n24406def6c21a200,65
n8765504ec43207d7,n8765504ec43207d7,66
n5135d85125e3b415,n5135d85125e3b415,66
n88bb8d986bad7593,n88bb8d986bad7593,66
n166949bd820ce2fe,n166949bd820ce2fe,66
n0b6291739f996b77,n0b6291739f996b77,66
n25a1147aa73f2e65,n25a1147aa73f2e65,66
n8542721a55e032e8,n8542721a55e032e8,66
nfe8b86f2261379a5,nfe8b86f2261379a5,66
nc8a8275ab5dde44b,nc8a8275ab5dde44b,66
n960ecd7901824248,n960ecd7901824248,66
na04920191233cd24,na04920191233cd24,66
nb9dea3d3e8fff239,nb9dea3d3e8fff239,66
nd5915907ecce190c,nd5915907ecce190c,66
n71a29a941aab0492,n71a29a941aab0492,66
n26fcaa798d8e8a1c,n26fcaa798d8e8a1c,66
n9d81e623be59ed8e,n9d81e623be59ed8e,66
nd725cc9abef35ea2,nd725cc9abef35ea2,66
n9e260a5b31d9477f,n9e260a5b31d9477f,66
ncb735bbff40cf227,ncb735bbff40cf227,66
naa78f5d712b6802b,naa78f5d712b6802b,66
n24181bafd2b86729,n24181bafd2b86729,66
nea695c794e590864,nea695c794e590864,66
n2166af4442f4fb1d,n2166af4442f4fb1d,66
n24923222d16a5972,n24923222d16a5972,66
n3ca7eae498bc1eae,n3ca7eae498bc1eae,66
nf3f8c458a3e29d2d,nf3f8c458a3e29d2d,66
n2f649c9e1729e7dd,n2f649c9e1729e7dd,66
n5c67aafae7ec36dc,n5c67aafae7ec36dc,66
nbe4f57f048953373,nbe4f57f048953373,66
n276c9468c6a07461,n276c9468c6a07461,66
n7167fbd19533d170,n7167fbd19533d170,66
n362e36b078373ad3,n362e36b078373ad3,66
n26593cc4ac632be9,n26593cc4ac632be9,66
n8995a5f3de3f8f8c,n8995a5f3de3f8f8c,66
ndbeff337b64f3b4b,ndbeff337b64f3b4b,66
n17b56c291e60a146,n17b56c291e60a146,66
nacfe7f83c983e9c8,nacfe7f83c983e9c8,66
n01e02ef73ab8c0da,n01e02ef73ab8c0da,66
n2dd241970d2d6f58,n2dd241970d2d6f58,66
nf440e0ad471dde9c,nf440e0ad471dde9c,66
nb34049e59a6d5096,nb34049e59a6d5096,66
n0cf0d2ec854cf2fd,n0cf0d2ec854cf2fd,66
n758087ca259375f6,n758087ca259375f6,66
n103d89021ca9e482,n103d89021ca9e482,66
nb94cefe32f6bf8be,nb94cefe32f6bf8be,66
n871efe9a15eaefb1,n871efe9a15eaefb1,66
n81f5734ce63d53d6,n81f5734ce63d53d6,66
nef24a3416311a08c,nef24a3416311a08c,66
nf2e8f557cb824f86,nf2e8f557cb824f86,67
ne19f36814229fc2f,ne19f36814229fc2f,67
naee5ae11b364723c,naee5ae11b364723c,67
n7c77c3eb0c1f6d3e,n7c77c3eb0c1f6d3e,67
n7fae2f7b96a4fc67,n7fae2f7b96a4fc67,67
na1c44779b478b268,na1c44779b478b268,67
n1a23b0cc12b9c16b,n1a23b0cc12b9c16b,67
n185dcaab22274c30,n185dcaab22274c30,67
n218212d092f07f71,n218212d092f07f71,67
nba74bbf0c85c2352,nba74bbf0c85c2352,67
n9f291744a4ebe72f,n9f291744a4ebe72f,67
n904585e1e3a515ea,n904585e1e3a515ea,67
nf0c7aaedf82e9cf0,nf0c7aaedf82e9cf0,67
n5ec83af0033b3a6f,n5ec83af0033b3a6f,67
n03dc2f3e9b5e98ee,n03dc2f3e9b5e98ee,67
nc4a755b32dc1e658,nc4a755b32dc1e658,67
n25282084d2c3ca4e,n25282084d2c3ca4e,67
na6158b0501c75220,na6158b0501c75220,67
n924507d41ec4c166,n924507d41ec4c166,67
n3217fbcfdec5b7ed,n3217fbcfdec5b7ed,67
n5c946fc2ad04b095,n5c946fc2ad04b095,67
n30d9c226fc9d0ee1,n30d9c226fc9d0ee1,67
ncad1b47f101a4421,ncad1b47f101a4421,67
ncd7913c2af954614,ncd7913c2af954614,67
n1b8831bf03d989d4,n1b8831bf03d989d4,67
n277ac55675c62f6b,n277ac55675c62f6b,67
n29da7765434d7bab,n29da7765434d7bab,67
n6f1299fa819916e2,n6f1299fa819916e2,67
nc5c4e5e19a0c152a,nc5c4e5e19a0c152a,67
n04845f4634a1d118,n04845f4634a1d118,67
nfd5ba487b5491151,nfd5ba487b5491151,67
nd1d5bd0db4d113ae,nd1d5bd0db4d113ae,67
n33332bc1956296c9,n33332bc1956296c9,67
nb758b51c22fd969e,nb758b51c22fd969e,67
n92d7ea5d24a93bf4,n92d7ea5d24a93bf4,67
n3d0856bfe81be57d,n3d0856bfe81be57d,67
nd5a4eb46f7607402,nd5a4eb46f7607402,67
n0b38171cb34ff615,n0b38171cb34ff615,67
naf7f9d8f80c65f25,naf7f9d8f80c65f25,67
n6b40b26709212ad7,n6b40b26709212ad7,67
nebd6440cb5b08e22,nebd6440cb5b08e22,67
nb752c8bace6e9502,nb752c8bace6e9502,67
n356f34c4a2088c40,n356f34c4a2088c40,67
n0f452e7f4cc97be6,n0f452e7f4cc97be6,67
n8c39c0bd44ed51e1,n8c39c0bd44ed51e1,67
n32b6674783194d83,n32b6674783194d83,67
nc53ce81b00110b3d,nc53ce81b00110b3d,67
n95e0f998a74021fd,n95e0f998a74021fd,67
n80bc20e4a4c1cda9,n80bc20e4a4c1cda9,67
n3db5520b48aa889c,n3db5520b48aa889c,67
n21faa173759d8dd2,n21faa173759d8dd2,67
n89053f102b94dc38,n89053f102b94dc38,67
nbcbf2261fb896c95,nbcbf2261fb896c95,67
ndffdca2353c30008,ndffdca2353c30008,67
n4540e02dbce956c1,n4540e02dbce956c1,67
nb8df4bc10a07cdb1,nb8df4bc10a07cdb1,67
nf1a70ca3c9903059,nf1a70ca3c9903059,68
n0b427b80bbaf4f6d,n0b427b80bbaf4f6d,68
n2285b9d2332aebe6,n2285b9d2332aebe6,68
n4e198303d162d83a,n4e198303d162d83a,68
nc19c86630dfd6c02,nc19c86630dfd6c02,68
ne88873a47b5d8258,ne88873a47b5d8258,68
nd8c45f772bccbf3e,nd8c45f772bccbf3e,68
n6a90bb000c41b315,n6a90bb000c41b315,68
n8beca92f6b216a5e,n8beca92f6b216a5e,68
ne8adf7c1f7ceb996,ne8adf7c1f7ceb996,68
n124052c4d116d59d,n124052c4d116d59d,68
nc5214bc0709e2168,nc5214bc0709e2168,68
n1938b0e56275c2e1,n1938b0e56275c2e1,68
nab075ef7010f89c5,nab075ef7010f89c5,68
nfab41852fd503522,nfab41852fd503522,68
n5374ad55a2da1975,n5374ad55a2da1975,68
n9d8f9ffca0cd6e87,n9d8f9ffca0cd6e87,68
n3effa65d38fedd88,n3effa65d38fedd88,68
n1b337c5d03c73a8e,n1b337c5d03c73a8e,68
n4a5ad13403f92517,n4a5ad13403f92517,68
n85b97a159ac75e73,n85b97a159ac75e73,68
n1d6bce5a20e9ca3a,n1d6bce5a20e9ca3a,68
ne6b42223dc2f02a5,ne6b42223dc2f02a5,68
n7f1c3aa16a3504de,n7f1c3aa16a3504de,68
naee01ff1b94fd096,naee01ff1b94fd096,68
n95d9ee4af3360136,n95d9ee4af3360136,68
ne98e061336abb620,ne98e061336abb620,68
n81e1d172e02eec01,n81e1d172e02eec01,68
na8f101f0514e1f54,na8f101f0514e1f54,68
nb81d32cb4202cea6,nb81d32cb4202cea6,68
n8ccacc04d63f6abf,n8ccacc04d63f6abf,68
n6d7e77706d18b4e7,n6d7e77706d18b4e7,68
n8bf2c929d2d4a0e7,n8bf2c929d2d4a0e7,68
nf8ab0663cd1fd2a1,nf8ab0663cd1fd2a1,68
n961dc5f6316a7db6,n961dc5f6316a7db6,68
nada052070bc1854f,nada052070bc1854f,68
n2f26f72ff1e03f3d,n2f26f72ff1e03f3d,68
naf262414ce48a2ee,naf262414ce48a2ee,68
naaa4ee8dc2c5f37c,naaa4ee8dc2c5f37c,68
n536bd60a8421cf82,n536bd60a8421cf82,68
n5afd4a1a9c9b038f,n5afd4a1a9c9b038f,68
ndff11e2d6118cb3b,ndff11e2d6118cb3b,68
nf261a4e31eb6bb18,nf261a4e31eb6bb18,68
n257282f4f72477c6,n257282f4f72477c6,68
nb87fe45d3f63f5cb,nb87fe45d3f63f5cb,68
nb532a1a35db337e2,nb532a1a35db337e2,68
ne6ed74ed6b975fe7,ne6ed74ed6b975fe7,68
na37f6701821dd278,na37f6701821dd278,68
n3d357f30d788428c,n3d357f30d788428c,68
n4f682673198041f7,n4f682673198041f7,68
nf2661e3f504a26ab,nf2661e3f504a26ab,68
n7ca79b8ecc8bc3fe,n7ca79b8ecc8bc3fe,68
ncce9d7b3754d11b1,ncce9d7b3754d11b1,68
n5ec0e04d44c63147,n5ec0e04d44c63147,68
nfd25fc4d92bec7ac,nfd25fc4d92bec7ac,68
n422a5885d49d862c,n422a5885d49d862c,69
n368e2fdd72c73ea9,n368e2fdd72c73ea9,69
naa3166ff1d1f73a3,naa3166ff1d1f73a3,69
nae616f7c62397ba2,nae616f7c62397ba2,69
n7b930f897c02c5ee,n7b930f897c02c5ee,69
nfee4c9c8ef119c7d,nfee4c9c8ef119c7d,69
n84b814dbf9d34e46,n84b814dbf9d34e46,69
n1c942336da43b28e,n1c942336da43b28e,69
n9c83fac25d1487aa,n9c83fac25d1487aa,69
n45682e3ccd572790,n45682e3ccd572790,69
ncf3884943e954931,ncf3884943e954931,69
n379fb274b6eb9dc6,n379fb274b6eb9dc6,69
n144cff8af063255f,n144cff8af063255f,69
nd9e41e80882124a7,nd9e41e80882124a7,69
n992a16097291ba4c,n992a16097291ba4c,69
nfb4404da87b8a047,nfb4404da87b8a047,69
na0298748377140b6,na0298748377140b6,69
n8d1ea5556e12c478,n8d1ea5556e12c478,69
na1d1148077f8238a,na1d1148077f8238a,69
nf2dc56bf2fd4764e,nf2dc56bf2fd4764e,69
nf7bb847913182098,nf7bb847913182098,69
na2149c145b6490f8,na2149c145b6490f8,69
ncab25f464eb1a5ec,ncab25f464eb1a5ec,69
n0addae1d73e7820d,n0addae1d73e7820d,69
n502e6de6bac99b46,n502e6de6bac99b46,69
nb920a65763be19e8,nb920a65763be19e8,69
n4a28b3be9882569c,n4a28b3be9882569c,69
ndee7c4477940c212,ndee7c4477940c212,69
nfcbb6f17aa8a4241,nfcbb6f17aa8a4241,69
n36e42857af206896,n36e42857af206896,69
n39a55aeeab9a6148,n39a55aeeab9a6148,69
n1a992e6b05b89ad4,n1a992e6b05b89ad4,69
nda867360e9831270,nda867360e9831270,69
nc854e70fdf255293,nc854e70fdf255293,69
ndb5a1631f921f013,ndb5a1631f921f013,69
naa9eef3bd70b8fe1,naa9eef3bd70b8fe1,69
n7b8a1039462a4f1f,n7b8a1039462a4f1f,69
n92ef1260617a5152,n92ef1260617a5152,69
n5b2a3c0c40aec350,n5b2a3c0c40aec350,69
n94c1af6c9b022f89,n94c1af6c9b022f89,69
ne652739202287502,ne652739202287502,69
n176b241130600afe,n176b241130600afe,69
nb5f2ca2b76949084,nb5f2ca2b76949084,69
na19a94ea0d45271b,na19a94ea0d45271b,69
nb9d7df43a1b0e55a,nb9d7df43a1b0e55a,69
n31530ef4d3291e93,n31530ef4d3291e93,69
n3ee7c0afb7745e5f,n3ee7c0afb7745e5f,69
n8ba6ece65f585dae,n8ba6ece65f585dae,69
nb231d868897865da,nb231d868897865da,69
naab3313873f92170,naab3313873f92170,69
n0188e9444a131ed3,n0188e9444a131ed3,70
n79fa72fed8ec9066,n79fa72fed8ec9066,70
n776e911241cc75a4,n776e911241cc75a4,70
n996b746dbe17610f,n996b746dbe17610f,70
n854089e8edff34bc,n854089e8edff34bc,70
nf6a4258343cabebd,nf6a4258343cabebd,70
n22eb6cb2e8536a59,n22eb6cb2e8536a59,70
n32936c4a1337c38a,n32936c4a1337c38a,70
nce3ae3b7a2691a56,nce3ae3b7a2691a56,70
n6a522db3aec61b73,n6a522db3aec61b73,70
n5842f4e42ddc3b8c,n5842f4e42ddc3b8c,70
n9a5e2346e2da2e95,n9a5e2346e2da2e95,70
n592c5716b898eeff,n592c5716b898eeff,70
n6acaf72645bfc09f,n6acaf72645bfc09f,70
ne2afebe92a4405fc,ne2afebe92a4405fc,70
n7f0367e377baa684,n7f0367e377baa684,70
n53e1776ee0299673,n53e1776ee0299673,70
na62b577f6893e715,na62b577f6893e715,70
nd293c8552c55bee1,nd293c8552c55bee1,70
n65c507675a3e673b,n65c507675a3e673b,70
n1ee61fccf5e2dd53,n1ee61fccf5e2dd53,70
n63f31318601f7a33,n63f31318601f7a33,70
n116d83d2984cfc04,n116d83d2984cfc04,70
n00bfaadc510c5dc6,n00bfaadc510c5dc6,70
n529ec7d1b882e3e3,n529ec7d1b882e3e3,70
n5b8d001a6632b985,n5b8d001a6632b985,70
n6ffa680cff04481c,n6ffa680cff04481c,70
n43d67d0d776e0cb9,n43d67d0d776e0cb9,70
n7fa1366230c02f01,n7fa1366230c02f01,70
n202b80a150567ab9,n202b80a150567ab9,70
nbcdfa02c2af21a93,nbcdfa02c2af21a93,70
n3e1089e29f59b442,n3e1089e29f59b442,70
nd2aacc969a03da4c,nd2aacc969a03da4c,70
nba7de0d7184b6720,nba7de0d7184b6720,70
n108314d434f4a193,n108314d434f4a193,70
n5a4c7f988b0049ae,n5a4c7f988b0049ae,70
nc1e6ff9936fc6e7c,nc1e6ff9936fc6e7c,70
n79797475f96f4366,n79797475f96f4366,70
n97f7c3985fad5c87,n97f7c3985fad5c87,70
n4b4605eb7c0aa8e4,n4b4605eb7c0aa8e4,70
n73ed4680d7688b30,n73ed4680d7688b30,70
n5e6de2f898c6fa76,n5e6de2f898c6fa76,71
na43d194c351d1f11,na43d194c351d1f11,71
na401a299878053ac,na401a299878053ac,71
n286180e157ec37a9,n286180e157ec37a9,71
n39e1026c948c1b5d,n39e1026c948c1b5d,71
n1be5726ca61da63f,n1be5726ca61da63f,71
nc2225300d7142851,nc2225300d7142851,71
n62c7cb88648d91bb,n62c7cb88648d91bb,71
n3322e83d6c92a4ae,n3322e83d6c92a4ae,71
n1774b3da09df1768,n1774b3da09df1768,71
ne203e65cdb2ba343,ne203e65cdb2ba343,71
nf256d2ef373545a5,nf256d2ef373545a5,71
nd4ef6bc81ddda414,nd4ef6bc81ddda414,71
n65dbc0c0d9fc4508,n65dbc0c0d9fc4508,71
n96a0418a7443543a,n96a0418a7443543a,71
n61dd3a9559bf5e6f,n61dd3a9559bf5e6f,71
n7e5863ac1a191a31,n7e5863ac1a191a31,71
naf69530ba63e4a1a,naf69530ba63e4a1a,71
n0e58b632dd9622f0,n0e58b632dd9622f0,71
n78d14ca0462995d4,n78d14ca0462995d4,71
n0a8bda7325dde5be,n0a8bda7325dde5be,71
n9fb975edc5d88858,n9fb975edc5d88858,71
n3bea1080161933c6,n3bea1080161933c6,71
nd7f25cfcafd764f1,nd7f25cfcafd764f1,71
nf81e48d75e6e4b9a,nf81e48d75e6e4b9a,71
nd4849f0db61377fa,nd4849f0db61377fa,71
n4391c2c6089c8a35,n4391c2c6089c8a35,71
n6b4e67a2ac31edb9,n6b4e67a2ac31edb9,71
nd339f2a2b4f93004,nd339f2a2b4f93004,71
n5bb02fb2f3b8e0c3,n5bb02fb2f3b8e0c3,71
nb72ff59aabb4343b,nb72ff59aabb4343b,71
nf2ee9b659c44738a,nf2ee9b659c44738a,71
n244e7ed1f2effca3,n244e7ed1f2effca3,71
nf6c2a1d07a9b4f35,nf6c2a1d07a9b4f35,71
nbb0dcb01cb25b48e,nbb0dcb01cb25b48e,71
n31a7bcf5be2d2896,n31a7bcf5be2d2896,71
nd1fcba8b165db7db,nd1fcba8b165db7db,71
ne6be3482357935eb,ne6be3482357935eb,71
neb01792df3038dc4,neb01792df3038dc4,71
nc9f9943b5deccccb,nc9f9943b5deccccb,71
n2d44e449339fcab3,n2d44e449339fcab3,71
n0a6f8ec217692d43,n0a6f8ec217692d43,71
n11d611c74023220c,n11d611c74023220c,71
n32c08ca52273b170,n32c08ca52273b170,71
n1bae188439591a1f,n1bae188439591a1f,71
n428e97f9de61fcc2,n428e97f9de61fcc2,71
n2317b4fb4931cf04,n2317b4fb4931cf04,72
ncea0a7bd586a5aee,ncea0a7bd586a5aee,72
nbb1cd4b42cb8405d,nbb1cd4b42cb8405d,72
n32f3733466458a44,n32f3733466458a44,72
nf2e57869b89f743f,nf2e57869b89f743f,72
ncff4aa2c56ab9bda,ncff4aa2c56ab9bda,72
n4c64bc17afd8f7b1,n4c64bc17afd8f7b1,72
n60e0e3388e2c57e3,n60e0e3388e2c57e3,72
n9af988acc6394fc8,n9af988acc6394fc8,72
na4bcc12d478f2587,na4bcc12d478f2587,72
nd15044572b249172,nd15044572b249172,72
n74c017096aaaee5b,n74c017096aaaee5b,72
n061a7d864c7149a4,n061a7d864c7149a4,72
n78a078c92e381fec,n78a078c92e381fec,72
ned7c1504361235de,ned7c1504361235de,72
n0878b602032d5e1b,n0878b602032d5e1b,72
n0fd29037d7b4473f,n0fd29037d7b4473f,72
n4bb88f5a72a9c7cb,n4bb88f5a72a9c7cb,72
n6a77ffb43bd7748a,n6a77ffb43bd7748a,72
n0100b44bcdb52365,n0100b44bcdb52365,72
n285578ab316b0054,n285578ab316b0054,72
n038d670b80d72b34,n038d670b80d72b34,72
nd553c13087cf4897,nd553c13087cf4897,72
n05b336675d2e2cda,n05b336675d2e2cda,72
n4ffe1e643550afd1,n4ffe1e643550afd1,72
n25a1715a5811a87a,n25a1715a5811a87a,72
n08c83b2e4a2744e1,n08c83b2e4a2744e1,72
n9b75393ad944319a,n9b75393ad944319a,72
na334491180f285b1,na334491180f285b1,72
n5c928f2ff5d426d1,n5c928f2ff5d426d1,72
n63cdf5c510de7e98,n63cdf5c510de7e98,72
n31735a9c1275d34d,n31735a9c1275d34d,72
nef47270e329ee8d1,nef47270e329ee8d1,72
n7228924dd076e4f3,n7228924dd076e4f3,72
nca493017874f9097,nca493017874f9097,72
n8382785c73ca449c,n8382785c73ca449c,72
n91b148c7ba61ec14,n91b148c7ba61ec14,72
na5d417b1d27845d6,na5d417b1d27845d6,72
n6876e34d4e8eb855,n6876e34d4e8eb855,72
n50b267a551f3cf14,n50b267a551f3cf14,72
n3b6ab4d359761e5c,n3b6ab4d359761e5c,72
n76951fa1f8040736,n76951fa1f8040736,72
na645a8c28c25afcd,na645a8c28c25afcd,72
n4358407de91728a6,n4358407de91728a6,72
n63ecc51e13bd54fe,n63ecc51e13bd54fe,72
n76aea642afb09241,n76aea642afb09241,73
n6abf169293af3d6c,n6abf169293af3d6c,73
n6cffcd6b597e3c1d,n6cffcd6b597e3c1d,73
n5bec553aabb882d7,n5bec553aabb882d7,73
na610689f72d88e31,na610689f72d88e31,73
n46180f285c859f8c,n46180f285c859f8c,73
n8335eb2ff2273852,n8335eb2ff2273852,73
na6e53dee31d22707,na6e53dee31d22707,73
n92d3e778eaa15768,n92d3e778eaa15768,73
n6d00b89bc4dc64e0,n6d00b89bc4dc64e0,73
n4da9e826c36d5aba,n4da9e826c36d5aba,73
nfffec98f67c459a9,nfffec98f67c459a9,73
n9f7b26023df23d91,n9f7b26023df23d91,73
n4bdbfaf748df4617,n4bdbfaf748df4617,73
n0cb81f77f3d78d0d,n0cb81f77f3d78d0d,73
nf710cf98f0b2de19,nf710cf98f0b2de19,73
n0b7ec9aee0a3c58d,n0b7ec9aee0a3c58d,73
n36206f87aa5fabfe,n36206f87aa5fabfe,73
n300332d1989c7673,n300332d1989c7673,73
n912142afb16f889b,n912142afb16f889b,73
na4a75fa7eaa5eee2,na4a75fa7eaa5eee2,73
nc9559249bef76587,nc9559249bef76587,73
ned138b6d23d1d4a4,ned138b6d23d1d4a4,73
n776d1d24ea674b0e,n776d1d24ea674b0e,73
nf760adda813ec95d,nf760adda813ec95d,73
nc202fcc0a96bec0c,nc202fcc0a96bec0c,73
nd7dfd75132bbc462,nd7dfd75132bbc462,73
n53b23152c447f2fd,n53b23152c447f2fd,73
n741865f5833cade6,n741865f5833cade6,73
na668943e7344205e,na668943e7344205e,73
n80d752c6fb91f401,n80d752c6fb91f401,73
n7aab66caf40b2fd2,n7aab66caf40b2fd2,73
nfd03041dd4521c36,nfd03041dd4521c36,73
n5a90fbee922704cb,n5a90fbee922704cb,73
n9c87fb66632304cc,n9c87fb66632304cc,73
nc13ebbb1e3a29411,nc13ebbb1e3a29411,73
nfdf34d4349ca26d5,nfdf34d4349ca26d5,73
nb1ca5709b55aa56b,nb1ca5709b55aa56b,73
nbf6e382179ac68f1,nbf6e382179ac68f1,73
n43bb9bcc3d8ed805,n43bb9bcc3d8ed805,73
nb6bec94f5256818c,nb6bec94f5256818c,73
n2297c55ad8f11f7d,n2297c55ad8f11f7d,73
nde0429d0b84ea774,nde0429d0b84ea774,73
nba10a0277ac12053,nba10a0277ac12053,73
nc6b9aa7da0f4125a,nc6b9aa7da0f4125a,73
n9a1bad323ff7a940,n9a1bad323ff7a940,73
n37063d3461c975d9,n37063d3461c975d9,73
n202be1233fa15f9d,n202be1233fa15f9d,73
n5d262f655b3836e2,n5d262f655b3836e2,73
nd4a9de6f55d67729,nd4a9de6f55d67729,73
na9ddb425f9bf3d6a,na9ddb425f9bf3d6a,73
n1eb0423041ffd8da,n1eb0423041ffd8da,73
n70a08ec2fd4766b9,n70a08ec2fd4766b9,73
n44c191c729733b6d,n44c191c729733b6d,73
n88c74d09deaba1df,n88c74d09deaba1df,73
nb7d6830b5973d7fb,nb7d6830b5973d7fb,73
n1c25dba7f085ae31,n1c25dba7f085ae31,73
nb9378702da34b943,nb9378702da34b943,73
n6c0bd235ed4bda6c,n6c0bd235ed4bda6c,73
nb4f15b23357cb017,nb4f15b23357cb017,73
n165891b533892a48,n165891b533892a48,73
n50ed899d47c5b454,n50ed899d47c5b454,73
nf6c81a9a7133b423,nf6c81a9a7133b423,73
ne95b697c044a6a40,ne95b697c044a6a40,73
n6a2c7c074cd066ca,n6a2c7c074cd066ca,73
n95405e79c78edb71,n95405e79c78edb71,73
n321a3735276753b6,n321a3735276753b6,73
nb4ec83cd82d641cb,nb4ec83cd82d641cb,73
nc2ea4d57e485fa31,nc2ea4d57e485fa31,73
nf9825914cf918248,nf9825914cf918248,73
n156e6900abd1068b,n156e6900abd1068b,73
n9a27a39324c180be,n9a27a39324c180be,73
n528f1b1c902785ea,n528f1b1c902785ea,73
nc6f6613b8f201cfa,nc6f6613b8f201cfa,73
n839f8d8d87449543,n839f8d8d87449543,73
nee60f14454bd9e83,nee60f14454bd9e83,73
nce219b48ef454af3,nce219b48ef454af3,73
nba2f953eaa964d61,nba2f953eaa964d61,73
n34347fa4126a5c12,n34347fa4126a5c12,73
n1c8b8e26828cc889,n1c8b8e26828cc889,73
nce1c33326215ead7,nce1c33326215ead7,73
n10a6c9e921a3d605,n10a6c9e921a3d605,73
nfda7857fb1a48160,nfda7857fb1a48160,73
n8e6534fdc820398b,n8e6534fdc820398b,73
n9045e0f81590f2f7,n9045e0f81590f2f7,73
nb42e813c70d2adbc,nb42e813c70d2adbc,73
n03b141f4489c5949,n03b141f4489c5949,73
nbb777e7620ab6eee,nbb777e7620ab6eee,73
ndc8a20aba2c81871,ndc8a20aba2c81871,73
n741e0f119085c407,n741e0f119085c407,73
n2f5e1b14daac5f5f,n2f5e1b14daac5f5f,73
n7ead0aabea60bd67,n7ead0aabea60bd67,73
n4c7eff994e6853b7,n4c7eff994e6853b7,73
n1ffbd72d937080be,n1ffbd72d937080be,73
n9e53cd051a39cfe4,n9e53cd051a39cfe4,73
n3ecad5be17f6b4de,n3ecad5be17f6b4de,73
n7a1557d7ae7eef57,n7a1557d7ae7eef57,73
n485fd04e3ea5f03f,n485fd04e3ea5f03f,73
neee0f69703427dff,neee0f69703427dff,73
n52982a28b1a30f2a,n52982a28b1a30f2a,73
ne1be70d8a38deef1,ne1be70d8a38deef1,73
nf440aecf78e795ac,nf440aecf78e795ac,73
n861da3b931769743,n861da3b931769743,73
n4ceab90b96e0e369,n4ceab90b96e0e369,73
nefe612ca5ab657bd,nefe612ca5ab657bd,73
n2bcc2307ac8c0d1f,n2bcc2307ac8c0d1f,X6
ndddab198757da898,ndddab198757da898,X6
n12a6b0c332288502,n12a6b0c332288502,X6
n1e3f627d74df1904,n1e3f627d74df1904,X6
n9eabe6f738eb72e9,n9eabe6f738eb72e9,X6
nada8aafd0555257a,nada8aafd0555257a,X6
n48ea2fb8960965e1,n48ea2fb8960965e1,X6
n0a06eed8f1579a67,n0a06eed8f1579a67,X6
nbdc6a7139cbde899,nbdc6a7139cbde899,X6
n5ac09c53da0fcf7a,n5ac09c53da0fcf7a,X6
n43c2775a4e912c6e,n43c2775a4e912c6e,X6
n49295702fb0b5d4b,n49295702fb0b5d4b,X6
n0c921cbd439b4f94,n0c921cbd439b4f94,X6
nb017edd81f872e40,nb017edd81f872e40,X6
ne511a7449f2ce199,ne511a7449f2ce199,X6
nf771dbe923200b70,nf771dbe923200b70,X6
ne0a027e33b8ac3cf,ne0a027e33b8ac3cf,X6
n5bcf89d925f22802,n5bcf89d925f22802,X6
nf5d904538f5bf5af,nf5d904538f5bf5af,X6
n8b70a80ed24c288d,n8b70a80ed24c288d,X6
ne3509e62af1210fb,ne3509e62af1210fb,X6
ne387b03a5de90468,ne387b03a5de90468,X6
naff6c335dc419eea,naff6c335dc419eea,X6
nf549a6949562d9b7,nf549a6949562d9b7,X6
n1917c87c8aa635af,n1917c87c8aa635af,X6
ne0814b1a2811c527,ne0814b1a2811c527,X6
n2c93857e216257bb,n2c93857e216257bb,X6
n6c46352aac0f0e61,n6c46352aac0f0e61,X6
n5b4292aece01fe6a,n5b4292aece01fe6a,X6
n53649fa3a22fd02f,n53649fa3a22fd02f,X6
n38bcb65d227e5ae1,n38bcb65d227e5ae1,X6
nd5a6268d404f7063,nd5a6268d404f7063,X6
n1950341e0362fee6,n1950341e0362fee6,X6
n0b995c852de7ff1b,n0b995c852de7ff1b,X6
n2d2ffea4db158dbe,n2d2ffea4db158dbe,X6
nf40bebc0d046beea,nf40bebc0d046beea,X6
n45dc9e54b7eccc3a,n45dc9e54b7eccc3a,X6
n71ae2e37f8c3f653,n71ae2e37f8c3f653,X6
n4b610afa30263612,n4b610afa30263612,X6
n236ea026aa5acc5f,n236ea026aa5acc5f,X6
n2c79bd1ca8767edf,n2c79bd1ca8767edf,X6
ne18c1ce48a337b27,ne18c1ce48a337b27,X6
n244655f8147d8b56,n244655f8147d8b56,X6
n7a3e28bbb44f348d,n7a3e28bbb44f348d,X6
n351f5d874442b2b3,n351f5d874442b2b3,X6
n51a1f78a29383ac3,n51a1f78a29383ac3,X6
nf742aec06d2d4dc9,nf742aec06d2d4dc9,X6
n678f5a6274f2fc09,n678f5a6274f2fc09,X6
nc0ac98bb4a22983e,nc0ac98bb4a22983e,X6
n2e8a3c0e50c5b2c3,n2e8a3c0e50c5b2c3,X6
n55a5801b0a5edf29,n55a5801b0a5edf29,X6
nd75142e58b4c17b1,nd75142e58b4c17b1,X6
nf7824637470232e4,nf7824637470232e4,X6
n8af197f60e3e4908,n8af197f60e3e4908,X6
n2ba0e05d71939dc4,n2ba0e05d71939dc4,X6
n4468a3e5290f7dcf,n4468a3e5290f7dcf,X6
ne35bd094c3adc305,ne35bd094c3adc305,X6
n5d361fc392ccf63f,n5d361fc392ccf63f,X6
n89649202158b8276,n89649202158b8276,X6
nd8bf9494eb92bf84,nd8bf9494eb92bf84,X6
na45f0ee824bac25c,na45f0ee824bac25c,X6
n99f92e581e2a56df,n99f92e581e2a56df,X6
n291e76a023ec0238,n291e76a023ec0238,X6
nf073ccdf0cda2718,nf073ccdf0cda2718,X6
n30b85bb2f2aeddcd,n30b85bb2f2aeddcd,X6
n2f81822bd0f8fe97,n2f81822bd0f8fe97,X6
n240b25aa02341acb,n240b25aa02341acb,X6
n5adcdf4f0766ad0b,n5adcdf4f0766ad0b,X6
naca4e576c227a1b2,naca4e576c227a1b2,X6
n98a43cb9b4a233f9,n98a43cb9b4a233f9,X6
n7d4841566585d36f,n7d4841566585d36f,X6
n0708f1eda9a45b4b,n0708f1eda9a45b4b,X6
n5b482b883461cba9,n5b482b883461cba9,X6
n7d01ab3aa2d382b7,n7d01ab3aa2d382b7,X6
na0654c75b82933f1,na0654c75b82933f1,X6
n18eddd9a8567937a,n18eddd9a8567937a,X6
n334ac3612b6f9ae5,n334ac3612b6f9ae5,X6
n00e864bac5d494da,n00e864bac5d494da,X6
n36ccb9b7cb0e1d45,n36ccb9b7cb0e1d45,X6
ncf1a40ab458e79ac,ncf1a40ab458e79ac,X6
n7e2708eb9dc90784,n7e2708eb9dc90784,X6
n3c4ce6c7aecf3b91,n3c4ce6c7aecf3b91,X6
n1de75a408ef4ded9,n1de75a408ef4ded9,X6
n6417fdf33798b1df,n6417fdf33798b1df,X6
nefa715438c426fdf,nefa715438c426fdf,X6
n812ce7c17839105b,n812ce7c17839105b,X6
na7a88f978e63d9cd,na7a88f978e63d9cd,X6
ne1ff2078181bd6e8,ne1ff2078181bd6e8,X6
nc8881c4a0e594d25,nc8881c4a0e594d25,X6
n7504dcf23156b342,n7504dcf23156b342,X6
ne129f8b219cc6dcc,ne129f8b219cc6dcc,X6
n96dccca54d7c27a0,n96dccca54d7c27a0,X6
n6eac60c06817a70d,n6eac60c06817a70d,X6
n48906490c9b02493,n48906490c9b02493,X6
n11312f308d78bb2a,n11312f308d78bb2a,X6
n99367c3c31b798a0,n99367c3c31b798a0,X6
nc381341a58587848,nc381341a58587848,X6
nf0539d31279a0761,nf0539d31279a0761,X6
n3eb62893f9deed6f,n3eb62893f9deed6f,X6
nd9dbb9f7e0c9a350,nd9dbb9f7e0c9a350,X6
nc20123925610b637,nc20123925610b637,X6
n80639b6f4a84bd5e,n80639b6f4a84bd5e,X6
n1581c0af5614acb5,n1581c0af5614acb5,X6
n94640ef6707c6798,n94640ef6707c6798,X6
n93465113cae7878f,n93465113cae7878f,X6
n9d6e0df929fb988f,n9d6e0df929fb988f,X7
n4c590a1c03f66446,n4c590a1c03f66446,X7
ne0b45b089b4b7b4f,ne0b45b089b4b7b4f,X7
n58fb5e027e835d14,n58fb5e027e835d14,X7
n40058fe80d8eddee,n40058fe80d8eddee,X7
n817e579c90d3b44b,n817e579c90d3b44b,X7
n903076890133cc31,n903076890133cc31,X7
n2f80a148001452b8,n2f80a148001452b8,X7
n428cac788055c79a,n428cac788055c79a,X7
naa7520b956030c2d,naa7520b956030c2d,X7
n267caad81cd4315d,n267caad81cd4315d,X7
ne95dd363f59738ae,ne95dd363f59738ae,X7
n20b45d0bd99aed65,n20b45d0bd99aed65,X7
n73e5367e3952a75b,n73e5367e3952a75b,X7
n8ba687f79c559ec8,n8ba687f79c559ec8,X7
n0363a9f9521455c3,n0363a9f9521455c3,X7
n2e284e64651eb0bf,n2e284e64651eb0bf,X7
n0e0b1575dc879bd7,n0e0b1575dc879bd7,X7
na2c466952fb7ec94,na2c466952fb7ec94,X7
na5a4e31ce90bd488,na5a4e31ce90bd488,X7
n038e791ed3682d6c,n038e791ed3682d6c,X7
n9a7567804a0befcd,n9a7567804a0befcd,X7
nad36b397fb8cc367,nad36b397fb8cc367,X7
n13f3f7a026c77104,n13f3f7a026c77104,X7
na46eaea37ebec737,na46eaea37ebec737,X7
n1cc562697ce45c94,n1cc562697ce45c94,X7
n52809afbc34d1d70,n52809afbc34d1d70,X7
ncb54fb3b59f77cc6,ncb54fb3b59f77cc6,X7
nc6d08c24649625cc,nc6d08c24649625cc,X7
n8151853db1a20416,n8151853db1a20416,X7
na295a55dcf7a83c1,na295a55dcf7a83c1,X7
n68bd0b713dc9cea6,n68bd0b713dc9cea6,X7
nf5c6fb0a8cb83915,nf5c6fb0a8cb83915,X7
n854f81e767347406,n854f81e767347406,X7
ne9d0782d4b512061,ne9d0782d4b512061,X7
nef997a406e7d3376,nef997a406e7d3376,X7
nb45fdf4b6dff6747,nb45fdf4b6dff6747,X7
n21439a869df4cc99,n21439a869df4cc99,X7
n23b53bbdc27ae813,n23b53bbdc27ae813,X7
nfba5b32c7945f31b,nfba5b32c7945f31b,X7
n157090a19a6a4c0e,n157090a19a6a4c0e,X7
n3094be9151c77a1a,n3094be9151c77a1a,X7
na6b30610ad366b33,na6b30610ad366b33,X7
nfaedf55809b85348,nfaedf55809b85348,X7
n8c12c6279f9f7187,n8c12c6279f9f7187,X7
n39ea9c65ee0df884,n39ea9c65ee0df884,X7
n538577fbb9a4da0b,n538577fbb9a4da0b,X7
n684f5e8e10c0c078,n684f5e8e10c0c078,X7
n7cd8f88ede8a4fc1,n7cd8f88ede8a4fc1,X7
n8edd0db1ca4bb265,n8edd0db1ca4bb265,X7
n96c2e6131f30a005,n96c2e6131f30a005,X7
nb28506e861316d1b,nb28506e861316d1b,X7
nba0e28c3e298e16c,nba0e28c3e298e16c,X7
n4dca3ce1ad5c73fc,n4dca3ce1ad5c73fc,X7
n65d3c534f76b623d,n65d3c534f76b623d,X7
n650451eef3487c97,n650451eef3487c97,X7
n6275c2b35256297e,n6275c2b35256297e,X7
n46fb128a3718333c,n46fb128a3718333c,X7
nb5c1282e67c506e2,nb5c1282e67c506e2,X7
n1e67d43b1b941d33,n1e67d43b1b941d33,X7
n6677d3182dcd278c,n6677d3182dcd278c,X7
n8a51294361266363,n8a51294361266363,X7
na5c8661fa1e51467,na5c8661fa1e51467,X7
n793d1fdf20fd8e1a,n793d1fdf20fd8e1a,X7
n84b8f409b9561dcf,n84b8f409b9561dcf,X7
n84e6eaebacdbe186,n84e6eaebacdbe186,74
ndb2ce75e0677184e,ndb2ce75e0677184e,74
na90e61544258ac52,na90e61544258ac52,74
n3f900646a8f8af07,n3f900646a8f8af07,74
n44a29f7e8ba0d0dc,n44a29f7e8ba0d0dc,74
n72a3298155774073,n72a3298155774073,74
n956332ac87470946,n956332ac87470946,74
n1f58a6ba8a5adeb8,n1f58a6ba8a5adeb8,74
n2c8448d669cdf947,n2c8448d669cdf947,74
nf41934809e049cf4,nf41934809e049cf4,74
n0f1e592ba6247f49,n0f1e592ba6247f49,74
nf4f0e775540e0b1d,nf4f0e775540e0b1d,74
n771f5d2104335c5a,n771f5d2104335c5a,74
n4b126f40dcc71a79,n4b126f40dcc71a79,74
n18045a59c65d6e9b,n18045a59c65d6e9b,74
n5a987294fbb2cd1c,n5a987294fbb2cd1c,74
n8edebe652e372e6f,n8edebe652e372e6f,74
n8453d9d7387745b5,n8453d9d7387745b5,74
n4a4f891df02893cc,n4a4f891df02893cc,74
n4981ca511ee57ca9,n4981ca511ee57ca9,74
nff8a550780f6a10f,nff8a550780f6a10f,74
n1465f17529d2379d,n1465f17529d2379d,74
n8b4f7904a93fb19c,n8b4f7904a93fb19c,74
n38b324da5f3a9387,n38b324da5f3a9387,74
nab4fed7b4fce5214,nab4fed7b4fce5214,74
nd44e91d3e317d1aa,nd44e91d3e317d1aa,74
nf1cba1f5ad324b5f,nf1cba1f5ad324b5f,74
n611c179b92c93ae0,n611c179b92c93ae0,74
n36b69cf83b2e5adc,n36b69cf83b2e5adc,74
nb604085a22ae97b4,nb604085a22ae97b4,74
n5d6756c3e3176810,n5d6756c3e3176810,74
na82a3a83026cd9c6,na82a3a83026cd9c6,74
n32b00c7d617af778,n32b00c7d617af778,75
n05a1e5e3186b792c,n05a1e5e3186b792c,75
n52448c55df56ab6d,n52448c55df56ab6d,75
n6f4c27239f60f937,n6f4c27239f60f937,75
naba4e5c988223522,naba4e5c988223522,75
nef49d63129a0037c,nef49d63129a0037c,75
nf89c1a3c94397de5,nf89c1a3c94397de5,75
nc0d837c853ab7499,nc0d837c853ab7499,75
na86c7d21187f93fd,na86c7d21187f93fd,75
nddaf4787bcaf4214,nddaf4787bcaf4214,75
na32f7cd859d0565d,na32f7cd859d0565d,75
n6102187ee7299258,n6102187ee7299258,75
n1dd619578bebe612,n1dd619578bebe612,75
nf56b757c9858f7dd,nf56b757c9858f7dd,75
n901c60d79c7661e8,n901c60d79c7661e8,75
n77306a7e348eda67,n77306a7e348eda67,75
n6fe780fee81cd098,n6fe780fee81cd098,75
nb156de6fdad7c43c,nb156de6fdad7c43c,75
nae1029c0d849f4b6,nae1029c0d849f4b6,75
n6554145476cd9dac,n6554145476cd9dac,75
nb5f5733031017f93,nb5f5733031017f93,75
n7be7a2471442a0d1,n7be7a2471442a0d1,75
n3827ef63ebd07327,n3827ef63ebd07327,75
n65b6e9268015f6f5,n65b6e9268015f6f5,75
nf152d272bf90bcf8,nf152d272bf90bcf8,75
n0ad4cbbe3a54fa55,n0ad4cbbe3a54fa55,75
n78510b74c6bf14bb,n78510b74c6bf14bb,75
n87eb00bb1dbfedc8,n87eb00bb1dbfedc8,75
ne6bb09e00551c03c,ne6bb09e00551c03c,75
nfd97a510aa2947a9,nfd97a510aa2947a9,75
nef3c62413ba710de,nef3c62413ba710de,75
n4a56da52b563cc5d,n4a56da52b563cc5d,75
n78f7375a6a0ac001,n78f7375a6a0ac001,75
nf6a1ccaff5127080,nf6a1ccaff5127080,75
n92512ae3f23ee62f,n92512ae3f23ee62f,75
nd962ca2a1d49b0a9,nd962ca2a1d49b0a9,76
n950e314850141b14,n950e314850141b14,76
n003f0329539e0e9f,n003f0329539e0e9f,76
n1c61ce4d0a41d975,n1c61ce4d0a41d975,76
n010f26f8a37cc636,n010f26f8a37cc636,76
nd7799e3ca2f617b5,nd7799e3ca2f617b5,76
na7089c1866754fc3,na7089c1866754fc3,76
n6abac7086bc8456e,n6abac7086bc8456e,76
ne6c00a78f6767f0d,ne6c00a78f6767f0d,76
n6260c82ab5e065be,n6260c82ab5e065be,76
n428e3448b31c1c5d,n428e3448b31c1c5d,76
n06308ffdea25e68d,n06308ffdea25e68d,76
n639703b5e6cf4e50,n639703b5e6cf4e50,76
n599876a0bdb71d82,n599876a0bdb71d82,76
n5e9255d322473b75,n5e9255d322473b75,76
n1f5f8c8ac4bdaed5,n1f5f8c8ac4bdaed5,76
n04965df86b422ba9,n04965df86b422ba9,76
n40fccfdb888c39e9,n40fccfdb888c39e9,76
n2021da0e227ebedb,n2021da0e227ebedb,76
nde46019be87082a8,nde46019be87082a8,76
n1fcbff020b25d0ea,n1fcbff020b25d0ea,76
nff521c2eef6737c7,nff521c2eef6737c7,76
n7f0043474eb6a6c7,n7f0043474eb6a6c7,76
na4156dc4e8ebc810,na4156dc4e8ebc810,76
n53c83ce804a3d2db,n53c83ce804a3d2db,76
n67c8b3b7a6ca6710,n67c8b3b7a6ca6710,76
nf3be676e46236c0a,nf3be676e46236c0a,76
n1aacf2f0bdf54672,n1aacf2f0bdf54672,76
nd781be4df99178ee,nd781be4df99178ee,76
n4b92828c52ddb23d,n4b92828c52ddb23d,76
n02dde0315e1064b4,n02dde0315e1064b4,76
n952ddee5cf0601be,n952ddee5cf0601be,76
n2e3c6f1c144a8bdb,n2e3c6f1c144a8bdb,77
n22850b353c3fabb4,n22850b353c3fabb4,77
n8d822f22d553f87d,n8d822f22d553f87d,77
n854f072205221065,n854f072205221065,77
na1b95ae651c05295,na1b95ae651c05295,77
nf99068e4e2f0dd73,nf99068e4e2f0dd73,77
na508f4902af05484,na508f4902af05484,77
na54865a688d194a0,na54865a688d194a0,77
n1c7cf659ca769f3c,n1c7cf659ca769f3c,77
ne475c1ed72bcb5bd,ne475c1ed72bcb5bd,77
ne9a40d66caf9a081,ne9a40d66caf9a081,77
n516a40a71c065afe,n516a40a71c065afe,77
n7964b73f329153fc,n7964b73f329153fc,77
nf693a8e0feae58b5,nf693a8e0feae58b5,77
ndcc07a0a8ae3c458,ndcc07a0a8ae3c458,77
n8872b4f3344ab47c,n8872b4f3344ab47c,77
nfeb67fa49509a94b,nfeb67fa49509a94b,77
n4a9cf1c303985af9,n4a9cf1c303985af9,77
n57101403d35b0f7c,n57101403d35b0f7c,77
nf8d73d96c10074e7,nf8d73d96c10074e7,77
n05b2c1a70d849ed2,n05b2c1a70d849ed2,77
n26748ed2945d110a,n26748ed2945d110a,77
nbbe69fb5585eb703,nbbe69fb5585eb703,77
n45441f018ef2a631,n45441f018ef2a631,77
n32781b08c753272b,n32781b08c753272b,77
n8aebdc1f47f9ae9a,n8aebdc1f47f9ae9a,77
n58fbdfa858459522,n58fbdfa858459522,77
n4df63de370702cc9,n4df63de370702cc9,77
n9f5ae6f49f8726be,n9f5ae6f49f8726be,77
nf2401c30af772293,nf2401c30af772293,77
nb2ba63cecad42ac3,nb2ba63cecad42ac3,77
n9c297f02a9da479f,n9c297f02a9da479f,77
n89ac0b7b95d93b0c,n89ac0b7b95d93b0c,77
ne3d070e679a87835,ne3d070e679a87835,77
n02c6eef2a901516b,n02c6eef2a901516b,77
n3fa0f7c93227fed6,n3fa0f7c93227fed6,77
nf155a454e9fef2fe,nf155a454e9fef2fe,77
n9aa22210c6492958,n9aa22210c6492958,77
nb78412fadf1eda61,nb78412fadf1eda61,78
n624c2595c9870dfb,n624c2595c9870dfb,78
n250cce30786c0b89,n250cce30786c0b89,78
n15551dfaf27448c3,n15551dfaf27448c3,78
n0e32708ac87e1d95,n0e32708ac87e1d95,78
n2c7d64cd11790d9a,n2c7d64cd11790d9a,78
nc0e104596dea3c12,nc0e104596dea3c12,78
n9c4c95c3261338e3,n9c4c95c3261338e3,78
nf072e896f9709073,nf072e896f9709073,78
ncd455faecdca8b7d,ncd455faecdca8b7d,78
n6161276b4df21a56,n6161276b4df21a56,78
n6bee421bd87254b7,n6bee421bd87254b7,78
na16197ad4f071e99,na16197ad4f071e99,78
nbc358db31b434711,nbc358db31b434711,78
nbeea4cec0949fbd4,nbeea4cec0949fbd4,78
n6b043ced3240f8ad,n6b043ced3240f8ad,78
nc886f4733102031e,nc886f4733102031e,78
nb7d0a62b98c90e02,nb7d0a62b98c90e02,78
nc219388b380f39ee,nc219388b380f39ee,78
n738f63750085dbef,n738f63750085dbef,78
na400bdf62492f56e,na400bdf62492f56e,78
nbcf2fe1836d3cb6c,nbcf2fe1836d3cb6c,78
n4281de5e61dc03c6,n4281de5e61dc03c6,78
n784759b825f673d6,n784759b825f673d6,78
n008aad4d1c54c599,n008aad4d1c54c599,78
n7b51adde9a08b9fb,n7b51adde9a08b9fb,78
n09277ba2cdf288fc,n09277ba2cdf288fc,78
nd450099d262370a7,nd450099d262370a7,78
ncfdb832f0e0e29a5,ncfdb832f0e0e29a5,78
n66cc0384bd462c1f,n66cc0384bd462c1f,78
nec47d961e48a5e75,nec47d961e48a5e75,78
n20d601cbee81a81e,n20d601cbee81a81e,78
n5b3da2904536bed7,n5b3da2904536bed7,78
nf24e3cc33015e56e,nf24e3cc33015e56e,78
n2353976ecd42ae84,n2353976ecd42ae84,78
n2cd2ed2344ff3ff4,n2cd2ed2344ff3ff4,79
n819233543c26931e,n819233543c26931e,79
neee464928e1a93c1,neee464928e1a93c1,79
n550129ce2d5d97a5,n550129ce2d5d97a5,79
n3f47e6f301005fb2,n3f47e6f301005fb2,79
nb61d3352f310d38f,nb61d3352f310d38f,79
nccabbf4263d066d5,nccabbf4263d066d5,79
nda517b0733e89866,nda517b0733e89866,79
n12296d99d6fc4535,n12296d99d6fc4535,79
n76ec8d4dcea1d9a5,n76ec8d4dcea1d9a5,79
na46920fa55204a17,na46920fa55204a17,79
ncaa195fe8e57fa4c,ncaa195fe8e57fa4c,79
n1c4f7ef328d857bf,n1c4f7ef328d857bf,79
n53feff4f16abce24,n53feff4f16abce24,79
nb13487946b727c00,nb13487946b727c00,79
n183da135d6396d31,n183da135d6396d31,79
nf1cf35eeaf5de7ab,nf1cf35eeaf5de7ab,79
n1ff1b4572dc6979a,n1ff1b4572dc6979a,79
nc08c30742290d4a2,nc08c30742290d4a2,79
nd8aa0cab888e5011,nd8aa0cab888e5011,79
n3b431052208aa78e,n3b431052208aa78e,79
nad8145df03787b22,nad8145df03787b22,79
n3615a525f45d28cf,n3615a525f45d28cf,79
n5ed8a88b9291de2a,n5ed8a88b9291de2a,79
n6f3d703395c288a5,n6f3d703395c288a5,79
ncc75a6de2d082374,ncc75a6de2d082374,79
n439e6392739ea0a3,n439e6392739ea0a3,79
n52927a16c4589a0f,n52927a16c4589a0f,79
nae8ff96ac1be342b,nae8ff96ac1be342b,79
nc924a19ef847a480,nc924a19ef847a480,79
nb3a97c7389f5369e,nb3a97c7389f5369e,79
ndd0e8a65e561dceb,ndd0e8a65e561dceb,79
nc674825660fce6bb,nc674825660fce6bb,79
n3abd994fa269992a,n3abd994fa269992a,79
n0d056db7b019041a,n0d056db7b019041a,79
n7674c2db06473628,n7674c2db06473628,79
n14c9c20d31c5713f,n14c9c20d31c5713f,79
n079b613640b9ef3c,n079b613640b9ef3c,79
n08cfc7a5a7fbfe6f,n08cfc7a5a7fbfe6f,79
n6c4f2e1293964dbe,n6c4f2e1293964dbe,79
na8bd7ffb6040c40f,na8bd7ffb6040c40f,79
n5c5d10b4515f3632,n5c5d10b4515f3632,79
n97f0ba3804b95a11,n97f0ba3804b95a11,79
n18ee5d4fe6885b84,n18ee5d4fe6885b84,79
n1da3785d2c78644e,n1da3785d2c78644e,79
n5f39f971d51db787,n5f39f971d51db787,79
n59211fe6d5cb2884,n59211fe6d5cb2884,79
n1de6210aa6e4b448,n1de6210aa6e4b448,79
n0a1a7479a1eb7a89,n0a1a7479a1eb7a89,79
n4fa69bbc47a9acf5,n4fa69bbc47a9acf5,80
nc06d73bbc6545a2f,nc06d73bbc6545a2f,80
n3b48b59579a797b8,n3b48b59579a797b8,80
nd7d781a4fe988c0b,nd7d781a4fe988c0b,80
ne8c0298ac1b3b2ca,ne8c0298ac1b3b2ca,80
n01fd28a0e3feed8f,n01fd28a0e3feed8f,80
nc06ecddfc609bfe2,nc06ecddfc609bfe2,80
n1b5e7109f6670f8c,n1b5e7109f6670f8c,80
n2e959fecc5c658e5,n2e959fecc5c658e5,80
n1149c5b9df91c6ee,n1149c5b9df91c6ee,80
n98ccf9c57903351f,n98ccf9c57903351f,80
n2d325aca65b60857,n2d325aca65b60857,80
n78d84a18def9b984,n78d84a18def9b984,80
n6672c14803aca08f,n6672c14803aca08f,80
n478f72973210fc49,n478f72973210fc49,80
n655ba0ef59aa6be1,n655ba0ef59aa6be1,80
n936b088eb4ca5786,n936b088eb4ca5786,80
n272bac1b1e23fc72,n272bac1b1e23fc72,80
ncbb414a23680131d,ncbb414a23680131d,80
n44bfea8f471994f9,n44bfea8f471994f9,80
n6db4807eb2baa219,n6db4807eb2baa219,80
n2e099bdf2b4aa4d0,n2e099bdf2b4aa4d0,80
n07d314c358acc20d,n07d314c358acc20d,80
na42b13c90ba57ada,na42b13c90ba57ada,80
n07604e7b88253dc1,n07604e7b88253dc1,80
nbb75ac8d03107695,nbb75ac8d03107695,80
n4d358712aed0674a,n4d358712aed0674a,80
ne3dcb26a34275f23,ne3dcb26a34275f23,80
n714b550cbe1cfdff,n714b550cbe1cfdff,80
n9a1e1ee62b325d25,n9a1e1ee62b325d25,80
n5d7651605d6891d6,n5d7651605d6891d6,80
na06802eb79285ced,na06802eb79285ced,80
nf785d69222bad7ff,nf785d69222bad7ff,80
nac5dc9608e498fff,nac5dc9608e498fff,80
n24f67580822a6ec6,n24f67580822a6ec6,80
n4e5f823b8f4ff6f4,n4e5f823b8f4ff6f4,80
n34e5f7b955c7c665,n34e5f7b955c7c665,80
n1910bf64e99d7cc6,n1910bf64e99d7cc6,80
n7dbfdc7ad8a0a9f9,n7dbfdc7ad8a0a9f9,80
ncc6ec19c35309809,ncc6ec19c35309809,80
nddce6472a61b2d35,nddce6472a61b2d35,80
n983e36179e416bf0,n983e36179e416bf0,80
nbc38cd2dff3eabf5,nbc38cd2dff3eabf5,81
nbc64805977dc8ee7,nbc64805977dc8ee7,81
n32c750701bcb58f7,n32c750701bcb58f7,81
n67b740e4ce1d97f6,n67b740e4ce1d97f6,81
nd3fa697345e22bfa,nd3fa697345e22bfa,81
n47e9505e66c041d6,n47e9505e66c041d6,81
ndf9bea5a02fb53ad,ndf9bea5a02fb53ad,81
n9e3122a7e8f98039,n9e3122a7e8f98039,81
nc17047ce37b97cfb,nc17047ce37b97cfb,81
ndff64c3cd892a34f,ndff64c3cd892a34f,81
n2cda2d5aed2430b1,n2cda2d5aed2430b1,81
n646a4ce9ec588702,n646a4ce9ec588702,81
nacebe1100a6004fc,nacebe1100a6004fc,81
n0f836069364657ef,n0f836069364657ef,81
nb0db8e10e64c8b66,nb0db8e10e64c8b66,81
n7b3b3809e58abf2a,n7b3b3809e58abf2a,81
n665438f3091de38e,n665438f3091de38e,81
n239cc8b7a579ab3f,n239cc8b7a579ab3f,81
nf00b655e306ad680,nf00b655e306ad680,81
n1e13dd81ef7b3624,n1e13dd81ef7b3624,81
n8240aa6748e95c29,n8240aa6748e95c29,81
nccb88aff696c8c4a,nccb88aff696c8c4a,81
nbffc464cc5ed73b7,nbffc464cc5ed73b7,81
n75e6891d749caf5f,n75e6891d749caf5f,81
n334e1e108439e565,n334e1e108439e565,81
nf29a8af2ae31712c,nf29a8af2ae31712c,81
n0720f1d0e98c4974,n0720f1d0e98c4974,81
n12a14be982136419,n12a14be982136419,81
nfdf23e8335f0e4d7,nfdf23e8335f0e4d7,81
nfd6ddf968034bfcf,nfd6ddf968034bfcf,81
n96c9c7ca4e646efe,n96c9c7ca4e646efe,81
neeca44377a54b6fc,neeca44377a54b6fc,81
n0dc1236923dc98fa,n0dc1236923dc98fa,81
n4cbc5d6d7a73931b,n4cbc5d6d7a73931b,81
na9d4d402e17f45e9,na9d4d402e17f45e9,81
n5a334b9093826342,n5a334b9093826342,81
n096fb3fe43730337,n096fb3fe43730337,81
n53407fca97e2b017,n53407fca97e2b017,81
n92bf750de9fa9937,n92bf750de9fa9937,81
n19c56c0ab7b3c956,n19c56c0ab7b3c956,81
n08181dae9f31cff7,n08181dae9f31cff7,81
nbaa6f1b305dd1094,nbaa6f1b305dd1094,81
nf243ef49f252cccf,nf243ef49f252cccf,81
na9825cb1fc316e77,na9825cb1fc316e77,82
n2c47913dc9a67b6e,n2c47913dc9a67b6e,82
nd0bfcaef4e6426ca,nd0bfcaef4e6426ca,82
n57022c9795ed41e6,n57022c9795ed41e6,82
n813bfd132fba6a14,n813bfd132fba6a14,82
nae6881139de0444d,nae6881139de0444d,82
n4c5cc236ea9181bc,n4c5cc236ea9181bc,82
n6f3106633a50d092,n6f3106633a50d092,82
nfe9d9fb37229a24b,nfe9d9fb37229a24b,82
n9013e68730b880ff,n9013e68730b880ff,82
n5dd0f8c7008f5a34,n5dd0f8c7008f5a34,82
nda5f6932d5f5ae23,nda5f6932d5f5ae23,82
n1e5f373d337270a9,n1e5f373d337270a9,82
n105a0eb067bc9215,n105a0eb067bc9215,82
n9a0a46d5c6204004,n9a0a46d5c6204004,82
n7564cf4a5ff34ca9,n7564cf4a5ff34ca9,82
n75aa640059742ed9,n75aa640059742ed9,82
n0d0a8c7881507545,n0d0a8c7881507545,82
nb444dd7541b1064a,nb444dd7541b1064a,82
n7ea4e3789a370c9e,n7ea4e3789a370c9e,82
n00a28420c361430a,n00a28420c361430a,82
nd01a998ccaa31069,nd01a998ccaa31069,82
nf63ee7c876ba031c,nf63ee7c876ba031c,82
nddf2e5921cd7ff5f,nddf2e5921cd7ff5f,82
n2b708069b57fba36,n2b708069b57fba36,82
n44c1fb556caf6857,n44c1fb556caf6857,82
nb75ebb8ac79c1a68,nb75ebb8ac79c1a68,82
n0a3eac3155f7f9b5,n0a3eac3155f7f9b5,82
n649161743629bbe9,n649161743629bbe9,82
n95fea1c24c8aeba2,n95fea1c24c8aeba2,82
n338f4be2da722e1c,n338f4be2da722e1c,82
nb2b7b3ebddc6dbc8,nb2b7b3ebddc6dbc8,82
na2150372cb735517,na2150372cb735517,82
n60f71c4283d7e04f,n60f71c4283d7e04f,82
n9341916b2da2f213,n9341916b2da2f213,82
n25f5c6a81c9e06ad,n25f5c6a81c9e06ad,82
n0b74a9f116dd0ca9,n0b74a9f116dd0ca9,82
n5631aadb588454b1,n5631aadb588454b1,82
n3519c7b01f3a1672,n3519c7b01f3a1672,82
n2b59efb182453e78,n2b59efb182453e78,82
n4ebf8e980ab9b01c,n4ebf8e980ab9b01c,82
nac6fcdbf3eda904c,nac6fcdbf3eda904c,82
nde1c06cad3276cab,nde1c06cad3276cab,82
neda0449815774b8e,neda0449815774b8e,82
ned246d63f2649d3e,ned246d63f2649d3e,82
n77bf36c9c291742d,n77bf36c9c291742d,82
ndccc9c2cefacb454,ndccc9c2cefacb454,82
nbf787d1497c0bf9b,nbf787d1497c0bf9b,82
na2962451a6edac4d,na2962451a6edac4d,82
n922bbd1befa78d48,n922bbd1befa78d48,82
n2a310d2c8ec1ed3e,n2a310d2c8ec1ed3e,82
n8ceebba466a63b06,n8ceebba466a63b06,82
n91bc2b07170eda42,n91bc2b07170eda42,82
nf62a0cefcadadadd,nf62a0cefcadadadd,82
n993cc7b9b748cd90,n993cc7b9b748cd90,82
ne896de24b1f727d5,ne896de24b1f727d5,82
necab7e3a15a32967,necab7e3a15a32967,82
n94f37dfb02f8d4fa,n94f37dfb02f8d4fa,82
nb2ad9afefa852ab4,nb2ad9afefa852ab4,82
n6c1667eb816c5b10,n6c1667eb816c5b10,82
nacac056144909822,nacac056144909822,82
n2be127fe3c251941,n2be127fe3c251941,82
n35d09164a938e01c,n35d09164a938e01c,82
n7d8be98f2f69d999,n7d8be98f2f69d999,82
n8c3316d7efbd439a,n8c3316d7efbd439a,82
nd956278a0783bba6,nd956278a0783bba6,82
nf5254c8fce0276f7,nf5254c8fce0276f7,82
n4d49a7e822b719a4,n4d49a7e822b719a4,82
n8a40fc43070f0276,n8a40fc43070f0276,82
nae4fc8cb29b809ec,nae4fc8cb29b809ec,83
nf465a9163ff03429,nf465a9163ff03429,83
n867e05df4c1ea3db,n867e05df4c1ea3db,83
n7fa37df95065da9b,n7fa37df95065da9b,83
n077b491b4ff05e3b,n077b491b4ff05e3b,83
na691c7c6674c4410,na691c7c6674c4410,83
n0d1e8645aa814b5a,n0d1e8645aa814b5a,83
n9b7940b2eb112a6f,n9b7940b2eb112a6f,83
nd12a55af35eb6fba,nd12a55af35eb6fba,83
n92fe845b9dccacae,n92fe845b9dccacae,83
n5bcbc565f38b8ab7,n5bcbc565f38b8ab7,83
nb821e6faff030fc7,nb821e6faff030fc7,83
n82215292a810907b,n82215292a810907b,83
na553c83e16587ad1,na553c83e16587ad1,83
n7b66fb4525721175,n7b66fb4525721175,83
nef195fe46185e20f,nef195fe46185e20f,83
n999b2bb641332349,n999b2bb641332349,83
n2bca33c2a79b1500,n2bca33c2a79b1500,83
n53bd77d0233a2892,n53bd77d0233a2892,83
ncfc757c7d51ddd31,ncfc757c7d51ddd31,83
n6ecd680bc111c8e4,n6ecd680bc111c8e4,83
n28439f68975ec432,n28439f68975ec432,83
n652fea1cd5a962e5,n652fea1cd5a962e5,83
n01bac8987c2e015a,n01bac8987c2e015a,83
n55bb449a7670be1a,n55bb449a7670be1a,83
n4f7208a39666c0bd,n4f7208a39666c0bd,83
nfce2ea870eea31c2,nfce2ea870eea31c2,83
naf450bf7a40e1eea,naf450bf7a40e1eea,83
n348781262cad9af1,n348781262cad9af1,83
nf8fbb2872a419043,nf8fbb2872a419043,83
n1c0273947e2ddb72,n1c0273947e2ddb72,83
nab03fd46e4d49753,nab03fd46e4d49753,83
nd8d0b3ae4c0d4914,nd8d0b3ae4c0d4914,83
n5be99526d2f6fde1,n5be99526d2f6fde1,83
n4b538d515a69b82f,n4b538d515a69b82f,83
n4b72623f22b8ce48,n4b72623f22b8ce48,83
n671a90490918948d,n671a90490918948d,83
n28288cbe9e52427b,n28288cbe9e52427b,83
n903924dddbdc18f1,n903924dddbdc18f1,83
nd489e962fbb017ce,nd489e962fbb017ce,83
n01043093e30f8e43,n01043093e30f8e43,83
n3f4738c2d3c53734,n3f4738c2d3c53734,83
n344f0adc3e96ae13,n344f0adc3e96ae13,83
n89e49ea6e2e8f0c9,n89e49ea6e2e8f0c9,83
n54c12b6134925b3a,n54c12b6134925b3a,83
n8f6205d959d8ce8c,n8f6205d959d8ce8c,83
n8ee4a48ccd70f160,n8ee4a48ccd70f160,83
n68192f40af967bb3,n68192f40af967bb3,83
n033a74782a150c52,n033a74782a150c52,83
nf52cad53a70895dc,nf52cad53a70895dc,83
n634512e9b99fb119,n634512e9b99fb119,83
naa02e2562f8416bb,naa02e2562f8416bb,83
nd6da775a6bded667,nd6da775a6bded667,83
ne24ffd7df0666e80,ne24ffd7df0666e80,83
n04f1e1c2ecfbc9cf,n04f1e1c2ecfbc9cf,83
n00fafa8150662bb7,n00fafa8150662bb7,83
nf9f06a4d453b13aa,nf9f06a4d453b13aa,83
n3f15ebeebd77ed9a,n3f15ebeebd77ed9a,83
nae8cf5401d9805d1,nae8cf5401d9805d1,83
ne93655e944596198,ne93655e944596198,83
n3c0fc85229a991f4,n3c0fc85229a991f4,83
n27344a7094761912,n27344a7094761912,83
n7015922a837a30f7,n7015922a837a30f7,83
ncc0b231f56cf80fd,ncc0b231f56cf80fd,83
nf19062829842be76,nf19062829842be76,83
n6543ace0d2632079,n6543ace0d2632079,83
n16b8076ee6cb529d,n16b8076ee6cb529d,84
n5ce1621b9a727dfd,n5ce1621b9a727dfd,84
nd9b0d5ad31c6d15b,nd9b0d5ad31c6d15b,84
n2d34bedf58ea0cff,n2d34bedf58ea0cff,84
n3701532360d1107e,n3701532360d1107e,84
n35abddf818b171ae,n35abddf818b171ae,84
na7fd5756e93d0c1e,na7fd5756e93d0c1e,84
n7699153a6e2361f1,n7699153a6e2361f1,84
nc2c114879f5a6971,nc2c114879f5a6971,84
n8cf95595030995bd,n8cf95595030995bd,84
n1bf4f52d11a87749,n1bf4f52d11a87749,84
n46d013c08758e1ac,n46d013c08758e1ac,84
n60cce946fd3ad469,n60cce946fd3ad469,84
ne9a940b444ee5854,ne9a940b444ee5854,84
nedfac8aea55013ba,nedfac8aea55013ba,84
na1c2bdfadc908165,na1c2bdfadc908165,84
nce9c29da3eaca797,nce9c29da3eaca797,84
na1f949cebe8685ef,na1f949cebe8685ef,84
n73aa5a3464933ab9,n73aa5a3464933ab9,84
ne233119d36318a67,ne233119d36318a67,84
n241258b986f32ae2,n241258b986f32ae2,84
n1f0343d4347af429,n1f0343d4347af429,84
nfc801017eec860ff,nfc801017eec860ff,84
n8982196347678142,n8982196347678142,84
n531c88abcbc3d991,n531c88abcbc3d991,84
n9936fc2f673086e4,n9936fc2f673086e4,84
nc8278c2f39aaa27c,nc8278c2f39aaa27c,84
n67666f0ff11b3bfb,n67666f0ff11b3bfb,84
necb18af510462563,necb18af510462563,84
nef59b649034b364d,nef59b649034b364d,84
n662f7fc40c1ac52f,n662f7fc40c1ac52f,84
n4c32e9b831a9bdde,n4c32e9b831a9bdde,84
nafd2862c313af495,nafd2862c313af495,84
n31582d121f53f47d,n31582d121f53f47d,84
n71cb2bdcd1067e67,n71cb2bdcd1067e67,84
n1b57731415392ce7,n1b57731415392ce7,84
n26860953ae03b6c5,n26860953ae03b6c5,84
n4e5c870f904f1917,n4e5c870f904f1917,84
n8a20375f746f7d13,n8a20375f746f7d13,84
n070283c0ce569cd1,n070283c0ce569cd1,84
nf2bfdcb3f6143f90,nf2bfdcb3f6143f90,84
n11c086af90cef0b1,n11c086af90cef0b1,84
n361a1ec6064ca11d,n361a1ec6064ca11d,84
n1577d7691976eb5d,n1577d7691976eb5d,84
n02fa2fff47f07f7a,n02fa2fff47f07f7a,84
nd6b097594051d2b7,nd6b097594051d2b7,84
n6f6eb72543a703de,n6f6eb72543a703de,84
n62c9618fab9e6688,n62c9618fab9e6688,84
nfc3a70eb10ad9ad7,nfc3a70eb10ad9ad7,84
n0c0b7c6f7c18d42c,n0c0b7c6f7c18d42c,84
n4343df0c93207103,n4343df0c93207103,85
n4dcf71b9883a2282,n4dcf71b9883a2282,85
ncd3b8d011cf3af22,ncd3b8d011cf3af22,85
n84bdd74b1de9e4f7,n84bdd74b1de9e4f7,85
n232ad4888ba256c4,n232ad4888ba256c4,85
n91e06c8209026b6f,n91e06c8209026b6f,85
nfb2a93388514d985,nfb2a93388514d985,85
n06f0df7facfd1329,n06f0df7facfd1329,85
n2751c25a5142a7d8,n2751c25a5142a7d8,85
nf9edec008bc54181,nf9edec008bc54181,85
nb4367298c3ca5b1d,nb4367298c3ca5b1d,85
n14a53078e4e25668,n14a53078e4e25668,85
n687aa35519a9b929,n687aa35519a9b929,85
n7d61ad73ad756569,n7d61ad73ad756569,85
n8ba0a21ee9d9381c,n8ba0a21ee9d9381c,85
n63a92e87a5ed037b,n63a92e87a5ed037b,85
n3d16b3ae58107c46,n3d16b3ae58107c46,85
n0bd470272c44ba19,n0bd470272c44ba19,85
n0b1d61eeca180e21,n0b1d61eeca180e21,85
n42301124768ccc27,n42301124768ccc27,85
n9d64f0c3c34f57c7,n9d64f0c3c34f57c7,85
n9a06916170b966a2,n9a06916170b966a2,85
n8885d6bab937fdcf,n8885d6bab937fdcf,85
nc1f5c189a589ff6f,nc1f5c189a589ff6f,85
n210dd720079d2f95,n210dd720079d2f95,85
n1c8adf5e0e447bb3,n1c8adf5e0e447bb3,85
n22ea6cd5a1e568cc,n22ea6cd5a1e568cc,85
n03fc97cdf3c21cfa,n03fc97cdf3c21cfa,85
nddfb7a034192a2f8,nddfb7a034192a2f8,85
n71d710aaf66a4c48,n71d710aaf66a4c48,85
n93694e1e9cf8b762,n93694e1e9cf8b762,85
nce56b2d0658cdaf3,nce56b2d0658cdaf3,85
n2845a2f08751201f,n2845a2f08751201f,85
n2dd6f6e7ddfab3af,n2dd6f6e7ddfab3af,85
nbcdbbde26992196b,nbcdbbde26992196b,85
n55f852bbf08dc812,n55f852bbf08dc812,85
n8289f445e8ae3db0,n8289f445e8ae3db0,85
n89acf42bbcc140b0,n89acf42bbcc140b0,85
n8e5803f6ecc0e917,n8e5803f6ecc0e917,85
nf86fc4842ca40194,nf86fc4842ca40194,85
na776d4ac58d3b36a,na776d4ac58d3b36a,85
ne940fb895d29b422,ne940fb895d29b422,85
n1200ced0475c552d,n1200ced0475c552d,85
nae137cb0ee7d1aa5,nae137cb0ee7d1aa5,85
nab906dd993b13379,nab906dd993b13379,85
n0be1d84d12fa04f3,n0be1d84d12fa04f3,85
nc574ef48f7477674,nc574ef48f7477674,85
nd1450b2ca5dbab76,nd1450b2ca5dbab76,85
nc9bedad4869fa2d6,nc9bedad4869fa2d6,85
n24f9fa1759d79574,n24f9fa1759d79574,85
n16aa1f27a7c2e28d,n16aa1f27a7c2e28d,85
n8b3e76a29ce09e8a,n8b3e76a29ce09e8a,85
ncd6920f412ff3f1b,ncd6920f412ff3f1b,85
na726e06c96592d21,na726e06c96592d21,85
na6ff4f2ef52b7aa4,na6ff4f2ef52b7aa4,85
na8abedd4884fbc3e,na8abedd4884fbc3e,85
ne9a489af95d05da5,ne9a489af95d05da5,85
neffed47271e6cedb,neffed47271e6cedb,85
n89213cff46a67a88,n89213cff46a67a88,85
n45fe0fccc610e52f,n45fe0fccc610e52f,85
n5c5e76eb7b2ebfab,n5c5e76eb7b2ebfab,85
n710e16af9e5a9166,n710e16af9e5a9166,85
nc433c60f0cfde143,nc433c60f0cfde143,85
nc04a5450d1a762e9,nc04a5450d1a762e9,85
nae8a8e853841a087,nae8a8e853841a087,85
n8015b3e8d2ebc56e,n8015b3e8d2ebc56e,85
nae33bc297a632b16,nae33bc297a632b16,85
n7b37b477e702830f,n7b37b477e702830f,85
n6b3395835399ef60,n6b3395835399ef60,86
nceb2ca17c2e4e93b,nceb2ca17c2e4e93b,86
n881f029c430d7fe0,n881f029c430d7fe0,86
n9c8684ec46c34491,n9c8684ec46c34491,86
n156d32e6bcc669b5,n156d32e6bcc669b5,86
n6dcc72b5bff8693e,n6dcc72b5bff8693e,86
n17e519b65daacbc4,n17e519b65daacbc4,86
ne92c2f15b46b7dcb,ne92c2f15b46b7dcb,86
nfc2d059a0b7da4df,nfc2d059a0b7da4df,86
nefc8f1ea19c6d851,nefc8f1ea19c6d851,86
n7681b8df22e9f372,n7681b8df22e9f372,86
n9f34eae9adfff73b,n9f34eae9adfff73b,86
n0d781eb70b99d287,n0d781eb70b99d287,86
n457a6c663557aa94,n457a6c663557aa94,86
n4594f83240837406,n4594f83240837406,86
n2d9c17f2405bccd6,n2d9c17f2405bccd6,86
nf77a82abc2ed540f,nf77a82abc2ed540f,86
ne0eea80d92d5a28f,ne0eea80d92d5a28f,86
n0e32a58ecc072cb3,n0e32a58ecc072cb3,86
n4ac6c0e2c284cafb,n4ac6c0e2c284cafb,86
naa677f29a8a7d8fd,naa677f29a8a7d8fd,86
n7f5a198d07ed2da6,n7f5a198d07ed2da6,86
n0d0c06024ae5aead,n0d0c06024ae5aead,86
n24a88c7a343d73bd,n24a88c7a343d73bd,86
nd7e6c7cf4c0e3d27,nd7e6c7cf4c0e3d27,86
n6d5bfd29774a97de,n6d5bfd29774a97de,86
n2bdb292d958d71fb,n2bdb292d958d71fb,86
n914420afcf5b7f48,n914420afcf5b7f48,86
n2a4d7ee28783be35,n2a4d7ee28783be35,86
n216963230a4de297,n216963230a4de297,86
na0943499503a4cd6,na0943499503a4cd6,86
n44e3fb3b6f0687ce,n44e3fb3b6f0687ce,86
n1c9e7a8cc5f01a0c,n1c9e7a8cc5f01a0c,86
n9932b6b5964b5478,n9932b6b5964b5478,86
nd21348afac1c2217,nd21348afac1c2217,86
nde80f12831cb2016,nde80f12831cb2016,86
n7104bd1266e7da13,n7104bd1266e7da13,86
n5aab5cc791c57dd3,n5aab5cc791c57dd3,86
nd6a30e8b9d0babb7,nd6a30e8b9d0babb7,86
n4305bfe3600ce048,n4305bfe3600ce048,86
n5987237277b4bb70,n5987237277b4bb70,86
n5dbb2f3c75b9c35b,n5dbb2f3c75b9c35b,86
n937c6990cb8f09c0,n937c6990cb8f09c0,86
n0af0d2676ec68103,n0af0d2676ec68103,86
nfc94c883ad0d34b7,nfc94c883ad0d34b7,86
n837531e312c39f4e,n837531e312c39f4e,86
n2b5186e175ff9993,n2b5186e175ff9993,86
nd72fc53f8398fdd4,nd72fc53f8398fdd4,86
n7ea4a31f8cf2645a,n7ea4a31f8cf2645a,86
n325bb1c310009e9a,n325bb1c310009e9a,86
n69a7e9b3322d0b2b,n69a7e9b3322d0b2b,86
n0624a8a414af9dbd,n0624a8a414af9dbd,86
n891b7468fe7b9fd4,n891b7468fe7b9fd4,86
nc3c41ca41bd7acf4,nc3c41ca41bd7acf4,86
n8a2ea96448c911b5,n8a2ea96448c911b5,86
n418c128a91efcd0e,n418c128a91efcd0e,86
nbe40dcccf5bbd7ea,nbe40dcccf5bbd7ea,86
n6df987b6edeaa6c6,n6df987b6edeaa6c6,86
ncc6385721dc2aabb,ncc6385721dc2aabb,86
naebd1d3d4c6277e2,naebd1d3d4c6277e2,86
n2c8de6303e2932c9,n2c8de6303e2932c9,86
n26ed64434218b474,n26ed64434218b474,86
n24efb730c94b24d8,n24efb730c94b24d8,86
n3983c56bcbf0d0d2,n3983c56bcbf0d0d2,86
n98a2544d16bfde4b,n98a2544d16bfde4b,86
n0292e12bfc6e78cf,n0292e12bfc6e78cf,86
n29104361532f46bd,n29104361532f46bd,86
n41aadbbed7a9c811,n41aadbbed7a9c811,86
n611d9f63bc8f7af3,n611d9f63bc8f7af3,86
nf9492271ea1ed8db,nf9492271ea1ed8db,86
na1df5c6cee3d9c33,na1df5c6cee3d9c33,86
ne75742d4bb59c964,ne75742d4bb59c964,86
n3322c1c428b5364f,n3322c1c428b5364f,86
n98e5df2ef8b0a907,n98e5df2ef8b0a907,86
n854354d69db602e3,n854354d69db602e3,86
n5dfb9c25fa6fa794,n5dfb9c25fa6fa794,86
n8ac377a087dbce55,n8ac377a087dbce55,86
n74325c0f03ce5f0f,n74325c0f03ce5f0f,86
n82333d2845b03d97,n82333d2845b03d97,86
nf3edf13e5bf820d8,nf3edf13e5bf820d8,87
n5d0574633c41e3fe,n5d0574633c41e3fe,87
nfb98bac3ebdc4d27,nfb98bac3ebdc4d27,87
n9ffe17b4d7ec2570,n9ffe17b4d7ec2570,87
n86402f26bd1647e0,n86402f26bd1647e0,87
n31ae76d2839f1436,n31ae76d2839f1436,87
n65327b9183c8ead1,n65327b9183c8ead1,87
n419631708175ef5a,n419631708175ef5a,87
na7b32ef6b721847b,na7b32ef6b721847b,87
n3b8971aa82451b3b,n3b8971aa82451b3b,87
n0770d77865157ce0,n0770d77865157ce0,87
n5b640ac5686b7e02,n5b640ac5686b7e02,87
n6741c1d7e3f222f8,n6741c1d7e3f222f8,87
nc34903a5133a8212,nc34903a5133a8212,87
n8ffd7449df49fbf6,n8ffd7449df49fbf6,87
n29368032d9d9f0b1,n29368032d9d9f0b1,87
nd8254138a0a19597,nd8254138a0a19597,87
nbb7762ab6ac18f5c,nbb7762ab6ac18f5c,87
n7a4621942e25a017,n7a4621942e25a017,87
nfd1e77024da07165,nfd1e77024da07165,87
n7cc4495846a962e1,n7cc4495846a962e1,87
n38b65d78c30a6daf,n38b65d78c30a6daf,87
n36ed83c222156981,n36ed83c222156981,87
n02faf17f628deca7,n02faf17f628deca7,87
n4a5d044b14fe7888,n4a5d044b14fe7888,87
ne951fd2bbc6bbfc8,ne951fd2bbc6bbfc8,87
nfd9b3365e8009b70,nfd9b3365e8009b70,87
nf74883fc6ae21d7e,nf74883fc6ae21d7e,87
n9bf0116c79e495a9,n9bf0116c79e495a9,87
n589f7dd6980f0ba7,n589f7dd6980f0ba7,87
nd90951c2b2c1201d,nd90951c2b2c1201d,87
n001e3eafd5fa57fe,n001e3eafd5fa57fe,87
n8b3b60b207a2ba5e,n8b3b60b207a2ba5e,87
nabc35481f2f2af7c,nabc35481f2f2af7c,87
na4d83f0e10584d08,na4d83f0e10584d08,87
nce8fbb8f3635ce33,nce8fbb8f3635ce33,87
nf5945dca7dacc81c,nf5945dca7dacc81c,87
nd6c9078a20e2af73,nd6c9078a20e2af73,87
n4ede43c151840c8a,n4ede43c151840c8a,87
n20ad84b8cf17e2d5,n20ad84b8cf17e2d5,87
n31d0df0947597bbb,n31d0df0947597bbb,87
na30b1ddcdbb507de,na30b1ddcdbb507de,87
n7c9a8b60cdaf669f,n7c9a8b60cdaf669f,87
n555eaa0a0f7eebd6,n555eaa0a0f7eebd6,87
n299c5785dec39ba9,n299c5785dec39ba9,87
n631a1e989d389ae8,n631a1e989d389ae8,87
n563bf80dd929687a,n563bf80dd929687a,87
nf57b249d1f0ae725,nf57b249d1f0ae725,87
ncfac63ec58a5cfa8,ncfac63ec58a5cfa8,87
nfa3d4f8570c1c4be,nfa3d4f8570c1c4be,87
n54bf08b1ac17f8e0,n54bf08b1ac17f8e0,87
n1e0e210111e88b9d,n1e0e210111e88b9d,87
n48dce8dc4a220d6f,n48dce8dc4a220d6f,87
n2c3c5552432ebc78,n2c3c5552432ebc78,87
nf8e92fbcf36f11a7,nf8e92fbcf36f11a7,87
n79e01e0571b959b0,n79e01e0571b959b0,87
ndfb174dbc6bd18a5,ndfb174dbc6bd18a5,87
ne0231f4de967db71,ne0231f4de967db71,87
neb9be0f7493970ba,neb9be0f7493970ba,87
n3af55a1ec18a029b,n3af55a1ec18a029b,87
neee54d972be5a4bd,neee54d972be5a4bd,87
n145ff3a75738231e,n145ff3a75738231e,87
n7a6c658101f10089,n7a6c658101f10089,87
n2f685255e8ac31ab,n2f685255e8ac31ab,87
n09e05324e1b9418e,n09e05324e1b9418e,87
nfd059c9bb8aa8f1e,nfd059c9bb8aa8f1e,87
n3653ed4d46ba4ace,n3653ed4d46ba4ace,87
nb22c50e1b4878040,nb22c50e1b4878040,87
n5142515418f8acde,n5142515418f8acde,87
n346e8324904d0b3d,n346e8324904d0b3d,87
nae4e7c54dc206559,nae4e7c54dc206559,87
nb67074ec1cf13f68,nb67074ec1cf13f68,88
n7a317fe5cedca83f,n7a317fe5cedca83f,88
nc80f3b28b1d3685e,nc80f3b28b1d3685e,88
n70882cc9001fac1a,n70882cc9001fac1a,88
n56599cc3ff02657d,n56599cc3ff02657d,88
n690a7d0d2f267337,n690a7d0d2f267337,88
nef836306c0386338,nef836306c0386338,88
n441e6512fec8108e,n441e6512fec8108e,88
na0cc7071cddd695e,na0cc7071cddd695e,88
n042ce17cd8012cab,n042ce17cd8012cab,88
nd4ab69445e908ff5,nd4ab69445e908ff5,88
n22eedbcab27e3bd9,n22eedbcab27e3bd9,88
n29affd17d84a0c6f,n29affd17d84a0c6f,88
n433ceb4b26afbd53,n433ceb4b26afbd53,88
n413a26ad006b65e4,n413a26ad006b65e4,88
nf4b9970ce958b60d,nf4b9970ce958b60d,88
n9fbc1e91b5f00e0c,n9fbc1e91b5f00e0c,88
n8cc41c1222ae3234,n8cc41c1222ae3234,88
n9122fa35dcdb4431,n9122fa35dcdb4431,88
nda238683c4814953,nda238683c4814953,88
ne90ef3c87ca4944b,ne90ef3c87ca4944b,88
n0b2dabd729467fa0,n0b2dabd729467fa0,88
n63ae1d2cabb82f8f,n63ae1d2cabb82f8f,88
n55f507ddbf4555c1,n55f507ddbf4555c1,88
n9fab2915bc12324e,n9fab2915bc12324e,88
n0014c31b50ee2c2c,n0014c31b50ee2c2c,88
n5613dd1c15b6ba23,n5613dd1c15b6ba23,88
nbe1ffb286cf9fa9d,nbe1ffb286cf9fa9d,88
n3c184c3659b6db66,n3c184c3659b6db66,88
n02174c259674fa55,n02174c259674fa55,88
n28fcc81e1de68e1d,n28fcc81e1de68e1d,88
n83513189edcec741,n83513189edcec741,88
ndfaeaf10764b216b,ndfaeaf10764b216b,88
n4056c0bcaae50cb8,n4056c0bcaae50cb8,88
nf216013421be719e,nf216013421be719e,88
n1088224a265b6c4e,n1088224a265b6c4e,88
n9fac787b4e216c0b,n9fac787b4e216c0b,88
n056a0a46a9066da2,n056a0a46a9066da2,88
nb43af50349c9fde6,nb43af50349c9fde6,88
nfe7326f80a4fb257,nfe7326f80a4fb257,88
n2cf1825fa4fc644c,n2cf1825fa4fc644c,88
n7503086394d8add3,n7503086394d8add3,88
nf0a5af8e84629f45,nf0a5af8e84629f45,88
n8b69ccc897f852ad,n8b69ccc897f852ad,88
n63dd8fc0a214a0f6,n63dd8fc0a214a0f6,88
n4b86f981544bd5b5,n4b86f981544bd5b5,88
nb392dc8cbea3ffd1,nb392dc8cbea3ffd1,88
n2832117eec5b4665,n2832117eec5b4665,88
n2abe456cbdff1abb,n2abe456cbdff1abb,88
need037bf7d0905db,need037bf7d0905db,88
n0883d305ef7757f9,n0883d305ef7757f9,88
nb70357ca02de1acb,nb70357ca02de1acb,88
n16df6d0dea70aab8,n16df6d0dea70aab8,89
ne5df8a09e341bdde,ne5df8a09e341bdde,89
n5e892355fabf800a,n5e892355fabf800a,89
n1d92e8c01f0b67f3,n1d92e8c01f0b67f3,89
n3e482e636f7409b7,n3e482e636f7409b7,89
nd6a50b5d3bb930a9,nd6a50b5d3bb930a9,89
na0bc592c1f233309,na0bc592c1f233309,89
n9484147f7fcfd6a5,n9484147f7fcfd6a5,89
n73dee797dc5b3fbd,n73dee797dc5b3fbd,89
n0d12924d2f8ed282,n0d12924d2f8ed282,89
n85260be4eb2298ce,n85260be4eb2298ce,89
n2480a712f0afa520,n2480a712f0afa520,89
n10d4f95458193197,n10d4f95458193197,89
n99a771f8a12990c4,n99a771f8a12990c4,89
n8b41feb27a818888,n8b41feb27a818888,89
n8e9bf8587ee6fb2f,n8e9bf8587ee6fb2f,89
nc82e3b99b80db4b1,nc82e3b99b80db4b1,90
n798273ca30d300b3,n798273ca30d300b3,90
nea15217be9b0e368,nea15217be9b0e368,90
nb692dce7fe9af5f6,nb692dce7fe9af5f6,90
n510563fb41220cd0,n510563fb41220cd0,90
naccee7eb886b431f,naccee7eb886b431f,90
naab03df03e88d4cf,naab03df03e88d4cf,90
n725856e8d14179b5,n725856e8d14179b5,90
n7ed5b71c7b317054,n7ed5b71c7b317054,90
nc4f4798b984596d9,nc4f4798b984596d9,90
n567f7b561d516ae6,n567f7b561d516ae6,90
n47c708a75a4d5b6e,n47c708a75a4d5b6e,90
n173a60d7c1dc8a29,n173a60d7c1dc8a29,90
nee50f986b0ea9107,nee50f986b0ea9107,91
n6971acd2f26352e2,n6971acd2f26352e2,91
naea9a15b8fc99db8,naea9a15b8fc99db8,91
n67915d8bea17ba68,n67915d8bea17ba68,91
n5ccc783203951f11,n5ccc783203951f11,91
n10bd7d5a58a53f03,n10bd7d5a58a53f03,91
n058d1ba25c405e49,n058d1ba25c405e49,91
na3258755ce39aee3,na3258755ce39aee3,91
nfede9ef7af24399e,nfede9ef7af24399e,91
n50625d340de7e260,n50625d340de7e260,91
ndfe976ef67e0cbf5,ndfe976ef67e0cbf5,91
nccd84f53499fe39b,nccd84f53499fe39b,91
n6904f2fc4b0c9685,n6904f2fc4b0c9685,91
n7e36c1cd33c79ff5,n7e36c1cd33c79ff5,91
n1d8b558e3182b620,n1d8b558e3182b620,91
n7421036bf1b70a12,n7421036bf1b70a12,91
nac01649c0d374e19,nac01649c0d374e19,91
n0a56dcfe28e7ca50,n0a56dcfe28e7ca50,91
ndac43d6fd5f8ca96,ndac43d6fd5f8ca96,91
nd33b19f014b01a23,nd33b19f014b01a23,91
n70bebb104bd06381,n70bebb104bd06381,91
n230721970ea47ec2,n230721970ea47ec2,91
n042922e51f05a138,n042922e51f05a138,91
n5e3c1faad035ec40,n5e3c1faad035ec40,91
n13dbbd33d57e2e86,n13dbbd33d57e2e86,91
n3c27a1ea63075a24,n3c27a1ea63075a24,91
n2f2d39f2a2ce3167,n2f2d39f2a2ce3167,91
n3d0db8fedd74cc5c,n3d0db8fedd74cc5c,91
n56e1e549e67740a0,n56e1e549e67740a0,91
n9ade7deedc8c8d2b,n9ade7deedc8c8d2b,91
ndaf9fb8e835c2a9a,ndaf9fb8e835c2a9a,91
nee8684e9a75099c8,nee8684e9a75099c8,91
n8305345a449bf1e5,n8305345a449bf1e5,91
na73d2d36511a2a7b,na73d2d36511a2a7b,91
ndc830f5f0f553172,ndc830f5f0f553172,91
nd1b1cab78ed61061,nd1b1cab78ed61061,91
n1265010a25ad2851,n1265010a25ad2851,91
n7d9676ff1bb392cc,n7d9676ff1bb392cc,91
n4620ec216f0e7390,n4620ec216f0e7390,91
n4c66c872ca0115f6,n4c66c872ca0115f6,91
n25cc026a64e1175f,n25cc026a64e1175f,91
nfc7954d05f85b9f0,nfc7954d05f85b9f0,91
n03459ed606c6f1d0,n03459ed606c6f1d0,91
n35aeb385f2bbb18e,n35aeb385f2bbb18e,91
n3dbf1ca8908344ee,n3dbf1ca8908344ee,91
n2797cf6673c22c2c,n2797cf6673c22c2c,91
n92926007f6980b26,n92926007f6980b26,91
n5b83f1eb5c132f43,n5b83f1eb5c132f43,91
n3e555168fc211026,n3e555168fc211026,91
n4f79561cb2a1b9cd,n4f79561cb2a1b9cd,91
n927a0633b00a133e,n927a0633b00a133e,91
n4bd19a703d4128be,n4bd19a703d4128be,91
n1b13352574ff4a77,n1b13352574ff4a77,91
n8c14433d2278be62,n8c14433d2278be62,91
nafed244abc688afc,nafed244abc688afc,91
nbcc53c7bda81d4e1,nbcc53c7bda81d4e1,91
naea2edab1f4cd768,naea2edab1f4cd768,91
n599e3e431eb16da8,n599e3e431eb16da8,91
n821b2ffb43facc86,n821b2ffb43facc86,91
ne22625a6d8f5516c,ne22625a6d8f5516c,91
n06d2adedfbd30100,n06d2adedfbd30100,91
nf88b57af155981f6,nf88b57af155981f6,91
na306c2067d0bd42d,na306c2067d0bd42d,91
nec20fbafe8dc69c3,nec20fbafe8dc69c3,91
n5cf7fd6264fee663,n5cf7fd6264fee663,91
nec736e8bc630cd08,nec736e8bc630cd08,91
n44a961fe3160905c,n44a961fe3160905c,91
nc1587c417fb1ee28,nc1587c417fb1ee28,91
n035f58e299368e40,n035f58e299368e40,92
n94cfac4b55f31db8,n94cfac4b55f31db8,92
n6750e07c7e4d769a,n6750e07c7e4d769a,92
ncdb0eadcd528ea72,ncdb0eadcd528ea72,92
nbc171c1e84a8c4c9,nbc171c1e84a8c4c9,92
na9c1dbc30a622915,na9c1dbc30a622915,92
nee109b9fa1000b05,nee109b9fa1000b05,92
nb98896dadef03eac,nb98896dadef03eac,92
naa97d72ad8c59a9d,naa97d72ad8c59a9d,92
n992a22101b455691,n992a22101b455691,92
n3d71f49ff4185ece,n3d71f49ff4185ece,92
n2bfad0b46ea19327,n2bfad0b46ea19327,92
n524a75fcca495822,n524a75fcca495822,92
na55c86797ab82121,na55c86797ab82121,92
n894603e88e4dbf68,n894603e88e4dbf68,92
nc9b6fa439f8a3fd8,nc9b6fa439f8a3fd8,92
n9398d0861b8a5f2c,n9398d0861b8a5f2c,92
n7909b7efaff7c7de,n7909b7efaff7c7de,92
n7614d7e804dbd66b,n7614d7e804dbd66b,92
n1e71b786b2a9e887,n1e71b786b2a9e887,92
nbe783fadb93e3709,nbe783fadb93e3709,92
n8edc25bde293b80b,n8edc25bde293b80b,92
n21fd7374f004e54e,n21fd7374f004e54e,92
n6608da6445399df5,n6608da6445399df5,92
n0b2a334106dfdb95,n0b2a334106dfdb95,92
n8b951c2751f05de6,n8b951c2751f05de6,92
n0ca01d4071aeed4f,n0ca01d4071aeed4f,92
na48c19854d3d1501,na48c19854d3d1501,92
n0117c102288dbcc2,n0117c102288dbcc2,92
n3d142eeba636cdfd,n3d142eeba636cdfd,92
n7323815b09a8ac08,n7323815b09a8ac08,92
n0a9fed6480c1e070,n0a9fed6480c1e070,92
n1f7c68ece75dc3c1,n1f7c68ece75dc3c1,92
ndaf5a16cea266c29,ndaf5a16cea266c29,92
nf267b1d294125079,nf267b1d294125079,92
n2a344ff96b91834e,n2a344ff96b91834e,92
n245a8c294cb868f9,n245a8c294cb868f9,92
n4036784a5da4bf05,n4036784a5da4bf05,92
nee287327a01205e5,nee287327a01205e5,92
ne2f413eb2790f231,ne2f413eb2790f231,92
n70e23e4d8ca97146,n70e23e4d8ca97146,92
n6a3e9efba3c7c93e,n6a3e9efba3c7c93e,92
nded909d66798d839,nded909d66798d839,92
naff1edceb552fd92,naff1edceb552fd92,92
n6528c65cdc600de5,n6528c65cdc600de5,92
n42742b71903fc5b6,n42742b71903fc5b6,92
n9992f9fe9030f0a7,n9992f9fe9030f0a7,92
n7bc058da90e8c52d,n7bc058da90e8c52d,92
nacb29a4d257665c5,nacb29a4d257665c5,92
n93473e975d1564de,n93473e975d1564de,92
nd539b003fecdf0f9,nd539b003fecdf0f9,92
n255c933d0bf8d140,n255c933d0bf8d140,92
nb12a2cd849f65b3a,nb12a2cd849f65b3a,92
n4dc465c4bf0546e6,n4dc465c4bf0546e6,92
n3a0392a9aa495310,n3a0392a9aa495310,92
n410bcfcfb34d4cb9,n410bcfcfb34d4cb9,92
n85e1d10009ab77c5,n85e1d10009ab77c5,92
n06d26cddfb0f555e,n06d26cddfb0f555e,92
nb33f49863472abed,nb33f49863472abed,92
n1e912dba907cbef7,n1e912dba907cbef7,92
n623d87b996c35b2e,n623d87b996c35b2e,92
n737395d6c8af4736,n737395d6c8af4736,92
n3fe1c77d2a7cb5b7,n3fe1c77d2a7cb5b7,92
n0a5874cd7a79bbbb,n0a5874cd7a79bbbb,92
nf0974f43d1f6962f,nf0974f43d1f6962f,92
nb8cfa16c84db596f,nb8cfa16c84db596f,92
n84926355cf853adc,n84926355cf853adc,92
nd7d9b4e06ef4c85e,nd7d9b4e06ef4c85e,92
nb0f00b8093a80e25,nb0f00b8093a80e25,92
nbbe7f4539bc17c14,nbbe7f4539bc17c14,93
ndc1b077038e07289,ndc1b077038e07289,93
n54acd93cd11d8959,n54acd93cd11d8959,93
nf9980249ce84ca59,nf9980249ce84ca59,93
nee58d0b306f8dee3,nee58d0b306f8dee3,93
n3f845da43d169154,n3f845da43d169154,93
n7dd3cd6e4dec57e0,n7dd3cd6e4dec57e0,93
n5596c5089c74d207,n5596c5089c74d207,93
n3057d7bfc18c124c,n3057d7bfc18c124c,93
n00dd7e522252c9d9,n00dd7e522252c9d9,93
n65d69afb7db3e364,n65d69afb7db3e364,93
n7c9458c16b77b8ff,n7c9458c16b77b8ff,93
n27ba2c1027d2ed93,n27ba2c1027d2ed93,93
n7785b947b72f4e6c,n7785b947b72f4e6c,93
n9d348f704b96c0bc,n9d348f704b96c0bc,93
n0ea8f077a9f35b89,n0ea8f077a9f35b89,93
n87da045f6ce32008,n87da045f6ce32008,93
nf8a1a026afe8336e,nf8a1a026afe8336e,93
n1ff174ea5e0e7cd8,n1ff174ea5e0e7cd8,93
nde64bb4653c6b97c,nde64bb4653c6b97c,93
nc944ccae4b1ec494,nc944ccae4b1ec494,93
ncce346513be14153,ncce346513be14153,93
n2b6cc635b494db61,n2b6cc635b494db61,93
n953aca57169160c5,n953aca57169160c5,93
n708f00ca79ba42f4,n708f00ca79ba42f4,93
n571dda51f8ca2ada,n571dda51f8ca2ada,93
n17bf782fd4bacee8,n17bf782fd4bacee8,93
n0b837689263b835c,n0b837689263b835c,93
ne60ed7c3b12baf07,ne60ed7c3b12baf07,93
n69a6f4abcb5c4a15,n69a6f4abcb5c4a15,93
n4dda80cc5382421e,n4dda80cc5382421e,93
n1d2c4557c544d954,n1d2c4557c544d954,93
n4e609b3e43d2052f,n4e609b3e43d2052f,93
nac784fe0ec2c0027,nac784fe0ec2c0027,93
n21c00ec1042a4350,n21c00ec1042a4350,93
n7db86c5cc61d14ee,n7db86c5cc61d14ee,93
n303bfde6b93085a5,n303bfde6b93085a5,93
nc9a9dc37328aeaab,nc9a9dc37328aeaab,93
ndd3c7db25fb9ce8c,ndd3c7db25fb9ce8c,93
n39941f765a21a4f4,n39941f765a21a4f4,93
n8ebaec7494b200e3,n8ebaec7494b200e3,93
n58ccb695c46e9384,n58ccb695c46e9384,93
n766b4dc0dcad123b,n766b4dc0dcad123b,93
ne502c37c81caf3dc,ne502c37c81caf3dc,93
n6a92ffeef5d901e2,n6a92ffeef5d901e2,93
n1dcb6476d512fab6,n1dcb6476d512fab6,93
n8c5936ba4327a143,n8c5936ba4327a143,93
n127ab8944b25fcb9,n127ab8944b25fcb9,93
n71092a3bac313448,n71092a3bac313448,93
n2b405d79b147ae12,n2b405d79b147ae12,93
n8c3075ad14158739,n8c3075ad14158739,93
na3d99af35f99695f,na3d99af35f99695f,93
nc32a3b2529ab0d31,nc32a3b2529ab0d31,93
nac79a550b5ebd6d0,nac79a550b5ebd6d0,93
n8c2af3833f8089d8,n8c2af3833f8089d8,93
n944f07f34d211481,n944f07f34d211481,93
n9d2eea2ef409c11a,n9d2eea2ef409c11a,93
nebf92abf79d336f4,nebf92abf79d336f4,93
n812e6c47cf4ab642,n812e6c47cf4ab642,93
nc065ae8f5ed6d424,nc065ae8f5ed6d424,93
n37ebd3950583d5b8,n37ebd3950583d5b8,93
na8e60f804a17b0c2,na8e60f804a17b0c2,93
n9321a7d313ff89b8,n9321a7d313ff89b8,93
nce2cbcfb1fee2ebc,nce2cbcfb1fee2ebc,93
n927c8a26f2c51ec2,n927c8a26f2c51ec2,93
nf628d1993e217738,nf628d1993e217738,93
n9ea0dcd498980f0e,n9ea0dcd498980f0e,93
n695b5a0bdea70ee7,n695b5a0bdea70ee7,93
nc8f64314aa7f3c9b,nc8f64314aa7f3c9b,93
n3001e13d04ec7a61,n3001e13d04ec7a61,93
nd586b535990e0714,nd586b535990e0714,93
n22a471c002a435cf,n22a471c002a435cf,93
nf0de3fdb7c98a17d,nf0de3fdb7c98a17d,93
n6f6e6d4c9a1e679a,n6f6e6d4c9a1e679a,93
n801b21a4c12078c1,n801b21a4c12078c1,94
n79ee03af15e975ef,n79ee03af15e975ef,94
n0c14d9d6ab1970f1,n0c14d9d6ab1970f1,94
n8a6887b239e1c509,n8a6887b239e1c509,94
nd02f414bef4f3e00,nd02f414bef4f3e00,94
nfc52db06505ebe1b,nfc52db06505ebe1b,94
ne8d63ddcce3e25b3,ne8d63ddcce3e25b3,94
nf3ab4ecb74f6eeca,nf3ab4ecb74f6eeca,94
nbe7b28321b1717bb,nbe7b28321b1717bb,94
n3779b24a746e7c71,n3779b24a746e7c71,94
n7a34db654a04e39d,n7a34db654a04e39d,94
n5b773d518afa845f,n5b773d518afa845f,94
n2e56b0e7681846f7,n2e56b0e7681846f7,94
n08d2e1da4dd912d9,n08d2e1da4dd912d9,94
n1bde024ed3d6620b,n1bde024ed3d6620b,94
nb541cca2ca2b0445,nb541cca2ca2b0445,94
ne1a1fea929239041,ne1a1fea929239041,94
n21b71f64f9da7ddb,n21b71f64f9da7ddb,94
n9c568f34b8cce7fe,n9c568f34b8cce7fe,94
n0cc98a38ebae271c,n0cc98a38ebae271c,94
nb35fb18a581125f8,nb35fb18a581125f8,94
n4bdd0ca0437ab22a,n4bdd0ca0437ab22a,94
n38edcdada2005808,n38edcdada2005808,94
ndff15d6379e9ae6b,ndff15d6379e9ae6b,94
n4daeeab3a2c47a54,n4daeeab3a2c47a54,94
n05233f88b7a57585,n05233f88b7a57585,94
n47ca4554ac951467,n47ca4554ac951467,94
ndb493f5cc3964b65,ndb493f5cc3964b65,94
n25212323594e49db,n25212323594e49db,94
nef8d8a397f8a83cc,nef8d8a397f8a83cc,94
n8bff913b21eb5272,n8bff913b21eb5272,94
n8057e56b9dec9e9f,n8057e56b9dec9e9f,94
n5eef649e2d3aa2bf,n5eef649e2d3aa2bf,94
n820dc86aced5f419,n820dc86aced5f419,94
n7bb6337d3586de54,n7bb6337d3586de54,94
n716052f3dee15914,n716052f3dee15914,94
n81b8a61e92fe5f56,n81b8a61e92fe5f56,94
n353c9052ab521d65,n353c9052ab521d65,94
n51422e657e4bcd9f,n51422e657e4bcd9f,94
n09d42cd04d0b9b2e,n09d42cd04d0b9b2e,94
nfb6aa3622b54aa71,nfb6aa3622b54aa71,94
n39156895f99e6873,n39156895f99e6873,94
n8ff97a6082d96dc8,n8ff97a6082d96dc8,94
n1a4312bc8c65cf0a,n1a4312bc8c65cf0a,94
n348541d9a5f2db1f,n348541d9a5f2db1f,94
n18cf800dcc4ffb50,n18cf800dcc4ffb50,94
n3d5a03d6b8f5893c,n3d5a03d6b8f5893c,94
nd95feaab228d5706,nd95feaab228d5706,94
nb98b6fcb509b48e2,nb98b6fcb509b48e2,94
nc1e3fbc6ea54a519,nc1e3fbc6ea54a519,94
n829197ea3537532e,n829197ea3537532e,94
n279401f92fee478d,n279401f92fee478d,94
n8604763250f83593,n8604763250f83593,94
na1ab8d83f1e646fe,na1ab8d83f1e646fe,94
nc29fa9bdb74b423a,nc29fa9bdb74b423a,94
ne103c2e5664ff365,ne103c2e5664ff365,94
n3cae589f9a6b72bf,n3cae589f9a6b72bf,94
n0107d41b372f210a,n0107d41b372f210a,94
n9950766a9c4d3db2,n9950766a9c4d3db2,94
nd215a84138bd0001,nd215a84138bd0001,94
ne33e2ca03c434865,ne33e2ca03c434865,94
nccd7dd5e62808258,nccd7dd5e62808258,94
n52b557f712db5489,n52b557f712db5489,94
n3d7acc617ff768b0,n3d7acc617ff768b0,94
n09a349c168e741e2,n09a349c168e741e2,94
n5350ff1a8a9694ef,n5350ff1a8a9694ef,94
nd3cd88017acada57,nd3cd88017acada57,94
nabf833c6d4bf738e,nabf833c6d4bf738e,94
nf851c1e4b95223a1,nf851c1e4b95223a1,95
ne978ca13940a0bd1,ne978ca13940a0bd1,95
nbb7e58232fa352d8,nbb7e58232fa352d8,95
n23d4991ae3b3b9d9,n23d4991ae3b3b9d9,95
n490e2356d4211d28,n490e2356d4211d28,95
n1d98fce7d4845f50,n1d98fce7d4845f50,95
n44531f47222d616b,n44531f47222d616b,95
n16957493767e2d6f,n16957493767e2d6f,95
n36b80612dbfc5281,n36b80612dbfc5281,95
n8882457ea2eefc2d,n8882457ea2eefc2d,95
n37d81c85568bf80b,n37d81c85568bf80b,95
n193c544020317672,n193c544020317672,95
n16d11d74c3e12bd9,n16d11d74c3e12bd9,95
nee1f12b61f4b0dad,nee1f12b61f4b0dad,95
nb0ffdfa8a9cdaf52,nb0ffdfa8a9cdaf52,95
nb2fe142057160f51,nb2fe142057160f51,95
n08a5d43839beb2bc,n08a5d43839beb2bc,95
nee1807ab34310a5d,nee1807ab34310a5d,95
n084d3cee26ee5967,n084d3cee26ee5967,95
n4909c7dfeaa13f70,n4909c7dfeaa13f70,95
nd95521c6c4118287,nd95521c6c4118287,95
n341219070b900140,n341219070b900140,95
n9344a1f51233bc7e,n9344a1f51233bc7e,95
n92b238551f809feb,n92b238551f809feb,95
n5851e0c97ff6cec9,n5851e0c97ff6cec9,95
n831721757c0d3605,n831721757c0d3605,95
n82ff29d2880dcb5a,n82ff29d2880dcb5a,95
na3ffced2b3a4ba75,na3ffced2b3a4ba75,95
n50d41fecb1353d30,n50d41fecb1353d30,95
n571d85806d1fede8,n571d85806d1fede8,95
n7d31026e8a91a341,n7d31026e8a91a341,95
n757cf3d479a86267,n757cf3d479a86267,95
n036a6449720b4aa1,n036a6449720b4aa1,95
n51f7f6ed4a7beef6,n51f7f6ed4a7beef6,95
ncf3e8c50ce232fb1,ncf3e8c50ce232fb1,95
n3f17109f57f9ef7b,n3f17109f57f9ef7b,95
nabc99814376de63f,nabc99814376de63f,95
nce92fce05c61269d,nce92fce05c61269d,95
n218fb79ff3589922,n218fb79ff3589922,95
n77ea356dbdd3aac4,n77ea356dbdd3aac4,95
n9b9d3bb19a1dbb35,n9b9d3bb19a1dbb35,95
na34f759b00b81beb,na34f759b00b81beb,95
n47e924e6e8c28ea2,n47e924e6e8c28ea2,95
n8a57c03195802ee1,n8a57c03195802ee1,95
n273c89835426cf9c,n273c89835426cf9c,95
n9eb02fe597c078d0,n9eb02fe597c078d0,95
nba4116bea4260e8a,nba4116bea4260e8a,95
nc057e253a101ea67,nc057e253a101ea67,95
ne0703db0a4841db7,ne0703db0a4841db7,95
n8bb7583413d51781,n8bb7583413d51781,95
n1ff92b11eb895867,n1ff92b11eb895867,95
n93b186d98f2f7a29,n93b186d98f2f7a29,95
nb5d8922988e7b06e,nb5d8922988e7b06e,95
nff93d3993f94c609,nff93d3993f94c609,95
n7cbdcffeb4bcbcdb,n7cbdcffeb4bcbcdb,95
nedcf29b8db532472,nedcf29b8db532472,95
ncc99e0cfde6132ab,ncc99e0cfde6132ab,95
ne0cdbc3b8565d5a4,ne0cdbc3b8565d5a4,96
na33908d937ac3c7f,na33908d937ac3c7f,96
nee37f9aac663a6bc,nee37f9aac663a6bc,96
nacfa1b5307c3967f,nacfa1b5307c3967f,96
n8a7f3a68c8791aa7,n8a7f3a68c8791aa7,96
nf664ba894638e45d,nf664ba894638e45d,96
n7ac16e35c38f78c2,n7ac16e35c38f78c2,96
nd25d9cffd5db9ae6,nd25d9cffd5db9ae6,96
n3dc6a53adff97874,n3dc6a53adff97874,96
nb68b81106c3d01e2,nb68b81106c3d01e2,96
n96bc8c8471a150b1,n96bc8c8471a150b1,96
nf0c7f51ff00b4881,nf0c7f51ff00b4881,96
nf1f2e6e397806a7f,nf1f2e6e397806a7f,96
n63e534f6fcca2c66,n63e534f6fcca2c66,96
n6507c4a97a8ca08d,n6507c4a97a8ca08d,96
nb777f182d940d632,nb777f182d940d632,96
n2cb3a6031b32c11f,n2cb3a6031b32c11f,96
ne16849ed59faccf6,ne16849ed59faccf6,96
n98892596a41751e2,n98892596a41751e2,96
neba973ab2c85e63c,neba973ab2c85e63c,96
ne8acd45cfae68a0a,ne8acd45cfae68a0a,96
n45c4eaee1e930779,n45c4eaee1e930779,96
n720b3a0367d49f45,n720b3a0367d49f45,96
nd4d40083d9472d2c,nd4d40083d9472d2c,96
nc20f9a9e71aeb25d,nc20f9a9e71aeb25d,96
n48a8d18f45eb53c1,n48a8d18f45eb53c1,96
n29dbbf19a8e78e96,n29dbbf19a8e78e96,96
nb1ce4eaef6f4f497,nb1ce4eaef6f4f497,96
n5ff06b7f973e27dd,n5ff06b7f973e27dd,96
n78625e8bf3e81cf2,n78625e8bf3e81cf2,96
n081644853961c367,n081644853961c367,96
n2988fd4eefb07973,n2988fd4eefb07973,96
n790d0fd2035c76fc,n790d0fd2035c76fc,96
n1e2b083358c2bd3e,n1e2b083358c2bd3e,96
nc9a76da3e09823f6,nc9a76da3e09823f6,96
n08e12bde4b8ddbd1,n08e12bde4b8ddbd1,96
nff2c695f96ca9722,nff2c695f96ca9722,96
n9509896b9d80feea,n9509896b9d80feea,96
naea1580f15bf0b37,naea1580f15bf0b37,96
n6d3c5c500053e152,n6d3c5c500053e152,96
n4583ffe190309c20,n4583ffe190309c20,96
n12957e93f962e709,n12957e93f962e709,96
nb8377c44ba759528,nb8377c44ba759528,96
n4aafe0f23b192806,n4aafe0f23b192806,96
n81112462cf285cab,n81112462cf285cab,96
nafa8e01ffb8f2b55,nafa8e01ffb8f2b55,96
neb05ffb59fd3672b,neb05ffb59fd3672b,96
n98e08e8dc9225ad6,n98e08e8dc9225ad6,96
nda5dff5430d8f678,nda5dff5430d8f678,96
n90e32423a269b4a9,n90e32423a269b4a9,96
n11319fc8fa188bd1,n11319fc8fa188bd1,96
n6bad1661e61cb4bf,n6bad1661e61cb4bf,96
n1e9603db752347c7,n1e9603db752347c7,96
n652837f952cbdad9,n652837f952cbdad9,96
n5fabc5515234b4be,n5fabc5515234b4be,96
n992cc75c9b6d24bd,n992cc75c9b6d24bd,96
n42b3de72dd5b4edc,n42b3de72dd5b4edc,96
n303f1ef2f19be674,n303f1ef2f19be674,97
n01a932602f609807,n01a932602f609807,97
n61389412278388dd,n61389412278388dd,97
nbd467ae0f7a7a3e3,nbd467ae0f7a7a3e3,97
n44c898f2fae40a77,n44c898f2fae40a77,97
n39d6e2e5cc7dc460,n39d6e2e5cc7dc460,97
ne0a28b59fc42834b,ne0a28b59fc42834b,97
n903d597dd04b7032,n903d597dd04b7032,97
n045d1c1a86061e87,n045d1c1a86061e87,97
n73d4f2a5bd8c2213,n73d4f2a5bd8c2213,97
n12fae668b936492a,n12fae668b936492a,97
nbe3d8e8cf32605e5,nbe3d8e8cf32605e5,97
n01dc79dca9732b17,n01dc79dca9732b17,97
nc001de3bf19b7655,nc001de3bf19b7655,97
n9d708b55bc319d95,n9d708b55bc319d95,97
n278ae589a6980779,n278ae589a6980779,97
nb8e8b07c1f179135,nb8e8b07c1f179135,97
n22ffff151cbbefd1,n22ffff151cbbefd1,97
na358f95f2d35e673,na358f95f2d35e673,97
na1f2c46737f07b4f,na1f2c46737f07b4f,97
n1f88440072253f95,n1f88440072253f95,97
n26b9e7951c8f395d,n26b9e7951c8f395d,97
n75ad4e78ecbc07ff,n75ad4e78ecbc07ff,97
n428ec371a012539e,n428ec371a012539e,97
n4b009a70bcbd4da7,n4b009a70bcbd4da7,97
n0f8eb74f4431c58a,n0f8eb74f4431c58a,97
nc96a24882bc4db44,nc96a24882bc4db44,97
ncd8ee3bbacb58663,ncd8ee3bbacb58663,97
n226918def25b26d8,n226918def25b26d8,97
nc92f53263d201abf,nc92f53263d201abf,97
n251692bda65ae8f7,n251692bda65ae8f7,97
n4213f22a52cbe75d,n4213f22a52cbe75d,97
nac950d081109acf6,nac950d081109acf6,97
n89651f471c8e1df7,n89651f471c8e1df7,97
n67b6dcbc77d771cd,n67b6dcbc77d771cd,97
n2cbfcfed2ed912e2,n2cbfcfed2ed912e2,97
n0c9cc06550b4a9c1,n0c9cc06550b4a9c1,97
n6076a6165e575638,n6076a6165e575638,97
n07f4b65bf5c068e1,n07f4b65bf5c068e1,97
nc1068e2ba5b390e2,nc1068e2ba5b390e2,97
nbf00959071238005,nbf00959071238005,97
neaf9207de7f67edd,neaf9207de7f67edd,97
na4f053ceaa0844fc,na4f053ceaa0844fc,97
ndacdccfb00b8530c,ndacdccfb00b8530c,97
n0764e1b1285df963,n0764e1b1285df963,97
n540a96fb1913b6c6,n540a96fb1913b6c6,97
n40d37bc7bd393ac4,n40d37bc7bd393ac4,97
n1b10ea871e34c05d,n1b10ea871e34c05d,97
n620e92df84ef9162,n620e92df84ef9162,97
n4e2cfee14dae6813,n4e2cfee14dae6813,98
neef0a44111e4d026,neef0a44111e4d026,98
n54a4e971e89ce75c,n54a4e971e89ce75c,98
n24d4ae1e076a00d8,n24d4ae1e076a00d8,98
n3c1efca9094a0ba5,n3c1efca9094a0ba5,98
n00f72561bbe55e52,n00f72561bbe55e52,98
n9fe39d6b3b61e6c1,n9fe39d6b3b61e6c1,98
ne07e9907dc1aec82,ne07e9907dc1aec82,98
nc072b9a84e1425c6,nc072b9a84e1425c6,98
na321338cf523cf24,na321338cf523cf24,98
nde953449ae598a5a,nde953449ae598a5a,98
n47c40585f8c9cf59,n47c40585f8c9cf59,98
n1615803db02b861e,n1615803db02b861e,98
n543413caaf263af5,n543413caaf263af5,98
nbf8518b21d174b0a,nbf8518b21d174b0a,98
n2972ff98a7e4fc89,n2972ff98a7e4fc89,98
nc6ccbc7ad2b447c3,nc6ccbc7ad2b447c3,98
nf2d67c4d3450a607,nf2d67c4d3450a607,98
n36ff1cf508a9c324,n36ff1cf508a9c324,98
n5cf4fd8dc27c591b,n5cf4fd8dc27c591b,98
n6cff913e5fe2d5fd,n6cff913e5fe2d5fd,98
n67b02966fa25d5ff,n67b02966fa25d5ff,98
nc9719f2649ef418e,nc9719f2649ef418e,98
n9da2d8e7c7ca9386,n9da2d8e7c7ca9386,98
n3130bd60682c84c0,n3130bd60682c84c0,98
n61db600b11ac5c53,n61db600b11ac5c53,98
n979743efd91bd977,n979743efd91bd977,98
n0b5abf40ffa03260,n0b5abf40ffa03260,98
nd7c53377b744818f,nd7c53377b744818f,98
nb83e4a236b89b19a,nb83e4a236b89b19a,98
n55d70b08a8687ad2,n55d70b08a8687ad2,98
n5d008e74ef497049,n5d008e74ef497049,98
nbec8c06576ba7205,nbec8c06576ba7205,98
n7d61426650211649,n7d61426650211649,98
n1d255dac9d741087,n1d255dac9d741087,98
n05693d38550d0092,n05693d38550d0092,98
nf4548e01ee8fae3a,nf4548e01ee8fae3a,98
n97cd2cf0c193c2f2,n97cd2cf0c193c2f2,98
n2d1615c45605d148,n2d1615c45605d148,98
n03ef2e023f69e07a,n03ef2e023f69e07a,98
n6ae90bdbc62110b6,n6ae90bdbc62110b6,98
n0541f54b1831fa39,n0541f54b1831fa39,99
ne4ebfa82eb20bb50,ne4ebfa82eb20bb50,99
n3d28136925db6e09,n3d28136925db6e09,99
ne0307149a1ade19e,ne0307149a1ade19e,99
n22e136bb1177178e,n22e136bb1177178e,99
n44a419ada0283430,n44a419ada0283430,99
nb9706fc722c6165a,nb9706fc722c6165a,99
n37291faf9231c9fe,n37291faf9231c9fe,99
nd385a22d44f493fc,nd385a22d44f493fc,99
n19d996f17c6a22d6,n19d996f17c6a22d6,99
n5fcd2af592c5d7aa,n5fcd2af592c5d7aa,99
n25575470c182b150,n25575470c182b150,99
n8cd41748d14f847c,n8cd41748d14f847c,99
ndb46d4f309ca14dc,ndb46d4f309ca14dc,99
n1e347c3e9c68cd45,n1e347c3e9c68cd45,99
n5e2c30c682f8abce,n5e2c30c682f8abce,99
n6aa9d3b0cdce170e,n6aa9d3b0cdce170e,99
nb67c0e50681204b4,nb67c0e50681204b4,99
nd294c21817c73890,nd294c21817c73890,99
nb8397061323468a5,nb8397061323468a5,99
nd3755c3c2825c819,nd3755c3c2825c819,99
n7666f157edbdacbe,n7666f157edbdacbe,100
n5cc789b2db5ac0c0,n5cc789b2db5ac0c0,100
n2f259c31395e1b84,n2f259c31395e1b84,100
n8347283c2bcf4c43,n8347283c2bcf4c43,100
n9f8f72dd0ed4da9a,n9f8f72dd0ed4da9a,100
n1f273f30771e042a,n1f273f30771e042a,100
nf5a6f1d5d044f9f2,nf5a6f1d5d044f9f2,100
n6d6154f29811d220,n6d6154f29811d220,100
n70a49ef0c8e6dd5d,n70a49ef0c8e6dd5d,100
n41e7afdd3951dbf7,n41e7afdd3951dbf7,100
n5c37b61d6849019d,n5c37b61d6849019d,100
n9843fb2bbddcb793,n9843fb2bbddcb793,100
n4d641777304ed40d,n4d641777304ed40d,100
necdedc0d0362a2c1,necdedc0d0362a2c1,100
n83ee0b5c6c375b62,n83ee0b5c6c375b62,100
n74e7d4aa80d30fcd,n74e7d4aa80d30fcd,100
n313957ede41bc314,n313957ede41bc314,100
n03c0b5c57f7759f5,n03c0b5c57f7759f5,100
nc2de72b9357630fe,nc2de72b9357630fe,100
nd4174c0095579425,nd4174c0095579425,100
nceefea31acb06a30,nceefea31acb06a30,100
n45dbeac354fbebf5,n45dbeac354fbebf5,100
ne1c284d7d1571278,ne1c284d7d1571278,100
ncda729afba872a36,ncda729afba872a36,100
n4d89114b588cbe36,n4d89114b588cbe36,100
nd8ced4f3396123ef,nd8ced4f3396123ef,100
ne6c123acd13d623b,ne6c123acd13d623b,100
nd5dfad283011db25,nd5dfad283011db25,100
n22650084fbc8f408,n22650084fbc8f408,100
nc2f995dee578df2e,nc2f995dee578df2e,100
nc22dfe9795e4fe8a,nc22dfe9795e4fe8a,100
n2dc113dac3ff4da5,n2dc113dac3ff4da5,100
n4ad0295066042454,n4ad0295066042454,100
na6c97f8a43ad5672,na6c97f8a43ad5672,100
n0903a4af7d02267c,n0903a4af7d02267c,100
n85f7a63952ae46b2,n85f7a63952ae46b2,100
n2874c1bc4c230eec,n2874c1bc4c230eec,100
n603fee5212b3b563,n603fee5212b3b563,100
nf7881a0cf3c3f648,nf7881a0cf3c3f648,100
n4c2d0dc7ee791b82,n4c2d0dc7ee791b82,100
nd7bd540c7582c985,nd7bd540c7582c985,100
naf932ed3af01f4a0,naf932ed3af01f4a0,100
na93bd98b703b23c2,na93bd98b703b23c2,100
n6533edd831e9ecd6,n6533edd831e9ecd6,100
naf17f1071d3d5c4a,naf17f1071d3d5c4a,100
n40ac00b19eded31c,n40ac00b19eded31c,101
ne01bb687d0e9be8f,ne01bb687d0e9be8f,101
n89d773ac61ea5ab7,n89d773ac61ea5ab7,101
ne0a2fa568508cb23,ne0a2fa568508cb23,101
nc747a9fa52bca2e6,nc747a9fa52bca2e6,101
n4c10cfa52aaeebbc,n4c10cfa52aaeebbc,101
n131f44c292806be6,n131f44c292806be6,101
n680a59e03572ef25,n680a59e03572ef25,101
n07ba96d01f274ad2,n07ba96d01f274ad2,101
nd17648b3d491e873,nd17648b3d491e873,101
ndd563c52cabb9aca,ndd563c52cabb9aca,101
n243112ceaf7d9ccb,n243112ceaf7d9ccb,101
nf72db0f36edd33ed,nf72db0f36edd33ed,101
nb9e2a075fc41c6db,nb9e2a075fc41c6db,101
n8108a6388e018284,n8108a6388e018284,101
n8014e5f349f7771e,n8014e5f349f7771e,101
n6f25439fd143580a,n6f25439fd143580a,101
n39e26a2113f3597a,n39e26a2113f3597a,101
nd43af642dffb3644,nd43af642dffb3644,101
ne1f50e385bbaffc2,ne1f50e385bbaffc2,101
n359704c43e861088,n359704c43e861088,101
n5e8dc6104fbd024a,n5e8dc6104fbd024a,101
n2dc88303e7de2f5a,n2dc88303e7de2f5a,101
n276565f64f41bf43,n276565f64f41bf43,101
n60a09d380db99985,n60a09d380db99985,102
ne62de0aa395cf3c2,ne62de0aa395cf3c2,102
n7ba1f79427f99d1a,n7ba1f79427f99d1a,102
n0ceaca3a0569a552,n0ceaca3a0569a552,102
nf134ea2040da0719,nf134ea2040da0719,102
neddae183a9360b59,neddae183a9360b59,102
n173db3b789236f5d,n173db3b789236f5d,102
nad73806c0c0ccdfd,nad73806c0c0ccdfd,102
n646757371504520a,n646757371504520a,102
n8ef466ffaf960c2d,n8ef466ffaf960c2d,102
n74d0ea0eb0d7a0f3,n74d0ea0eb0d7a0f3,102
nf0ad4368602096b3,nf0ad4368602096b3,102
n059f1bcdd66f169e,n059f1bcdd66f169e,102
n7d687aff1ec1a1cf,n7d687aff1ec1a1cf,102
n73b55e3f1ab16dbf,n73b55e3f1ab16dbf,102
n2b5f230ee05dc6f3,n2b5f230ee05dc6f3,102
n31828edd95697666,n31828edd95697666,102
n1d433ae698a34e5c,n1d433ae698a34e5c,102
n6fb2ab58628e47e9,n6fb2ab58628e47e9,102
nc086a4f46635d965,nc086a4f46635d965,102
nd67fd04b7d0dee9f,nd67fd04b7d0dee9f,102
neb8b41f2c4bafbca,neb8b41f2c4bafbca,102
ncec69c0e8e51355b,ncec69c0e8e51355b,102
n770f65354c6af9d8,n770f65354c6af9d8,102
n43f3ce55dd7ea5eb,n43f3ce55dd7ea5eb,102
nce8ece90c771ed2b,nce8ece90c771ed2b,102
nf42d99227cfccca3,nf42d99227cfccca3,102
n06d495489bb4c354,n06d495489bb4c354,102
n4067eb61ecf333c6,n4067eb61ecf333c6,102
n345788ac664cc22b,n345788ac664cc22b,102
n225dcadd38266367,n225dcadd38266367,102
na54b3f776c5d1eae,na54b3f776c5d1eae,102
na6261ffcec685d05,na6261ffcec685d05,102
n0d0f4a43ba8adeb2,n0d0f4a43ba8adeb2,102
n57f558ab813afb6e,n57f558ab813afb6e,102
n0227269d283c2b59,n0227269d283c2b59,102
n313c3c3f223f5a38,n313c3c3f223f5a38,102
n8e8f3fde38753201,n8e8f3fde38753201,102
n7d82318c43a8c7ef,n7d82318c43a8c7ef,102
nec850b5fa4cf016e,nec850b5fa4cf016e,102
n8c1f06315cb7c873,n8c1f06315cb7c873,102
n35c558c233b0e321,n35c558c233b0e321,102
n4ea563eb58786ddd,n4ea563eb58786ddd,102
n38a5b9e748882512,n38a5b9e748882512,102
nf1285ea2335a43f1,nf1285ea2335a43f1,102
n37cf79e8fcb950a0,n37cf79e8fcb950a0,102
ncef0bf1fc8f0352e,ncef0bf1fc8f0352e,102
nc45b2e63bbef4972,nc45b2e63bbef4972,102
n9d3eb3f3afc61aa4,n9d3eb3f3afc61aa4,102
nf9ca01db67471810,nf9ca01db67471810,102
nf1b6df08db261c1b,nf1b6df08db261c1b,102
n1725b50663386108,n1725b50663386108,102
n99d94786fa8181b7,n99d94786fa8181b7,103
n0267696b8ecf6f8c,n0267696b8ecf6f8c,103
n54749398e417abd6,n54749398e417abd6,103
n10976563da5ba9bd,n10976563da5ba9bd,103
n32011f9fdf6cea79,n32011f9fdf6cea79,103
nbe6fc52f42b2695f,nbe6fc52f42b2695f,103
nc75bcd4eee128ef8,nc75bcd4eee128ef8,103
nc24db49f6e67b821,nc24db49f6e67b821,103
n8e9c77cef4a3eb5a,n8e9c77cef4a3eb5a,103
n218586c3c617780d,n218586c3c617780d,103
nf57bd613b64b487c,nf57bd613b64b487c,103
nb6ba91278f529760,nb6ba91278f529760,103
n8087ff5c0a7bb547,n8087ff5c0a7bb547,103
nd79caa46f0792c7f,nd79caa46f0792c7f,103
nc6a1bb056cff5f52,nc6a1bb056cff5f52,103
nbb0addd84ee9ec03,nbb0addd84ee9ec03,103
n81887939028c2c68,n81887939028c2c68,103
n59d9b13efdf5be6f,n59d9b13efdf5be6f,103
ne21c94878198b817,ne21c94878198b817,103
nf5011bf24400405d,nf5011bf24400405d,103
n38f03ca9273f8fa2,n38f03ca9273f8fa2,103
n0b2d7fb04aac78af,n0b2d7fb04aac78af,103
n2c27834c9c2bce46,n2c27834c9c2bce46,103
n08bd38de0b2d786c,n08bd38de0b2d786c,103
nba8fde1ad8607081,nba8fde1ad8607081,103
n7e62d3050df6140d,n7e62d3050df6140d,103
neb3f90bc6642c925,neb3f90bc6642c925,103
n7cae6a5292cc50a8,n7cae6a5292cc50a8,103
n2bbb30d7e024fab8,n2bbb30d7e024fab8,103
n6a3e39a8cb666d95,n6a3e39a8cb666d95,103
n445c73b6403b9c1b,n445c73b6403b9c1b,103
n2daeeefa22f009f7,n2daeeefa22f009f7,103
n6f4d5314f9e99e6d,n6f4d5314f9e99e6d,103
n7ec953d58d804ed4,n7ec953d58d804ed4,103
n21da6a72be738435,n21da6a72be738435,103
n939ab8ca8d9d72d6,n939ab8ca8d9d72d6,103
n2a68a6ea11ee8670,n2a68a6ea11ee8670,103
nffa1dbf409865d21,nffa1dbf409865d21,103
n7f195d7240bea8aa,n7f195d7240bea8aa,103
n58d288f97bf894d5,n58d288f97bf894d5,103
n7779584e84a81b1c,n7779584e84a81b1c,103
nb59b274c81adedc1,nb59b274c81adedc1,103
nbd4b2e0ce16066fd,nbd4b2e0ce16066fd,103
nee5747c53cb0308f,nee5747c53cb0308f,103
nc5fa9b53e6fda029,nc5fa9b53e6fda029,103
nb60cf929bf8dea74,nb60cf929bf8dea74,103
nb673d7e88693a6eb,nb673d7e88693a6eb,103
n69dfb3b7ad15cc36,n69dfb3b7ad15cc36,103
nbc7debfaf3ab436e,nbc7debfaf3ab436e,103
nc90e40e5d433a6a3,nc90e40e5d433a6a3,104
na72b31c2ce890972,na72b31c2ce890972,104
na248aef18d3e807b,na248aef18d3e807b,104
n436803adce6fdb81,n436803adce6fdb81,104
n2afd22d4cfc60349,n2afd22d4cfc60349,104
n46aa201b3da6ef65,n46aa201b3da6ef65,104
nb5716f0020b734f8,nb5716f0020b734f8,104
n671a95da035c553a,n671a95da035c553a,104
n298e6e87c8e6d2e5,n298e6e87c8e6d2e5,104
ne7e5df220b10c8da,ne7e5df220b10c8da,104
n5607e60c4a81889f,n5607e60c4a81889f,104
nf3d21d6bb6c54fdc,nf3d21d6bb6c54fdc,104
n7c46e82b9f6d9383,n7c46e82b9f6d9383,104
n62509a9782bf17de,n62509a9782bf17de,104
n03ec55314bdc4749,n03ec55314bdc4749,104
n8c436abb86d9a59c,n8c436abb86d9a59c,104
n70b590e6dee7221c,n70b590e6dee7221c,104
n8349b3e4602c8dcd,n8349b3e4602c8dcd,104
ndc338cd665fa0a26,ndc338cd665fa0a26,104
nb0b4cab30d71f84d,nb0b4cab30d71f84d,104
n0bf6d6b28d0f9e4a,n0bf6d6b28d0f9e4a,104
nbed51dad9e7a2afb,nbed51dad9e7a2afb,104
n524ed5692dcd6f7a,n524ed5692dcd6f7a,104
n89ffb64fe140789e,n89ffb64fe140789e,104
n8c421fcebce19e09,n8c421fcebce19e09,104
n1a072bb9e03e8f89,n1a072bb9e03e8f89,104
n0052bf850b015788,n0052bf850b015788,104
nd37808aaa425a165,nd37808aaa425a165,104
nec9e19665f8c5bad,nec9e19665f8c5bad,104
ncba3bcbd51fd8baf,ncba3bcbd51fd8baf,104
n6b319f66b479aa15,n6b319f66b479aa15,104
nead75c7a77d895ce,nead75c7a77d895ce,104
n1c690f2a270832a3,n1c690f2a270832a3,104
nc8c34a6141629a9d,nc8c34a6141629a9d,104
n356397545ea87b24,n356397545ea87b24,104
n1e3b3578311bc1e9,n1e3b3578311bc1e9,104
n829a4551242e2029,n829a4551242e2029,104
n899f55b5f81ecd5a,n899f55b5f81ecd5a,104
nf1cda86f795cfcf4,nf1cda86f795cfcf4,104
nedeed95c61268b96,nedeed95c61268b96,104
n50602cc938eac851,n50602cc938eac851,104
n53a515955e051a27,n53a515955e051a27,104
nd30a078282970ab3,nd30a078282970ab3,104
n40beed305b42cbc2,n40beed305b42cbc2,104
n981a8462615b171a,n981a8462615b171a,104
n0de9c10cf938ddc2,n0de9c10cf938ddc2,104
n8ce11d4dbfe297f1,n8ce11d4dbfe297f1,104
nbb329990c9b53549,nbb329990c9b53549,104
nd5986ce8cb50e8d3,nd5986ce8cb50e8d3,104
n2ad4b288fa8c2468,n2ad4b288fa8c2468,105
n1efe55bb80b498d7,n1efe55bb80b498d7,105
n0f4d189b27284b0d,n0f4d189b27284b0d,105
n88370571a6a017cf,n88370571a6a017cf,105
nafdab74a811a5841,nafdab74a811a5841,105
ndb8055b960233d43,ndb8055b960233d43,105
nc3ab42f769b70eff,nc3ab42f769b70eff,105
n63892ce999417d04,n63892ce999417d04,105
na917c3989cb25598,na917c3989cb25598,105
n6da5d12dc6011c3d,n6da5d12dc6011c3d,105
nf0bb42eaac7ac392,nf0bb42eaac7ac392,105
nc328190777a0034a,nc328190777a0034a,105
n19bbc1afb5c4f986,n19bbc1afb5c4f986,105
nff2969564a735c2b,nff2969564a735c2b,105
nac01bad963505712,nac01bad963505712,105
n6e6e411e0e4b352e,n6e6e411e0e4b352e,105
n54c4162d3a78594b,n54c4162d3a78594b,105
nf855fa214261436d,nf855fa214261436d,105
n1a6339641adfc4ea,n1a6339641adfc4ea,105
necd69dcb9efd1694,necd69dcb9efd1694,105
nefa17333acc9c1ad,nefa17333acc9c1ad,105
n86e06e13bf9a60d8,n86e06e13bf9a60d8,105
n392145806e69eaf5,n392145806e69eaf5,105
nc18c343bfe19f04c,nc18c343bfe19f04c,105
n7452b29079815b61,n7452b29079815b61,105
ncd414121ade520af,ncd414121ade520af,105
n300b053e7e8d5ad9,n300b053e7e8d5ad9,105
n8d8fe59df77f1b22,n8d8fe59df77f1b22,105
n4df9bc662fc33a27,n4df9bc662fc33a27,105
n345dff6ca72cf7a4,n345dff6ca72cf7a4,105
n8e8d5cbab2fee119,n8e8d5cbab2fee119,105
n7439fccd4b95041c,n7439fccd4b95041c,105
n1eeb6c60851b7186,n1eeb6c60851b7186,105
n9dc314add97cb06f,n9dc314add97cb06f,105
n3016d61c3921847b,n3016d61c3921847b,105
ne4623129fe4c1e9b,ne4623129fe4c1e9b,105
nab271c10430dc71a,nab271c10430dc71a,105
n9e1db4ca0e435256,n9e1db4ca0e435256,106
nf79c8e4058ebc3f1,nf79c8e4058ebc3f1,106
nd3688d6e3d0d1446,nd3688d6e3d0d1446,106
n8258d98f49c9cf4d,n8258d98f49c9cf4d,106
nd928a22d951f0932,nd928a22d951f0932,106
ncd4eacd0a7e4f82f,ncd4eacd0a7e4f82f,106
ne91071365c2ff6dc,ne91071365c2ff6dc,106
n4a290815abd2fe0e,n4a290815abd2fe0e,106
nf3d026fa13dc5150,nf3d026fa13dc5150,106
n0516c3844c8f2812,n0516c3844c8f2812,106
n603e433e5b53d0e8,n603e433e5b53d0e8,106
nc1fd11544a0b2a2a,nc1fd11544a0b2a2a,106
nb66d1627f127724b,nb66d1627f127724b,106
n0181bfc2b6add7b6,n0181bfc2b6add7b6,106
n5a86790f4a885da9,n5a86790f4a885da9,106
ndd8bfdadd63b0467,ndd8bfdadd63b0467,106
n1c98b76fee0e749b,n1c98b76fee0e749b,106
n6d4a3d92af118907,n6d4a3d92af118907,106
n0b7de2880df9d7dd,n0b7de2880df9d7dd,106
n5dda7e25e4c90d26,n5dda7e25e4c90d26,106
n293c7415fc77b962,n293c7415fc77b962,106
n8ef15bed31242ff8,n8ef15bed31242ff8,106
nb030d77b55582757,nb030d77b55582757,106
nc3365c8fe1f4980a,nc3365c8fe1f4980a,106
n078fdf50aeea30ed,n078fdf50aeea30ed,106
na7736cddde7c8ba4,na7736cddde7c8ba4,106
n6882d3b4c4676414,n6882d3b4c4676414,106
nd7710789a1218f1f,nd7710789a1218f1f,106
ne034a5c9b7f9dc98,ne034a5c9b7f9dc98,106
nd9bc69558d85c9ef,nd9bc69558d85c9ef,106
nf3851c1fa4b2ab69,nf3851c1fa4b2ab69,106
n224f35936771563f,n224f35936771563f,106
ncdabb4301b303e2a,ncdabb4301b303e2a,106
na363625bc46647e3,na363625bc46647e3,106
n0113c2dc897ba35f,n0113c2dc897ba35f,106
nb8553534487780a8,nb8553534487780a8,106
n831afac713273e64,n831afac713273e64,107
n79bd470af5c8957b,n79bd470af5c8957b,107
nda1388a527b752ba,nda1388a527b752ba,107
n5c638dcdce87f9a9,n5c638dcdce87f9a9,107
n7f9d57f27aaa176d,n7f9d57f27aaa176d,107
n6ac1dc968d9db0d9,n6ac1dc968d9db0d9,107
n214a17912614b1e0,n214a17912614b1e0,107
n51cba5a81d15c3d6,n51cba5a81d15c3d6,107
n8dcba014991451f1,n8dcba014991451f1,107
n7dd56d3a5b04a53f,n7dd56d3a5b04a53f,107
n6f0246cf17907128,n6f0246cf17907128,107
nc3e113e9c94efde8,nc3e113e9c94efde8,107
n612bda828e0ce70e,n612bda828e0ce70e,107
na0c5c979a83635ca,na0c5c979a83635ca,107
n9d1af09266102f54,n9d1af09266102f54,107
nd39798af31c2d35e,nd39798af31c2d35e,107
n8d3628afd3e37220,n8d3628afd3e37220,107
n6b93e4468e9977e7,n6b93e4468e9977e7,107
n00c8c5b7a57ce4b3,n00c8c5b7a57ce4b3,107
n7d2c3cb0e4557474,n7d2c3cb0e4557474,107
n65435d990d581110,n65435d990d581110,107
n7365e3fe6e48a30b,n7365e3fe6e48a30b,107
n6770125758f0910b,n6770125758f0910b,107
n8891dff3cb068922,n8891dff3cb068922,107
n533faa62d09934de,n533faa62d09934de,107
neceb80e3a45b0fb2,neceb80e3a45b0fb2,107
nb6b16209f3fa04dc,nb6b16209f3fa04dc,107
n545250fe4ba95168,n545250fe4ba95168,107
ne98f439cfbec5ed5,ne98f439cfbec5ed5,107
n6b6262f534a074b5,n6b6262f534a074b5,107
n23d89a58b6994c6d,n23d89a58b6994c6d,107
n08b93ec5c92f082e,n08b93ec5c92f082e,107
nc295f2bfcb1a5d06,nc295f2bfcb1a5d06,107
n2f8cf2766bc2d605,n2f8cf2766bc2d605,107
nf06f4c2058b04ab3,nf06f4c2058b04ab3,107
n42f4b5493c11eca5,n42f4b5493c11eca5,108
nba4ca1efba9e87ca,nba4ca1efba9e87ca,108
n5b89dda8f7d0d171,n5b89dda8f7d0d171,108
neef9cdffb660a80a,neef9cdffb660a80a,108
nf458a339f4eb8c7e,nf458a339f4eb8c7e,108
n120b0aa1eb3dd6e6,n120b0aa1eb3dd6e6,108
n2756928f5a7ff523,n2756928f5a7ff523,108
n199b1647a5228595,n199b1647a5228595,108
nfb90185cc8f957c4,nfb90185cc8f957c4,108
na7b420e3a1e25174,na7b420e3a1e25174,108
nfd33eb7722028629,nfd33eb7722028629,108
neb2dcc5e8e302a67,neb2dcc5e8e302a67,108
n6a205c3a40e27540,n6a205c3a40e27540,108
n2a27b83cc7dfd8c9,n2a27b83cc7dfd8c9,108
n3bca3fa5a8ebb331,n3bca3fa5a8ebb331,108
n0e7408137c7d5c2a,n0e7408137c7d5c2a,108
nbcfe03c87ce6e331,nbcfe03c87ce6e331,108
n1a19884bbc92d20b,n1a19884bbc92d20b,108
nf0b2e23dcb677d06,nf0b2e23dcb677d06,108
n6e79db2d445588af,n6e79db2d445588af,108
na5bf04f5c22b19ff,na5bf04f5c22b19ff,108
nca28f6415e019a45,nca28f6415e019a45,108
n6aff0809a290eb39,n6aff0809a290eb39,108
ne21f877f4f4e25b1,ne21f877f4f4e25b1,108
ncabfe0605be4f1e4,ncabfe0605be4f1e4,108
n6496c19c37f84e41,n6496c19c37f84e41,109
n7415ee2e58af55a9,n7415ee2e58af55a9,109
n42aa69eaec5c71a5,n42aa69eaec5c71a5,109
n008c0adcc8ab859e,n008c0adcc8ab859e,109
nf3f9c7ffaf8008b2,nf3f9c7ffaf8008b2,109
n4c4486384c963af9,n4c4486384c963af9,109
n581b53804418aba6,n581b53804418aba6,109
n5934c5ed2a0f78aa,n5934c5ed2a0f78aa,109
n37a132e040b223d8,n37a132e040b223d8,109
nc2752664c446a110,nc2752664c446a110,109
n98d239eaae8933a3,n98d239eaae8933a3,109
nc9d1159e65d776f4,nc9d1159e65d776f4,109
nb63e22db6745cd66,nb63e22db6745cd66,109
ne50a49fcee71e419,ne50a49fcee71e419,109
nd062aab2755c6681,nd062aab2755c6681,109
nd985146327a95df2,nd985146327a95df2,109
n918217299099a422,n918217299099a422,109
n680edddc9c54b42a,n680edddc9c54b42a,109
n37225da7604661b6,n37225da7604661b6,109
n7095ab9a2109cd27,n7095ab9a2109cd27,109
n2a85337d2f97f99f,n2a85337d2f97f99f,109
n657e64042bcd6a7e,n657e64042bcd6a7e,109
n6934aa08bd7d7a59,n6934aa08bd7d7a59,109
na051eb8f524d48db,na051eb8f524d48db,109
n4561adfd993da991,n4561adfd993da991,109
n1fd6c13e4add4577,n1fd6c13e4add4577,109
n6c62f0b600e7994f,n6c62f0b600e7994f,110
n4a93c126fb50c2c3,n4a93c126fb50c2c3,110
nff504a272ac7dae3,nff504a272ac7dae3,110
nadb9f39ad7753e3d,nadb9f39ad7753e3d,110
n86b2262aaa2a51ed,n86b2262aaa2a51ed,110
n083d6087ebb7299a,n083d6087ebb7299a,110
na3c9c1509a355a80,na3c9c1509a355a80,110
n20b37b88cc77d44e,n20b37b88cc77d44e,110
na7445e1009e7d2da,na7445e1009e7d2da,110
na22ff5bb8cf88860,na22ff5bb8cf88860,110
n61780756ca6da15c,n61780756ca6da15c,110
n32458bd3c6b481f6,n32458bd3c6b481f6,110
n96f041f98b6324d7,n96f041f98b6324d7,110
n4979e1a76fc2e466,n4979e1a76fc2e466,110
n048234dc55616f90,n048234dc55616f90,110
ne03acce9f30cd670,ne03acce9f30cd670,110
n67cf29a4de0cdd6e,n67cf29a4de0cdd6e,110
n1604c672b1138ca9,n1604c672b1138ca9,110
nc788340aeb9b181a,nc788340aeb9b181a,110
n15fc7ad10b20102d,n15fc7ad10b20102d,110
n9faf88c7066ff3fa,n9faf88c7066ff3fa,110
n9de833a0e9a916c9,n9de833a0e9a916c9,110
n3725d58dc275ca91,n3725d58dc275ca91,110
nf12412cc48f79074,nf12412cc48f79074,110
n10c0517b2d9aeedd,n10c0517b2d9aeedd,110
n91bc4cc24c3ddf35,n91bc4cc24c3ddf35,110
