element_id,original_id,tag,carrier,host_or_staff
n5064fe3bc6b53a62--tie--1,,tie,derive,n5064fe3bc6b53a62
n5064fe3bc6b53a62--tied--start--1,n5064fe3bc6b53a62--tied--start--1,tied,stamp,n5064fe3bc6b53a62
n5064fe3bc6b53a62--slur--start--1,n5064fe3bc6b53a62--slur--start--1,slur,stamp,n5064fe3bc6b53a62
n5064fe3bc6b53a62--slur--start--2,n5064fe3bc6b53a62--slur--start--2,slur,stamp,n5064fe3bc6b53a62
nae6fec32be5a0499--tie--1,,tie,derive,nae6fec32be5a0499
nae6fec32be5a0499--tied--stop--1,nae6fec32be5a0499--tied--stop--1,tied,stamp,nae6fec32be5a0499
n7c3a6023f31876e8--tie--1,,tie,derive,n7c3a6023f31876e8
n7c3a6023f31876e8--tied--start--1,n7c3a6023f31876e8--tied--start--1,tied,stamp,n7c3a6023f31876e8
n7c3a6023f31876e8--slur--start--1,n7c3a6023f31876e8--slur--start--1,slur,stamp,n7c3a6023f31876e8
n0492a10c66216e08--tie--1,,tie,derive,n0492a10c66216e08
n0492a10c66216e08--tied--stop--1,n0492a10c66216e08--tied--stop--1,tied,stamp,n0492a10c66216e08
ef96ffaf3d267f054,ef96ffaf3d267f054,words,md,1
n3307e3b4fb652962--slur--stop--1,n3307e3b4fb652962--slur--stop--1,slur,stamp,n3307e3b4fb652962
n01e6b1552bcbd366--slur--start--1,n01e6b1552bcbd366--slur--start--1,slur,stamp,n01e6b1552bcbd366
nb5e20d607ebd9d72--slur--stop--1,nb5e20d607ebd9d72--slur--stop--1,slur,stamp,nb5e20d607ebd9d72
n750b7a5588ab3db6--slur--start--1,n750b7a5588ab3db6--slur--start--1,slur,stamp,n750b7a5588ab3db6
e140f168989083d7c,e140f168989083d7c,wedge,md,1
nbbc47cfc29be7d07--slur--stop--1,nbbc47cfc29be7d07--slur--stop--1,slur,stamp,nbbc47cfc29be7d07
ncddc0f3f3531757a--slur--start--1,ncddc0f3f3531757a--slur--start--1,slur,stamp,ncddc0f3f3531757a
nccbaba9842a11d08--slur--stop--1,nccbaba9842a11d08--slur--stop--1,slur,stamp,nccbaba9842a11d08
nccbaba9842a11d08--slur--stop--2,nccbaba9842a11d08--slur--stop--2,slur,stamp,nccbaba9842a11d08
nac19e3f21069bed2--slur--stop--1,nac19e3f21069bed2--slur--stop--1,slur,stamp,nac19e3f21069bed2
e36ae2b8d8798f048,e36ae2b8d8798f048,wedge,md,1
nee4435fd0e66d507--slur--start--1,nee4435fd0e66d507--slur--start--1,slur,stamp,nee4435fd0e66d507
nee4435fd0e66d507--slur--start--2,nee4435fd0e66d507--slur--start--2,slur,stamp,nee4435fd0e66d507
n0e2e86cb7c0f02c7--slur--stop--1,n0e2e86cb7c0f02c7--slur--stop--1,slur,stamp,n0e2e86cb7c0f02c7
ne622a04ff91547b0--slur--start--1,ne622a04ff91547b0--slur--start--1,slur,stamp,ne622a04ff91547b0
nf4249c778da1475b--tuplet--start--1,nf4249c778da1475b--tuplet--start--1,tuplet,stamp,nf4249c778da1475b
n089f49de3e096d1e--tuplet--stop--1,n089f49de3e096d1e--tuplet--stop--1,tuplet,stamp,n089f49de3e096d1e
n089f49de3e096d1e--slur--stop--1,n089f49de3e096d1e--slur--stop--1,slur,stamp,n089f49de3e096d1e
n50d987ad69286808--slur--start--1,n50d987ad69286808--slur--start--1,slur,stamp,n50d987ad69286808
n7951028019d2be00--tuplet--start--1,n7951028019d2be00--tuplet--start--1,tuplet,stamp,n7951028019d2be00
nc50e81270c06cef1--tuplet--stop--1,nc50e81270c06cef1--tuplet--stop--1,tuplet,stamp,nc50e81270c06cef1
e35859287c04c9051,e35859287c04c9051,dynamics,md,1
n0a860a6189654d9a--tuplet--start--1,n0a860a6189654d9a--tuplet--start--1,tuplet,stamp,n0a860a6189654d9a
nb4948127f442ed70--tuplet--stop--1,nb4948127f442ed70--tuplet--stop--1,tuplet,stamp,nb4948127f442ed70
n9029cb70ba2abf03--slur--stop--1,n9029cb70ba2abf03--slur--stop--1,slur,stamp,n9029cb70ba2abf03
naa668d9e2732538d--tuplet--start--1,naa668d9e2732538d--tuplet--start--1,tuplet,stamp,naa668d9e2732538d
n93c7f905953afcbd--tuplet--stop--1,n93c7f905953afcbd--tuplet--stop--1,tuplet,stamp,n93c7f905953afcbd
nc02f9efbe2510d1c--slur--stop--1,nc02f9efbe2510d1c--slur--stop--1,slur,stamp,nc02f9efbe2510d1c
ed38125219f43c91c,ed38125219f43c91c,dynamics,md,1
n1f57468e93ac2ba8--tie--1,,tie,derive,n1f57468e93ac2ba8
n1f57468e93ac2ba8--tied--start--1,n1f57468e93ac2ba8--tied--start--1,tied,stamp,n1f57468e93ac2ba8
nfbd3c0dc44f59c86--arpeggiate--1,nfbd3c0dc44f59c86--arpeggiate--1,arpeggiate,stamp,nfbd3c0dc44f59c86
n370cc68e114df5cd--arpeggiate--1,n370cc68e114df5cd--arpeggiate--1,arpeggiate,stamp,n370cc68e114df5cd
n1f128bc4f6ae9afa--arpeggiate--1,n1f128bc4f6ae9afa--arpeggiate--1,arpeggiate,stamp,n1f128bc4f6ae9afa
e9d70384e2f23c304,e9d70384e2f23c304,pedal,md,2
ncff0edc6c3311619--tie--1,,tie,derive,ncff0edc6c3311619
ncff0edc6c3311619--tied--stop--1,ncff0edc6c3311619--tied--stop--1,tied,stamp,ncff0edc6c3311619
n957cd2c53294baea--slur--start--1,n957cd2c53294baea--slur--start--1,slur,stamp,n957cd2c53294baea
n0b96edea44d01657--tie--1,,tie,derive,n0b96edea44d01657
n0b96edea44d01657--tied--start--1,n0b96edea44d01657--tied--start--1,tied,stamp,n0b96edea44d01657
n7a9c63e8b2c248de--tie--1,,tie,derive,n7a9c63e8b2c248de
n7a9c63e8b2c248de--tied--stop--1,n7a9c63e8b2c248de--tied--stop--1,tied,stamp,n7a9c63e8b2c248de
nf220100436d43ca6--staccato--1,,staccato,derive,nf220100436d43ca6
e482d93995c439179,,other-direction,md,1
eb895dad53bd05131,eb895dad53bd05131,words,md,1
eaf15159d5e1234b4,eaf15159d5e1234b4,pedal,md,2
e0a82b869437328eb,e0a82b869437328eb,pedal,md,2
efb9b9d1c92eb9e56,efb9b9d1c92eb9e56,pedal,md,2
nda64a5546e740c65--slur--stop--1,nda64a5546e740c65--slur--stop--1,slur,stamp,nda64a5546e740c65
n4bd6c01927112450--slur--start--1,n4bd6c01927112450--slur--start--1,slur,stamp,n4bd6c01927112450
n15b3494643ccd422--slur--start--1,n15b3494643ccd422--slur--start--1,slur,stamp,n15b3494643ccd422
n15b3494643ccd422--staccato--1,,staccato,derive,n15b3494643ccd422
n8e4efc05387550b1--slur--stop--1,n8e4efc05387550b1--slur--stop--1,slur,stamp,n8e4efc05387550b1
n8e4efc05387550b1--staccato--1,,staccato,derive,n8e4efc05387550b1
nb325130bc65d56f7--slur--start--1,nb325130bc65d56f7--slur--start--1,slur,stamp,nb325130bc65d56f7
nb325130bc65d56f7--staccato--1,,staccato,derive,nb325130bc65d56f7
nf42792be484740db--slur--stop--1,nf42792be484740db--slur--stop--1,slur,stamp,nf42792be484740db
nf42792be484740db--staccato--1,,staccato,derive,nf42792be484740db
nfe8b2d13123f6161--slur--start--1,nfe8b2d13123f6161--slur--start--1,slur,stamp,nfe8b2d13123f6161
nfe8b2d13123f6161--staccato--1,,staccato,derive,nfe8b2d13123f6161
n694500252cd157b6--slur--stop--1,n694500252cd157b6--slur--stop--1,slur,stamp,n694500252cd157b6
n694500252cd157b6--staccato--1,,staccato,derive,n694500252cd157b6
n5f91116f3fce0aed--slur--start--1,n5f91116f3fce0aed--slur--start--1,slur,stamp,n5f91116f3fce0aed
n5f91116f3fce0aed--staccato--1,,staccato,derive,n5f91116f3fce0aed
nec4940475b77671d--slur--stop--1,nec4940475b77671d--slur--stop--1,slur,stamp,nec4940475b77671d
nec4940475b77671d--staccato--1,,staccato,derive,nec4940475b77671d
n3f8e17270685021a--slur--stop--1,n3f8e17270685021a--slur--stop--1,slur,stamp,n3f8e17270685021a
n23d1f0c4413effed--slur--start--1,n23d1f0c4413effed--slur--start--1,slur,stamp,n23d1f0c4413effed
n23d1f0c4413effed--staccato--1,,staccato,derive,n23d1f0c4413effed
n3fa6bb9af198e6ea--slur--stop--1,n3fa6bb9af198e6ea--slur--stop--1,slur,stamp,n3fa6bb9af198e6ea
n3fa6bb9af198e6ea--staccato--1,,staccato,derive,n3fa6bb9af198e6ea
n0c8ae60b5307cd54--tie--1,,tie,derive,n0c8ae60b5307cd54
n0c8ae60b5307cd54--tied--start--1,n0c8ae60b5307cd54--tied--start--1,tied,stamp,n0c8ae60b5307cd54
n0c8ae60b5307cd54--slur--start--1,n0c8ae60b5307cd54--slur--start--1,slur,stamp,n0c8ae60b5307cd54
n0c8ae60b5307cd54--accent--1,,accent,derive,n0c8ae60b5307cd54
n29db5a7ac2fd4ab3--tie--1,,tie,derive,n29db5a7ac2fd4ab3
n29db5a7ac2fd4ab3--tied--stop--1,n29db5a7ac2fd4ab3--tied--stop--1,tied,stamp,n29db5a7ac2fd4ab3
n44d6accc93815c6b--slur--start--1,n44d6accc93815c6b--slur--start--1,slur,stamp,n44d6accc93815c6b
n44d6accc93815c6b--staccato--1,,staccato,derive,n44d6accc93815c6b
nace552db140fc9ab--slur--stop--1,nace552db140fc9ab--slur--stop--1,slur,stamp,nace552db140fc9ab
nace552db140fc9ab--staccato--1,,staccato,derive,nace552db140fc9ab
n3260f97840ad9ab8--slur--start--1,n3260f97840ad9ab8--slur--start--1,slur,stamp,n3260f97840ad9ab8
n3260f97840ad9ab8--staccato--1,,staccato,derive,n3260f97840ad9ab8
ne1f738b3ef046396--slur--stop--1,ne1f738b3ef046396--slur--stop--1,slur,stamp,ne1f738b3ef046396
ne1f738b3ef046396--staccato--1,,staccato,derive,ne1f738b3ef046396
nd64f1c51c810513d--slur--stop--1,nd64f1c51c810513d--slur--stop--1,slur,stamp,nd64f1c51c810513d
n60c0317219981524--slur--start--1,n60c0317219981524--slur--start--1,slur,stamp,n60c0317219981524
n9e9f0d6437f86eab--slur--start--1,n9e9f0d6437f86eab--slur--start--1,slur,stamp,n9e9f0d6437f86eab
n9e9f0d6437f86eab--staccato--1,,staccato,derive,n9e9f0d6437f86eab
ncd0e0648a164853c--slur--stop--1,ncd0e0648a164853c--slur--stop--1,slur,stamp,ncd0e0648a164853c
ncd0e0648a164853c--staccato--1,,staccato,derive,ncd0e0648a164853c
nc24c54e092d214c6--slur--start--1,nc24c54e092d214c6--slur--start--1,slur,stamp,nc24c54e092d214c6
nc24c54e092d214c6--staccato--1,,staccato,derive,nc24c54e092d214c6
n49bdbdd2a99b6e04--slur--stop--1,n49bdbdd2a99b6e04--slur--stop--1,slur,stamp,n49bdbdd2a99b6e04
n49bdbdd2a99b6e04--staccato--1,,staccato,derive,n49bdbdd2a99b6e04
nf527b6195c992fab--slur--start--1,nf527b6195c992fab--slur--start--1,slur,stamp,nf527b6195c992fab
nf527b6195c992fab--staccato--1,,staccato,derive,nf527b6195c992fab
na801950017bb90ec--slur--stop--1,na801950017bb90ec--slur--stop--1,slur,stamp,na801950017bb90ec
na801950017bb90ec--staccato--1,,staccato,derive,na801950017bb90ec
n1bd940b9bf7507a3--slur--start--1,n1bd940b9bf7507a3--slur--start--1,slur,stamp,n1bd940b9bf7507a3
n1bd940b9bf7507a3--staccato--1,,staccato,derive,n1bd940b9bf7507a3
n26b9ebe409488dee--slur--stop--1,n26b9ebe409488dee--slur--stop--1,slur,stamp,n26b9ebe409488dee
n26b9ebe409488dee--staccato--1,,staccato,derive,n26b9ebe409488dee
n2f39d1ede899f126--slur--stop--1,n2f39d1ede899f126--slur--stop--1,slur,stamp,n2f39d1ede899f126
nd50847dfb7fdd4a9--slur--start--1,nd50847dfb7fdd4a9--slur--start--1,slur,stamp,nd50847dfb7fdd4a9
nd039f22059543dd9--slur--start--1,nd039f22059543dd9--slur--start--1,slur,stamp,nd039f22059543dd9
nd039f22059543dd9--staccato--1,,staccato,derive,nd039f22059543dd9
n2284d8aca2052275--slur--stop--1,n2284d8aca2052275--slur--stop--1,slur,stamp,n2284d8aca2052275
n2284d8aca2052275--staccato--1,,staccato,derive,n2284d8aca2052275
ncd4fc7675aa76d8c--tie--1,,tie,derive,ncd4fc7675aa76d8c
ncd4fc7675aa76d8c--tied--start--1,ncd4fc7675aa76d8c--tied--start--1,tied,stamp,ncd4fc7675aa76d8c
ncd4fc7675aa76d8c--accent--1,,accent,derive,ncd4fc7675aa76d8c
nb0eeb5938a54e6e6--tie--1,,tie,derive,nb0eeb5938a54e6e6
nb0eeb5938a54e6e6--tied--stop--1,nb0eeb5938a54e6e6--tied--stop--1,tied,stamp,nb0eeb5938a54e6e6
n9ecba23a61151d28--slur--start--1,n9ecba23a61151d28--slur--start--1,slur,stamp,n9ecba23a61151d28
n9ecba23a61151d28--staccato--1,,staccato,derive,n9ecba23a61151d28
nae64d9518949ed1b--slur--stop--1,nae64d9518949ed1b--slur--stop--1,slur,stamp,nae64d9518949ed1b
nae64d9518949ed1b--staccato--1,,staccato,derive,nae64d9518949ed1b
n118d2eabd8435533--slur--start--1,n118d2eabd8435533--slur--start--1,slur,stamp,n118d2eabd8435533
n118d2eabd8435533--staccato--1,,staccato,derive,n118d2eabd8435533
n09e0c26d48d0e313--slur--stop--1,n09e0c26d48d0e313--slur--stop--1,slur,stamp,n09e0c26d48d0e313
n09e0c26d48d0e313--staccato--1,,staccato,derive,n09e0c26d48d0e313
n125b199aa8a5ac2e--slur--stop--1,n125b199aa8a5ac2e--slur--stop--1,slur,stamp,n125b199aa8a5ac2e
n09f096b592320ad4--slur--start--1,n09f096b592320ad4--slur--start--1,slur,stamp,n09f096b592320ad4
nc080772ab16397d4--slur--start--1,nc080772ab16397d4--slur--start--1,slur,stamp,nc080772ab16397d4
nc080772ab16397d4--staccato--1,,staccato,derive,nc080772ab16397d4
na63dcc013508962f--slur--stop--1,na63dcc013508962f--slur--stop--1,slur,stamp,na63dcc013508962f
na63dcc013508962f--staccato--1,,staccato,derive,na63dcc013508962f
n19e1b6d8174f91b9--slur--start--1,n19e1b6d8174f91b9--slur--start--1,slur,stamp,n19e1b6d8174f91b9
n19e1b6d8174f91b9--staccato--1,,staccato,derive,n19e1b6d8174f91b9
nca37463a64c7330e--slur--stop--1,nca37463a64c7330e--slur--stop--1,slur,stamp,nca37463a64c7330e
nca37463a64c7330e--staccato--1,,staccato,derive,nca37463a64c7330e
n00e1a5ffe70ce189--slur--start--1,n00e1a5ffe70ce189--slur--start--1,slur,stamp,n00e1a5ffe70ce189
n00e1a5ffe70ce189--staccato--1,,staccato,derive,n00e1a5ffe70ce189
n6d7d7297a47f5abd--slur--stop--1,n6d7d7297a47f5abd--slur--stop--1,slur,stamp,n6d7d7297a47f5abd
n6d7d7297a47f5abd--staccato--1,,staccato,derive,n6d7d7297a47f5abd
ncff715befc9346b5--slur--start--1,ncff715befc9346b5--slur--start--1,slur,stamp,ncff715befc9346b5
ncff715befc9346b5--staccato--1,,staccato,derive,ncff715befc9346b5
n421e9c8f4dc6a9a3--slur--stop--1,n421e9c8f4dc6a9a3--slur--stop--1,slur,stamp,n421e9c8f4dc6a9a3
n421e9c8f4dc6a9a3--staccato--1,,staccato,derive,n421e9c8f4dc6a9a3
n75ed1dccef1540f0--slur--stop--1,n75ed1dccef1540f0--slur--stop--1,slur,stamp,n75ed1dccef1540f0
nca36e9589238970f--slur--start--1,nca36e9589238970f--slur--start--1,slur,stamp,nca36e9589238970f
nca36e9589238970f--accent--1,,accent,derive,nca36e9589238970f
nd1e853aa9d3776df--slur--start--1,nd1e853aa9d3776df--slur--start--1,slur,stamp,nd1e853aa9d3776df
nd1e853aa9d3776df--staccato--1,,staccato,derive,nd1e853aa9d3776df
nd7949826ef579977--slur--stop--1,nd7949826ef579977--slur--stop--1,slur,stamp,nd7949826ef579977
nd7949826ef579977--staccato--1,,staccato,derive,nd7949826ef579977
n2fbb5dd9616ece05--slur--start--1,n2fbb5dd9616ece05--slur--start--1,slur,stamp,n2fbb5dd9616ece05
n2fbb5dd9616ece05--staccato--1,,staccato,derive,n2fbb5dd9616ece05
nc91cf4e823f9e105--slur--stop--1,nc91cf4e823f9e105--slur--stop--1,slur,stamp,nc91cf4e823f9e105
nc91cf4e823f9e105--staccato--1,,staccato,derive,nc91cf4e823f9e105
nd30d3ea98f0c269a--slur--start--1,nd30d3ea98f0c269a--slur--start--1,slur,stamp,nd30d3ea98f0c269a
nd30d3ea98f0c269a--staccato--1,,staccato,derive,nd30d3ea98f0c269a
n3cd20a9ebad3fdf7--slur--stop--1,n3cd20a9ebad3fdf7--slur--stop--1,slur,stamp,n3cd20a9ebad3fdf7
n3cd20a9ebad3fdf7--staccato--1,,staccato,derive,n3cd20a9ebad3fdf7
n99e274eca230b0f4--slur--stop--1,n99e274eca230b0f4--slur--stop--1,slur,stamp,n99e274eca230b0f4
n99e274eca230b0f4--slur--start--2,n99e274eca230b0f4--slur--start--2,slur,stamp,n99e274eca230b0f4
n0658470b7415aae7--slur--start--1,n0658470b7415aae7--slur--start--1,slur,stamp,n0658470b7415aae7
n0658470b7415aae7--staccato--1,,staccato,derive,n0658470b7415aae7
n48ce231c6221985e--slur--stop--1,n48ce231c6221985e--slur--stop--1,slur,stamp,n48ce231c6221985e
n48ce231c6221985e--staccato--1,,staccato,derive,n48ce231c6221985e
naf689d504e90b7c4--slur--start--1,naf689d504e90b7c4--slur--start--1,slur,stamp,naf689d504e90b7c4
naf689d504e90b7c4--staccato--1,,staccato,derive,naf689d504e90b7c4
nc80bb8c562c159c8--slur--stop--1,nc80bb8c562c159c8--slur--stop--1,slur,stamp,nc80bb8c562c159c8
nc80bb8c562c159c8--staccato--1,,staccato,derive,nc80bb8c562c159c8
nb58c34836ef48c0e--slur--start--1,nb58c34836ef48c0e--slur--start--1,slur,stamp,nb58c34836ef48c0e
nb58c34836ef48c0e--staccato--1,,staccato,derive,nb58c34836ef48c0e
n8f266fccb3b9afad--slur--stop--1,n8f266fccb3b9afad--slur--stop--1,slur,stamp,n8f266fccb3b9afad
n8f266fccb3b9afad--staccato--1,,staccato,derive,n8f266fccb3b9afad
nf946c21090697aba--slur--start--1,nf946c21090697aba--slur--start--1,slur,stamp,nf946c21090697aba
nf946c21090697aba--staccato--1,,staccato,derive,nf946c21090697aba
n5860197f5669ec69--slur--stop--1,n5860197f5669ec69--slur--stop--1,slur,stamp,n5860197f5669ec69
n5860197f5669ec69--staccato--1,,staccato,derive,n5860197f5669ec69
n940bcfb5ccca50d6--slur--stop--1,n940bcfb5ccca50d6--slur--stop--1,slur,stamp,n940bcfb5ccca50d6
na1d6c1c225fec810--slur--start--1,na1d6c1c225fec810--slur--start--1,slur,stamp,na1d6c1c225fec810
n7efa939181145541--slur--start--1,n7efa939181145541--slur--start--1,slur,stamp,n7efa939181145541
n7efa939181145541--staccato--1,,staccato,derive,n7efa939181145541
nb1a61dbc6f6f3ade--slur--stop--1,nb1a61dbc6f6f3ade--slur--stop--1,slur,stamp,nb1a61dbc6f6f3ade
nb1a61dbc6f6f3ade--staccato--1,,staccato,derive,nb1a61dbc6f6f3ade
n02ec618913b46774--tie--1,,tie,derive,n02ec618913b46774
n02ec618913b46774--tied--start--1,n02ec618913b46774--tied--start--1,tied,stamp,n02ec618913b46774
n02ec618913b46774--accent--1,,accent,derive,n02ec618913b46774
n365f55f71796ba50--tie--1,,tie,derive,n365f55f71796ba50
n365f55f71796ba50--tied--stop--1,n365f55f71796ba50--tied--stop--1,tied,stamp,n365f55f71796ba50
nff0bc060cf2b63b1--slur--start--1,nff0bc060cf2b63b1--slur--start--1,slur,stamp,nff0bc060cf2b63b1
nff0bc060cf2b63b1--staccato--1,,staccato,derive,nff0bc060cf2b63b1
nfd8ff4a851bd9f9c--slur--stop--1,nfd8ff4a851bd9f9c--slur--stop--1,slur,stamp,nfd8ff4a851bd9f9c
nfd8ff4a851bd9f9c--staccato--1,,staccato,derive,nfd8ff4a851bd9f9c
ne7d16b4a53183aa1--slur--start--1,ne7d16b4a53183aa1--slur--start--1,slur,stamp,ne7d16b4a53183aa1
ne7d16b4a53183aa1--staccato--1,,staccato,derive,ne7d16b4a53183aa1
n53f7da631c0fe9b7--slur--stop--1,n53f7da631c0fe9b7--slur--stop--1,slur,stamp,n53f7da631c0fe9b7
n53f7da631c0fe9b7--staccato--1,,staccato,derive,n53f7da631c0fe9b7
n81699ed63f6f13c4--slur--stop--1,n81699ed63f6f13c4--slur--stop--1,slur,stamp,n81699ed63f6f13c4
n55fe9fcd8eeb45ea--slur--start--1,n55fe9fcd8eeb45ea--slur--start--1,slur,stamp,n55fe9fcd8eeb45ea
n567e9f4120a542d5--slur--start--1,n567e9f4120a542d5--slur--start--1,slur,stamp,n567e9f4120a542d5
n567e9f4120a542d5--staccato--1,,staccato,derive,n567e9f4120a542d5
n10cf3affc9df2ba1--slur--stop--1,n10cf3affc9df2ba1--slur--stop--1,slur,stamp,n10cf3affc9df2ba1
n10cf3affc9df2ba1--staccato--1,,staccato,derive,n10cf3affc9df2ba1
nf7314eaf674ddd44--slur--start--1,nf7314eaf674ddd44--slur--start--1,slur,stamp,nf7314eaf674ddd44
nf7314eaf674ddd44--staccato--1,,staccato,derive,nf7314eaf674ddd44
n48b45b0e477c0aaa--slur--stop--1,n48b45b0e477c0aaa--slur--stop--1,slur,stamp,n48b45b0e477c0aaa
n48b45b0e477c0aaa--staccato--1,,staccato,derive,n48b45b0e477c0aaa
n17e034f5261f3796--slur--start--1,n17e034f5261f3796--slur--start--1,slur,stamp,n17e034f5261f3796
n17e034f5261f3796--staccato--1,,staccato,derive,n17e034f5261f3796
nacf0083af83aa7c6--slur--stop--1,nacf0083af83aa7c6--slur--stop--1,slur,stamp,nacf0083af83aa7c6
nacf0083af83aa7c6--staccato--1,,staccato,derive,nacf0083af83aa7c6
nb79b8723b368d619--slur--start--1,nb79b8723b368d619--slur--start--1,slur,stamp,nb79b8723b368d619
nb79b8723b368d619--staccato--1,,staccato,derive,nb79b8723b368d619
n85050fd78417fa18--slur--stop--1,n85050fd78417fa18--slur--stop--1,slur,stamp,n85050fd78417fa18
n85050fd78417fa18--staccato--1,,staccato,derive,n85050fd78417fa18
nedc88ae4bbb6c7a4--slur--stop--1,nedc88ae4bbb6c7a4--slur--stop--1,slur,stamp,nedc88ae4bbb6c7a4
nb16cd5384a2efeba--slur--start--1,nb16cd5384a2efeba--slur--start--1,slur,stamp,nb16cd5384a2efeba
n7798cb155ed51ca7--slur--start--1,n7798cb155ed51ca7--slur--start--1,slur,stamp,n7798cb155ed51ca7
n7798cb155ed51ca7--staccato--1,,staccato,derive,n7798cb155ed51ca7
n63ecbb0871e7c9d5--slur--stop--1,n63ecbb0871e7c9d5--slur--stop--1,slur,stamp,n63ecbb0871e7c9d5
n63ecbb0871e7c9d5--staccato--1,,staccato,derive,n63ecbb0871e7c9d5
n6adbecbd483dd80e--tie--1,,tie,derive,n6adbecbd483dd80e
n6adbecbd483dd80e--tied--start--1,n6adbecbd483dd80e--tied--start--1,tied,stamp,n6adbecbd483dd80e
n6adbecbd483dd80e--accent--1,,accent,derive,n6adbecbd483dd80e
n1aac370f6ac8019d--tie--1,,tie,derive,n1aac370f6ac8019d
n1aac370f6ac8019d--tied--stop--1,n1aac370f6ac8019d--tied--stop--1,tied,stamp,n1aac370f6ac8019d
nc6fe240848b63fcc--slur--start--1,nc6fe240848b63fcc--slur--start--1,slur,stamp,nc6fe240848b63fcc
nc6fe240848b63fcc--staccato--1,,staccato,derive,nc6fe240848b63fcc
n0fea12ec3d625a19--slur--stop--1,n0fea12ec3d625a19--slur--stop--1,slur,stamp,n0fea12ec3d625a19
n0fea12ec3d625a19--staccato--1,,staccato,derive,n0fea12ec3d625a19
n4a8ccfcfc306f3cc--slur--start--1,n4a8ccfcfc306f3cc--slur--start--1,slur,stamp,n4a8ccfcfc306f3cc
n4a8ccfcfc306f3cc--staccato--1,,staccato,derive,n4a8ccfcfc306f3cc
n0092b55d1a63920d--slur--stop--1,n0092b55d1a63920d--slur--stop--1,slur,stamp,n0092b55d1a63920d
n0092b55d1a63920d--staccato--1,,staccato,derive,n0092b55d1a63920d
ne2cc40623dc2737d--slur--stop--1,ne2cc40623dc2737d--slur--stop--1,slur,stamp,ne2cc40623dc2737d
nd714c43d1415979f--slur--start--1,nd714c43d1415979f--slur--start--1,slur,stamp,nd714c43d1415979f
n38d7e6b2bf7ce7ee--slur--start--1,n38d7e6b2bf7ce7ee--slur--start--1,slur,stamp,n38d7e6b2bf7ce7ee
n38d7e6b2bf7ce7ee--staccato--1,,staccato,derive,n38d7e6b2bf7ce7ee
n79999ade43717d52--slur--stop--1,n79999ade43717d52--slur--stop--1,slur,stamp,n79999ade43717d52
n79999ade43717d52--staccato--1,,staccato,derive,n79999ade43717d52
n242064d3681020eb--slur--start--1,n242064d3681020eb--slur--start--1,slur,stamp,n242064d3681020eb
n242064d3681020eb--staccato--1,,staccato,derive,n242064d3681020eb
n7cade25bc989a53c--slur--stop--1,n7cade25bc989a53c--slur--stop--1,slur,stamp,n7cade25bc989a53c
n7cade25bc989a53c--staccato--1,,staccato,derive,n7cade25bc989a53c
nbc312006071ee94f--slur--start--1,nbc312006071ee94f--slur--start--1,slur,stamp,nbc312006071ee94f
nbc312006071ee94f--staccato--1,,staccato,derive,nbc312006071ee94f
n88c9172a0b486049--slur--stop--1,n88c9172a0b486049--slur--stop--1,slur,stamp,n88c9172a0b486049
n88c9172a0b486049--staccato--1,,staccato,derive,n88c9172a0b486049
nd9a65190d232ef06--slur--start--1,nd9a65190d232ef06--slur--start--1,slur,stamp,nd9a65190d232ef06
nd9a65190d232ef06--staccato--1,,staccato,derive,nd9a65190d232ef06
n9c6aba014fa1e76e--slur--stop--1,n9c6aba014fa1e76e--slur--stop--1,slur,stamp,n9c6aba014fa1e76e
n9c6aba014fa1e76e--staccato--1,,staccato,derive,n9c6aba014fa1e76e
na3d303565ab9029a--slur--stop--1,na3d303565ab9029a--slur--stop--1,slur,stamp,na3d303565ab9029a
n62ceb6252f7a0e38--slur--start--1,n62ceb6252f7a0e38--slur--start--1,slur,stamp,n62ceb6252f7a0e38
n8d0ccda60b32a50c--slur--start--1,n8d0ccda60b32a50c--slur--start--1,slur,stamp,n8d0ccda60b32a50c
n8d0ccda60b32a50c--staccato--1,,staccato,derive,n8d0ccda60b32a50c
n328cb878bc80afe9--slur--stop--1,n328cb878bc80afe9--slur--stop--1,slur,stamp,n328cb878bc80afe9
n328cb878bc80afe9--staccato--1,,staccato,derive,n328cb878bc80afe9
nbf374b0bbaaf37f7--tie--1,,tie,derive,nbf374b0bbaaf37f7
nbf374b0bbaaf37f7--tied--start--1,nbf374b0bbaaf37f7--tied--start--1,tied,stamp,nbf374b0bbaaf37f7
nbf374b0bbaaf37f7--accent--1,,accent,derive,nbf374b0bbaaf37f7
nbb6b4835c25762c6--tie--1,,tie,derive,nbb6b4835c25762c6
nbb6b4835c25762c6--tied--stop--1,nbb6b4835c25762c6--tied--stop--1,tied,stamp,nbb6b4835c25762c6
nda5771d825f6d10d--slur--start--1,nda5771d825f6d10d--slur--start--1,slur,stamp,nda5771d825f6d10d
nda5771d825f6d10d--staccato--1,,staccato,derive,nda5771d825f6d10d
n895fa6c992304150--slur--stop--1,n895fa6c992304150--slur--stop--1,slur,stamp,n895fa6c992304150
n895fa6c992304150--staccato--1,,staccato,derive,n895fa6c992304150
n235ef1bd8c4b9cbb--slur--start--1,n235ef1bd8c4b9cbb--slur--start--1,slur,stamp,n235ef1bd8c4b9cbb
n235ef1bd8c4b9cbb--staccato--1,,staccato,derive,n235ef1bd8c4b9cbb
nb63d0ccd4f6a5492--slur--stop--1,nb63d0ccd4f6a5492--slur--stop--1,slur,stamp,nb63d0ccd4f6a5492
nb63d0ccd4f6a5492--staccato--1,,staccato,derive,nb63d0ccd4f6a5492
ndb243661e20b5276--slur--start--1,ndb243661e20b5276--slur--start--1,slur,stamp,ndb243661e20b5276
ndb243661e20b5276--staccato--1,,staccato,derive,ndb243661e20b5276
nc11d6130700f1538--slur--stop--1,nc11d6130700f1538--slur--stop--1,slur,stamp,nc11d6130700f1538
nc11d6130700f1538--staccato--1,,staccato,derive,nc11d6130700f1538
n2818b51e73e6fd76--slur--start--1,n2818b51e73e6fd76--slur--start--1,slur,stamp,n2818b51e73e6fd76
n2818b51e73e6fd76--staccato--1,,staccato,derive,n2818b51e73e6fd76
n7b08343f174f2831--slur--stop--1,n7b08343f174f2831--slur--stop--1,slur,stamp,n7b08343f174f2831
n7b08343f174f2831--staccato--1,,staccato,derive,n7b08343f174f2831
nfb7d1097c7f9ebc9--slur--start--1,nfb7d1097c7f9ebc9--slur--start--1,slur,stamp,nfb7d1097c7f9ebc9
nfb7d1097c7f9ebc9--staccato--1,,staccato,derive,nfb7d1097c7f9ebc9
nf6efc0318ba2d2fc--slur--stop--1,nf6efc0318ba2d2fc--slur--stop--1,slur,stamp,nf6efc0318ba2d2fc
nf6efc0318ba2d2fc--staccato--1,,staccato,derive,nf6efc0318ba2d2fc
nca24fe1802fd9d97--slur--start--1,nca24fe1802fd9d97--slur--start--1,slur,stamp,nca24fe1802fd9d97
nca24fe1802fd9d97--staccato--1,,staccato,derive,nca24fe1802fd9d97
n3e371e3e83dcbcb8--slur--stop--1,n3e371e3e83dcbcb8--slur--stop--1,slur,stamp,n3e371e3e83dcbcb8
n3e371e3e83dcbcb8--staccato--1,,staccato,derive,n3e371e3e83dcbcb8
n78c17bba95027fe2--slur--stop--1,n78c17bba95027fe2--slur--stop--1,slur,stamp,n78c17bba95027fe2
n78c17bba95027fe2--slur--start--2,n78c17bba95027fe2--slur--start--2,slur,stamp,n78c17bba95027fe2
neacc4d40c1fb22c2--slur--start--1,neacc4d40c1fb22c2--slur--start--1,slur,stamp,neacc4d40c1fb22c2
neacc4d40c1fb22c2--staccato--1,,staccato,derive,neacc4d40c1fb22c2
n37fa311bf20fe265--slur--stop--1,n37fa311bf20fe265--slur--stop--1,slur,stamp,n37fa311bf20fe265
n37fa311bf20fe265--staccato--1,,staccato,derive,n37fa311bf20fe265
n2fff2b7db24381c6--slur--start--1,n2fff2b7db24381c6--slur--start--1,slur,stamp,n2fff2b7db24381c6
n2fff2b7db24381c6--staccato--1,,staccato,derive,n2fff2b7db24381c6
nece1904a4697dfa2--slur--stop--1,nece1904a4697dfa2--slur--stop--1,slur,stamp,nece1904a4697dfa2
nece1904a4697dfa2--staccato--1,,staccato,derive,nece1904a4697dfa2
na58afd2e4e1f04f0--slur--start--1,na58afd2e4e1f04f0--slur--start--1,slur,stamp,na58afd2e4e1f04f0
na58afd2e4e1f04f0--staccato--1,,staccato,derive,na58afd2e4e1f04f0
n19430818c761113e--slur--stop--1,n19430818c761113e--slur--stop--1,slur,stamp,n19430818c761113e
n19430818c761113e--staccato--1,,staccato,derive,n19430818c761113e
nfbb1d94a6979570a--slur--start--1,nfbb1d94a6979570a--slur--start--1,slur,stamp,nfbb1d94a6979570a
nfbb1d94a6979570a--staccato--1,,staccato,derive,nfbb1d94a6979570a
nf57d964f62e7daf7--slur--stop--1,nf57d964f62e7daf7--slur--stop--1,slur,stamp,nf57d964f62e7daf7
nf57d964f62e7daf7--staccato--1,,staccato,derive,nf57d964f62e7daf7
n87498c665c197512--slur--stop--1,n87498c665c197512--slur--stop--1,slur,stamp,n87498c665c197512
n87498c665c197512--slur--start--2,n87498c665c197512--slur--start--2,slur,stamp,n87498c665c197512
nd453349571dab647--slur--start--1,nd453349571dab647--slur--start--1,slur,stamp,nd453349571dab647
nd453349571dab647--staccato--1,,staccato,derive,nd453349571dab647
nc61094285519e1de--slur--stop--1,nc61094285519e1de--slur--stop--1,slur,stamp,nc61094285519e1de
nc61094285519e1de--staccato--1,,staccato,derive,nc61094285519e1de
n9a145ad525e8584a--slur--start--1,n9a145ad525e8584a--slur--start--1,slur,stamp,n9a145ad525e8584a
n9a145ad525e8584a--staccato--1,,staccato,derive,n9a145ad525e8584a
nebb56438eb494e66--slur--stop--1,nebb56438eb494e66--slur--stop--1,slur,stamp,nebb56438eb494e66
nebb56438eb494e66--staccato--1,,staccato,derive,nebb56438eb494e66
n017a3b954b9ab2e8--slur--start--1,n017a3b954b9ab2e8--slur--start--1,slur,stamp,n017a3b954b9ab2e8
n017a3b954b9ab2e8--staccato--1,,staccato,derive,n017a3b954b9ab2e8
nefe6ff0524813a56--slur--stop--1,nefe6ff0524813a56--slur--stop--1,slur,stamp,nefe6ff0524813a56
nefe6ff0524813a56--staccato--1,,staccato,derive,nefe6ff0524813a56
n38ea49ade2240a51--slur--start--1,n38ea49ade2240a51--slur--start--1,slur,stamp,n38ea49ade2240a51
n38ea49ade2240a51--staccato--1,,staccato,derive,n38ea49ade2240a51
nd670eeadb630f294--slur--stop--1,nd670eeadb630f294--slur--stop--1,slur,stamp,nd670eeadb630f294
nd670eeadb630f294--staccato--1,,staccato,derive,nd670eeadb630f294
nc7416e5c560dcfa1--slur--start--1,nc7416e5c560dcfa1--slur--start--1,slur,stamp,nc7416e5c560dcfa1
nc7416e5c560dcfa1--staccato--1,,staccato,derive,nc7416e5c560dcfa1
n92d748e9e1a04c39--slur--stop--1,n92d748e9e1a04c39--slur--stop--1,slur,stamp,n92d748e9e1a04c39
n92d748e9e1a04c39--staccato--1,,staccato,derive,n92d748e9e1a04c39
nf9ebbe3a5491992f--slur--start--1,nf9ebbe3a5491992f--slur--start--1,slur,stamp,nf9ebbe3a5491992f
nf9ebbe3a5491992f--staccato--1,,staccato,derive,nf9ebbe3a5491992f
n50fe2d4412597c4f--slur--stop--1,n50fe2d4412597c4f--slur--stop--1,slur,stamp,n50fe2d4412597c4f
n50fe2d4412597c4f--staccato--1,,staccato,derive,n50fe2d4412597c4f
n78f92a1df8d04091--slur--start--1,n78f92a1df8d04091--slur--start--1,slur,stamp,n78f92a1df8d04091
n78f92a1df8d04091--accent--1,,accent,derive,n78f92a1df8d04091
na56579419d41b2f4--slur--stop--1,na56579419d41b2f4--slur--stop--1,slur,stamp,na56579419d41b2f4
na382f8062d355686--slur--start--1,na382f8062d355686--slur--start--1,slur,stamp,na382f8062d355686
na382f8062d355686--accent--1,,accent,derive,na382f8062d355686
n0335b600e3c32d4d--slur--stop--1,n0335b600e3c32d4d--slur--stop--1,slur,stamp,n0335b600e3c32d4d
n45a079e0b7c7e927--slur--start--1,n45a079e0b7c7e927--slur--start--1,slur,stamp,n45a079e0b7c7e927
n45a079e0b7c7e927--staccato--1,,staccato,derive,n45a079e0b7c7e927
n4e8a1b1b91e294cc--slur--stop--1,n4e8a1b1b91e294cc--slur--stop--1,slur,stamp,n4e8a1b1b91e294cc
n4e8a1b1b91e294cc--staccato--1,,staccato,derive,n4e8a1b1b91e294cc
n105417332410faf1--slur--start--1,n105417332410faf1--slur--start--1,slur,stamp,n105417332410faf1
n105417332410faf1--staccato--1,,staccato,derive,n105417332410faf1
nb551cb12b2e25a6e--slur--stop--1,nb551cb12b2e25a6e--slur--stop--1,slur,stamp,nb551cb12b2e25a6e
nb551cb12b2e25a6e--staccato--1,,staccato,derive,nb551cb12b2e25a6e
n868047f0d29be84e--slur--start--1,n868047f0d29be84e--slur--start--1,slur,stamp,n868047f0d29be84e
n868047f0d29be84e--accent--1,,accent,derive,n868047f0d29be84e
n5b07341b7c6cac73--slur--stop--1,n5b07341b7c6cac73--slur--stop--1,slur,stamp,n5b07341b7c6cac73
n1e2f0b88ffe7a8cb--trill-mark--1,,trill-mark,derive,n1e2f0b88ffe7a8cb
nff4f3d0cafaabf0c--slur--stop--1,nff4f3d0cafaabf0c--slur--stop--1,slur,stamp,nff4f3d0cafaabf0c
n3985de47bca44a73--tie--1,,tie,derive,n3985de47bca44a73
n3985de47bca44a73--tied--start--1,n3985de47bca44a73--tied--start--1,tied,stamp,n3985de47bca44a73
n3985de47bca44a73--slur--start--1,n3985de47bca44a73--slur--start--1,slur,stamp,n3985de47bca44a73
nd3ff2d9c07cfb24f--slur--start--1,nd3ff2d9c07cfb24f--slur--start--1,slur,stamp,nd3ff2d9c07cfb24f
nd3ff2d9c07cfb24f--staccato--1,,staccato,derive,nd3ff2d9c07cfb24f
n69796419c530fe27--slur--stop--1,n69796419c530fe27--slur--stop--1,slur,stamp,n69796419c530fe27
n69796419c530fe27--staccato--1,,staccato,derive,n69796419c530fe27
ne1d45c69103d4b57--slur--start--1,ne1d45c69103d4b57--slur--start--1,slur,stamp,ne1d45c69103d4b57
ne1d45c69103d4b57--staccato--1,,staccato,derive,ne1d45c69103d4b57
na91790e92b517f9f--slur--stop--1,na91790e92b517f9f--slur--stop--1,slur,stamp,na91790e92b517f9f
na91790e92b517f9f--staccato--1,,staccato,derive,na91790e92b517f9f
n97fc7a067e5d476b--tie--1,,tie,derive,n97fc7a067e5d476b
n97fc7a067e5d476b--tied--start--1,n97fc7a067e5d476b--tied--start--1,tied,stamp,n97fc7a067e5d476b
n97fc7a067e5d476b--slur--start--1,n97fc7a067e5d476b--slur--start--1,slur,stamp,n97fc7a067e5d476b
n4d07c97c5e7f0111--tie--1,,tie,derive,n4d07c97c5e7f0111
n4d07c97c5e7f0111--tied--stop--1,n4d07c97c5e7f0111--tied--stop--1,tied,stamp,n4d07c97c5e7f0111
ed314fcc219962283,ed314fcc219962283,dynamics,md,1
ncf4d573104cdf016--tie--1,,tie,derive,ncf4d573104cdf016
ncf4d573104cdf016--tied--stop--1,ncf4d573104cdf016--tied--stop--1,tied,stamp,ncf4d573104cdf016
ncf4d573104cdf016--tenuto--1,,tenuto,derive,ncf4d573104cdf016
n0366326f02015cd9--slur--start--1,n0366326f02015cd9--slur--start--1,slur,stamp,n0366326f02015cd9
n087d2ba321fa962b--slur--stop--1,n087d2ba321fa962b--slur--stop--1,slur,stamp,n087d2ba321fa962b
ndf392788c9eee815--tie--1,,tie,derive,ndf392788c9eee815
ndf392788c9eee815--tied--start--1,ndf392788c9eee815--tied--start--1,tied,stamp,ndf392788c9eee815
n78ef36ebcc12e446--tie--1,,tie,derive,n78ef36ebcc12e446
n78ef36ebcc12e446--tied--start--1,n78ef36ebcc12e446--tied--start--1,tied,stamp,n78ef36ebcc12e446
n5c6cfafbb389e370--tie--1,,tie,derive,n5c6cfafbb389e370
n5c6cfafbb389e370--tied--stop--1,n5c6cfafbb389e370--tied--stop--1,tied,stamp,n5c6cfafbb389e370
n318be253eb5ce287--tie--1,,tie,derive,n318be253eb5ce287
n318be253eb5ce287--tied--stop--1,n318be253eb5ce287--tied--stop--1,tied,stamp,n318be253eb5ce287
n342151f7f1762ab8--slur--stop--1,n342151f7f1762ab8--slur--stop--1,slur,stamp,n342151f7f1762ab8
nc47ad13627880d52--slur--stop--1,nc47ad13627880d52--slur--stop--1,slur,stamp,nc47ad13627880d52
n0af6e37b54b3d3dd--slur--start--1,n0af6e37b54b3d3dd--slur--start--1,slur,stamp,n0af6e37b54b3d3dd
nb6317995c2b654ca--slur--start--1,nb6317995c2b654ca--slur--start--1,slur,stamp,nb6317995c2b654ca
n8558b5da080be3f0--slur--stop--1,n8558b5da080be3f0--slur--stop--1,slur,stamp,n8558b5da080be3f0
n8558b5da080be3f0--slur--start--2,n8558b5da080be3f0--slur--start--2,slur,stamp,n8558b5da080be3f0
nae9a8d6df23e6e27--tie--1,,tie,derive,nae9a8d6df23e6e27
nae9a8d6df23e6e27--tied--start--1,nae9a8d6df23e6e27--tied--start--1,tied,stamp,nae9a8d6df23e6e27
nb5400f5b2869ed6e--tie--1,,tie,derive,nb5400f5b2869ed6e
nb5400f5b2869ed6e--tied--stop--1,nb5400f5b2869ed6e--tied--stop--1,tied,stamp,nb5400f5b2869ed6e
e9900458debcaf0d0,e9900458debcaf0d0,words,md,1
e7f5b9bdee3f3dd8b,e7f5b9bdee3f3dd8b,wedge,md,1
e829f12cfb3fb4a91,e829f12cfb3fb4a91,wedge,md,1
n0f7431330b4a968d--tie--1,,tie,derive,n0f7431330b4a968d
n0f7431330b4a968d--tied--start--1,n0f7431330b4a968d--tied--start--1,tied,stamp,n0f7431330b4a968d
n502abdf2150ef47a--tie--1,,tie,derive,n502abdf2150ef47a
n502abdf2150ef47a--tied--stop--1,n502abdf2150ef47a--tied--stop--1,tied,stamp,n502abdf2150ef47a
n614eeaf1e6eaa0de--tie--1,,tie,derive,n614eeaf1e6eaa0de
n614eeaf1e6eaa0de--tied--start--1,n614eeaf1e6eaa0de--tied--start--1,tied,stamp,n614eeaf1e6eaa0de
n7f75717caaa65e28--arpeggiate--1,n7f75717caaa65e28--arpeggiate--1,arpeggiate,stamp,n7f75717caaa65e28
n3e8f7e9d2ea7a1d0--arpeggiate--1,n3e8f7e9d2ea7a1d0--arpeggiate--1,arpeggiate,stamp,n3e8f7e9d2ea7a1d0
n41c352320fd3b960--arpeggiate--1,n41c352320fd3b960--arpeggiate--1,arpeggiate,stamp,n41c352320fd3b960
nee70c4b85f0c05f4--slur--stop--1,nee70c4b85f0c05f4--slur--stop--1,slur,stamp,nee70c4b85f0c05f4
nee70c4b85f0c05f4--arpeggiate--1,nee70c4b85f0c05f4--arpeggiate--1,arpeggiate,stamp,nee70c4b85f0c05f4
n77945818ebb12799--arpeggiate--1,n77945818ebb12799--arpeggiate--1,arpeggiate,stamp,n77945818ebb12799
n700ece8d2c6c9194--slur--start--1,n700ece8d2c6c9194--slur--start--1,slur,stamp,n700ece8d2c6c9194
n700ece8d2c6c9194--staccato--1,,staccato,derive,n700ece8d2c6c9194
na99244dff904b0c5--staccato--1,,staccato,derive,na99244dff904b0c5
n008d15592572b059--staccato--1,,staccato,derive,n008d15592572b059
naf59a0e984bac82c--staccato--1,,staccato,derive,naf59a0e984bac82c
n21842b5da6d2d1a4--slur--stop--1,n21842b5da6d2d1a4--slur--stop--1,slur,stamp,n21842b5da6d2d1a4
n21842b5da6d2d1a4--staccato--1,,staccato,derive,n21842b5da6d2d1a4
e313b53da0d7b6cbd,e313b53da0d7b6cbd,dynamics,md,1
ee2ef616abf58f4e5,ee2ef616abf58f4e5,pedal,md,1
e656e2bfa3d693235,e656e2bfa3d693235,wedge,md,2
ef8a93a4ec6a85969,ef8a93a4ec6a85969,pedal,md,2
ndd843844b0ca8fba--tie--1,,tie,derive,ndd843844b0ca8fba
ndd843844b0ca8fba--tied--stop--1,ndd843844b0ca8fba--tied--stop--1,tied,stamp,ndd843844b0ca8fba
nd4a4affb67651792--tuplet--start--1,nd4a4affb67651792--tuplet--start--1,tuplet,stamp,nd4a4affb67651792
na885666a46b1471f--tuplet--stop--1,na885666a46b1471f--tuplet--stop--1,tuplet,stamp,na885666a46b1471f
n5fa1d53201af59b0--tuplet--start--1,n5fa1d53201af59b0--tuplet--start--1,tuplet,stamp,n5fa1d53201af59b0
na6d4a0db3edc4929--tuplet--stop--1,na6d4a0db3edc4929--tuplet--stop--1,tuplet,stamp,na6d4a0db3edc4929
nb836b3499e25bd12--tuplet--start--1,nb836b3499e25bd12--tuplet--start--1,tuplet,stamp,nb836b3499e25bd12
nab311098214d4c21--tuplet--stop--1,nab311098214d4c21--tuplet--stop--1,tuplet,stamp,nab311098214d4c21
n9f996e35131cac47--slur--start--1,n9f996e35131cac47--slur--start--1,slur,stamp,n9f996e35131cac47
n9f996e35131cac47--staccato--1,,staccato,derive,n9f996e35131cac47
n8d87ac2299cc2ae9--staccato--1,,staccato,derive,n8d87ac2299cc2ae9
n333df1b1d6e5bff6--staccato--1,,staccato,derive,n333df1b1d6e5bff6
nbd06a606f6f1d371--staccato--1,,staccato,derive,nbd06a606f6f1d371
nafbe37ac4699301e--slur--stop--1,nafbe37ac4699301e--slur--stop--1,slur,stamp,nafbe37ac4699301e
nafbe37ac4699301e--staccato--1,,staccato,derive,nafbe37ac4699301e
e80e11bdab42155e0,e80e11bdab42155e0,pedal,md,1
ecff24177feae0172,ecff24177feae0172,pedal,md,2
eacb8d54447b5caca,eacb8d54447b5caca,wedge,md,2
naad9b7240af67a27--slur--stop--1,naad9b7240af67a27--slur--stop--1,slur,stamp,naad9b7240af67a27
n1994c8a6cd9bae4d--tie--1,,tie,derive,n1994c8a6cd9bae4d
n1994c8a6cd9bae4d--tied--start--1,n1994c8a6cd9bae4d--tied--start--1,tied,stamp,n1994c8a6cd9bae4d
n1994c8a6cd9bae4d--slur--start--1,n1994c8a6cd9bae4d--slur--start--1,slur,stamp,n1994c8a6cd9bae4d
n1994c8a6cd9bae4d--accent--1,,accent,derive,n1994c8a6cd9bae4d
n0543378fa0cdd66b--tie--1,,tie,derive,n0543378fa0cdd66b
n0543378fa0cdd66b--tied--stop--1,n0543378fa0cdd66b--tied--stop--1,tied,stamp,n0543378fa0cdd66b
n1e17f9ff97ca967b--slur--start--1,n1e17f9ff97ca967b--slur--start--1,slur,stamp,n1e17f9ff97ca967b
ncf9622353931bd76--slur--stop--1,ncf9622353931bd76--slur--stop--1,slur,stamp,ncf9622353931bd76
neaf7322adbe9fee8--slur--start--1,neaf7322adbe9fee8--slur--start--1,slur,stamp,neaf7322adbe9fee8
n30f98976717ebdf7--slur--stop--1,n30f98976717ebdf7--slur--stop--1,slur,stamp,n30f98976717ebdf7
e0d24b1a6c4d169c8,e0d24b1a6c4d169c8,pedal,md,2
edf7a95c03f3e3e91,edf7a95c03f3e3e91,pedal,md,2
e41aacc657da99556,e41aacc657da99556,pedal,md,2
n4ccda22de66fd901--staccato--1,,staccato,derive,n4ccda22de66fd901
n703b6ed68c68d6aa--slur--start--1,n703b6ed68c68d6aa--slur--start--1,slur,stamp,n703b6ed68c68d6aa
ne69cf51841d7c793--slur--stop--1,ne69cf51841d7c793--slur--stop--1,slur,stamp,ne69cf51841d7c793
nbaefa18d31d86747--slur--start--1,nbaefa18d31d86747--slur--start--1,slur,stamp,nbaefa18d31d86747
e2799753a767097f1,e2799753a767097f1,pedal,md,2
ecba46b64169197c5,ecba46b64169197c5,pedal,md,2
n8d968334ec8511b6--slur--stop--1,n8d968334ec8511b6--slur--stop--1,slur,stamp,n8d968334ec8511b6
nc3b732c3483b368f--slur--start--1,nc3b732c3483b368f--slur--start--1,slur,stamp,nc3b732c3483b368f
ncd7a4b011e28914f--tie--1,,tie,derive,ncd7a4b011e28914f
ncd7a4b011e28914f--tied--start--1,ncd7a4b011e28914f--tied--start--1,tied,stamp,ncd7a4b011e28914f
nd812162ee42599ca--tie--1,,tie,derive,nd812162ee42599ca
nd812162ee42599ca--tied--stop--1,nd812162ee42599ca--tied--stop--1,tied,stamp,nd812162ee42599ca
nd812162ee42599ca--slur--stop--1,nd812162ee42599ca--slur--stop--1,slur,stamp,nd812162ee42599ca
n87187086dbf08887--slur--start--1,n87187086dbf08887--slur--start--1,slur,stamp,n87187086dbf08887
nb17bacc66579a46f--tie--1,,tie,derive,nb17bacc66579a46f
nb17bacc66579a46f--tied--start--1,nb17bacc66579a46f--tied--start--1,tied,stamp,nb17bacc66579a46f
n6294786cc8ed2143--slur--stop--1,n6294786cc8ed2143--slur--stop--1,slur,stamp,n6294786cc8ed2143
n6294786cc8ed2143--staccato--1,,staccato,derive,n6294786cc8ed2143
nf79a35c3f42058a8--slur--start--1,nf79a35c3f42058a8--slur--start--1,slur,stamp,nf79a35c3f42058a8
nd84e13ef2e3d4562--slur--stop--1,nd84e13ef2e3d4562--slur--stop--1,slur,stamp,nd84e13ef2e3d4562
n7850f0af04eb0217--staccato--1,,staccato,derive,n7850f0af04eb0217
nbc9556ab3ef063b5--slur--start--1,nbc9556ab3ef063b5--slur--start--1,slur,stamp,nbc9556ab3ef063b5
n22919cd4c56b7080--slur--stop--1,n22919cd4c56b7080--slur--stop--1,slur,stamp,n22919cd4c56b7080
e547ce0b7de8f19ff,e547ce0b7de8f19ff,dynamics,md,1
ea86827c8696c2a59,ea86827c8696c2a59,words,md,1
eb951575bcdc71849,eb951575bcdc71849,pedal,md,1
ed39b7fd7e7098c3c,ed39b7fd7e7098c3c,pedal,md,1
e91fec9551d7cd5b6,e91fec9551d7cd5b6,pedal,md,1
e1963ffdc6af2ff10,e1963ffdc6af2ff10,pedal,md,2
nff1f8d0dd4f82a00--tie--1,,tie,derive,nff1f8d0dd4f82a00
nff1f8d0dd4f82a00--tied--stop--1,nff1f8d0dd4f82a00--tied--stop--1,tied,stamp,nff1f8d0dd4f82a00
nff1f8d0dd4f82a00--slur--stop--1,nff1f8d0dd4f82a00--slur--stop--1,slur,stamp,nff1f8d0dd4f82a00
nf3af8556468df6c6--slur--start--1,nf3af8556468df6c6--slur--start--1,slur,stamp,nf3af8556468df6c6
n0f8c82ed469afcc2--tie--1,,tie,derive,n0f8c82ed469afcc2
n0f8c82ed469afcc2--tied--start--1,n0f8c82ed469afcc2--tied--start--1,tied,stamp,n0f8c82ed469afcc2
n7e62212631188dde--tie--1,,tie,derive,n7e62212631188dde
n7e62212631188dde--tied--stop--1,n7e62212631188dde--tied--stop--1,tied,stamp,n7e62212631188dde
n7e62212631188dde--slur--stop--1,n7e62212631188dde--slur--stop--1,slur,stamp,n7e62212631188dde
nb1f9f6625772f7b6--slur--start--1,nb1f9f6625772f7b6--slur--start--1,slur,stamp,nb1f9f6625772f7b6
n1c8651c72a47cf08--tie--1,,tie,derive,n1c8651c72a47cf08
n1c8651c72a47cf08--tied--start--1,n1c8651c72a47cf08--tied--start--1,tied,stamp,n1c8651c72a47cf08
n9b202ff699bdb993--staccato--1,,staccato,derive,n9b202ff699bdb993
n6f71dff1dbcc7bb5--slur--start--1,n6f71dff1dbcc7bb5--slur--start--1,slur,stamp,n6f71dff1dbcc7bb5
nc6a41dee2ef836a4--slur--stop--1,nc6a41dee2ef836a4--slur--stop--1,slur,stamp,nc6a41dee2ef836a4
n8507bfef0b527408--staccato--1,,staccato,derive,n8507bfef0b527408
nf20cf2e6582908e8--slur--start--1,nf20cf2e6582908e8--slur--start--1,slur,stamp,nf20cf2e6582908e8
n0272623e593eae2e--slur--stop--1,n0272623e593eae2e--slur--stop--1,slur,stamp,n0272623e593eae2e
e28d57a3cc189c13d,e28d57a3cc189c13d,pedal,md,1
ee3f5dc79a8892b72,ee3f5dc79a8892b72,pedal,md,1
e2b13275ac79d9daf,e2b13275ac79d9daf,pedal,md,2
e3f266303d0a56472,e3f266303d0a56472,pedal,md,2
naa70429d0f0430e8--tie--1,,tie,derive,naa70429d0f0430e8
naa70429d0f0430e8--tied--stop--1,naa70429d0f0430e8--tied--stop--1,tied,stamp,naa70429d0f0430e8
naa70429d0f0430e8--slur--stop--1,naa70429d0f0430e8--slur--stop--1,slur,stamp,naa70429d0f0430e8
ne443f772defa3379--slur--start--1,ne443f772defa3379--slur--start--1,slur,stamp,ne443f772defa3379
n2cc2381260e09bec--tie--1,,tie,derive,n2cc2381260e09bec
n2cc2381260e09bec--tied--start--1,n2cc2381260e09bec--tied--start--1,tied,stamp,n2cc2381260e09bec
n7949431b85c0eb88--tie--1,,tie,derive,n7949431b85c0eb88
n7949431b85c0eb88--tied--stop--1,n7949431b85c0eb88--tied--stop--1,tied,stamp,n7949431b85c0eb88
n7949431b85c0eb88--slur--stop--1,n7949431b85c0eb88--slur--stop--1,slur,stamp,n7949431b85c0eb88
nf0e7228ebbf86c47--slur--start--1,nf0e7228ebbf86c47--slur--start--1,slur,stamp,nf0e7228ebbf86c47
nd13fe53153625812--tie--1,,tie,derive,nd13fe53153625812
nd13fe53153625812--tied--start--1,nd13fe53153625812--tied--start--1,tied,stamp,nd13fe53153625812
n74a9ad45b5f39b81--staccato--1,,staccato,derive,n74a9ad45b5f39b81
n854b0fb0ead4bfaa--slur--start--1,n854b0fb0ead4bfaa--slur--start--1,slur,stamp,n854b0fb0ead4bfaa
n3b997925084ae409--slur--stop--1,n3b997925084ae409--slur--stop--1,slur,stamp,n3b997925084ae409
nded1c60cef3cd170--staccato--1,,staccato,derive,nded1c60cef3cd170
n79ee64c01aee1fe9--slur--start--1,n79ee64c01aee1fe9--slur--start--1,slur,stamp,n79ee64c01aee1fe9
nd55ccc8b941750c5--slur--stop--1,nd55ccc8b941750c5--slur--stop--1,slur,stamp,nd55ccc8b941750c5
e882feb8b297ba184,e882feb8b297ba184,pedal,md,1
ec7fbd81f307076d1,ec7fbd81f307076d1,pedal,md,1
e397fb44bdc71d743,e397fb44bdc71d743,pedal,md,1
ebafb1c3570d61b42,ebafb1c3570d61b42,pedal,md,2
na61b6c32c571321a--slur--start--1,na61b6c32c571321a--slur--start--1,slur,stamp,na61b6c32c571321a
na0e749b921612023--tie--1,,tie,derive,na0e749b921612023
na0e749b921612023--tied--stop--1,na0e749b921612023--tied--stop--1,tied,stamp,na0e749b921612023
na0e749b921612023--slur--stop--1,na0e749b921612023--slur--stop--1,slur,stamp,na0e749b921612023
n794cf53640cf69b8--slur--start--1,n794cf53640cf69b8--slur--start--1,slur,stamp,n794cf53640cf69b8
n67b8410bf50f7ee6--tie--1,,tie,derive,n67b8410bf50f7ee6
n67b8410bf50f7ee6--tied--start--1,n67b8410bf50f7ee6--tied--start--1,tied,stamp,n67b8410bf50f7ee6
nb32631fd19181214--tie--1,,tie,derive,nb32631fd19181214
nb32631fd19181214--tied--stop--1,nb32631fd19181214--tied--stop--1,tied,stamp,nb32631fd19181214
nb32631fd19181214--slur--stop--1,nb32631fd19181214--slur--stop--1,slur,stamp,nb32631fd19181214
nc4dfc1065b7caf73--staccato--1,,staccato,derive,nc4dfc1065b7caf73
n610cd82f4bcbd163--slur--start--1,n610cd82f4bcbd163--slur--start--1,slur,stamp,n610cd82f4bcbd163
n633147517b18191e--slur--stop--1,n633147517b18191e--slur--stop--1,slur,stamp,n633147517b18191e
n1f882d5e4f808fa9--staccato--1,,staccato,derive,n1f882d5e4f808fa9
n6b7ec7f006cad297--slur--start--1,n6b7ec7f006cad297--slur--start--1,slur,stamp,n6b7ec7f006cad297
n6d00cf910bcab710--slur--stop--1,n6d00cf910bcab710--slur--stop--1,slur,stamp,n6d00cf910bcab710
eee97db51e6ed14e8,eee97db51e6ed14e8,pedal,md,1
e74fefac793ddfeb0,e74fefac793ddfeb0,pedal,md,1
eabd611301694c4cc,eabd611301694c4cc,pedal,md,1
e2d9b6dd82a94f870,e2d9b6dd82a94f870,pedal,md,2
n44ec11bdf979e1d6--slur--stop--1,n44ec11bdf979e1d6--slur--stop--1,slur,stamp,n44ec11bdf979e1d6
ndce071646f045725--slur--start--1,ndce071646f045725--slur--start--1,slur,stamp,ndce071646f045725
n3e039380276940c9--slur--stop--1,n3e039380276940c9--slur--stop--1,slur,stamp,n3e039380276940c9
nef1ce87e4c4e26c3--slur--start--1,nef1ce87e4c4e26c3--slur--start--1,slur,stamp,nef1ce87e4c4e26c3
nd2a2d5f243423c6c--slur--stop--1,nd2a2d5f243423c6c--slur--stop--1,slur,stamp,nd2a2d5f243423c6c
n9e7875b3e31b7d04--staccato--1,,staccato,derive,n9e7875b3e31b7d04
n2c4225240fe40d8a--slur--start--1,n2c4225240fe40d8a--slur--start--1,slur,stamp,n2c4225240fe40d8a
n2c4225240fe40d8a--accent--1,,accent,derive,n2c4225240fe40d8a
ncde0f08e3c3b855c--slur--stop--1,ncde0f08e3c3b855c--slur--stop--1,slur,stamp,ncde0f08e3c3b855c
n52a767c51548d35d--staccato--1,,staccato,derive,n52a767c51548d35d
nbd3ea3cfafbfeca3--slur--start--1,nbd3ea3cfafbfeca3--slur--start--1,slur,stamp,nbd3ea3cfafbfeca3
nbd3ea3cfafbfeca3--accent--1,,accent,derive,nbd3ea3cfafbfeca3
ncb2d5687260c1dde--slur--stop--1,ncb2d5687260c1dde--slur--stop--1,slur,stamp,ncb2d5687260c1dde
e784865f41064fe95,e784865f41064fe95,dynamics,md,1
e8a7e397c010d4477,e8a7e397c010d4477,words,md,1
eddd37e0818209737,eddd37e0818209737,pedal,md,1
e23d081de7e6a06a2,e23d081de7e6a06a2,pedal,md,2
e84467673a5b58670,e84467673a5b58670,pedal,md,2
e2b5804298f9eaf29,e2b5804298f9eaf29,pedal,md,2
n316f6a2ac27d57de--slur--start--1,n316f6a2ac27d57de--slur--start--1,slur,stamp,n316f6a2ac27d57de
n21a82e73f9bc426a--slur--stop--1,n21a82e73f9bc426a--slur--stop--1,slur,stamp,n21a82e73f9bc426a
nbc7f7afb793cedee--slur--start--1,nbc7f7afb793cedee--slur--start--1,slur,stamp,nbc7f7afb793cedee
n5032e94e4041c38d--slur--stop--1,n5032e94e4041c38d--slur--stop--1,slur,stamp,n5032e94e4041c38d
n64ef8869eec7ff76--staccato--1,,staccato,derive,n64ef8869eec7ff76
n4f12cd796582fb2d--slur--start--1,n4f12cd796582fb2d--slur--start--1,slur,stamp,n4f12cd796582fb2d
n4f12cd796582fb2d--accent--1,,accent,derive,n4f12cd796582fb2d
n4db35831f947b2d9--slur--stop--1,n4db35831f947b2d9--slur--stop--1,slur,stamp,n4db35831f947b2d9
n2425ce5e71207c37--staccato--1,,staccato,derive,n2425ce5e71207c37
ne107117f2cf17f48--slur--start--1,ne107117f2cf17f48--slur--start--1,slur,stamp,ne107117f2cf17f48
ne107117f2cf17f48--accent--1,,accent,derive,ne107117f2cf17f48
n92369164d8a58a82--slur--stop--1,n92369164d8a58a82--slur--stop--1,slur,stamp,n92369164d8a58a82
e28129eb5fb1a58ba,e28129eb5fb1a58ba,pedal,md,1
e4759777e87c08fb4,e4759777e87c08fb4,pedal,md,2
ee83c6660cb3eb30b,ee83c6660cb3eb30b,pedal,md,2
e3d4f50c69a7e65e8,e3d4f50c69a7e65e8,pedal,md,2
n0abccd39ca756bdc--slur--start--1,n0abccd39ca756bdc--slur--start--1,slur,stamp,n0abccd39ca756bdc
ne5acabc81b894219--slur--stop--1,ne5acabc81b894219--slur--stop--1,slur,stamp,ne5acabc81b894219
n8e7e13f3d200881a--slur--start--1,n8e7e13f3d200881a--slur--start--1,slur,stamp,n8e7e13f3d200881a
nfc58a42e141581b2--slur--stop--1,nfc58a42e141581b2--slur--stop--1,slur,stamp,nfc58a42e141581b2
n28b8ab6d52eb91c3--staccato--1,,staccato,derive,n28b8ab6d52eb91c3
n6415916638a473eb--slur--start--1,n6415916638a473eb--slur--start--1,slur,stamp,n6415916638a473eb
n6415916638a473eb--accent--1,,accent,derive,n6415916638a473eb
nc6b91d0fd7e50e5b--slur--stop--1,nc6b91d0fd7e50e5b--slur--stop--1,slur,stamp,nc6b91d0fd7e50e5b
n80d04fa35b92bc57--staccato--1,,staccato,derive,n80d04fa35b92bc57
nafe47f6998ca55e1--slur--start--1,nafe47f6998ca55e1--slur--start--1,slur,stamp,nafe47f6998ca55e1
nafe47f6998ca55e1--accent--1,,accent,derive,nafe47f6998ca55e1
n8c7c6d0c93ed132c--slur--stop--1,n8c7c6d0c93ed132c--slur--stop--1,slur,stamp,n8c7c6d0c93ed132c
e966a4549bb09d4b2,e966a4549bb09d4b2,pedal,md,1
e825f807d7ae9393d,e825f807d7ae9393d,pedal,md,1
e0dded690b3888067,e0dded690b3888067,pedal,md,1
e975afcfb1fb6219d,e975afcfb1fb6219d,pedal,md,2
nc7195c4dfafac684--slur--start--1,nc7195c4dfafac684--slur--start--1,slur,stamp,nc7195c4dfafac684
n063d67c2139680ad--slur--start--1,n063d67c2139680ad--slur--start--1,slur,stamp,n063d67c2139680ad
n8148ec6a31aeed6f--slur--stop--1,n8148ec6a31aeed6f--slur--stop--1,slur,stamp,n8148ec6a31aeed6f
n59e355083d476cc5--staccato--1,,staccato,derive,n59e355083d476cc5
ne2663ffd5236e773--slur--start--1,ne2663ffd5236e773--slur--start--1,slur,stamp,ne2663ffd5236e773
ne2663ffd5236e773--accent--1,,accent,derive,ne2663ffd5236e773
nc97cbb7d068a533a--slur--stop--1,nc97cbb7d068a533a--slur--stop--1,slur,stamp,nc97cbb7d068a533a
nd6e268834b462a82--staccato--1,,staccato,derive,nd6e268834b462a82
n17c6b94b13df24fc--slur--start--1,n17c6b94b13df24fc--slur--start--1,slur,stamp,n17c6b94b13df24fc
n17c6b94b13df24fc--accent--1,,accent,derive,n17c6b94b13df24fc
nb560562c8ad790fe--slur--stop--1,nb560562c8ad790fe--slur--stop--1,slur,stamp,nb560562c8ad790fe
e24c3f33044948361,e24c3f33044948361,pedal,md,1
e3a832b5268bb2c8f,e3a832b5268bb2c8f,pedal,md,1
e0cc119cd7672db77,e0cc119cd7672db77,pedal,md,1
ef902150ef23f2898,ef902150ef23f2898,pedal,md,2
naaa51586ecc7ff6a--slur--stop--1,naaa51586ecc7ff6a--slur--stop--1,slur,stamp,naaa51586ecc7ff6a
naaa51586ecc7ff6a--staccato--1,,staccato,derive,naaa51586ecc7ff6a
nd1488483d266eaf8--slur--start--1,nd1488483d266eaf8--slur--start--1,slur,stamp,nd1488483d266eaf8
nc6931f395e601629--slur--stop--1,nc6931f395e601629--slur--stop--1,slur,stamp,nc6931f395e601629
nc6931f395e601629--staccato--1,,staccato,derive,nc6931f395e601629
n347bc0fe4311893c--slur--start--1,n347bc0fe4311893c--slur--start--1,slur,stamp,n347bc0fe4311893c
n6a5c73613031f921--accent--1,,accent,derive,n6a5c73613031f921
n57f3a4bc148c8df3--accent--1,,accent,derive,n57f3a4bc148c8df3
n36beada8df1a30fd--slur--start--1,n36beada8df1a30fd--slur--start--1,slur,stamp,n36beada8df1a30fd
n93c109d8491ad68e--slur--stop--1,n93c109d8491ad68e--slur--stop--1,slur,stamp,n93c109d8491ad68e
n93c109d8491ad68e--staccato--1,,staccato,derive,n93c109d8491ad68e
n28a33c15e68fc231--slur--start--1,n28a33c15e68fc231--slur--start--1,slur,stamp,n28a33c15e68fc231
n37cc87614f4d6c8f--slur--stop--1,n37cc87614f4d6c8f--slur--stop--1,slur,stamp,n37cc87614f4d6c8f
e5e678b48ad7843e9,e5e678b48ad7843e9,dynamics,md,1
e097375cd495265a4,e097375cd495265a4,words,md,1
nff6f6507e1dfc025--accent--1,,accent,derive,nff6f6507e1dfc025
n527c96c6524398e5--tie--1,,tie,derive,n527c96c6524398e5
n527c96c6524398e5--tied--start--1,n527c96c6524398e5--tied--start--1,tied,stamp,n527c96c6524398e5
n527c96c6524398e5--slur--start--1,n527c96c6524398e5--slur--start--1,slur,stamp,n527c96c6524398e5
n527c96c6524398e5--accent--1,,accent,derive,n527c96c6524398e5
n075b83dfb237ff9e--tie--1,,tie,derive,n075b83dfb237ff9e
n075b83dfb237ff9e--tied--stop--1,n075b83dfb237ff9e--tied--stop--1,tied,stamp,n075b83dfb237ff9e
nfc7551ada1599c2a--tie--1,,tie,derive,nfc7551ada1599c2a
nfc7551ada1599c2a--tied--start--1,nfc7551ada1599c2a--tied--start--1,tied,stamp,nfc7551ada1599c2a
n76b4921869c8f95e--tie--1,,tie,derive,n76b4921869c8f95e
n76b4921869c8f95e--tied--start--1,n76b4921869c8f95e--tied--start--1,tied,stamp,n76b4921869c8f95e
n77495f5e12a6dcce--tie--1,,tie,derive,n77495f5e12a6dcce
n77495f5e12a6dcce--tied--start--1,n77495f5e12a6dcce--tied--start--1,tied,stamp,n77495f5e12a6dcce
n01fb90d09c08c08b--tie--1,,tie,derive,n01fb90d09c08c08b
n01fb90d09c08c08b--tied--stop--1,n01fb90d09c08c08b--tied--stop--1,tied,stamp,n01fb90d09c08c08b
n942dc3b50afb2a05--tie--1,,tie,derive,n942dc3b50afb2a05
n942dc3b50afb2a05--tied--stop--1,n942dc3b50afb2a05--tied--stop--1,tied,stamp,n942dc3b50afb2a05
n7b7c513e24b8cac0--tie--1,,tie,derive,n7b7c513e24b8cac0
n7b7c513e24b8cac0--tied--stop--1,n7b7c513e24b8cac0--tied--stop--1,tied,stamp,n7b7c513e24b8cac0
e40230ec17a759f45,e40230ec17a759f45,pedal,md,1
e40137a6eaa178db5,e40137a6eaa178db5,pedal,md,1
n64404355c68b3251--slur--stop--1,n64404355c68b3251--slur--stop--1,slur,stamp,n64404355c68b3251
n64404355c68b3251--staccato--1,,staccato,derive,n64404355c68b3251
nc6e426d322ebbb0b--slur--start--1,nc6e426d322ebbb0b--slur--start--1,slur,stamp,nc6e426d322ebbb0b
n35fd65a9fa5f1609--slur--stop--1,n35fd65a9fa5f1609--slur--stop--1,slur,stamp,n35fd65a9fa5f1609
n35fd65a9fa5f1609--staccato--1,,staccato,derive,n35fd65a9fa5f1609
n7ad6c4d2eefa92dd--slur--start--1,n7ad6c4d2eefa92dd--slur--start--1,slur,stamp,n7ad6c4d2eefa92dd
n9d1603f61503259d--accent--1,,accent,derive,n9d1603f61503259d
n28b7aa71a79dec3e--accent--1,,accent,derive,n28b7aa71a79dec3e
n26517d8bcc8b4f04--slur--stop--1,n26517d8bcc8b4f04--slur--stop--1,slur,stamp,n26517d8bcc8b4f04
n26517d8bcc8b4f04--staccato--1,,staccato,derive,n26517d8bcc8b4f04
n1e07cced440b0724--slur--start--1,n1e07cced440b0724--slur--start--1,slur,stamp,n1e07cced440b0724
n8fd78ba710bed1cc--slur--stop--1,n8fd78ba710bed1cc--slur--stop--1,slur,stamp,n8fd78ba710bed1cc
n8fd78ba710bed1cc--staccato--1,,staccato,derive,n8fd78ba710bed1cc
nfa3eb0c217c0e976--slur--start--1,nfa3eb0c217c0e976--slur--start--1,slur,stamp,nfa3eb0c217c0e976
ncfbdcbeb23e812aa--slur--stop--1,ncfbdcbeb23e812aa--slur--stop--1,slur,stamp,ncfbdcbeb23e812aa
n7d4090c1fdde3f2d--accent--1,,accent,derive,n7d4090c1fdde3f2d
n386388ad24c293c6--tie--1,,tie,derive,n386388ad24c293c6
n386388ad24c293c6--tied--start--1,n386388ad24c293c6--tied--start--1,tied,stamp,n386388ad24c293c6
n386388ad24c293c6--slur--start--1,n386388ad24c293c6--slur--start--1,slur,stamp,n386388ad24c293c6
n386388ad24c293c6--accent--1,,accent,derive,n386388ad24c293c6
na100fb204f7f58b3--tie--1,,tie,derive,na100fb204f7f58b3
na100fb204f7f58b3--tied--stop--1,na100fb204f7f58b3--tied--stop--1,tied,stamp,na100fb204f7f58b3
n0c06a1ba99f1f9e8--tie--1,,tie,derive,n0c06a1ba99f1f9e8
n0c06a1ba99f1f9e8--tied--start--1,n0c06a1ba99f1f9e8--tied--start--1,tied,stamp,n0c06a1ba99f1f9e8
nf8b33869c78b0301--tie--1,,tie,derive,nf8b33869c78b0301
nf8b33869c78b0301--tied--start--1,nf8b33869c78b0301--tied--start--1,tied,stamp,nf8b33869c78b0301
nc1ae9579c9f1e9a8--tie--1,,tie,derive,nc1ae9579c9f1e9a8
nc1ae9579c9f1e9a8--tied--start--1,nc1ae9579c9f1e9a8--tied--start--1,tied,stamp,nc1ae9579c9f1e9a8
n9863ddc80c503c10--tie--1,,tie,derive,n9863ddc80c503c10
n9863ddc80c503c10--tied--stop--1,n9863ddc80c503c10--tied--stop--1,tied,stamp,n9863ddc80c503c10
nffd93db61264ffce--tie--1,,tie,derive,nffd93db61264ffce
nffd93db61264ffce--tied--stop--1,nffd93db61264ffce--tied--stop--1,tied,stamp,nffd93db61264ffce
n1e1236af84242ee5--tie--1,,tie,derive,n1e1236af84242ee5
n1e1236af84242ee5--tied--stop--1,n1e1236af84242ee5--tied--stop--1,tied,stamp,n1e1236af84242ee5
e9037e7770928084f,e9037e7770928084f,pedal,md,1
e6e62c43d50f72424,e6e62c43d50f72424,pedal,md,1
n910b24fda2f0619a--slur--stop--1,n910b24fda2f0619a--slur--stop--1,slur,stamp,n910b24fda2f0619a
n910b24fda2f0619a--staccato--1,,staccato,derive,n910b24fda2f0619a
n254250ba5fbea658--slur--start--1,n254250ba5fbea658--slur--start--1,slur,stamp,n254250ba5fbea658
ne7a5cce18b839deb--slur--stop--1,ne7a5cce18b839deb--slur--stop--1,slur,stamp,ne7a5cce18b839deb
nc7e5e202ee65087a--slur--stop--1,nc7e5e202ee65087a--slur--stop--1,slur,stamp,nc7e5e202ee65087a
nc7e5e202ee65087a--staccato--1,,staccato,derive,nc7e5e202ee65087a
na5490195d195e19d--slur--start--1,na5490195d195e19d--slur--start--1,slur,stamp,na5490195d195e19d
nc14c5683ef18bb33--staccato--1,,staccato,derive,nc14c5683ef18bb33
e52ec39cdc1324a8a,e52ec39cdc1324a8a,dynamics,md,2
n2356be198f769c30--slur--start--1,n2356be198f769c30--slur--start--1,slur,stamp,n2356be198f769c30
n5e77db2ad6034971--slur--stop--1,n5e77db2ad6034971--slur--stop--1,slur,stamp,n5e77db2ad6034971
n23cc3cc1e5cb88cd--slur--stop--1,n23cc3cc1e5cb88cd--slur--stop--1,slur,stamp,n23cc3cc1e5cb88cd
n23cc3cc1e5cb88cd--staccato--1,,staccato,derive,n23cc3cc1e5cb88cd
n57b6610ec3c5aa9a--slur--start--1,n57b6610ec3c5aa9a--slur--start--1,slur,stamp,n57b6610ec3c5aa9a
n028837bdb85232ee--slur--start--1,n028837bdb85232ee--slur--start--1,slur,stamp,n028837bdb85232ee
ncb37fe468edea7fa--slur--stop--1,ncb37fe468edea7fa--slur--stop--1,slur,stamp,ncb37fe468edea7fa
ncb37fe468edea7fa--staccato--1,,staccato,derive,ncb37fe468edea7fa
e45f465b1d89c9489,e45f465b1d89c9489,pedal,md,1
e59fa5cc449f4cd00,e59fa5cc449f4cd00,pedal,md,1
e7a325507fa73d48d,e7a325507fa73d48d,dynamics,md,2
n29e935490181cf88--slur--start--1,n29e935490181cf88--slur--start--1,slur,stamp,n29e935490181cf88
nb90bd34f059aae57--slur--stop--1,nb90bd34f059aae57--slur--stop--1,slur,stamp,nb90bd34f059aae57
n5a8bd96ad7071539--slur--stop--1,n5a8bd96ad7071539--slur--stop--1,slur,stamp,n5a8bd96ad7071539
n97a9e28dc061d691--staccato--1,,staccato,derive,n97a9e28dc061d691
e8f90558288ef41e6,e8f90558288ef41e6,pedal,md,1
e5d5ac1f1fe2f4854,e5d5ac1f1fe2f4854,pedal,md,2
n0809b577da6b002a--slur--start--1,n0809b577da6b002a--slur--start--1,slur,stamp,n0809b577da6b002a
nf3ae2e4b6288bab6--slur--stop--1,nf3ae2e4b6288bab6--slur--stop--1,slur,stamp,nf3ae2e4b6288bab6
n42dfe3a9ec5a323f--staccato--1,,staccato,derive,n42dfe3a9ec5a323f
nae4287d0492addb1--slur--start--1,nae4287d0492addb1--slur--start--1,slur,stamp,nae4287d0492addb1
ne74404fff659d65f--slur--start--1,ne74404fff659d65f--slur--start--1,slur,stamp,ne74404fff659d65f
nabc4651093e97ae2--slur--stop--1,nabc4651093e97ae2--slur--stop--1,slur,stamp,nabc4651093e97ae2
nabc4651093e97ae2--staccato--1,,staccato,derive,nabc4651093e97ae2
e3e91b8375f7ee93e,e3e91b8375f7ee93e,pedal,md,1
e7f758dfd80bddc24,e7f758dfd80bddc24,pedal,md,2
n349cc1a6842ec34e--slur--start--1,n349cc1a6842ec34e--slur--start--1,slur,stamp,n349cc1a6842ec34e
n92dd99251e995154--slur--stop--1,n92dd99251e995154--slur--stop--1,slur,stamp,n92dd99251e995154
n12aac536a6f00730--slur--stop--1,n12aac536a6f00730--slur--stop--1,slur,stamp,n12aac536a6f00730
n12aac536a6f00730--slur--start--2,n12aac536a6f00730--slur--start--2,slur,stamp,n12aac536a6f00730
n90523ad4ff7c6656--slur--stop--1,n90523ad4ff7c6656--slur--stop--1,slur,stamp,n90523ad4ff7c6656
n604b5f11dd267b4e--slur--start--1,n604b5f11dd267b4e--slur--start--1,slur,stamp,n604b5f11dd267b4e
nf2a214e727fdecb7--slur--stop--1,nf2a214e727fdecb7--slur--stop--1,slur,stamp,nf2a214e727fdecb7
e4f9154ddc4f9ef4f,e4f9154ddc4f9ef4f,pedal,md,1
ec78edf12b6452ca1,ec78edf12b6452ca1,pedal,md,1
n726142c48a02e67e--slur--start--1,n726142c48a02e67e--slur--start--1,slur,stamp,n726142c48a02e67e
n2d38c61c1a43c5f7--slur--stop--1,n2d38c61c1a43c5f7--slur--stop--1,slur,stamp,n2d38c61c1a43c5f7
n2ffe4cdf28845d06--slur--start--1,n2ffe4cdf28845d06--slur--start--1,slur,stamp,n2ffe4cdf28845d06
nb74215c4895bf846--slur--stop--1,nb74215c4895bf846--slur--stop--1,slur,stamp,nb74215c4895bf846
nef248a34642652f0--slur--start--1,nef248a34642652f0--slur--start--1,slur,stamp,nef248a34642652f0
nd31ef9e570a489f3--slur--stop--1,nd31ef9e570a489f3--slur--stop--1,slur,stamp,nd31ef9e570a489f3
ee57d82afce521672,ee57d82afce521672,pedal,md,1
eafc321d63e4d9cc7,eafc321d63e4d9cc7,pedal,md,1
n49c898bb2e3b7470--slur--start--1,n49c898bb2e3b7470--slur--start--1,slur,stamp,n49c898bb2e3b7470
n170050f462266a2a--slur--start--1,n170050f462266a2a--slur--start--1,slur,stamp,n170050f462266a2a
nb0f6379164db12f7--slur--stop--1,nb0f6379164db12f7--slur--stop--1,slur,stamp,nb0f6379164db12f7
nad672c7de65f3353--slur--start--1,nad672c7de65f3353--slur--start--1,slur,stamp,nad672c7de65f3353
edba65d754fd6e9e2,edba65d754fd6e9e2,pedal,md,1
e11edb6736b15e814,e11edb6736b15e814,pedal,md,1
e5273625c2f78fe03,e5273625c2f78fe03,pedal,md,1
e663aa5d72864987e,e663aa5d72864987e,pedal,md,1
ne80131342b346cd0--slur--stop--1,ne80131342b346cd0--slur--stop--1,slur,stamp,ne80131342b346cd0
n29c4683ef77fd37b--slur--stop--1,n29c4683ef77fd37b--slur--stop--1,slur,stamp,n29c4683ef77fd37b
n854a5e1d282b6498--slur--start--1,n854a5e1d282b6498--slur--start--1,slur,stamp,n854a5e1d282b6498
n27dbcf757c196f6d--slur--stop--1,n27dbcf757c196f6d--slur--stop--1,slur,stamp,n27dbcf757c196f6d
nb18aa661a67bd6ad--slur--start--1,nb18aa661a67bd6ad--slur--start--1,slur,stamp,nb18aa661a67bd6ad
ece88831957bd787c,ece88831957bd787c,pedal,md,1
e6763ed04db6300a8,e6763ed04db6300a8,pedal,md,1
eac1cd568268a9a59,eac1cd568268a9a59,pedal,md,1
e550fad1143703117,e550fad1143703117,pedal,md,1
n82298645ec86e596--slur--start--1,n82298645ec86e596--slur--start--1,slur,stamp,n82298645ec86e596
n0af18c065e0fe054--accent--1,,accent,derive,n0af18c065e0fe054
nf73d8b974d186178--slur--stop--1,nf73d8b974d186178--slur--stop--1,slur,stamp,nf73d8b974d186178
n5c9e8b765ea38302--slur--start--1,n5c9e8b765ea38302--slur--start--1,slur,stamp,n5c9e8b765ea38302
n5c9e8b765ea38302--staccato--1,,staccato,derive,n5c9e8b765ea38302
n9585997f26931938--staccato--1,,staccato,derive,n9585997f26931938
efb7f7b1b798167f7,efb7f7b1b798167f7,pedal,md,1
ecc4c32bf47bfb7f4,ecc4c32bf47bfb7f4,octave-shift,md,1
n24ca0474fee80229--slur--stop--1,n24ca0474fee80229--slur--stop--1,slur,stamp,n24ca0474fee80229
n24ca0474fee80229--slur--start--2,n24ca0474fee80229--slur--start--2,slur,stamp,n24ca0474fee80229
n6316737ea8da49aa--slur--stop--1,n6316737ea8da49aa--slur--stop--1,slur,stamp,n6316737ea8da49aa
n5e5ad018afe6f156--slur--start--1,n5e5ad018afe6f156--slur--start--1,slur,stamp,n5e5ad018afe6f156
efe3dabb9c103a729,efe3dabb9c103a729,octave-shift,md,1
e2104a224153f2e97,e2104a224153f2e97,pedal,md,2
n30d4b039f93f7de7--slur--stop--1,n30d4b039f93f7de7--slur--stop--1,slur,stamp,n30d4b039f93f7de7
n30d4b039f93f7de7--slur--start--2,n30d4b039f93f7de7--slur--start--2,slur,stamp,n30d4b039f93f7de7
naae8b751bafbcde4--slur--stop--1,naae8b751bafbcde4--slur--stop--1,slur,stamp,naae8b751bafbcde4
naae8b751bafbcde4--slur--start--2,naae8b751bafbcde4--slur--start--2,slur,stamp,naae8b751bafbcde4
n4cef0d037bdf8bca--tie--1,,tie,derive,n4cef0d037bdf8bca
n4cef0d037bdf8bca--tied--start--1,n4cef0d037bdf8bca--tied--start--1,tied,stamp,n4cef0d037bdf8bca
n4cef0d037bdf8bca--slur--stop--1,n4cef0d037bdf8bca--slur--stop--1,slur,stamp,n4cef0d037bdf8bca
nc55b9ab7a1ff22b3--tie--1,,tie,derive,nc55b9ab7a1ff22b3
nc55b9ab7a1ff22b3--tied--start--1,nc55b9ab7a1ff22b3--tied--start--1,tied,stamp,nc55b9ab7a1ff22b3
n1d89813583047121--tie--1,,tie,derive,n1d89813583047121
n1d89813583047121--tied--stop--1,n1d89813583047121--tied--stop--1,tied,stamp,n1d89813583047121
n31d3e96feddc19b3--tie--1,,tie,derive,n31d3e96feddc19b3
n31d3e96feddc19b3--tied--stop--1,n31d3e96feddc19b3--tied--stop--1,tied,stamp,n31d3e96feddc19b3
n4cecdeebd60a7113--slur--start--1,n4cecdeebd60a7113--slur--start--1,slur,stamp,n4cecdeebd60a7113
e8a36af6668727244,e8a36af6668727244,pedal,md,1
e454737013c0a5157,e454737013c0a5157,pedal,md,1
n61e5287963ca7d58--slur--stop--1,n61e5287963ca7d58--slur--stop--1,slur,stamp,n61e5287963ca7d58
n61e5287963ca7d58--slur--start--2,n61e5287963ca7d58--slur--start--2,slur,stamp,n61e5287963ca7d58
n63b961449c8e4ba2--slur--stop--1,n63b961449c8e4ba2--slur--stop--1,slur,stamp,n63b961449c8e4ba2
n63b961449c8e4ba2--slur--start--2,n63b961449c8e4ba2--slur--start--2,slur,stamp,n63b961449c8e4ba2
n1d9663831cd8c7e1--tie--1,,tie,derive,n1d9663831cd8c7e1
n1d9663831cd8c7e1--tied--start--1,n1d9663831cd8c7e1--tied--start--1,tied,stamp,n1d9663831cd8c7e1
n1d9663831cd8c7e1--slur--stop--1,n1d9663831cd8c7e1--slur--stop--1,slur,stamp,n1d9663831cd8c7e1
n78318980d905a49b--tie--1,,tie,derive,n78318980d905a49b
n78318980d905a49b--tied--start--1,n78318980d905a49b--tied--start--1,tied,stamp,n78318980d905a49b
n3132da2ee59f358d--tie--1,,tie,derive,n3132da2ee59f358d
n3132da2ee59f358d--tied--stop--1,n3132da2ee59f358d--tied--stop--1,tied,stamp,n3132da2ee59f358d
n2ee740281c678a06--tie--1,,tie,derive,n2ee740281c678a06
n2ee740281c678a06--tied--stop--1,n2ee740281c678a06--tied--stop--1,tied,stamp,n2ee740281c678a06
nd4eae71f3bb58300--slur--start--1,nd4eae71f3bb58300--slur--start--1,slur,stamp,nd4eae71f3bb58300
ee87edff23b81b075,ee87edff23b81b075,pedal,md,1
e5812e94c351ff5bf,e5812e94c351ff5bf,pedal,md,1
ne4b537bcf9a7a4fe--slur--stop--1,ne4b537bcf9a7a4fe--slur--stop--1,slur,stamp,ne4b537bcf9a7a4fe
ne4b537bcf9a7a4fe--slur--start--2,ne4b537bcf9a7a4fe--slur--start--2,slur,stamp,ne4b537bcf9a7a4fe
n1bb224ac8b96cf14--accent--1,,accent,derive,n1bb224ac8b96cf14
na8f975d310159db1--slur--stop--1,na8f975d310159db1--slur--stop--1,slur,stamp,na8f975d310159db1
nd253fb1da6f6f7d9--slur--start--1,nd253fb1da6f6f7d9--slur--start--1,slur,stamp,nd253fb1da6f6f7d9
nd253fb1da6f6f7d9--staccato--1,,staccato,derive,nd253fb1da6f6f7d9
n1569fc9ca0c12bd6--staccato--1,,staccato,derive,n1569fc9ca0c12bd6
edf02cee7f95c691f,edf02cee7f95c691f,pedal,md,1
e3c9d045f379e6b52,e3c9d045f379e6b52,octave-shift,md,1
na72c9d1146ff248b--slur--stop--1,na72c9d1146ff248b--slur--stop--1,slur,stamp,na72c9d1146ff248b
na72c9d1146ff248b--slur--start--2,na72c9d1146ff248b--slur--start--2,slur,stamp,na72c9d1146ff248b
na18044167343f669--slur--stop--1,na18044167343f669--slur--stop--1,slur,stamp,na18044167343f669
n12f10afb486dcb96--slur--start--1,n12f10afb486dcb96--slur--start--1,slur,stamp,n12f10afb486dcb96
e2702c6250ab77674,e2702c6250ab77674,octave-shift,md,1
e158af61baaea9d72,e158af61baaea9d72,pedal,md,2
n49c1fba12cc2416d--slur--stop--1,n49c1fba12cc2416d--slur--stop--1,slur,stamp,n49c1fba12cc2416d
n49c1fba12cc2416d--slur--start--2,n49c1fba12cc2416d--slur--start--2,slur,stamp,n49c1fba12cc2416d
n60e621e132db89c2--slur--stop--1,n60e621e132db89c2--slur--stop--1,slur,stamp,n60e621e132db89c2
n60e621e132db89c2--slur--start--2,n60e621e132db89c2--slur--start--2,slur,stamp,n60e621e132db89c2
n6a1971d581d6863d--tie--1,,tie,derive,n6a1971d581d6863d
n6a1971d581d6863d--tied--start--1,n6a1971d581d6863d--tied--start--1,tied,stamp,n6a1971d581d6863d
n6a1971d581d6863d--slur--stop--1,n6a1971d581d6863d--slur--stop--1,slur,stamp,n6a1971d581d6863d
nb11f07cecfc8b4b6--tie--1,,tie,derive,nb11f07cecfc8b4b6
nb11f07cecfc8b4b6--tied--start--1,nb11f07cecfc8b4b6--tied--start--1,tied,stamp,nb11f07cecfc8b4b6
nc2b3fb253a09e301--tie--1,,tie,derive,nc2b3fb253a09e301
nc2b3fb253a09e301--tied--stop--1,nc2b3fb253a09e301--tied--stop--1,tied,stamp,nc2b3fb253a09e301
nd479204f0d6caa14--tie--1,,tie,derive,nd479204f0d6caa14
nd479204f0d6caa14--tied--stop--1,nd479204f0d6caa14--tied--stop--1,tied,stamp,nd479204f0d6caa14
n4a166c6394b3e295--slur--start--1,n4a166c6394b3e295--slur--start--1,slur,stamp,n4a166c6394b3e295
e201a9c1a5faad594,e201a9c1a5faad594,words,md,1
e93d792cee275ba80,e93d792cee275ba80,pedal,md,1
eb5f45ed312ba3d47,eb5f45ed312ba3d47,pedal,md,1
n33aefa72b7f4d654--slur--stop--1,n33aefa72b7f4d654--slur--stop--1,slur,stamp,n33aefa72b7f4d654
n33aefa72b7f4d654--slur--start--2,n33aefa72b7f4d654--slur--start--2,slur,stamp,n33aefa72b7f4d654
n4577ae5bac5ac8e2--slur--stop--1,n4577ae5bac5ac8e2--slur--stop--1,slur,stamp,n4577ae5bac5ac8e2
n4577ae5bac5ac8e2--slur--start--2,n4577ae5bac5ac8e2--slur--start--2,slur,stamp,n4577ae5bac5ac8e2
n522a723687c1e5b5--tie--1,,tie,derive,n522a723687c1e5b5
n522a723687c1e5b5--tied--start--1,n522a723687c1e5b5--tied--start--1,tied,stamp,n522a723687c1e5b5
n522a723687c1e5b5--slur--stop--1,n522a723687c1e5b5--slur--stop--1,slur,stamp,n522a723687c1e5b5
n522a723687c1e5b5--slur--start--2,n522a723687c1e5b5--slur--start--2,slur,stamp,n522a723687c1e5b5
n22e4c7037f9b0f8b--tie--1,,tie,derive,n22e4c7037f9b0f8b
n22e4c7037f9b0f8b--tied--stop--1,n22e4c7037f9b0f8b--tied--stop--1,tied,stamp,n22e4c7037f9b0f8b
n062110fa5ce80f28--tie--1,,tie,derive,n062110fa5ce80f28
n062110fa5ce80f28--tied--start--1,n062110fa5ce80f28--tied--start--1,tied,stamp,n062110fa5ce80f28
eba1ba6464e3fc7e7,eba1ba6464e3fc7e7,pedal,md,1
e2c6a9efcf9109515,e2c6a9efcf9109515,words,md,1
ebcfb85c538b4404f,ebcfb85c538b4404f,pedal,md,1
n08bcaa8b4c2be2c9--slur--stop--1,n08bcaa8b4c2be2c9--slur--stop--1,slur,stamp,n08bcaa8b4c2be2c9
n08bcaa8b4c2be2c9--slur--start--2,n08bcaa8b4c2be2c9--slur--start--2,slur,stamp,n08bcaa8b4c2be2c9
n5f480f259cc45fad--slur--stop--1,n5f480f259cc45fad--slur--stop--1,slur,stamp,n5f480f259cc45fad
n45b415ee0bf82771--slur--start--1,n45b415ee0bf82771--slur--start--1,slur,stamp,n45b415ee0bf82771
n753afd8b78712a86--staccato--1,,staccato,derive,n753afd8b78712a86
n258640bdf16c2b4d--tie--1,,tie,derive,n258640bdf16c2b4d
n258640bdf16c2b4d--tied--stop--1,n258640bdf16c2b4d--tied--stop--1,tied,stamp,n258640bdf16c2b4d
e600a0c9673a25a52,e600a0c9673a25a52,words,md,1
e0c5587dda09e7d76,e0c5587dda09e7d76,pedal,md,1
e1eacfa14da9254e4,e1eacfa14da9254e4,octave-shift,md,1
n0117dd4b22a4def9--slur--stop--1,n0117dd4b22a4def9--slur--stop--1,slur,stamp,n0117dd4b22a4def9
n56a725b4ebb20a4f--tie--1,,tie,derive,n56a725b4ebb20a4f
n56a725b4ebb20a4f--tied--start--1,n56a725b4ebb20a4f--tied--start--1,tied,stamp,n56a725b4ebb20a4f
n56a725b4ebb20a4f--slur--stop--1,n56a725b4ebb20a4f--slur--stop--1,slur,stamp,n56a725b4ebb20a4f
na9c0d620b58b0c45--tie--1,,tie,derive,na9c0d620b58b0c45
na9c0d620b58b0c45--tied--start--1,na9c0d620b58b0c45--tied--start--1,tied,stamp,na9c0d620b58b0c45
n36d64f8eaddf8adc--tie--1,,tie,derive,n36d64f8eaddf8adc
n36d64f8eaddf8adc--tied--stop--1,n36d64f8eaddf8adc--tied--stop--1,tied,stamp,n36d64f8eaddf8adc
n787514a5b6b75d40--tie--1,,tie,derive,n787514a5b6b75d40
n787514a5b6b75d40--tied--stop--1,n787514a5b6b75d40--tied--stop--1,tied,stamp,n787514a5b6b75d40
n094261607f8537f2--slur--start--1,n094261607f8537f2--slur--start--1,slur,stamp,n094261607f8537f2
e111b2e86995ae508,e111b2e86995ae508,words,md,1
e8701f8ddcaba5837,e8701f8ddcaba5837,octave-shift,md,1
n8478146dc94e342a--tie--1,,tie,derive,n8478146dc94e342a
n8478146dc94e342a--tied--start--1,n8478146dc94e342a--tied--start--1,tied,stamp,n8478146dc94e342a
n8478146dc94e342a--slur--stop--1,n8478146dc94e342a--slur--stop--1,slur,stamp,n8478146dc94e342a
n6b71ca7757ac9d69--tie--1,,tie,derive,n6b71ca7757ac9d69
n6b71ca7757ac9d69--tied--start--1,n6b71ca7757ac9d69--tied--start--1,tied,stamp,n6b71ca7757ac9d69
n6aa6123aad355066--tie--1,,tie,derive,n6aa6123aad355066
n6aa6123aad355066--tied--stop--1,n6aa6123aad355066--tied--stop--1,tied,stamp,n6aa6123aad355066
n5442c782a857f1af--tie--1,,tie,derive,n5442c782a857f1af
n5442c782a857f1af--tied--stop--1,n5442c782a857f1af--tied--stop--1,tied,stamp,n5442c782a857f1af
n8fa38f687fe461ed--slur--start--1,n8fa38f687fe461ed--slur--start--1,slur,stamp,n8fa38f687fe461ed
n72f0e6086a392238--tie--1,,tie,derive,n72f0e6086a392238
n72f0e6086a392238--tied--start--1,n72f0e6086a392238--tied--start--1,tied,stamp,n72f0e6086a392238
n72f0e6086a392238--slur--start--1,n72f0e6086a392238--slur--start--1,slur,stamp,n72f0e6086a392238
n899be5dd7b5e1343--tie--1,,tie,derive,n899be5dd7b5e1343
n899be5dd7b5e1343--tied--start--1,n899be5dd7b5e1343--tied--start--1,tied,stamp,n899be5dd7b5e1343
na3fa7a9c0935ecfc--slur--stop--1,na3fa7a9c0935ecfc--slur--stop--1,slur,stamp,na3fa7a9c0935ecfc
ea2f2a798350b9e0f,ea2f2a798350b9e0f,words,md,1
e8eca85e5ffa1bff0,e8eca85e5ffa1bff0,pedal,md,2
n318d4158f59dee7b--tie--1,,tie,derive,n318d4158f59dee7b
n318d4158f59dee7b--tied--stop--1,n318d4158f59dee7b--tied--stop--1,tied,stamp,n318d4158f59dee7b
n318d4158f59dee7b--slur--start--1,n318d4158f59dee7b--slur--start--1,slur,stamp,n318d4158f59dee7b
n1c8470bb851ca97a--slur--stop--1,n1c8470bb851ca97a--slur--stop--1,slur,stamp,n1c8470bb851ca97a
n74f5dbdef87b7f99--tie--1,,tie,derive,n74f5dbdef87b7f99
n74f5dbdef87b7f99--tied--stop--1,n74f5dbdef87b7f99--tied--stop--1,tied,stamp,n74f5dbdef87b7f99
n74f5dbdef87b7f99--slur--start--1,n74f5dbdef87b7f99--slur--start--1,slur,stamp,n74f5dbdef87b7f99
n77b402898f525c65--staccato--1,,staccato,derive,n77b402898f525c65
ne7a508b739cd4878--slur--start--1,ne7a508b739cd4878--slur--start--1,slur,stamp,ne7a508b739cd4878
n3500bbe5747829fa--slur--stop--1,n3500bbe5747829fa--slur--stop--1,slur,stamp,n3500bbe5747829fa
ef894b9d7fba50345,ef894b9d7fba50345,dynamics,md,1
e5b1b74b64c938098,e5b1b74b64c938098,pedal,md,1
n75c29e90f0c6734d--tie--1,,tie,derive,n75c29e90f0c6734d
n75c29e90f0c6734d--tied--start--1,n75c29e90f0c6734d--tied--start--1,tied,stamp,n75c29e90f0c6734d
n75c29e90f0c6734d--slur--stop--1,n75c29e90f0c6734d--slur--stop--1,slur,stamp,n75c29e90f0c6734d
n60f001387b39767a--tie--1,,tie,derive,n60f001387b39767a
n60f001387b39767a--tied--stop--1,n60f001387b39767a--tied--stop--1,tied,stamp,n60f001387b39767a
nac8c7e73a71adaee--slur--start--1,nac8c7e73a71adaee--slur--start--1,slur,stamp,nac8c7e73a71adaee
n7cc5d0eb02c820c3--slur--stop--1,n7cc5d0eb02c820c3--slur--stop--1,slur,stamp,n7cc5d0eb02c820c3
nd5950e9876a6a5e5--slur--start--1,nd5950e9876a6a5e5--slur--start--1,slur,stamp,nd5950e9876a6a5e5
n7d9c8ccb30d3ecbd--slur--stop--1,n7d9c8ccb30d3ecbd--slur--stop--1,slur,stamp,n7d9c8ccb30d3ecbd
eee0eb51a6d8be356,eee0eb51a6d8be356,pedal,md,1
ed906cdbc56303335,ed906cdbc56303335,pedal,md,2
n328e4b78f99fb699--slur--start--1,n328e4b78f99fb699--slur--start--1,slur,stamp,n328e4b78f99fb699
n3a0e9f520a62732f--slur--stop--1,n3a0e9f520a62732f--slur--stop--1,slur,stamp,n3a0e9f520a62732f
n6b048548fb2fa8e1--slur--start--1,n6b048548fb2fa8e1--slur--start--1,slur,stamp,n6b048548fb2fa8e1
nc01ddf6d8c88b945--slur--start--1,nc01ddf6d8c88b945--slur--start--1,slur,stamp,nc01ddf6d8c88b945
n68c58b0db81b4a2a--slur--start--1,n68c58b0db81b4a2a--slur--start--1,slur,stamp,n68c58b0db81b4a2a
n4c476814bda242d0--slur--stop--1,n4c476814bda242d0--slur--stop--1,slur,stamp,n4c476814bda242d0
e4001c51a376a239d,e4001c51a376a239d,pedal,md,2
e403b4a47144d8428,e403b4a47144d8428,pedal,md,2
nc228613a2f552ed6--slur--stop--1,nc228613a2f552ed6--slur--stop--1,slur,stamp,nc228613a2f552ed6
nc228613a2f552ed6--slur--stop--2,nc228613a2f552ed6--slur--stop--2,slur,stamp,nc228613a2f552ed6
nb5b9cce4e8cf5e02--slur--start--1,nb5b9cce4e8cf5e02--slur--start--1,slur,stamp,nb5b9cce4e8cf5e02
n1994301789b93c0c--slur--stop--1,n1994301789b93c0c--slur--stop--1,slur,stamp,n1994301789b93c0c
n14c23ec15e5887f4--slur--start--1,n14c23ec15e5887f4--slur--start--1,slur,stamp,n14c23ec15e5887f4
na035da65f1b4ae43--slur--stop--1,na035da65f1b4ae43--slur--stop--1,slur,stamp,na035da65f1b4ae43
ec454cb174b0ee41c,ec454cb174b0ee41c,pedal,md,2
ef805a6af9822fa5d,ef805a6af9822fa5d,pedal,md,2
nc0a065aa560d7dce--accent--1,,accent,derive,nc0a065aa560d7dce
n54502b9a3e3ce7af--slur--start--1,n54502b9a3e3ce7af--slur--start--1,slur,stamp,n54502b9a3e3ce7af
n5539e1d23dcf336b--slur--stop--1,n5539e1d23dcf336b--slur--stop--1,slur,stamp,n5539e1d23dcf336b
e5d0f7f62f6966673,e5d0f7f62f6966673,pedal,md,2
e829a6111e524e811,e829a6111e524e811,pedal,md,2
n27af94aa8aa5aaee--slur--stop--1,n27af94aa8aa5aaee--slur--stop--1,slur,stamp,n27af94aa8aa5aaee
n371ea5126c2d840a--slur--start--1,n371ea5126c2d840a--slur--start--1,slur,stamp,n371ea5126c2d840a
n57a7efe445e4d707--slur--start--1,n57a7efe445e4d707--slur--start--1,slur,stamp,n57a7efe445e4d707
n9c19145a27c7e36b--slur--stop--1,n9c19145a27c7e36b--slur--stop--1,slur,stamp,n9c19145a27c7e36b
ebacfe90f07e41b04,ebacfe90f07e41b04,pedal,md,2
e2b21f53b0c5b6631,e2b21f53b0c5b6631,pedal,md,2
e1281b744f0e5ed8b,e1281b744f0e5ed8b,pedal,md,2
ee824b4801062d646,ee824b4801062d646,pedal,md,2
n99f2337813cb4468--slur--stop--1,n99f2337813cb4468--slur--stop--1,slur,stamp,n99f2337813cb4468
n5d640894b1544f1d--slur--start--1,n5d640894b1544f1d--slur--start--1,slur,stamp,n5d640894b1544f1d
ne91408afb47798ce--slur--start--1,ne91408afb47798ce--slur--start--1,slur,stamp,ne91408afb47798ce
nd03659deb52a0fb3--slur--stop--1,nd03659deb52a0fb3--slur--stop--1,slur,stamp,nd03659deb52a0fb3
e36a716a0ee38009e,e36a716a0ee38009e,pedal,md,2
e927b537ce6c6c931,e927b537ce6c6c931,pedal,md,2
e4becb6bf913c1594,e4becb6bf913c1594,pedal,md,2
n2f5d4a1abb15c92d--tuplet--start--1,n2f5d4a1abb15c92d--tuplet--start--1,tuplet,stamp,n2f5d4a1abb15c92d
n6759ca190837e479--tuplet--stop--1,n6759ca190837e479--tuplet--stop--1,tuplet,stamp,n6759ca190837e479
n60f3ec3843886ac5--slur--start--1,n60f3ec3843886ac5--slur--start--1,slur,stamp,n60f3ec3843886ac5
nc34fc02ac83ddde7--slur--stop--1,nc34fc02ac83ddde7--slur--stop--1,slur,stamp,nc34fc02ac83ddde7
e1d36facd62b159bd,e1d36facd62b159bd,pedal,md,1
e23a77bbae5341045,e23a77bbae5341045,pedal,md,1
e8edc975976d3f655,e8edc975976d3f655,pedal,md,2
e59dc3ac94ba70ea7,e59dc3ac94ba70ea7,pedal,md,2
n7f97529f3c8e512f--slur--stop--1,n7f97529f3c8e512f--slur--stop--1,slur,stamp,n7f97529f3c8e512f
n7f97529f3c8e512f--slur--start--2,n7f97529f3c8e512f--slur--start--2,slur,stamp,n7f97529f3c8e512f
n631dd5027e0c5987--slur--start--1,n631dd5027e0c5987--slur--start--1,slur,stamp,n631dd5027e0c5987
n9aa5701f2a3a5c36--slur--start--1,n9aa5701f2a3a5c36--slur--start--1,slur,stamp,n9aa5701f2a3a5c36
n4534919cc3d5e563--slur--stop--1,n4534919cc3d5e563--slur--stop--1,slur,stamp,n4534919cc3d5e563
e37afd25f716de1fa,e37afd25f716de1fa,pedal,md,2
ed5ab46bfb5cf7ad0,ed5ab46bfb5cf7ad0,pedal,md,2
n8550fe7c9e452877--tie--1,,tie,derive,n8550fe7c9e452877
n8550fe7c9e452877--tied--start--1,n8550fe7c9e452877--tied--start--1,tied,stamp,n8550fe7c9e452877
n8550fe7c9e452877--slur--stop--1,n8550fe7c9e452877--slur--stop--1,slur,stamp,n8550fe7c9e452877
n034a8e234fb39539--tie--1,,tie,derive,n034a8e234fb39539
n034a8e234fb39539--tied--stop--1,n034a8e234fb39539--tied--stop--1,tied,stamp,n034a8e234fb39539
n8778add059030610--slur--start--1,n8778add059030610--slur--start--1,slur,stamp,n8778add059030610
n07f843debd2e7f60--slur--stop--1,n07f843debd2e7f60--slur--stop--1,slur,stamp,n07f843debd2e7f60
n64f1e29dc316e579--slur--start--1,n64f1e29dc316e579--slur--start--1,slur,stamp,n64f1e29dc316e579
nf7c16323fc71111d--slur--stop--1,nf7c16323fc71111d--slur--stop--1,slur,stamp,nf7c16323fc71111d
ee0cb57983df138ed,ee0cb57983df138ed,pedal,md,2
eebc0e862de5bfd82,eebc0e862de5bfd82,pedal,md,2
n067d588bb3656f07--slur--start--1,n067d588bb3656f07--slur--start--1,slur,stamp,n067d588bb3656f07
n2a1ad8e187a47e44--slur--start--1,n2a1ad8e187a47e44--slur--start--1,slur,stamp,n2a1ad8e187a47e44
nbc934cda8df02ed8--slur--stop--1,nbc934cda8df02ed8--slur--stop--1,slur,stamp,nbc934cda8df02ed8
ea228f097d9daee41,ea228f097d9daee41,pedal,md,2
e6cb28b9ba7672794,e6cb28b9ba7672794,pedal,md,2
n4e46bac9572cd6bb--slur--stop--1,n4e46bac9572cd6bb--slur--stop--1,slur,stamp,n4e46bac9572cd6bb
n9fdc12b093c28087--slur--start--1,n9fdc12b093c28087--slur--start--1,slur,stamp,n9fdc12b093c28087
n9fdc12b093c28087--accent--1,,accent,derive,n9fdc12b093c28087
nb13487946b727c00--slur--stop--1,nb13487946b727c00--slur--stop--1,slur,stamp,nb13487946b727c00
nc5d2650bcadbc9a3--slur--start--1,nc5d2650bcadbc9a3--slur--start--1,slur,stamp,nc5d2650bcadbc9a3
n0a809af2d34fe293--slur--stop--1,n0a809af2d34fe293--slur--stop--1,slur,stamp,n0a809af2d34fe293
e35b3ae9fc1cfd143,e35b3ae9fc1cfd143,pedal,md,2
e5821920d78f743c4,e5821920d78f743c4,pedal,md,2
n8218d8d0a1e5f537--slur--stop--1,n8218d8d0a1e5f537--slur--stop--1,slur,stamp,n8218d8d0a1e5f537
n3b63d798c9a07e79--slur--start--1,n3b63d798c9a07e79--slur--start--1,slur,stamp,n3b63d798c9a07e79
n1e64d43fad440421--slur--start--1,n1e64d43fad440421--slur--start--1,slur,stamp,n1e64d43fad440421
n694fed759d6fba05--slur--stop--1,n694fed759d6fba05--slur--stop--1,slur,stamp,n694fed759d6fba05
n5af3339f1e605a29--slur--start--1,n5af3339f1e605a29--slur--start--1,slur,stamp,n5af3339f1e605a29
edeb8e79b96694af4,edeb8e79b96694af4,pedal,md,1
e83ec859ee152f4a7,e83ec859ee152f4a7,pedal,md,1
n7d19ea117f144f51--tuplet--start--1,n7d19ea117f144f51--tuplet--start--1,tuplet,stamp,n7d19ea117f144f51
n3000313e13d8aea9--tuplet--stop--1,n3000313e13d8aea9--tuplet--stop--1,tuplet,stamp,n3000313e13d8aea9
nb875be12161d6c64--slur--stop--1,nb875be12161d6c64--slur--stop--1,slur,stamp,nb875be12161d6c64
n344d059eb178ce68--tie--1,,tie,derive,n344d059eb178ce68
n344d059eb178ce68--tied--start--1,n344d059eb178ce68--tied--start--1,tied,stamp,n344d059eb178ce68
n344d059eb178ce68--slur--start--1,n344d059eb178ce68--slur--start--1,slur,stamp,n344d059eb178ce68
n344d059eb178ce68--accent--1,,accent,derive,n344d059eb178ce68
n2870bbe1510aa6ce--tie--1,,tie,derive,n2870bbe1510aa6ce
n2870bbe1510aa6ce--tied--stop--1,n2870bbe1510aa6ce--tied--stop--1,tied,stamp,n2870bbe1510aa6ce
n2870bbe1510aa6ce--tuplet--start--1,n2870bbe1510aa6ce--tuplet--start--1,tuplet,stamp,n2870bbe1510aa6ce
n3b762be35ae1047e--tuplet--stop--1,n3b762be35ae1047e--tuplet--stop--1,tuplet,stamp,n3b762be35ae1047e
n3b762be35ae1047e--slur--stop--1,n3b762be35ae1047e--slur--stop--1,slur,stamp,n3b762be35ae1047e
n094a6ef8c2df6919--slur--start--1,n094a6ef8c2df6919--slur--start--1,slur,stamp,n094a6ef8c2df6919
nd38baf6845867f66--slur--stop--1,nd38baf6845867f66--slur--stop--1,slur,stamp,nd38baf6845867f66
n1114fdf3d995d633--slur--start--1,n1114fdf3d995d633--slur--start--1,slur,stamp,n1114fdf3d995d633
n7d1afe9ab8963789--slur--stop--1,n7d1afe9ab8963789--slur--stop--1,slur,stamp,n7d1afe9ab8963789
n1a5c5d001dea4820--slur--stop--1,n1a5c5d001dea4820--slur--stop--1,slur,stamp,n1a5c5d001dea4820
e190d7ce74b88d335,e190d7ce74b88d335,pedal,md,1
e00c7a87f17dc10f9,e00c7a87f17dc10f9,pedal,md,2
e6f7cd1cac27c6d7a,e6f7cd1cac27c6d7a,pedal,md,2
e70e20643c7acd1ce,e70e20643c7acd1ce,pedal,md,2
n40cf38c404aeb072--slur--start--1,n40cf38c404aeb072--slur--start--1,slur,stamp,n40cf38c404aeb072
nb003b22741c7309f--tuplet--start--1,nb003b22741c7309f--tuplet--start--1,tuplet,stamp,nb003b22741c7309f
nfe9d9fb37229a24b--tuplet--stop--1,nfe9d9fb37229a24b--tuplet--stop--1,tuplet,stamp,nfe9d9fb37229a24b
n8a40fc43070f0276--slur--start--1,n8a40fc43070f0276--slur--start--1,slur,stamp,n8a40fc43070f0276
n94c6638afdfdb2db--slur--stop--1,n94c6638afdfdb2db--slur--stop--1,slur,stamp,n94c6638afdfdb2db
ea20b663539471a02,ea20b663539471a02,pedal,md,1
ed97bb53e680a2d83,ed97bb53e680a2d83,pedal,md,2
nabe6ae26471f0c44--tie--1,,tie,derive,nabe6ae26471f0c44
nabe6ae26471f0c44--tied--start--1,nabe6ae26471f0c44--tied--start--1,tied,stamp,nabe6ae26471f0c44
nabe6ae26471f0c44--slur--stop--1,nabe6ae26471f0c44--slur--stop--1,slur,stamp,nabe6ae26471f0c44
n5b5e41a7d9a6e7db--tie--1,,tie,derive,n5b5e41a7d9a6e7db
n5b5e41a7d9a6e7db--tied--stop--1,n5b5e41a7d9a6e7db--tied--stop--1,tied,stamp,n5b5e41a7d9a6e7db
n82215292a810907b--slur--start--1,n82215292a810907b--slur--start--1,slur,stamp,n82215292a810907b
n92fe845b9dccacae--tuplet--start--1,n92fe845b9dccacae--tuplet--start--1,tuplet,stamp,n92fe845b9dccacae
n0d7318ca860479a8--tuplet--stop--1,n0d7318ca860479a8--tuplet--stop--1,tuplet,stamp,n0d7318ca860479a8
n0d7318ca860479a8--slur--stop--1,n0d7318ca860479a8--slur--stop--1,slur,stamp,n0d7318ca860479a8
n6543ace0d2632079--slur--start--1,n6543ace0d2632079--slur--start--1,slur,stamp,n6543ace0d2632079
n7a0bc8cb7358aadf--slur--stop--1,n7a0bc8cb7358aadf--slur--stop--1,slur,stamp,n7a0bc8cb7358aadf
e5aec764c65024d86,e5aec764c65024d86,pedal,md,1
ed88ee26ae244e4da,ed88ee26ae244e4da,pedal,md,1
n4ed6d1d3fe3508be--tie--1,,tie,derive,n4ed6d1d3fe3508be
n4ed6d1d3fe3508be--tied--start--1,n4ed6d1d3fe3508be--tied--start--1,tied,stamp,n4ed6d1d3fe3508be
n6375fe6cb4cc349f--tie--1,,tie,derive,n6375fe6cb4cc349f
n6375fe6cb4cc349f--tied--stop--1,n6375fe6cb4cc349f--tied--stop--1,tied,stamp,n6375fe6cb4cc349f
nc8278c2f39aaa27c--slur--start--1,nc8278c2f39aaa27c--slur--start--1,slur,stamp,nc8278c2f39aaa27c
ne3410be01a90ac90--tuplet--start--1,ne3410be01a90ac90--tuplet--start--1,tuplet,stamp,ne3410be01a90ac90
nc2c114879f5a6971--tuplet--stop--1,nc2c114879f5a6971--tuplet--stop--1,tuplet,stamp,nc2c114879f5a6971
nc2c114879f5a6971--slur--stop--1,nc2c114879f5a6971--slur--stop--1,slur,stamp,nc2c114879f5a6971
n6f6eb72543a703de--slur--start--1,n6f6eb72543a703de--slur--start--1,slur,stamp,n6f6eb72543a703de
n2c8707ac3e5e3e57--slur--stop--1,n2c8707ac3e5e3e57--slur--stop--1,slur,stamp,n2c8707ac3e5e3e57
efd0574944ebd607c,efd0574944ebd607c,pedal,md,1
ecedb73c301f64040,ecedb73c301f64040,pedal,md,2
n12ef74477933ee57--tie--1,,tie,derive,n12ef74477933ee57
n12ef74477933ee57--tied--start--1,n12ef74477933ee57--tied--start--1,tied,stamp,n12ef74477933ee57
nf0c09802c2c2f5d7--tie--1,,tie,derive,nf0c09802c2c2f5d7
nf0c09802c2c2f5d7--tied--stop--1,nf0c09802c2c2f5d7--tied--stop--1,tied,stamp,nf0c09802c2c2f5d7
nf0c09802c2c2f5d7--tuplet--start--1,nf0c09802c2c2f5d7--tuplet--start--1,tuplet,stamp,nf0c09802c2c2f5d7
nda3b1cefd9920190--tuplet--stop--1,nda3b1cefd9920190--tuplet--stop--1,tuplet,stamp,nda3b1cefd9920190
n82a3881542ad63c3--tuplet--start--1,n82a3881542ad63c3--tuplet--start--1,tuplet,stamp,n82a3881542ad63c3
ne0706c043c13b041--tuplet--stop--1,ne0706c043c13b041--tuplet--stop--1,tuplet,stamp,ne0706c043c13b041
n73dcc257dd0d389b--tie--1,,tie,derive,n73dcc257dd0d389b
n73dcc257dd0d389b--tied--start--1,n73dcc257dd0d389b--tied--start--1,tied,stamp,n73dcc257dd0d389b
nce85279a36cc590d--tie--1,,tie,derive,nce85279a36cc590d
nce85279a36cc590d--tied--stop--1,nce85279a36cc590d--tied--stop--1,tied,stamp,nce85279a36cc590d
n4343df0c93207103--tuplet--start--1,n4343df0c93207103--tuplet--start--1,tuplet,stamp,n4343df0c93207103
nb6548b93cf3c2292--tuplet--stop--1,nb6548b93cf3c2292--tuplet--stop--1,tuplet,stamp,nb6548b93cf3c2292
nb6548b93cf3c2292--slur--start--1,nb6548b93cf3c2292--slur--start--1,slur,stamp,nb6548b93cf3c2292
nb6548b93cf3c2292--accent--1,,accent,derive,nb6548b93cf3c2292
n12952371f291ed49--accent--1,,accent,derive,n12952371f291ed49
n9c078decd8855602--slur--start--1,n9c078decd8855602--slur--start--1,slur,stamp,n9c078decd8855602
n073a51a753535d88--slur--stop--1,n073a51a753535d88--slur--stop--1,slur,stamp,n073a51a753535d88
n455e2101d31000f3--slur--start--1,n455e2101d31000f3--slur--start--1,slur,stamp,n455e2101d31000f3
n79b0fd82bc758985--slur--stop--1,n79b0fd82bc758985--slur--stop--1,slur,stamp,n79b0fd82bc758985
e54d81840313388f2,e54d81840313388f2,pedal,md,1
eca116e2185727e67,eca116e2185727e67,pedal,md,1
e4d28156572dd61d7,e4d28156572dd61d7,pedal,md,1
e7bc676a67e3b7e6f,e7bc676a67e3b7e6f,pedal,md,2
na3e15dad83923373--slur--stop--1,na3e15dad83923373--slur--stop--1,slur,stamp,na3e15dad83923373
nfed1d810c2d23e9f--slur--start--1,nfed1d810c2d23e9f--slur--start--1,slur,stamp,nfed1d810c2d23e9f
n0dbb5ddbc09ec3b2--tuplet--start--1,n0dbb5ddbc09ec3b2--tuplet--start--1,tuplet,stamp,n0dbb5ddbc09ec3b2
n7a2f920a4608d529--tuplet--stop--1,n7a2f920a4608d529--tuplet--stop--1,tuplet,stamp,n7a2f920a4608d529
nf91042529a960570--slur--start--1,nf91042529a960570--slur--start--1,slur,stamp,nf91042529a960570
ne270445eae28b314--slur--stop--1,ne270445eae28b314--slur--stop--1,slur,stamp,ne270445eae28b314
n06911107e27d149b--accent--1,,accent,derive,n06911107e27d149b
e9616b51f2ef943ed,e9616b51f2ef943ed,pedal,md,1
e34a866b216e144c8,e34a866b216e144c8,pedal,md,1
n030a5f5693b59369--slur--stop--1,n030a5f5693b59369--slur--stop--1,slur,stamp,n030a5f5693b59369
n49602772b9b5dd6a--accent--1,,accent,derive,n49602772b9b5dd6a
n241746cf9bbc8a56--tuplet--start--1,n241746cf9bbc8a56--tuplet--start--1,tuplet,stamp,n241746cf9bbc8a56
nfe934aa1460b84bd--slur--start--1,nfe934aa1460b84bd--slur--start--1,slur,stamp,nfe934aa1460b84bd
nbac1467335f3dac4--tuplet--stop--1,nbac1467335f3dac4--tuplet--stop--1,tuplet,stamp,nbac1467335f3dac4
nfd303a1901d9bdc7--tuplet--start--1,nfd303a1901d9bdc7--tuplet--start--1,tuplet,stamp,nfd303a1901d9bdc7
nb86fcfdcf701aed8--tuplet--stop--1,nb86fcfdcf701aed8--tuplet--stop--1,tuplet,stamp,nb86fcfdcf701aed8
n7508a0246f2d2d06--slur--start--1,n7508a0246f2d2d06--slur--start--1,slur,stamp,n7508a0246f2d2d06
nc27da806a4171f46--slur--stop--1,nc27da806a4171f46--slur--stop--1,slur,stamp,nc27da806a4171f46
ea18e1e71618aee8e,ea18e1e71618aee8e,pedal,md,1
ebcb1181d647478a1,ebcb1181d647478a1,pedal,md,1
nff25e8998900682f--slur--stop--1,nff25e8998900682f--slur--stop--1,slur,stamp,nff25e8998900682f
n36a9174c7618094f--accent--1,,accent,derive,n36a9174c7618094f
n8965983e0819330a--tuplet--start--1,n8965983e0819330a--tuplet--start--1,tuplet,stamp,n8965983e0819330a
nc7606716aa31de83--slur--start--1,nc7606716aa31de83--slur--start--1,slur,stamp,nc7606716aa31de83
nfffd18713fd0b42b--tuplet--stop--1,nfffd18713fd0b42b--tuplet--stop--1,tuplet,stamp,nfffd18713fd0b42b
n49f6952847e90aef--tuplet--start--1,n49f6952847e90aef--tuplet--start--1,tuplet,stamp,n49f6952847e90aef
nab0288e5d32d8b2b--tuplet--stop--1,nab0288e5d32d8b2b--tuplet--stop--1,tuplet,stamp,nab0288e5d32d8b2b
nb490852adf67325b--slur--start--1,nb490852adf67325b--slur--start--1,slur,stamp,nb490852adf67325b
n5db091ce12efafd6--slur--stop--1,n5db091ce12efafd6--slur--stop--1,slur,stamp,n5db091ce12efafd6
e3b7470d150b874c2,e3b7470d150b874c2,pedal,md,1
e3d2abc24c8e9a5d2,e3d2abc24c8e9a5d2,pedal,md,2
n4f7318bb7511b68b--tie--1,,tie,derive,n4f7318bb7511b68b
n4f7318bb7511b68b--tied--start--1,n4f7318bb7511b68b--tied--start--1,tied,stamp,n4f7318bb7511b68b
n4f7318bb7511b68b--slur--stop--1,n4f7318bb7511b68b--slur--stop--1,slur,stamp,n4f7318bb7511b68b
n2d6fde8e64b7d654--tie--1,,tie,derive,n2d6fde8e64b7d654
n2d6fde8e64b7d654--tied--stop--1,n2d6fde8e64b7d654--tied--stop--1,tied,stamp,n2d6fde8e64b7d654
n2d6fde8e64b7d654--tuplet--start--1,n2d6fde8e64b7d654--tuplet--start--1,tuplet,stamp,n2d6fde8e64b7d654
n5471b3c6a9a07061--tuplet--stop--1,n5471b3c6a9a07061--tuplet--stop--1,tuplet,stamp,n5471b3c6a9a07061
n4415c607e02a18fb--tuplet--start--1,n4415c607e02a18fb--tuplet--start--1,tuplet,stamp,n4415c607e02a18fb
n31cc6a4a37a4a61e--tuplet--stop--1,n31cc6a4a37a4a61e--tuplet--stop--1,tuplet,stamp,n31cc6a4a37a4a61e
nf16bbf7eb506d79d--tie--1,,tie,derive,nf16bbf7eb506d79d
nf16bbf7eb506d79d--tied--start--1,nf16bbf7eb506d79d--tied--start--1,tied,stamp,nf16bbf7eb506d79d
n0982c7cae75bf7fc--tie--1,,tie,derive,n0982c7cae75bf7fc
n0982c7cae75bf7fc--tied--stop--1,n0982c7cae75bf7fc--tied--stop--1,tied,stamp,n0982c7cae75bf7fc
n85260be4eb2298ce--tuplet--start--1,n85260be4eb2298ce--tuplet--start--1,tuplet,stamp,n85260be4eb2298ce
ne15fbd46ba8afc0c--tuplet--stop--1,ne15fbd46ba8afc0c--tuplet--stop--1,tuplet,stamp,ne15fbd46ba8afc0c
ne15fbd46ba8afc0c--slur--start--1,ne15fbd46ba8afc0c--slur--start--1,slur,stamp,ne15fbd46ba8afc0c
ne15fbd46ba8afc0c--accent--1,,accent,derive,ne15fbd46ba8afc0c
na8169de7760fd17e--accent--1,,accent,derive,na8169de7760fd17e
n99a771f8a12990c4--slur--start--1,n99a771f8a12990c4--slur--start--1,slur,stamp,n99a771f8a12990c4
n27f112b34177ab18--slur--stop--1,n27f112b34177ab18--slur--stop--1,slur,stamp,n27f112b34177ab18
na82e67800c8232ac--slur--start--1,na82e67800c8232ac--slur--start--1,slur,stamp,na82e67800c8232ac
n422ebdfe61464d1c--slur--stop--1,n422ebdfe61464d1c--slur--stop--1,slur,stamp,n422ebdfe61464d1c
efe3f7fce16a45d3f,efe3f7fce16a45d3f,pedal,md,1
e4e58e042f423e699,e4e58e042f423e699,pedal,md,1
e3dd9b2aafbe37dcf,e3dd9b2aafbe37dcf,pedal,md,1
e35b8834d74199121,e35b8834d74199121,pedal,md,1
n3e7543bff7685e67--tie--1,,tie,derive,n3e7543bff7685e67
n3e7543bff7685e67--tied--start--1,n3e7543bff7685e67--tied--start--1,tied,stamp,n3e7543bff7685e67
n3e7543bff7685e67--slur--stop--1,n3e7543bff7685e67--slur--stop--1,slur,stamp,n3e7543bff7685e67
na6bac40f8ab85285--tie--1,,tie,derive,na6bac40f8ab85285
na6bac40f8ab85285--tied--stop--1,na6bac40f8ab85285--tied--stop--1,tied,stamp,na6bac40f8ab85285
n59741e08ab7b626f--slur--start--1,n59741e08ab7b626f--slur--start--1,slur,stamp,n59741e08ab7b626f
n7ed5b71c7b317054--slur--start--1,n7ed5b71c7b317054--slur--start--1,slur,stamp,n7ed5b71c7b317054
naccee7eb886b431f--slur--stop--1,naccee7eb886b431f--slur--stop--1,slur,stamp,naccee7eb886b431f
n510563fb41220cd0--accent--1,,accent,derive,n510563fb41220cd0
e7e83dd423b53b708,e7e83dd423b53b708,pedal,md,1
ecf929cf77d2db59c,ecf929cf77d2db59c,pedal,md,2
nf3870e8d300f5395--tie--1,,tie,derive,nf3870e8d300f5395
nf3870e8d300f5395--tied--start--1,nf3870e8d300f5395--tied--start--1,tied,stamp,nf3870e8d300f5395
nf3870e8d300f5395--slur--stop--1,nf3870e8d300f5395--slur--stop--1,slur,stamp,nf3870e8d300f5395
n5b186c70c9225e4c--tie--1,,tie,derive,n5b186c70c9225e4c
n5b186c70c9225e4c--tied--stop--1,n5b186c70c9225e4c--tied--stop--1,tied,stamp,n5b186c70c9225e4c
n67915d8bea17ba68--slur--start--1,n67915d8bea17ba68--slur--start--1,slur,stamp,n67915d8bea17ba68
n3ece08530514ff7e--slur--start--1,n3ece08530514ff7e--slur--start--1,slur,stamp,n3ece08530514ff7e
ndfb7bbdd793af7c2--slur--stop--1,ndfb7bbdd793af7c2--slur--stop--1,slur,stamp,ndfb7bbdd793af7c2
e36bf271b3eb54178,e36bf271b3eb54178,pedal,md,2
e0f64b55dd86fb6e9,e0f64b55dd86fb6e9,pedal,md,2
n8c25185a17013a7a--tie--1,,tie,derive,n8c25185a17013a7a
n8c25185a17013a7a--tied--start--1,n8c25185a17013a7a--tied--start--1,tied,stamp,n8c25185a17013a7a
n8c25185a17013a7a--slur--stop--1,n8c25185a17013a7a--slur--stop--1,slur,stamp,n8c25185a17013a7a
nc597ca81cb3b5e85--tie--1,,tie,derive,nc597ca81cb3b5e85
nc597ca81cb3b5e85--tied--stop--1,nc597ca81cb3b5e85--tied--stop--1,tied,stamp,nc597ca81cb3b5e85
n4559d1f148f09237--slur--start--1,n4559d1f148f09237--slur--start--1,slur,stamp,n4559d1f148f09237
ne9e74ef75fc56621--slur--stop--1,ne9e74ef75fc56621--slur--stop--1,slur,stamp,ne9e74ef75fc56621
e10859e2b00ebfdbd,e10859e2b00ebfdbd,words,md,1
ed38eabfd6c2d5f50,ed38eabfd6c2d5f50,pedal,md,1
eea8053d4ae81ea70,eea8053d4ae81ea70,pedal,md,2
e0355a2dae30ad248,e0355a2dae30ad248,pedal,md,2
nc7f140515c1c284b--slur--start--1,nc7f140515c1c284b--slur--start--1,slur,stamp,nc7f140515c1c284b
n571dda51f8ca2ada--slur--stop--1,n571dda51f8ca2ada--slur--stop--1,slur,stamp,n571dda51f8ca2ada
n39941f765a21a4f4--slur--start--1,n39941f765a21a4f4--slur--start--1,slur,stamp,n39941f765a21a4f4
n2d657bd4a9fe5a9e--slur--stop--1,n2d657bd4a9fe5a9e--slur--stop--1,slur,stamp,n2d657bd4a9fe5a9e
e9ff1705578399224,e9ff1705578399224,pedal,md,1
e8229d2ee0e5e7d83,e8229d2ee0e5e7d83,pedal,md,1
n08d2e1da4dd912d9--slur--start--1,n08d2e1da4dd912d9--slur--start--1,slur,stamp,n08d2e1da4dd912d9
nb541cca2ca2b0445--tie--1,,tie,derive,nb541cca2ca2b0445
nb541cca2ca2b0445--tied--start--1,nb541cca2ca2b0445--tied--start--1,tied,stamp,nb541cca2ca2b0445
n06ce404f0847348e--tie--1,,tie,derive,n06ce404f0847348e
n06ce404f0847348e--tied--stop--1,n06ce404f0847348e--tied--stop--1,tied,stamp,n06ce404f0847348e
n4fb0ce868602785b--slur--start--1,n4fb0ce868602785b--slur--start--1,slur,stamp,n4fb0ce868602785b
n4fb0ce868602785b--staccato--1,,staccato,derive,n4fb0ce868602785b
n94de171e003cd0b3--slur--stop--1,n94de171e003cd0b3--slur--stop--1,slur,stamp,n94de171e003cd0b3
n94de171e003cd0b3--staccato--1,,staccato,derive,n94de171e003cd0b3
ndfbd66b7c7be6753--slur--start--1,ndfbd66b7c7be6753--slur--start--1,slur,stamp,ndfbd66b7c7be6753
ndfbd66b7c7be6753--staccato--1,,staccato,derive,ndfbd66b7c7be6753
n67a186fa39ae9630--slur--stop--1,n67a186fa39ae9630--slur--stop--1,slur,stamp,n67a186fa39ae9630
n67a186fa39ae9630--staccato--1,,staccato,derive,n67a186fa39ae9630
e3f299f68c3267ef1,e3f299f68c3267ef1,words,md,1
e8e976f2913358328,e8e976f2913358328,pedal,md,1
ef79a05ca52cdffe0,ef79a05ca52cdffe0,pedal,md,1
ecd1a4fe1189b8129,ecd1a4fe1189b8129,dynamics,md,2
na86f1137af447e0f--slur--stop--1,na86f1137af447e0f--slur--stop--1,slur,stamp,na86f1137af447e0f
n02726f5a488f72e4--slur--start--1,n02726f5a488f72e4--slur--start--1,slur,stamp,n02726f5a488f72e4
nfb698a8ffaceb2f7--slur--start--1,nfb698a8ffaceb2f7--slur--start--1,slur,stamp,nfb698a8ffaceb2f7
nfb698a8ffaceb2f7--staccato--1,,staccato,derive,nfb698a8ffaceb2f7
n2f8dabd3c12e7f6a--slur--stop--1,n2f8dabd3c12e7f6a--slur--stop--1,slur,stamp,n2f8dabd3c12e7f6a
n2f8dabd3c12e7f6a--staccato--1,,staccato,derive,n2f8dabd3c12e7f6a
nc4b13ccb9812873c--slur--start--1,nc4b13ccb9812873c--slur--start--1,slur,stamp,nc4b13ccb9812873c
nc4b13ccb9812873c--staccato--1,,staccato,derive,nc4b13ccb9812873c
n228c11f442f4f90e--slur--stop--1,n228c11f442f4f90e--slur--stop--1,slur,stamp,n228c11f442f4f90e
n228c11f442f4f90e--staccato--1,,staccato,derive,n228c11f442f4f90e
nbab8fed64a46144d--slur--start--1,nbab8fed64a46144d--slur--start--1,slur,stamp,nbab8fed64a46144d
nbab8fed64a46144d--staccato--1,,staccato,derive,nbab8fed64a46144d
n383fa074201de2ea--slur--stop--1,n383fa074201de2ea--slur--stop--1,slur,stamp,n383fa074201de2ea
n383fa074201de2ea--staccato--1,,staccato,derive,n383fa074201de2ea
n77dfdb9b312abd20--slur--start--1,n77dfdb9b312abd20--slur--start--1,slur,stamp,n77dfdb9b312abd20
n125c52ad9cd5d602--slur--start--1,n125c52ad9cd5d602--slur--start--1,slur,stamp,n125c52ad9cd5d602
n125c52ad9cd5d602--staccato--1,,staccato,derive,n125c52ad9cd5d602
n50ff5160423e2272--slur--stop--1,n50ff5160423e2272--slur--stop--1,slur,stamp,n50ff5160423e2272
n50ff5160423e2272--staccato--1,,staccato,derive,n50ff5160423e2272
e732c04fc5c23c94d,e732c04fc5c23c94d,pedal,md,1
e43415978d09afe40,e43415978d09afe40,pedal,md,2
n78a8feb2a9bbb540--slur--stop--1,n78a8feb2a9bbb540--slur--stop--1,slur,stamp,n78a8feb2a9bbb540
n081644853961c367--slur--start--1,n081644853961c367--slur--start--1,slur,stamp,n081644853961c367
n0727bd9dbb455759--slur--start--1,n0727bd9dbb455759--slur--start--1,slur,stamp,n0727bd9dbb455759
n0727bd9dbb455759--staccato--1,,staccato,derive,n0727bd9dbb455759
n3be2fe373578b36e--slur--stop--1,n3be2fe373578b36e--slur--stop--1,slur,stamp,n3be2fe373578b36e
n3be2fe373578b36e--staccato--1,,staccato,derive,n3be2fe373578b36e
n1e2b083358c2bd3e--tie--1,,tie,derive,n1e2b083358c2bd3e
n1e2b083358c2bd3e--tied--start--1,n1e2b083358c2bd3e--tied--start--1,tied,stamp,n1e2b083358c2bd3e
n8b2e28eb43ccab35--tie--1,,tie,derive,n8b2e28eb43ccab35
n8b2e28eb43ccab35--tied--stop--1,n8b2e28eb43ccab35--tied--stop--1,tied,stamp,n8b2e28eb43ccab35
n91356be15bbb579a--slur--stop--1,n91356be15bbb579a--slur--stop--1,slur,stamp,n91356be15bbb579a
n81556e864b68e4a8--slur--start--1,n81556e864b68e4a8--slur--start--1,slur,stamp,n81556e864b68e4a8
n81556e864b68e4a8--staccato--1,,staccato,derive,n81556e864b68e4a8
n1ab23831fbe8eeab--slur--stop--1,n1ab23831fbe8eeab--slur--stop--1,slur,stamp,n1ab23831fbe8eeab
n1ab23831fbe8eeab--staccato--1,,staccato,derive,n1ab23831fbe8eeab
n795b5511072842ec--slur--start--1,n795b5511072842ec--slur--start--1,slur,stamp,n795b5511072842ec
n795b5511072842ec--staccato--1,,staccato,derive,n795b5511072842ec
n95985448d9f16880--slur--stop--1,n95985448d9f16880--slur--stop--1,slur,stamp,n95985448d9f16880
n95985448d9f16880--staccato--1,,staccato,derive,n95985448d9f16880
e7a23a273d799a6f0,e7a23a273d799a6f0,pedal,md,1
e59e7690c0010398c,e59e7690c0010398c,pedal,md,2
e1947bf3e09ecc4bb,e1947bf3e09ecc4bb,pedal,md,2
ebafddbdc8db7fa1b,ebafddbdc8db7fa1b,pedal,md,2
n02e409adc9016af2--slur--stop--1,n02e409adc9016af2--slur--stop--1,slur,stamp,n02e409adc9016af2
nba41d495d1c799a6--slur--start--1,nba41d495d1c799a6--slur--start--1,slur,stamp,nba41d495d1c799a6
nba41d495d1c799a6--staccato--1,,staccato,derive,nba41d495d1c799a6
n3a1a7835e33ba499--slur--stop--1,n3a1a7835e33ba499--slur--stop--1,slur,stamp,n3a1a7835e33ba499
n3a1a7835e33ba499--staccato--1,,staccato,derive,n3a1a7835e33ba499
nf8f5c314283d2657--slur--start--1,nf8f5c314283d2657--slur--start--1,slur,stamp,nf8f5c314283d2657
nf8f5c314283d2657--staccato--1,,staccato,derive,nf8f5c314283d2657
n4493964e714276d6--slur--stop--1,n4493964e714276d6--slur--stop--1,slur,stamp,n4493964e714276d6
n4493964e714276d6--staccato--1,,staccato,derive,n4493964e714276d6
n7d68f88be570f573--slur--start--1,n7d68f88be570f573--slur--start--1,slur,stamp,n7d68f88be570f573
n7d68f88be570f573--accent--1,,accent,derive,n7d68f88be570f573
nbbe90663820399f4--slur--start--1,nbbe90663820399f4--slur--start--1,slur,stamp,nbbe90663820399f4
nbbe90663820399f4--staccato--1,,staccato,derive,nbbe90663820399f4
nfc33810d95700486--slur--stop--1,nfc33810d95700486--slur--stop--1,slur,stamp,nfc33810d95700486
nfc33810d95700486--staccato--1,,staccato,derive,nfc33810d95700486
n76f0e7147010263d--slur--start--1,n76f0e7147010263d--slur--start--1,slur,stamp,n76f0e7147010263d
n76f0e7147010263d--staccato--1,,staccato,derive,n76f0e7147010263d
n8967322874f57c1d--slur--stop--1,n8967322874f57c1d--slur--stop--1,slur,stamp,n8967322874f57c1d
n8967322874f57c1d--staccato--1,,staccato,derive,n8967322874f57c1d
ec1b46a8347fc06ba,ec1b46a8347fc06ba,pedal,md,1
e593071db2fb95135,e593071db2fb95135,pedal,md,1
e4f0fe64d76fb12c9,e4f0fe64d76fb12c9,pedal,md,1
eaf830717de915248,eaf830717de915248,pedal,md,2
n47c40585f8c9cf59--slur--start--1,n47c40585f8c9cf59--slur--start--1,slur,stamp,n47c40585f8c9cf59
n3a4216f48b9e6604--slur--start--1,n3a4216f48b9e6604--slur--start--1,slur,stamp,n3a4216f48b9e6604
n3a4216f48b9e6604--staccato--1,,staccato,derive,n3a4216f48b9e6604
n8e1051768e2e60dc--slur--stop--1,n8e1051768e2e60dc--slur--stop--1,slur,stamp,n8e1051768e2e60dc
n8e1051768e2e60dc--staccato--1,,staccato,derive,n8e1051768e2e60dc
n23cc9b861bd96d50--tie--1,,tie,derive,n23cc9b861bd96d50
n23cc9b861bd96d50--tied--start--1,n23cc9b861bd96d50--tied--start--1,tied,stamp,n23cc9b861bd96d50
n5c1c9f66631d0fa7--tie--1,,tie,derive,n5c1c9f66631d0fa7
n5c1c9f66631d0fa7--tied--stop--1,n5c1c9f66631d0fa7--tied--stop--1,tied,stamp,n5c1c9f66631d0fa7
nbb1f91af06446745--slur--stop--1,nbb1f91af06446745--slur--stop--1,slur,stamp,nbb1f91af06446745
n08e07ec4208a2021--slur--start--1,n08e07ec4208a2021--slur--start--1,slur,stamp,n08e07ec4208a2021
n08e07ec4208a2021--staccato--1,,staccato,derive,n08e07ec4208a2021
n4266c4a62830eafe--slur--stop--1,n4266c4a62830eafe--slur--stop--1,slur,stamp,n4266c4a62830eafe
n4266c4a62830eafe--staccato--1,,staccato,derive,n4266c4a62830eafe
n4746753c307a1498--slur--start--1,n4746753c307a1498--slur--start--1,slur,stamp,n4746753c307a1498
n4746753c307a1498--staccato--1,,staccato,derive,n4746753c307a1498
nc2bb2306d95972b9--slur--stop--1,nc2bb2306d95972b9--slur--stop--1,slur,stamp,nc2bb2306d95972b9
nc2bb2306d95972b9--staccato--1,,staccato,derive,nc2bb2306d95972b9
e93fe90ad7d7e5476,e93fe90ad7d7e5476,pedal,md,1
e95447f1d9fb1e233,e95447f1d9fb1e233,pedal,md,1
n00cd20a934f22f22--slur--stop--1,n00cd20a934f22f22--slur--stop--1,slur,stamp,n00cd20a934f22f22
n7db9db966b049831--slur--start--1,n7db9db966b049831--slur--start--1,slur,stamp,n7db9db966b049831
nb7d989cceafac12c--slur--start--1,nb7d989cceafac12c--slur--start--1,slur,stamp,nb7d989cceafac12c
nb7d989cceafac12c--staccato--1,,staccato,derive,nb7d989cceafac12c
n5d5b7c0e72690fd1--slur--stop--1,n5d5b7c0e72690fd1--slur--stop--1,slur,stamp,n5d5b7c0e72690fd1
n5d5b7c0e72690fd1--staccato--1,,staccato,derive,n5d5b7c0e72690fd1
n94ccb350f97a3921--slur--start--1,n94ccb350f97a3921--slur--start--1,slur,stamp,n94ccb350f97a3921
n94ccb350f97a3921--staccato--1,,staccato,derive,n94ccb350f97a3921
n2c5fbbbba86fee4c--slur--stop--1,n2c5fbbbba86fee4c--slur--stop--1,slur,stamp,n2c5fbbbba86fee4c
n2c5fbbbba86fee4c--staccato--1,,staccato,derive,n2c5fbbbba86fee4c
nd0d194c7bfc5ac0f--slur--start--1,nd0d194c7bfc5ac0f--slur--start--1,slur,stamp,nd0d194c7bfc5ac0f
nd34501263ee54706--slur--start--1,nd34501263ee54706--slur--start--1,slur,stamp,nd34501263ee54706
nd34501263ee54706--staccato--1,,staccato,derive,nd34501263ee54706
n357d2de700ae35cd--slur--stop--1,n357d2de700ae35cd--slur--stop--1,slur,stamp,n357d2de700ae35cd
n357d2de700ae35cd--staccato--1,,staccato,derive,n357d2de700ae35cd
n44aa72ca15c39aec--slur--start--1,n44aa72ca15c39aec--slur--start--1,slur,stamp,n44aa72ca15c39aec
n44aa72ca15c39aec--staccato--1,,staccato,derive,n44aa72ca15c39aec
nb9706fc722c6165a--slur--stop--1,nb9706fc722c6165a--slur--stop--1,slur,stamp,nb9706fc722c6165a
nb9706fc722c6165a--staccato--1,,staccato,derive,nb9706fc722c6165a
e11b65b48b81a8255,e11b65b48b81a8255,pedal,md,1
eb9ce69ec6fda28f5,eb9ce69ec6fda28f5,wedge,md,1
e4e91e0fb37a9dc6f,e4e91e0fb37a9dc6f,wedge,md,1
n65ac45618132019b--slur--stop--1,n65ac45618132019b--slur--stop--1,slur,stamp,n65ac45618132019b
n2dd3a812a1caf618--slur--start--1,n2dd3a812a1caf618--slur--start--1,slur,stamp,n2dd3a812a1caf618
n80daf73ae11f6ae1--slur--start--1,n80daf73ae11f6ae1--slur--start--1,slur,stamp,n80daf73ae11f6ae1
n80daf73ae11f6ae1--staccato--1,,staccato,derive,n80daf73ae11f6ae1
n5a9ea6f828f832a2--slur--stop--1,n5a9ea6f828f832a2--slur--stop--1,slur,stamp,n5a9ea6f828f832a2
n5a9ea6f828f832a2--staccato--1,,staccato,derive,n5a9ea6f828f832a2
n44b7887116f03682--slur--stop--1,n44b7887116f03682--slur--stop--1,slur,stamp,n44b7887116f03682
nbf232be48bd2e49e--slur--start--1,nbf232be48bd2e49e--slur--start--1,slur,stamp,nbf232be48bd2e49e
nbf232be48bd2e49e--staccato--1,,staccato,derive,nbf232be48bd2e49e
n8e1857b1e9113347--slur--stop--1,n8e1857b1e9113347--slur--stop--1,slur,stamp,n8e1857b1e9113347
n8e1857b1e9113347--staccato--1,,staccato,derive,n8e1857b1e9113347
ne72e3e0800a7b3af--slur--start--1,ne72e3e0800a7b3af--slur--start--1,slur,stamp,ne72e3e0800a7b3af
ne72e3e0800a7b3af--staccato--1,,staccato,derive,ne72e3e0800a7b3af
n2874c1bc4c230eec--slur--stop--1,n2874c1bc4c230eec--slur--stop--1,slur,stamp,n2874c1bc4c230eec
n2874c1bc4c230eec--staccato--1,,staccato,derive,n2874c1bc4c230eec
e4384134d36f35a2b,e4384134d36f35a2b,dynamics,md,1
e2c98f70fd09b69ac,e2c98f70fd09b69ac,dynamics,md,1
ee2ec38d0c1f30c1f,ee2ec38d0c1f30c1f,pedal,md,1
e8105b301b8c5e195,e8105b301b8c5e195,pedal,md,1
e3286cef77ed06173,e3286cef77ed06173,pedal,md,2
n0cbaed394c0c2d6e--slur--stop--1,n0cbaed394c0c2d6e--slur--stop--1,slur,stamp,n0cbaed394c0c2d6e
n64daa712bda0b91b--slur--start--1,n64daa712bda0b91b--slur--start--1,slur,stamp,n64daa712bda0b91b
n08a87a4bd6160764--slur--start--1,n08a87a4bd6160764--slur--start--1,slur,stamp,n08a87a4bd6160764
n08a87a4bd6160764--staccato--1,,staccato,derive,n08a87a4bd6160764
n3f8536f06fd01311--slur--stop--1,n3f8536f06fd01311--slur--stop--1,slur,stamp,n3f8536f06fd01311
n3f8536f06fd01311--staccato--1,,staccato,derive,n3f8536f06fd01311
n320e7817dfea1d28--slur--start--1,n320e7817dfea1d28--slur--start--1,slur,stamp,n320e7817dfea1d28
n320e7817dfea1d28--staccato--1,,staccato,derive,n320e7817dfea1d28
n74440ff4e43dd30f--slur--stop--1,n74440ff4e43dd30f--slur--stop--1,slur,stamp,n74440ff4e43dd30f
n74440ff4e43dd30f--staccato--1,,staccato,derive,n74440ff4e43dd30f
n197e781ee8379b02--slur--start--1,n197e781ee8379b02--slur--start--1,slur,stamp,n197e781ee8379b02
n438642f6da3a151a--slur--start--1,n438642f6da3a151a--slur--start--1,slur,stamp,n438642f6da3a151a
n438642f6da3a151a--staccato--1,,staccato,derive,n438642f6da3a151a
n4bd77085568d92c5--slur--stop--1,n4bd77085568d92c5--slur--stop--1,slur,stamp,n4bd77085568d92c5
n4bd77085568d92c5--staccato--1,,staccato,derive,n4bd77085568d92c5
nd338c2352645aad1--slur--start--1,nd338c2352645aad1--slur--start--1,slur,stamp,nd338c2352645aad1
nd338c2352645aad1--staccato--1,,staccato,derive,nd338c2352645aad1
ndf62af8b8f0e3775--slur--stop--1,ndf62af8b8f0e3775--slur--stop--1,slur,stamp,ndf62af8b8f0e3775
ndf62af8b8f0e3775--staccato--1,,staccato,derive,ndf62af8b8f0e3775
e99d78b80d45a40d9,e99d78b80d45a40d9,pedal,md,1
ed970432ae8cb593b,ed970432ae8cb593b,wedge,md,1
e4d1a36414e4b9e1b,e4d1a36414e4b9e1b,pedal,md,1
e177c6ad2c67cc20a,e177c6ad2c67cc20a,wedge,md,1
nd5c47fef95286aaa--slur--stop--1,nd5c47fef95286aaa--slur--stop--1,slur,stamp,nd5c47fef95286aaa
n88b34b29545a6411--slur--start--1,n88b34b29545a6411--slur--start--1,slur,stamp,n88b34b29545a6411
n88b34b29545a6411--staccato--1,,staccato,derive,n88b34b29545a6411
nf9a62ad43539632d--slur--stop--1,nf9a62ad43539632d--slur--stop--1,slur,stamp,nf9a62ad43539632d
nf9a62ad43539632d--staccato--1,,staccato,derive,nf9a62ad43539632d
n5679a1da691a8311--slur--stop--1,n5679a1da691a8311--slur--stop--1,slur,stamp,n5679a1da691a8311
nbd52edb6733545e3--slur--start--1,nbd52edb6733545e3--slur--start--1,slur,stamp,nbd52edb6733545e3
nbd52edb6733545e3--staccato--1,,staccato,derive,nbd52edb6733545e3
n91b824c3d357b171--slur--stop--1,n91b824c3d357b171--slur--stop--1,slur,stamp,n91b824c3d357b171
n91b824c3d357b171--staccato--1,,staccato,derive,n91b824c3d357b171
e0434ffe84fe50d46,e0434ffe84fe50d46,dynamics,md,1
ee05a7fe0d0d5ec82,ee05a7fe0d0d5ec82,words,md,1
e394bf3e342a72e80,e394bf3e342a72e80,pedal,md,2
e2615da4927b59700,e2615da4927b59700,pedal,md,2
e8def0178a88545ac,e8def0178a88545ac,pedal,md,2
e35947995b89d820c,e35947995b89d820c,pedal,md,2
ndd9a3040d355e2aa--slur--start--1,ndd9a3040d355e2aa--slur--start--1,slur,stamp,ndd9a3040d355e2aa
n1c3efe2ed2525488--slur--stop--1,n1c3efe2ed2525488--slur--stop--1,slur,stamp,n1c3efe2ed2525488
n27dd9e9ad6958c00--slur--start--1,n27dd9e9ad6958c00--slur--start--1,slur,stamp,n27dd9e9ad6958c00
nfca9f3e8820ccbf4--slur--stop--1,nfca9f3e8820ccbf4--slur--stop--1,slur,stamp,nfca9f3e8820ccbf4
e96aba7baeea85633,e96aba7baeea85633,dynamics,md,1
e339cbd019ce0eabf,e339cbd019ce0eabf,pedal,md,1
efcfc26ca9559156f,efcfc26ca9559156f,pedal,md,1
e98ec154c5dfffa00,e98ec154c5dfffa00,pedal,md,1
e2b6b26cda01f3c9f,e2b6b26cda01f3c9f,pedal,md,2
n4979ed77af19079e--slur--start--1,n4979ed77af19079e--slur--start--1,slur,stamp,n4979ed77af19079e
n084296c665a9c6bc--slur--stop--1,n084296c665a9c6bc--slur--stop--1,slur,stamp,n084296c665a9c6bc
n3c3ffc0b219343a0--slur--start--1,n3c3ffc0b219343a0--slur--start--1,slur,stamp,n3c3ffc0b219343a0
nf97dcee68848e402--slur--stop--1,nf97dcee68848e402--slur--stop--1,slur,stamp,nf97dcee68848e402
e24e5aa75633894b4,e24e5aa75633894b4,dynamics,md,1
effbd20cea9920eee,effbd20cea9920eee,pedal,md,2
ee62b8c17deb455e3,ee62b8c17deb455e3,pedal,md,2
ef17740afd85c24b8,ef17740afd85c24b8,pedal,md,2
e9f7cf1c56267b54c,e9f7cf1c56267b54c,pedal,md,2
n40f4649029dc4b08--slur--start--1,n40f4649029dc4b08--slur--start--1,slur,stamp,n40f4649029dc4b08
n8cbc23696c8effe3--slur--stop--1,n8cbc23696c8effe3--slur--stop--1,slur,stamp,n8cbc23696c8effe3
nfb2762a9d20c9efc--slur--start--1,nfb2762a9d20c9efc--slur--start--1,slur,stamp,nfb2762a9d20c9efc
n53978a6904afc400--slur--stop--1,n53978a6904afc400--slur--stop--1,slur,stamp,n53978a6904afc400
n29bab3f21fecfa92--arpeggiate--1,n29bab3f21fecfa92--arpeggiate--1,arpeggiate,stamp,n29bab3f21fecfa92
n4f272f5d28f532f2--arpeggiate--1,n4f272f5d28f532f2--arpeggiate--1,arpeggiate,stamp,n4f272f5d28f532f2
n0fc972ef9e0968a2--arpeggiate--1,n0fc972ef9e0968a2--arpeggiate--1,arpeggiate,stamp,n0fc972ef9e0968a2
eb7cad79418cb9d4a,eb7cad79418cb9d4a,pedal,md,1
ee69d0bec0667e78f,ee69d0bec0667e78f,pedal,md,2
efc3eebf5ccfd0a2f,efc3eebf5ccfd0a2f,pedal,md,2
e1f9c62a52698e475,e1f9c62a52698e475,pedal,md,2
nabb5202cd5f38bca--slur--start--1,nabb5202cd5f38bca--slur--start--1,slur,stamp,nabb5202cd5f38bca
nabb5202cd5f38bca--slur--start--2,nabb5202cd5f38bca--slur--start--2,slur,stamp,nabb5202cd5f38bca
n136504e529b08114--slur--stop--1,n136504e529b08114--slur--stop--1,slur,stamp,n136504e529b08114
n172548625b180c5b--slur--start--1,n172548625b180c5b--slur--start--1,slur,stamp,n172548625b180c5b
n3db8517cca623233--arpeggiate--1,n3db8517cca623233--arpeggiate--1,arpeggiate,stamp,n3db8517cca623233
n444190be7255b7ca--arpeggiate--1,n444190be7255b7ca--arpeggiate--1,arpeggiate,stamp,n444190be7255b7ca
n5148d60cdbd41e23--slur--start--1,n5148d60cdbd41e23--slur--start--1,slur,stamp,n5148d60cdbd41e23
n81efef547d1f927f--slur--stop--1,n81efef547d1f927f--slur--stop--1,slur,stamp,n81efef547d1f927f
e839a3e6056d7e8a9,e839a3e6056d7e8a9,dynamics,md,1
eee4db4b3cb8a5883,eee4db4b3cb8a5883,pedal,md,1
ea63340526e840613,ea63340526e840613,pedal,md,2
n378d361245f9651c--slur--stop--1,n378d361245f9651c--slur--stop--1,slur,stamp,n378d361245f9651c
n378d361245f9651c--slur--stop--2,n378d361245f9651c--slur--stop--2,slur,stamp,n378d361245f9651c
n00f60954e882351e--slur--start--1,n00f60954e882351e--slur--start--1,slur,stamp,n00f60954e882351e
n0c3cb3c5f70645f1--slur--start--1,n0c3cb3c5f70645f1--slur--start--1,slur,stamp,n0c3cb3c5f70645f1
n3270f4aa5622ee0c--slur--stop--1,n3270f4aa5622ee0c--slur--stop--1,slur,stamp,n3270f4aa5622ee0c
ee83d56de4251d815,ee83d56de4251d815,pedal,md,1
e41f9712e356eabfb,e41f9712e356eabfb,pedal,md,1
n5622ae6bd11981c8--slur--start--1,n5622ae6bd11981c8--slur--start--1,slur,stamp,n5622ae6bd11981c8
n9a67691df642b5df--slur--stop--1,n9a67691df642b5df--slur--stop--1,slur,stamp,n9a67691df642b5df
n3b83533b3fe6cbf8--slur--start--1,n3b83533b3fe6cbf8--slur--start--1,slur,stamp,n3b83533b3fe6cbf8
n167c378388650124--slur--start--1,n167c378388650124--slur--start--1,slur,stamp,n167c378388650124
n29bb29b3873d9a3c--slur--stop--1,n29bb29b3873d9a3c--slur--stop--1,slur,stamp,n29bb29b3873d9a3c
e74ff458af40f658b,e74ff458af40f658b,pedal,md,1
ec8271c2b2ff2f8e5,ec8271c2b2ff2f8e5,pedal,md,2
naadaf1514ad4280d--slur--stop--1,naadaf1514ad4280d--slur--stop--1,slur,stamp,naadaf1514ad4280d
naadaf1514ad4280d--slur--stop--2,naadaf1514ad4280d--slur--stop--2,slur,stamp,naadaf1514ad4280d
n691d0de4afc45691--strong-accent--1,,strong-accent,derive,n691d0de4afc45691
ndfcfe068f0f0fcf9--strong-accent--1,,strong-accent,derive,ndfcfe068f0f0fcf9
n5a866cd0f21e1739--slur--start--1,n5a866cd0f21e1739--slur--start--1,slur,stamp,n5a866cd0f21e1739
nc610d46c1707bfb7--slur--stop--1,nc610d46c1707bfb7--slur--stop--1,slur,stamp,nc610d46c1707bfb7
e891905789790ec5e,e891905789790ec5e,pedal,md,2
eb5431d9a3470ff9e,eb5431d9a3470ff9e,pedal,md,2
ne47bcf22f467c21e--slur--start--1,ne47bcf22f467c21e--slur--start--1,slur,stamp,ne47bcf22f467c21e
ne47bcf22f467c21e--accent--1,,accent,derive,ne47bcf22f467c21e
na22ff5bb8cf88860--slur--stop--1,na22ff5bb8cf88860--slur--stop--1,slur,stamp,na22ff5bb8cf88860
n29531dc0e8795475--tuplet--start--1,n29531dc0e8795475--tuplet--start--1,tuplet,stamp,n29531dc0e8795475
n29531dc0e8795475--slur--start--1,n29531dc0e8795475--slur--start--1,slur,stamp,n29531dc0e8795475
n3578cbc9daf8f50a--tuplet--stop--1,n3578cbc9daf8f50a--tuplet--stop--1,tuplet,stamp,n3578cbc9daf8f50a
n4889791b47e83461--slur--stop--1,n4889791b47e83461--slur--stop--1,slur,stamp,n4889791b47e83461
n90a2e80171e045d0--slur--start--1,n90a2e80171e045d0--slur--start--1,slur,stamp,n90a2e80171e045d0
n8bd88189f8df66a2--slur--stop--1,n8bd88189f8df66a2--slur--stop--1,slur,stamp,n8bd88189f8df66a2
n84e3fe68fcf957eb--slur--start--1,n84e3fe68fcf957eb--slur--start--1,slur,stamp,n84e3fe68fcf957eb
n1bddc6b6226a0c07--tie--1,,tie,derive,n1bddc6b6226a0c07
n1bddc6b6226a0c07--tied--start--1,n1bddc6b6226a0c07--tied--start--1,tied,stamp,n1bddc6b6226a0c07
nf5dde13d16204e17--slur--stop--1,nf5dde13d16204e17--slur--stop--1,slur,stamp,nf5dde13d16204e17
nb6370b20eddbc0eb--tie--1,,tie,derive,nb6370b20eddbc0eb
nb6370b20eddbc0eb--tied--stop--1,nb6370b20eddbc0eb--tied--stop--1,tied,stamp,nb6370b20eddbc0eb
eaa3f2d0fb841f21a,eaa3f2d0fb841f21a,pedal,md,1
ea9a553e9c5e78b59,ea9a553e9c5e78b59,pedal,md,2
ee32719ca0fe65ce9,ee32719ca0fe65ce9,pedal,md,2
e3261902c4f8e708c,e3261902c4f8e708c,pedal,md,2
nface1854a4accf48--slur--start--1,nface1854a4accf48--slur--start--1,slur,stamp,nface1854a4accf48
nface1854a4accf48--accent--1,,accent,derive,nface1854a4accf48
na4d4231c7090fc0f--slur--stop--1,na4d4231c7090fc0f--slur--stop--1,slur,stamp,na4d4231c7090fc0f
n52d5200db75747e6--tuplet--start--1,n52d5200db75747e6--tuplet--start--1,tuplet,stamp,n52d5200db75747e6
n52d5200db75747e6--slur--start--1,n52d5200db75747e6--slur--start--1,slur,stamp,n52d5200db75747e6
n1677a524a100430d--tuplet--stop--1,n1677a524a100430d--tuplet--stop--1,tuplet,stamp,n1677a524a100430d
ned1db256a8ef1d6c--slur--stop--1,ned1db256a8ef1d6c--slur--stop--1,slur,stamp,ned1db256a8ef1d6c
nbe84d6bf562cc53e--slur--start--1,nbe84d6bf562cc53e--slur--start--1,slur,stamp,nbe84d6bf562cc53e
nd9c0c23949874976--slur--stop--1,nd9c0c23949874976--slur--stop--1,slur,stamp,nd9c0c23949874976
n587aafba1b8398a0--slur--start--1,n587aafba1b8398a0--slur--start--1,slur,stamp,n587aafba1b8398a0
n710366aaa9c349e3--tie--1,,tie,derive,n710366aaa9c349e3
n710366aaa9c349e3--tied--start--1,n710366aaa9c349e3--tied--start--1,tied,stamp,n710366aaa9c349e3
nd24123eeebe8e3d8--slur--stop--1,nd24123eeebe8e3d8--slur--stop--1,slur,stamp,nd24123eeebe8e3d8
nd7e320f4a5345b0b--tie--1,,tie,derive,nd7e320f4a5345b0b
nd7e320f4a5345b0b--tied--stop--1,nd7e320f4a5345b0b--tied--stop--1,tied,stamp,nd7e320f4a5345b0b
eccf582c4c7d3e913,eccf582c4c7d3e913,pedal,md,1
e52a0d27aac2f1aa3,e52a0d27aac2f1aa3,pedal,md,1
e9f2f0571388c8cb0,e9f2f0571388c8cb0,pedal,md,1
e1182d67138b21a43,e1182d67138b21a43,pedal,md,2
nb6145af5bd38fb30--slur--start--1,nb6145af5bd38fb30--slur--start--1,slur,stamp,nb6145af5bd38fb30
n903c72c8b1345947--slur--stop--1,n903c72c8b1345947--slur--stop--1,slur,stamp,n903c72c8b1345947
n95bc0996358ca3bd--tuplet--start--1,n95bc0996358ca3bd--tuplet--start--1,tuplet,stamp,n95bc0996358ca3bd
n95bc0996358ca3bd--slur--start--1,n95bc0996358ca3bd--slur--start--1,slur,stamp,n95bc0996358ca3bd
na9ec4779e00e0051--tuplet--stop--1,na9ec4779e00e0051--tuplet--stop--1,tuplet,stamp,na9ec4779e00e0051
na9ec4779e00e0051--slur--stop--1,na9ec4779e00e0051--slur--stop--1,slur,stamp,na9ec4779e00e0051
na4649f3af6d03dba--slur--start--1,na4649f3af6d03dba--slur--start--1,slur,stamp,na4649f3af6d03dba
n3e018f857d24f429--slur--stop--1,n3e018f857d24f429--slur--stop--1,slur,stamp,n3e018f857d24f429
n236ce568e2612a54--slur--start--1,n236ce568e2612a54--slur--start--1,slur,stamp,n236ce568e2612a54
nf006f58fc848ab5e--slur--stop--1,nf006f58fc848ab5e--slur--stop--1,slur,stamp,nf006f58fc848ab5e
e2d0629426bc4aed8,e2d0629426bc4aed8,pedal,md,1
efef2381286d673b5,efef2381286d673b5,pedal,md,1
e45506b6d50a2bdd6,e45506b6d50a2bdd6,pedal,md,2
e6775562a30859ae4,e6775562a30859ae4,pedal,md,2
nb354929e3af026ca--slur--start--1,nb354929e3af026ca--slur--start--1,slur,stamp,nb354929e3af026ca
n42662c31d583215e--slur--stop--1,n42662c31d583215e--slur--stop--1,slur,stamp,n42662c31d583215e
nebf8d621450adfd1--slur--start--1,nebf8d621450adfd1--slur--start--1,slur,stamp,nebf8d621450adfd1
nebf8d621450adfd1--staccato--1,,staccato,derive,nebf8d621450adfd1
n1adac7827dbc0793--staccato--1,,staccato,derive,n1adac7827dbc0793
ne21818bd108b89be--staccato--1,,staccato,derive,ne21818bd108b89be
nb663875da522ee33--slur--stop--1,nb663875da522ee33--slur--stop--1,slur,stamp,nb663875da522ee33
nb663875da522ee33--staccato--1,,staccato,derive,nb663875da522ee33
n5618c33d427c6ff7--slur--start--1,n5618c33d427c6ff7--slur--start--1,slur,stamp,n5618c33d427c6ff7
nc0d0c2c7b287c972--slur--stop--1,nc0d0c2c7b287c972--slur--stop--1,slur,stamp,nc0d0c2c7b287c972
ncc67498c25de6df6--slur--start--1,ncc67498c25de6df6--slur--start--1,slur,stamp,ncc67498c25de6df6
n946371c809ac4200--slur--stop--1,n946371c809ac4200--slur--stop--1,slur,stamp,n946371c809ac4200
e7c90ac6f6c90a503,e7c90ac6f6c90a503,pedal,md,1
e8e5ecb786ed5906f,e8e5ecb786ed5906f,pedal,md,1
e8a32b9f97d30fbc8,e8a32b9f97d30fbc8,pedal,md,1
eee32b9feb538abf0,eee32b9feb538abf0,pedal,md,1
n60e639eb4535229f--slur--start--1,n60e639eb4535229f--slur--start--1,slur,stamp,n60e639eb4535229f
n60e639eb4535229f--slur--start--2,n60e639eb4535229f--slur--start--2,slur,stamp,n60e639eb4535229f
nda8fb14ec48cecb9--slur--stop--1,nda8fb14ec48cecb9--slur--stop--1,slur,stamp,nda8fb14ec48cecb9
n40981acece005dd7--slur--start--1,n40981acece005dd7--slur--start--1,slur,stamp,n40981acece005dd7
nd586289062445713--slur--start--1,nd586289062445713--slur--start--1,slur,stamp,nd586289062445713
n7a854cf4475fce07--slur--stop--1,n7a854cf4475fce07--slur--stop--1,slur,stamp,n7a854cf4475fce07
e9768d360a802cd98,e9768d360a802cd98,dynamics,md,1
ee6bb24f2e15b9d1b,ee6bb24f2e15b9d1b,pedal,md,1
e0f7189de9731af8a,e0f7189de9731af8a,pedal,md,2
n76b7cc881ef3e562--slur--stop--1,n76b7cc881ef3e562--slur--stop--1,slur,stamp,n76b7cc881ef3e562
n76b7cc881ef3e562--slur--stop--2,n76b7cc881ef3e562--slur--stop--2,slur,stamp,n76b7cc881ef3e562
n5fb4622f12f72e3a--slur--start--1,n5fb4622f12f72e3a--slur--start--1,slur,stamp,n5fb4622f12f72e3a
n306b0a66a6ee0b39--slur--start--1,n306b0a66a6ee0b39--slur--start--1,slur,stamp,n306b0a66a6ee0b39
n6f22c367565fc0d8--slur--stop--1,n6f22c367565fc0d8--slur--stop--1,slur,stamp,n6f22c367565fc0d8
e4e39e107baccb75d,e4e39e107baccb75d,pedal,md,1
e1dc2e638922b4bea,e1dc2e638922b4bea,pedal,md,1
n5d6e1e4018970890--slur--start--1,n5d6e1e4018970890--slur--start--1,slur,stamp,n5d6e1e4018970890
na185665afd4347d0--slur--stop--1,na185665afd4347d0--slur--stop--1,slur,stamp,na185665afd4347d0
n8089fef225abfe10--slur--start--1,n8089fef225abfe10--slur--start--1,slur,stamp,n8089fef225abfe10
nb54634ce6ca92ebd--slur--start--1,nb54634ce6ca92ebd--slur--start--1,slur,stamp,nb54634ce6ca92ebd
n4eda24a9b104f4ec--slur--stop--1,n4eda24a9b104f4ec--slur--stop--1,slur,stamp,n4eda24a9b104f4ec
e741c0bccbdb80f4b,e741c0bccbdb80f4b,pedal,md,1
ec9a3b6d9bb373ca6,ec9a3b6d9bb373ca6,pedal,md,1
n841cf11b47dd6068--slur--stop--1,n841cf11b47dd6068--slur--stop--1,slur,stamp,n841cf11b47dd6068
n841cf11b47dd6068--slur--stop--2,n841cf11b47dd6068--slur--stop--2,slur,stamp,n841cf11b47dd6068
nf2ee1818afa64bf1--tie--1,,tie,derive,nf2ee1818afa64bf1
nf2ee1818afa64bf1--tied--start--1,nf2ee1818afa64bf1--tied--start--1,tied,stamp,nf2ee1818afa64bf1
ne0b83724fe576ad8--tie--1,,tie,derive,ne0b83724fe576ad8
ne0b83724fe576ad8--tied--start--1,ne0b83724fe576ad8--tied--start--1,tied,stamp,ne0b83724fe576ad8
nb4d928d86f32c0e8--tie--1,,tie,derive,nb4d928d86f32c0e8
nb4d928d86f32c0e8--tied--stop--1,nb4d928d86f32c0e8--tied--stop--1,tied,stamp,nb4d928d86f32c0e8
nd784c02a81eef5a9--tie--1,,tie,derive,nd784c02a81eef5a9
nd784c02a81eef5a9--tied--stop--1,nd784c02a81eef5a9--tied--stop--1,tied,stamp,nd784c02a81eef5a9
n3bc1c9c22d8449c2--slur--start--1,n3bc1c9c22d8449c2--slur--start--1,slur,stamp,n3bc1c9c22d8449c2
n846f16f01190ccec--slur--stop--1,n846f16f01190ccec--slur--stop--1,slur,stamp,n846f16f01190ccec
e7c0a26eaaa3a498d,e7c0a26eaaa3a498d,pedal,md,1
e3bed2e8ad047deac,e3bed2e8ad047deac,octave-shift,md,1
e3c933e81394c2189,e3c933e81394c2189,pedal,md,1
n0fb6952f9b35857f--staccato--1,,staccato,derive,n0fb6952f9b35857f
n79a35ceb92116a4f--tie--1,,tie,derive,n79a35ceb92116a4f
n79a35ceb92116a4f--tied--start--1,n79a35ceb92116a4f--tied--start--1,tied,stamp,n79a35ceb92116a4f
n79a35ceb92116a4f--accent--1,,accent,derive,n79a35ceb92116a4f
n2fa533e0a9770116--tie--1,,tie,derive,n2fa533e0a9770116
n2fa533e0a9770116--tied--start--1,n2fa533e0a9770116--tied--start--1,tied,stamp,n2fa533e0a9770116
nd0f48ebe18b41476--slur--start--1,nd0f48ebe18b41476--slur--start--1,slur,stamp,nd0f48ebe18b41476
n11138e45d5b042df--slur--stop--1,n11138e45d5b042df--slur--stop--1,slur,stamp,n11138e45d5b042df
e4ab7dcafb2a04613,e4ab7dcafb2a04613,pedal,md,1
e66fb6a4cd6557547,e66fb6a4cd6557547,octave-shift,md,1
e3daceccb791a748a,e3daceccb791a748a,words,md,1
e4f7685d5518fa824,e4f7685d5518fa824,pedal,md,2
n2e723ac2c3483f98--tie--1,,tie,derive,n2e723ac2c3483f98
n2e723ac2c3483f98--tied--stop--1,n2e723ac2c3483f98--tied--stop--1,tied,stamp,n2e723ac2c3483f98
nbc4c6add8a9af957--tie--1,,tie,derive,nbc4c6add8a9af957
nbc4c6add8a9af957--tied--stop--1,nbc4c6add8a9af957--tied--stop--1,tied,stamp,nbc4c6add8a9af957
nb46e9be4f57cc74a--slur--start--1,nb46e9be4f57cc74a--slur--start--1,slur,stamp,nb46e9be4f57cc74a
nb46e9be4f57cc74a--inverted-mordent--1,,inverted-mordent,derive,nb46e9be4f57cc74a
ndc9b43ee00a928e7--tuplet--start--1,ndc9b43ee00a928e7--tuplet--start--1,tuplet,stamp,ndc9b43ee00a928e7
n6485460d3564f38e--tuplet--stop--1,n6485460d3564f38e--tuplet--stop--1,tuplet,stamp,n6485460d3564f38e
ec467bddb93029d96,ec467bddb93029d96,wedge,md,1
e62bbf2791b41bc33,e62bbf2791b41bc33,pedal,md,1
e65ae21df107593b4,e65ae21df107593b4,wedge,md,1
e3c128ba27be8c22a,e3c128ba27be8c22a,pedal,md,2
n4c8867ce687f6a80--slur--stop--1,n4c8867ce687f6a80--slur--stop--1,slur,stamp,n4c8867ce687f6a80
n4c8867ce687f6a80--staccato--1,,staccato,derive,n4c8867ce687f6a80
n963479951f28b81c--accent--1,,accent,derive,n963479951f28b81c
ndaff9d66696c02ac--strong-accent--1,,strong-accent,derive,ndaff9d66696c02ac
e1903a2c3b0b7a639,e1903a2c3b0b7a639,pedal,md,1
ecbe566f90f4e6682,ecbe566f90f4e6682,words,md,1
e1531ebde740ccdcc,e1531ebde740ccdcc,pedal,md,1
n98d02bc34146e55a--slur--start--1,n98d02bc34146e55a--slur--start--1,slur,stamp,n98d02bc34146e55a
n98d02bc34146e55a--strong-accent--1,,strong-accent,derive,n98d02bc34146e55a
e3b1d8672854aa39d,e3b1d8672854aa39d,wedge,md,1
e28527bc98a4bed37,e28527bc98a4bed37,wedge,md,1
e8e44abbb1473cfa7,e8e44abbb1473cfa7,pedal,md,2
e83aa387c69a4f3ed,e83aa387c69a4f3ed,pedal,md,2
n2059a10b739aebb3--slur--stop--1,n2059a10b739aebb3--slur--stop--1,slur,stamp,n2059a10b739aebb3
n2059a10b739aebb3--staccato--1,,staccato,derive,n2059a10b739aebb3
ed887e4e5b36a6015,ed887e4e5b36a6015,pedal,md,1
e0e72c0af76069d82,e0e72c0af76069d82,pedal,md,1
eff245d1fc1ec8e13,eff245d1fc1ec8e13,pedal,md,2
eb16192cb7eec2351,eb16192cb7eec2351,pedal,md,2
na7cc27b7e69c34eb--slur--start--1,na7cc27b7e69c34eb--slur--start--1,slur,stamp,na7cc27b7e69c34eb
na7cc27b7e69c34eb--inverted-mordent--1,,inverted-mordent,derive,na7cc27b7e69c34eb
n937001668623c4ed--tuplet--start--1,n937001668623c4ed--tuplet--start--1,tuplet,stamp,n937001668623c4ed
n1552111fd5f4e418--tuplet--stop--1,n1552111fd5f4e418--tuplet--stop--1,tuplet,stamp,n1552111fd5f4e418
e62d23b6e2307b82b,e62d23b6e2307b82b,wedge,md,1
e324a41a1c9e83a79,e324a41a1c9e83a79,pedal,md,1
e7d6e8a258c1f9795,e7d6e8a258c1f9795,pedal,md,1
e6adf3fb3c3c074f0,e6adf3fb3c3c074f0,pedal,md,1
e0a4ddda4f8ceee3f,e0a4ddda4f8ceee3f,wedge,md,1
ed4579f460fac0961,ed4579f460fac0961,pedal,md,2
nabebb5dc78ba9b6c--slur--stop--1,nabebb5dc78ba9b6c--slur--stop--1,slur,stamp,nabebb5dc78ba9b6c
nabebb5dc78ba9b6c--staccato--1,,staccato,derive,nabebb5dc78ba9b6c
n198f682c75c7fdca--slur--start--1,n198f682c75c7fdca--slur--start--1,slur,stamp,n198f682c75c7fdca
n198f682c75c7fdca--strong-accent--1,,strong-accent,derive,n198f682c75c7fdca
n0b84c8e2cdcfe85a--staccato--1,,staccato,derive,n0b84c8e2cdcfe85a
n89e02d61d780263a--accent--1,,accent,derive,n89e02d61d780263a
n89e02d61d780263a--arpeggiate--1,n89e02d61d780263a--arpeggiate--1,arpeggiate,stamp,n89e02d61d780263a
n810087af774b736c--arpeggiate--1,n810087af774b736c--arpeggiate--1,arpeggiate,stamp,n810087af774b736c
n39b42028969e5146--arpeggiate--1,n39b42028969e5146--arpeggiate--1,arpeggiate,stamp,n39b42028969e5146
n919226807161ece0--arpeggiate--1,n919226807161ece0--arpeggiate--1,arpeggiate,stamp,n919226807161ece0
ed1fa5297124fb3d0,ed1fa5297124fb3d0,dynamics,md,1
ecbf629184170a99d,ecbf629184170a99d,pedal,md,2
na410abee53d5fe96--slur--stop--1,na410abee53d5fe96--slur--stop--1,slur,stamp,na410abee53d5fe96
na410abee53d5fe96--slur--start--2,na410abee53d5fe96--slur--start--2,slur,stamp,na410abee53d5fe96
e2d371d953fb25a7b,e2d371d953fb25a7b,pedal,md,2
n95fa16fd3a8e7e85--slur--stop--1,n95fa16fd3a8e7e85--slur--stop--1,slur,stamp,n95fa16fd3a8e7e85
n95fa16fd3a8e7e85--slur--start--2,n95fa16fd3a8e7e85--slur--start--2,slur,stamp,n95fa16fd3a8e7e85
nb3dca860322ddd5b--slur--start--1,nb3dca860322ddd5b--slur--start--1,slur,stamp,nb3dca860322ddd5b
nd631ae2435c6d697--slur--stop--1,nd631ae2435c6d697--slur--stop--1,slur,stamp,nd631ae2435c6d697
na18e21af82d5d0be--slur--start--1,na18e21af82d5d0be--slur--start--1,slur,stamp,na18e21af82d5d0be
neaf3925fc0c7331e--slur--stop--1,neaf3925fc0c7331e--slur--stop--1,slur,stamp,neaf3925fc0c7331e
e5f2a57cefd06592a,e5f2a57cefd06592a,dynamics,md,1
e3965e63b440d7aaf,e3965e63b440d7aaf,words,md,1
nfbaddba53535b77a--slur--start--1,nfbaddba53535b77a--slur--start--1,slur,stamp,nfbaddba53535b77a
n034981ac0a51a30d--slur--stop--1,n034981ac0a51a30d--slur--stop--1,slur,stamp,n034981ac0a51a30d
n819894c579a1fdeb--slur--start--1,n819894c579a1fdeb--slur--start--1,slur,stamp,n819894c579a1fdeb
n3343b40c0b4e0b5c--slur--stop--1,n3343b40c0b4e0b5c--slur--stop--1,slur,stamp,n3343b40c0b4e0b5c
n9dd343e9db9d4ec5--slur--start--1,n9dd343e9db9d4ec5--slur--start--1,slur,stamp,n9dd343e9db9d4ec5
n9dd343e9db9d4ec5--accent--1,,accent,derive,n9dd343e9db9d4ec5
n5b73c537291ff5a1--slur--stop--1,n5b73c537291ff5a1--slur--stop--1,slur,stamp,n5b73c537291ff5a1
ne4b5fddbe56af165--slur--start--1,ne4b5fddbe56af165--slur--start--1,slur,stamp,ne4b5fddbe56af165
ne4b5fddbe56af165--accent--1,,accent,derive,ne4b5fddbe56af165
n74574473ed34a477--slur--stop--1,n74574473ed34a477--slur--stop--1,slur,stamp,n74574473ed34a477
n3d8a26de508e38a1--slur--start--1,n3d8a26de508e38a1--slur--start--1,slur,stamp,n3d8a26de508e38a1
n3d8a26de508e38a1--accent--1,,accent,derive,n3d8a26de508e38a1
nd9aa04d5ef76890a--slur--stop--1,nd9aa04d5ef76890a--slur--stop--1,slur,stamp,nd9aa04d5ef76890a
n2e1b0f8bafdfc633--slur--start--1,n2e1b0f8bafdfc633--slur--start--1,slur,stamp,n2e1b0f8bafdfc633
n2e1b0f8bafdfc633--accent--1,,accent,derive,n2e1b0f8bafdfc633
nf1f86a00ebcc7f2a--slur--stop--1,nf1f86a00ebcc7f2a--slur--stop--1,slur,stamp,nf1f86a00ebcc7f2a
n72579ba58df9f4ff--slur--stop--1,n72579ba58df9f4ff--slur--stop--1,slur,stamp,n72579ba58df9f4ff
n72579ba58df9f4ff--staccato--1,,staccato,derive,n72579ba58df9f4ff
n74958e16f11c5445--slur--start--1,n74958e16f11c5445--slur--start--1,slur,stamp,n74958e16f11c5445
e6db0a04a17ef3b98,e6db0a04a17ef3b98,dynamics,md,1
e94955aa972679509,e94955aa972679509,dynamics,md,2
e1634f12b21467c7c,e1634f12b21467c7c,pedal,md,2
ea9c9360d7a63b667,ea9c9360d7a63b667,octave-shift,md,2
eda3055b05adfeb30,eda3055b05adfeb30,octave-shift,md,2
e0c6b10a28973a5e1,e0c6b10a28973a5e1,octave-shift,md,1
n52a9be2e4bfd163a--staccato--1,,staccato,derive,n52a9be2e4bfd163a
nd3d67300007dc8e8--staccato--1,,staccato,derive,nd3d67300007dc8e8
nf9da034ecf3724e9--staccato--1,,staccato,derive,nf9da034ecf3724e9
na662c002f14f9c12--tie--1,,tie,derive,na662c002f14f9c12
na662c002f14f9c12--tied--start--1,na662c002f14f9c12--tied--start--1,tied,stamp,na662c002f14f9c12
na662c002f14f9c12--slur--start--1,na662c002f14f9c12--slur--start--1,slur,stamp,na662c002f14f9c12
n35ff924a9554fd9c--tie--1,,tie,derive,n35ff924a9554fd9c
n35ff924a9554fd9c--tied--start--1,n35ff924a9554fd9c--tied--start--1,tied,stamp,n35ff924a9554fd9c
n231af7164dc4b4db--tie--1,,tie,derive,n231af7164dc4b4db
n231af7164dc4b4db--tied--start--1,n231af7164dc4b4db--tied--start--1,tied,stamp,n231af7164dc4b4db
n2ab1b077f3be546e--staccato--1,,staccato,derive,n2ab1b077f3be546e
n114d30a4fc3eb411--staccato--1,,staccato,derive,n114d30a4fc3eb411
n191e5f2ce1e07574--staccato--1,,staccato,derive,n191e5f2ce1e07574
n07e95a6f4aba1f2b--tie--1,,tie,derive,n07e95a6f4aba1f2b
n07e95a6f4aba1f2b--tied--stop--1,n07e95a6f4aba1f2b--tied--stop--1,tied,stamp,n07e95a6f4aba1f2b
need5575f2abc0dd7--tie--1,,tie,derive,need5575f2abc0dd7
need5575f2abc0dd7--tied--stop--1,need5575f2abc0dd7--tied--stop--1,tied,stamp,need5575f2abc0dd7
n331fecfe81441010--tie--1,,tie,derive,n331fecfe81441010
n331fecfe81441010--tied--stop--1,n331fecfe81441010--tied--stop--1,tied,stamp,n331fecfe81441010
ndc16dcbfc493b78d--slur--stop--1,ndc16dcbfc493b78d--slur--stop--1,slur,stamp,ndc16dcbfc493b78d
nfa7f1b7674d2e611--accent--1,,accent,derive,nfa7f1b7674d2e611
n248f672f19bb8c14--slur--start--1,n248f672f19bb8c14--slur--start--1,slur,stamp,n248f672f19bb8c14
n248f672f19bb8c14--slur--start--2,n248f672f19bb8c14--slur--start--2,slur,stamp,n248f672f19bb8c14
nb9d6e9a6c283226f--slur--stop--1,nb9d6e9a6c283226f--slur--stop--1,slur,stamp,nb9d6e9a6c283226f
nb9d6e9a6c283226f--slur--stop--2,nb9d6e9a6c283226f--slur--stop--2,slur,stamp,nb9d6e9a6c283226f
n23b5f6ab0d881fcd--slur--stop--1,n23b5f6ab0d881fcd--slur--stop--1,slur,stamp,n23b5f6ab0d881fcd
e377e3d5c2461bd31,e377e3d5c2461bd31,octave-shift,md,1
na01f25be94d368c6--slur--start--1,na01f25be94d368c6--slur--start--1,slur,stamp,na01f25be94d368c6
nce725b730901bdd9--slur--stop--1,nce725b730901bdd9--slur--stop--1,slur,stamp,nce725b730901bdd9
n5e0ad102fdf15da2--staccato--1,,staccato,derive,n5e0ad102fdf15da2
n89cf99b7691ac3c1--slur--start--1,n89cf99b7691ac3c1--slur--start--1,slur,stamp,n89cf99b7691ac3c1
na7bddd37caf99d3d--slur--stop--1,na7bddd37caf99d3d--slur--stop--1,slur,stamp,na7bddd37caf99d3d
n7662d66a9e22a628--staccato--1,,staccato,derive,n7662d66a9e22a628
ndd99988aac14cec8--slur--start--1,ndd99988aac14cec8--slur--start--1,slur,stamp,ndd99988aac14cec8
n5e2a6d9fe1164cfc--slur--stop--1,n5e2a6d9fe1164cfc--slur--stop--1,slur,stamp,n5e2a6d9fe1164cfc
ef89ae9ae03fa8a31,ef89ae9ae03fa8a31,words,md,1
e7bd05981f81d4ecd,e7bd05981f81d4ecd,dynamics,md,1
ed17a6452431ffc69,ed17a6452431ffc69,pedal,md,1
ed4077dc22865b4db,ed4077dc22865b4db,pedal,md,1
ea5be6a6db5e908ad,ea5be6a6db5e908ad,pedal,md,1
e40016fff579f3386,e40016fff579f3386,pedal,md,2
nff6e35c4b757f9e4--slur--start--1,nff6e35c4b757f9e4--slur--start--1,slur,stamp,nff6e35c4b757f9e4
n98a78ec71300a25f--slur--stop--1,n98a78ec71300a25f--slur--stop--1,slur,stamp,n98a78ec71300a25f
n2eff3e3ff782bc5f--staccato--1,,staccato,derive,n2eff3e3ff782bc5f
nb55391db782cdabd--slur--start--1,nb55391db782cdabd--slur--start--1,slur,stamp,nb55391db782cdabd
nb0017bceeaace5c5--slur--stop--1,nb0017bceeaace5c5--slur--stop--1,slur,stamp,nb0017bceeaace5c5
nb1c8e71639407ab7--staccato--1,,staccato,derive,nb1c8e71639407ab7
na664d214ec0ce6f6--slur--start--1,na664d214ec0ce6f6--slur--start--1,slur,stamp,na664d214ec0ce6f6
nda6f4edaca73f771--slur--stop--1,nda6f4edaca73f771--slur--stop--1,slur,stamp,nda6f4edaca73f771
e9f5aa4a580a497ba,e9f5aa4a580a497ba,pedal,md,1
e26f09927cf4f97aa,e26f09927cf4f97aa,pedal,md,1
e224d72db21d3de54,e224d72db21d3de54,pedal,md,2
e71cca8e9a58fd977,e71cca8e9a58fd977,pedal,md,2
n9757b1e793fd8ef9--slur--start--1,n9757b1e793fd8ef9--slur--start--1,slur,stamp,n9757b1e793fd8ef9
nd68dbabb24ed4d1c--staccato--1,,staccato,derive,nd68dbabb24ed4d1c
nb6e878169b769a1a--slur--start--1,nb6e878169b769a1a--slur--start--1,slur,stamp,nb6e878169b769a1a
n2f99861c65972452--slur--stop--1,n2f99861c65972452--slur--stop--1,slur,stamp,n2f99861c65972452
n39fff6deb5574ffe--staccato--1,,staccato,derive,n39fff6deb5574ffe
n350a86fa747a025a--slur--start--1,n350a86fa747a025a--slur--start--1,slur,stamp,n350a86fa747a025a
n30d2d765df9a6cb7--slur--stop--1,n30d2d765df9a6cb7--slur--stop--1,slur,stamp,n30d2d765df9a6cb7
e7ae349aabb255fd1,e7ae349aabb255fd1,pedal,md,1
e6fa3866b716e749c,e6fa3866b716e749c,pedal,md,1
ec177c6b8458fab6a,ec177c6b8458fab6a,pedal,md,1
e253593ceb08603a5,e253593ceb08603a5,pedal,md,2
na883fda12991d9cb--slur--stop--1,na883fda12991d9cb--slur--stop--1,slur,stamp,na883fda12991d9cb
nb2768e5a75ffc8fd--staccato--1,,staccato,derive,nb2768e5a75ffc8fd
n01d931e8e1a83fca--slur--start--1,n01d931e8e1a83fca--slur--start--1,slur,stamp,n01d931e8e1a83fca
n5f9a6753ac1aeeac--slur--stop--1,n5f9a6753ac1aeeac--slur--stop--1,slur,stamp,n5f9a6753ac1aeeac
n5c053c9b84380984--staccato--1,,staccato,derive,n5c053c9b84380984
n4bd89e499eb1e316--slur--start--1,n4bd89e499eb1e316--slur--start--1,slur,stamp,n4bd89e499eb1e316
nf720e09312ed63e4--slur--stop--1,nf720e09312ed63e4--slur--stop--1,slur,stamp,nf720e09312ed63e4
ee4db844175521811,ee4db844175521811,pedal,md,1
e81260eec6cf97363,e81260eec6cf97363,pedal,md,1
e851fd21b1e214223,e851fd21b1e214223,pedal,md,1
e18c20924f5e1f98b,e18c20924f5e1f98b,pedal,md,2
n06445c525105d28e--slur--start--1,n06445c525105d28e--slur--start--1,slur,stamp,n06445c525105d28e
n4020926a231a8668--slur--stop--1,n4020926a231a8668--slur--stop--1,slur,stamp,n4020926a231a8668
n7714b355eaf36bd6--staccato--1,,staccato,derive,n7714b355eaf36bd6
n49b19c9ffc125183--slur--start--1,n49b19c9ffc125183--slur--start--1,slur,stamp,n49b19c9ffc125183
n547fcd993b65eec7--slur--stop--1,n547fcd993b65eec7--slur--stop--1,slur,stamp,n547fcd993b65eec7
n8713d4d4fac3d6e6--staccato--1,,staccato,derive,n8713d4d4fac3d6e6
nc9475d08e9f198c5--slur--start--1,nc9475d08e9f198c5--slur--start--1,slur,stamp,nc9475d08e9f198c5
n1a1ad8562cce5449--slur--stop--1,n1a1ad8562cce5449--slur--stop--1,slur,stamp,n1a1ad8562cce5449
ef3a5e9b5a121e16e,ef3a5e9b5a121e16e,pedal,md,1
e0b805b29dbc67b66,e0b805b29dbc67b66,pedal,md,2
ed04fcf2b9ea5485c,ed04fcf2b9ea5485c,pedal,md,2
e88207e2d8b24ec9c,e88207e2d8b24ec9c,pedal,md,2
n248a16a922dffe45--slur--start--1,n248a16a922dffe45--slur--start--1,slur,stamp,n248a16a922dffe45
n636f04a3fb6e0e8b--slur--stop--1,n636f04a3fb6e0e8b--slur--stop--1,slur,stamp,n636f04a3fb6e0e8b
n55edc8d9c493ae1d--staccato--1,,staccato,derive,n55edc8d9c493ae1d
n12e6dce4ab6702d1--slur--start--1,n12e6dce4ab6702d1--slur--start--1,slur,stamp,n12e6dce4ab6702d1
n1059853a07e102b1--slur--stop--1,n1059853a07e102b1--slur--stop--1,slur,stamp,n1059853a07e102b1
n94305ad38013b551--staccato--1,,staccato,derive,n94305ad38013b551
n0bf8373d88dd06d7--slur--start--1,n0bf8373d88dd06d7--slur--start--1,slur,stamp,n0bf8373d88dd06d7
n7f375ebaa7d30a9a--slur--stop--1,n7f375ebaa7d30a9a--slur--stop--1,slur,stamp,n7f375ebaa7d30a9a
ef85a434b0c6a7a8a,ef85a434b0c6a7a8a,pedal,md,1
ef0b659c7a2acf8f6,ef0b659c7a2acf8f6,pedal,md,1
efe3809dcaedf0d86,efe3809dcaedf0d86,pedal,md,2
e799f510edb279ad1,e799f510edb279ad1,pedal,md,2
n07fbd362650bb9a2--slur--start--1,n07fbd362650bb9a2--slur--start--1,slur,stamp,n07fbd362650bb9a2
n793ac77532660e4b--staccato--1,,staccato,derive,n793ac77532660e4b
n494217572bd5bb4c--slur--start--1,n494217572bd5bb4c--slur--start--1,slur,stamp,n494217572bd5bb4c
n19c3b99c49836a5a--slur--stop--1,n19c3b99c49836a5a--slur--stop--1,slur,stamp,n19c3b99c49836a5a
n5bc61a2398ed2b8b--staccato--1,,staccato,derive,n5bc61a2398ed2b8b
n054dbfb200c70133--slur--start--1,n054dbfb200c70133--slur--start--1,slur,stamp,n054dbfb200c70133
n9599f482dcbbe187--slur--stop--1,n9599f482dcbbe187--slur--stop--1,slur,stamp,n9599f482dcbbe187
ef35e92bbbdb60328,ef35e92bbbdb60328,pedal,md,2
ed6d7959bd177364c,ed6d7959bd177364c,pedal,md,2
e5d4a9d9b200d518a,e5d4a9d9b200d518a,pedal,md,2
ea7a7b8a8f2117cb9,ea7a7b8a8f2117cb9,pedal,md,2
nacee44d5d485c39e--slur--stop--1,nacee44d5d485c39e--slur--stop--1,slur,stamp,nacee44d5d485c39e
n801b07d991610ec8--staccato--1,,staccato,derive,n801b07d991610ec8
e1096c02c14bbbaa3,e1096c02c14bbbaa3,pedal,md,1
e27336d8f4ecb3516,e27336d8f4ecb3516,pedal,md,2
nebd331501eab9d8e--slur--start--1,nebd331501eab9d8e--slur--start--1,slur,stamp,nebd331501eab9d8e
n4cf335408895b68e--slur--stop--1,n4cf335408895b68e--slur--stop--1,slur,stamp,n4cf335408895b68e
nf98d54c168218199--strong-accent--1,,strong-accent,derive,nf98d54c168218199
nc8b2cad88fa59643--staccato--1,,staccato,derive,nc8b2cad88fa59643
nace014b6babeb85c--strong-accent--1,,strong-accent,derive,nace014b6babeb85c
nf094dd5387627d20--staccato--1,,staccato,derive,nf094dd5387627d20
n40dde2fb6ce1a564--staccato--1,,staccato,derive,n40dde2fb6ce1a564
e2636049cc98f2834,e2636049cc98f2834,wedge,md,1
e55d4feda4aedf670,e55d4feda4aedf670,pedal,md,1
eb3d218ce40e291ce,eb3d218ce40e291ce,wedge,md,1
e2b606b93260c81d7,e2b606b93260c81d7,pedal,md,2
e096e14fbadd03873,e096e14fbadd03873,pedal,md,2
e9865eb29e7eae110,e9865eb29e7eae110,pedal,md,2
n1cbb694ad6013885--slur--start--1,n1cbb694ad6013885--slur--start--1,slur,stamp,n1cbb694ad6013885
n0ae5103502049ab1--slur--stop--1,n0ae5103502049ab1--slur--stop--1,slur,stamp,n0ae5103502049ab1
n5ead1645f9ddd9aa--strong-accent--1,,strong-accent,derive,n5ead1645f9ddd9aa
n4b4de90579cea6ae--staccato--1,,staccato,derive,n4b4de90579cea6ae
n45216e6c13aa2b6c--strong-accent--1,,strong-accent,derive,n45216e6c13aa2b6c
n2aa468ca941f7acf--staccato--1,,staccato,derive,n2aa468ca941f7acf
nf0dd9dcfa372e172--staccato--1,,staccato,derive,nf0dd9dcfa372e172
e19fe55f1930669ef,e19fe55f1930669ef,wedge,md,1
efab6f4cc52c46b1d,efab6f4cc52c46b1d,pedal,md,1
eeaac478922f5c4e0,eeaac478922f5c4e0,wedge,md,1
e5c37bdc62c4f6b36,e5c37bdc62c4f6b36,pedal,md,2
e126ebc8b2ba19d24,e126ebc8b2ba19d24,pedal,md,2
n71efbdb463373764--slur--start--1,n71efbdb463373764--slur--start--1,slur,stamp,n71efbdb463373764
nd2005ecb00e180ce--strong-accent--1,,strong-accent,derive,nd2005ecb00e180ce
nd9bf14a24873628d--staccato--1,,staccato,derive,nd9bf14a24873628d
n22ec3738fd91a951--slur--start--1,n22ec3738fd91a951--slur--start--1,slur,stamp,n22ec3738fd91a951
n22ec3738fd91a951--strong-accent--1,,strong-accent,derive,n22ec3738fd91a951
nc66027e632492237--slur--stop--1,nc66027e632492237--slur--stop--1,slur,stamp,nc66027e632492237
nc66027e632492237--accent--1,,accent,derive,nc66027e632492237
e8c0cf3a22b0af8b6,e8c0cf3a22b0af8b6,wedge,md,1
e690eeb13c15a5ec0,e690eeb13c15a5ec0,wedge,md,1
e11207ad6a2c85fc4,e11207ad6a2c85fc4,pedal,md,2
eba08fe852d411ce3,eba08fe852d411ce3,pedal,md,2
e063b88b06c48f119,e063b88b06c48f119,pedal,md,2
e2450db9215bb5c2e,e2450db9215bb5c2e,pedal,md,2
n7e5ccfc3cd4d13a4--accent--1,,accent,derive,n7e5ccfc3cd4d13a4
n040facdcbe66486f--slur--start--1,n040facdcbe66486f--slur--start--1,slur,stamp,n040facdcbe66486f
n53b51a54104276cb--slur--stop--1,n53b51a54104276cb--slur--stop--1,slur,stamp,n53b51a54104276cb
n53b51a54104276cb--accent--1,,accent,derive,n53b51a54104276cb
n9009e6661e122bc5--slur--start--1,n9009e6661e122bc5--slur--start--1,slur,stamp,n9009e6661e122bc5
nbbb279b42512c465--slur--stop--1,nbbb279b42512c465--slur--stop--1,slur,stamp,nbbb279b42512c465
nbbb279b42512c465--accent--1,,accent,derive,nbbb279b42512c465
ebfbc4199bfc75761,ebfbc4199bfc75761,wedge,md,1
ef1e1e6168829b1d8,ef1e1e6168829b1d8,wedge,md,1
ef4a35cffc4cdeaa7,ef4a35cffc4cdeaa7,pedal,md,2
ec21d3e8fb971ec6b,ec21d3e8fb971ec6b,pedal,md,2
nc2de2f7835743934--slur--stop--1,nc2de2f7835743934--slur--stop--1,slur,stamp,nc2de2f7835743934
ncf481de6a9f2b6c8--slur--start--1,ncf481de6a9f2b6c8--slur--start--1,slur,stamp,ncf481de6a9f2b6c8
n73a542622452357a--tie--1,,tie,derive,n73a542622452357a
n73a542622452357a--tied--start--1,n73a542622452357a--tied--start--1,tied,stamp,n73a542622452357a
n73a542622452357a--slur--start--1,n73a542622452357a--slur--start--1,slur,stamp,n73a542622452357a
nab23de46b8142508--tied--stop--1,nab23de46b8142508--tied--stop--1,tied,stamp,nab23de46b8142508
n036ad439a7f08256--tie--1,,tie,derive,n036ad439a7f08256
n036ad439a7f08256--tied--start--1,n036ad439a7f08256--tied--start--1,tied,stamp,n036ad439a7f08256
e4a4712497d7ac826,e4a4712497d7ac826,pedal,md,1
e930b1e057be522f6,e930b1e057be522f6,pedal,md,2
nf9aa156d2dbe638b--slur--stop--1,nf9aa156d2dbe638b--slur--stop--1,slur,stamp,nf9aa156d2dbe638b
nbbca5478cc37cf3f--tied--stop--1,nbbca5478cc37cf3f--tied--stop--1,tied,stamp,nbbca5478cc37cf3f
n7c447223af719498--slur--start--1,n7c447223af719498--slur--start--1,slur,stamp,n7c447223af719498
n67d0e33187917ace--tie--1,,tie,derive,n67d0e33187917ace
n67d0e33187917ace--tied--start--1,n67d0e33187917ace--tied--start--1,tied,stamp,n67d0e33187917ace
n6339b6ec266f745d--tied--stop--1,n6339b6ec266f745d--tied--stop--1,tied,stamp,n6339b6ec266f745d
nc8a7fcf4a8974176--tie--1,,tie,derive,nc8a7fcf4a8974176
nc8a7fcf4a8974176--tied--start--1,nc8a7fcf4a8974176--tied--start--1,tied,stamp,nc8a7fcf4a8974176
n26b837fc76cd2768--slur--stop--1,n26b837fc76cd2768--slur--stop--1,slur,stamp,n26b837fc76cd2768
n00e9edf3ddffddb4--tied--stop--1,n00e9edf3ddffddb4--tied--stop--1,tied,stamp,n00e9edf3ddffddb4
n90e914a6e4e334a5--slur--start--1,n90e914a6e4e334a5--slur--start--1,slur,stamp,n90e914a6e4e334a5
nd75041bb331ff78a--tie--1,,tie,derive,nd75041bb331ff78a
nd75041bb331ff78a--tied--start--1,nd75041bb331ff78a--tied--start--1,tied,stamp,nd75041bb331ff78a
nb10dd4ffbe7b981d--tied--stop--1,nb10dd4ffbe7b981d--tied--stop--1,tied,stamp,nb10dd4ffbe7b981d
ndda99525f0437a2c--tie--1,,tie,derive,ndda99525f0437a2c
ndda99525f0437a2c--tied--start--1,ndda99525f0437a2c--tied--start--1,tied,stamp,ndda99525f0437a2c
n5c0bc1db48396cce--slur--stop--1,n5c0bc1db48396cce--slur--stop--1,slur,stamp,n5c0bc1db48396cce
n1eb16ff70351a93c--tied--stop--1,n1eb16ff70351a93c--tied--stop--1,tied,stamp,n1eb16ff70351a93c
n1eb16ff70351a93c--slur--stop--1,n1eb16ff70351a93c--slur--stop--1,slur,stamp,n1eb16ff70351a93c
n598335bbfd825e72--tie--1,,tie,derive,n598335bbfd825e72
n598335bbfd825e72--tied--start--1,n598335bbfd825e72--tied--start--1,tied,stamp,n598335bbfd825e72
n8e52113fa2325e2e--tied--stop--1,n8e52113fa2325e2e--tied--stop--1,tied,stamp,n8e52113fa2325e2e
n962838eb62aef721--slur--start--1,n962838eb62aef721--slur--start--1,slur,stamp,n962838eb62aef721
nc279ef1bb6975d75--slur--stop--1,nc279ef1bb6975d75--slur--stop--1,slur,stamp,nc279ef1bb6975d75
nc279ef1bb6975d75--staccato--1,,staccato,derive,nc279ef1bb6975d75
naa171e8d24e6912c--slur--start--1,naa171e8d24e6912c--slur--start--1,slur,stamp,naa171e8d24e6912c
nb13c76c652443313--staccato--1,,staccato,derive,nb13c76c652443313
n054ef8d252cecc5f--slur--start--1,n054ef8d252cecc5f--slur--start--1,slur,stamp,n054ef8d252cecc5f
n054ef8d252cecc5f--staccato--1,,staccato,derive,n054ef8d252cecc5f
n6e943fc25e0f75b2--staccato--1,,staccato,derive,n6e943fc25e0f75b2
n1b1433a7284fa3ac--staccato--1,,staccato,derive,n1b1433a7284fa3ac
n56517fda56fa641e--slur--stop--1,n56517fda56fa641e--slur--stop--1,slur,stamp,n56517fda56fa641e
n56517fda56fa641e--staccato--1,,staccato,derive,n56517fda56fa641e
e1b85a5f5e41d8dac,e1b85a5f5e41d8dac,dynamics,md,1
e1c7c4e0ecde1352c,e1c7c4e0ecde1352c,pedal,md,2
ncbbd4a5f585c80f7--slur--stop--1,ncbbd4a5f585c80f7--slur--stop--1,slur,stamp,ncbbd4a5f585c80f7
n161cde11f1f6ba4e--accent--1,,accent,derive,n161cde11f1f6ba4e
n3629ce72ab6873e2--slur--start--1,n3629ce72ab6873e2--slur--start--1,slur,stamp,n3629ce72ab6873e2
e8545c3b907758753,e8545c3b907758753,pedal,md,1
n5e013ed4d44d0412--slur--start--1,n5e013ed4d44d0412--slur--start--1,slur,stamp,n5e013ed4d44d0412
nae1c28cf0b673ea5--slur--stop--1,nae1c28cf0b673ea5--slur--stop--1,slur,stamp,nae1c28cf0b673ea5
nfd156ac6a4b4f72c--slur--start--1,nfd156ac6a4b4f72c--slur--start--1,slur,stamp,nfd156ac6a4b4f72c
nfd156ac6a4b4f72c--accent--1,,accent,derive,nfd156ac6a4b4f72c
n5f4cb3c7ecaf999e--slur--stop--1,n5f4cb3c7ecaf999e--slur--stop--1,slur,stamp,n5f4cb3c7ecaf999e
n5f4cb3c7ecaf999e--staccato--1,,staccato,derive,n5f4cb3c7ecaf999e
nb4fa9068c654ca20--slur--start--1,nb4fa9068c654ca20--slur--start--1,slur,stamp,nb4fa9068c654ca20
e61371c4e4624af3a,e61371c4e4624af3a,pedal,md,1
e01f0bd57c5108000,e01f0bd57c5108000,pedal,md,1
n2266d32e6c719c3e--slur--stop--1,n2266d32e6c719c3e--slur--stop--1,slur,stamp,n2266d32e6c719c3e
nf5043a5bf5f9a644--slur--start--1,nf5043a5bf5f9a644--slur--start--1,slur,stamp,nf5043a5bf5f9a644
nf5043a5bf5f9a644--accent--1,,accent,derive,nf5043a5bf5f9a644
nbf917751a1fb39c7--slur--stop--1,nbf917751a1fb39c7--slur--stop--1,slur,stamp,nbf917751a1fb39c7
nbf917751a1fb39c7--staccato--1,,staccato,derive,nbf917751a1fb39c7
n0a7732b3b2d62e6c--slur--start--1,n0a7732b3b2d62e6c--slur--start--1,slur,stamp,n0a7732b3b2d62e6c
e46363630a732ceb6,e46363630a732ceb6,pedal,md,1
e8b827a13d63517b8,e8b827a13d63517b8,pedal,md,1
n30d729afa3bd7912--slur--stop--1,n30d729afa3bd7912--slur--stop--1,slur,stamp,n30d729afa3bd7912
n30d729afa3bd7912--staccato--1,,staccato,derive,n30d729afa3bd7912
n26f70477de4a1c16--slur--start--1,n26f70477de4a1c16--slur--start--1,slur,stamp,n26f70477de4a1c16
n3780a958ef6dc6e6--slur--stop--1,n3780a958ef6dc6e6--slur--stop--1,slur,stamp,n3780a958ef6dc6e6
n3780a958ef6dc6e6--staccato--1,,staccato,derive,n3780a958ef6dc6e6
nb477dccaefaf4a49--slur--start--1,nb477dccaefaf4a49--slur--start--1,slur,stamp,nb477dccaefaf4a49
e10a7fbcc60fd1e4d,e10a7fbcc60fd1e4d,dynamics,md,1
eb42d5ad6610f89c4,eb42d5ad6610f89c4,dynamics,md,1
e89928caed412be82,e89928caed412be82,wedge,md,1
nfe5cd96f497bc919--slur--stop--1,nfe5cd96f497bc919--slur--stop--1,slur,stamp,nfe5cd96f497bc919
n120d694fbbc4eab4--slur--start--1,n120d694fbbc4eab4--slur--start--1,slur,stamp,n120d694fbbc4eab4
n41d746f798da5347--slur--stop--1,n41d746f798da5347--slur--stop--1,slur,stamp,n41d746f798da5347
n4092d7d37788cd3f--slur--start--1,n4092d7d37788cd3f--slur--start--1,slur,stamp,n4092d7d37788cd3f
n1ca803827df1e4a7--slur--stop--1,n1ca803827df1e4a7--slur--stop--1,slur,stamp,n1ca803827df1e4a7
n9d3e7e04b8b1d42d--slur--start--1,n9d3e7e04b8b1d42d--slur--start--1,slur,stamp,n9d3e7e04b8b1d42d
nf29fc933ebb3453f--slur--stop--1,nf29fc933ebb3453f--slur--stop--1,slur,stamp,nf29fc933ebb3453f
na270302e9e42f783--slur--start--1,na270302e9e42f783--slur--start--1,slur,stamp,na270302e9e42f783
e3b0a629527d1ce2d,e3b0a629527d1ce2d,wedge,md,1
n8b9381db8c6a69ce--slur--stop--1,n8b9381db8c6a69ce--slur--stop--1,slur,stamp,n8b9381db8c6a69ce
n8b9381db8c6a69ce--staccato--1,,staccato,derive,n8b9381db8c6a69ce
n0a698832c425ee4c--slur--start--1,n0a698832c425ee4c--slur--start--1,slur,stamp,n0a698832c425ee4c
n18a8827e2921bd17--slur--stop--1,n18a8827e2921bd17--slur--stop--1,slur,stamp,n18a8827e2921bd17
n370302095af89be0--slur--start--1,n370302095af89be0--slur--start--1,slur,stamp,n370302095af89be0
nf692f0f7fd83a5b0--slur--stop--1,nf692f0f7fd83a5b0--slur--stop--1,slur,stamp,nf692f0f7fd83a5b0
nf692f0f7fd83a5b0--staccato--1,,staccato,derive,nf692f0f7fd83a5b0
n3704a92f3287f512--slur--start--1,n3704a92f3287f512--slur--start--1,slur,stamp,n3704a92f3287f512
n625bc0faf28240bd--slur--stop--1,n625bc0faf28240bd--slur--stop--1,slur,stamp,n625bc0faf28240bd
n625bc0faf28240bd--slur--start--2,n625bc0faf28240bd--slur--start--2,slur,stamp,n625bc0faf28240bd
n4fe7cb7ecbe6c105--slur--stop--1,n4fe7cb7ecbe6c105--slur--stop--1,slur,stamp,n4fe7cb7ecbe6c105
nafddd24831550e05--staccato--1,,staccato,derive,nafddd24831550e05
ec25b52810c4cc94e,ec25b52810c4cc94e,octave-shift,md,1
e168ef30ff5b90435,e168ef30ff5b90435,dynamics,md,1
ee9bf8bb17f7658ba,ee9bf8bb17f7658ba,octave-shift,md,1
e2e29e6d46b487845,e2e29e6d46b487845,pedal,md,2
e453804637c03f206,e453804637c03f206,pedal,md,2
n0b23e0ba673a757d--staccato--1,,staccato,derive,n0b23e0ba673a757d
n0b23e0ba673a757d--arpeggiate--1,n0b23e0ba673a757d--arpeggiate--1,arpeggiate,stamp,n0b23e0ba673a757d
n9d5d450c980d1a5f--arpeggiate--1,n9d5d450c980d1a5f--arpeggiate--1,arpeggiate,stamp,n9d5d450c980d1a5f
n908bb9480e91422f--arpeggiate--1,n908bb9480e91422f--arpeggiate--1,arpeggiate,stamp,n908bb9480e91422f
n247f1d4418b5f736--arpeggiate--1,n247f1d4418b5f736--arpeggiate--1,arpeggiate,stamp,n247f1d4418b5f736
e2527579e8d5d41b5,e2527579e8d5d41b5,wedge,md,1
edd11ed485cbacb2b,edd11ed485cbacb2b,dynamics,md,2
ea8a680b29e38942d,ea8a680b29e38942d,pedal,md,2
ea0446391df6c5996,ea0446391df6c5996,pedal,md,2
n24c5cfd100f2f8bf--accent--1,,accent,derive,n24c5cfd100f2f8bf
e6e36c5276bb56878,e6e36c5276bb56878,wedge,md,1
n5b60069413bd51b1--slur--start--1,n5b60069413bd51b1--slur--start--1,slur,stamp,n5b60069413bd51b1
n015d381df177e95e--slur--start--1,n015d381df177e95e--slur--start--1,slur,stamp,n015d381df177e95e
n429bfceb0659e6f9--slur--stop--1,n429bfceb0659e6f9--slur--stop--1,slur,stamp,n429bfceb0659e6f9
n429bfceb0659e6f9--slur--start--2,n429bfceb0659e6f9--slur--start--2,slur,stamp,n429bfceb0659e6f9
nf01e850e3347a620--slur--stop--1,nf01e850e3347a620--slur--stop--1,slur,stamp,nf01e850e3347a620
e49ad7fb64f453076,e49ad7fb64f453076,dynamics,md,1
e2e6283557f49bb97,e2e6283557f49bb97,pedal,md,1
e189405dde6ee93c3,e189405dde6ee93c3,dynamics,md,2
n1fd9fcb0b7986d67--slur--stop--1,n1fd9fcb0b7986d67--slur--stop--1,slur,stamp,n1fd9fcb0b7986d67
n1fd9fcb0b7986d67--slur--stop--2,n1fd9fcb0b7986d67--slur--stop--2,slur,stamp,n1fd9fcb0b7986d67
n54db9a0046a72cb0--tie--1,,tie,derive,n54db9a0046a72cb0
n54db9a0046a72cb0--tied--start--1,n54db9a0046a72cb0--tied--start--1,tied,stamp,n54db9a0046a72cb0
n54db9a0046a72cb0--slur--start--1,n54db9a0046a72cb0--slur--start--1,slur,stamp,n54db9a0046a72cb0
n54db9a0046a72cb0--accent--1,,accent,derive,n54db9a0046a72cb0
n6d76919e11b5b46f--tie--1,,tie,derive,n6d76919e11b5b46f
n6d76919e11b5b46f--tied--start--1,n6d76919e11b5b46f--tied--start--1,tied,stamp,n6d76919e11b5b46f
n8a7170c398485192--tie--1,,tie,derive,n8a7170c398485192
n8a7170c398485192--tied--start--1,n8a7170c398485192--tied--start--1,tied,stamp,n8a7170c398485192
n141056f9aa24e3e8--tie--1,,tie,derive,n141056f9aa24e3e8
n141056f9aa24e3e8--tied--stop--1,n141056f9aa24e3e8--tied--stop--1,tied,stamp,n141056f9aa24e3e8
nea9c3bbae5c18eb2--tie--1,,tie,derive,nea9c3bbae5c18eb2
nea9c3bbae5c18eb2--tied--stop--1,nea9c3bbae5c18eb2--tied--stop--1,tied,stamp,nea9c3bbae5c18eb2
n10c0b897e7a876e4--tie--1,,tie,derive,n10c0b897e7a876e4
n10c0b897e7a876e4--tied--stop--1,n10c0b897e7a876e4--tied--stop--1,tied,stamp,n10c0b897e7a876e4
n385f6ad84f4318c7--slur--start--1,n385f6ad84f4318c7--slur--start--1,slur,stamp,n385f6ad84f4318c7
nb9bc2d2b5d58e814--slur--stop--1,nb9bc2d2b5d58e814--slur--stop--1,slur,stamp,nb9bc2d2b5d58e814
edf48185c0173d1dc,edf48185c0173d1dc,pedal,md,1
nfc73307ae20babca--slur--start--1,nfc73307ae20babca--slur--start--1,slur,stamp,nfc73307ae20babca
ndd3f9b0cc12ea16e--slur--stop--1,ndd3f9b0cc12ea16e--slur--stop--1,slur,stamp,ndd3f9b0cc12ea16e
n6a36e4a32e55e7b2--slur--start--1,n6a36e4a32e55e7b2--slur--start--1,slur,stamp,n6a36e4a32e55e7b2
nbd4c3fd1e863590f--slur--start--1,nbd4c3fd1e863590f--slur--start--1,slur,stamp,nbd4c3fd1e863590f
ne8d3e9960b8787d4--slur--stop--1,ne8d3e9960b8787d4--slur--stop--1,slur,stamp,ne8d3e9960b8787d4
nb73f73f55239cb69--slur--start--1,nb73f73f55239cb69--slur--start--1,slur,stamp,nb73f73f55239cb69
n47d5286ca58d8676--slur--stop--1,n47d5286ca58d8676--slur--stop--1,slur,stamp,n47d5286ca58d8676
e9a89730bfd64a083,e9a89730bfd64a083,pedal,md,1
e545bd5a8be951468,e545bd5a8be951468,pedal,md,2
ec39b113985e5881b,ec39b113985e5881b,pedal,md,2
e679a0fc9cdb8bd1b,e679a0fc9cdb8bd1b,pedal,md,2
nae07d3a6b89f08fc--slur--stop--1,nae07d3a6b89f08fc--slur--stop--1,slur,stamp,nae07d3a6b89f08fc
nae07d3a6b89f08fc--slur--stop--2,nae07d3a6b89f08fc--slur--stop--2,slur,stamp,nae07d3a6b89f08fc
nf7988ec57b278db7--slur--start--1,nf7988ec57b278db7--slur--start--1,slur,stamp,nf7988ec57b278db7
nc665eee002374924--slur--stop--1,nc665eee002374924--slur--stop--1,slur,stamp,nc665eee002374924
nc20c31c686a814ad--slur--start--1,nc20c31c686a814ad--slur--start--1,slur,stamp,nc20c31c686a814ad
n92e60168e8dbae69--slur--stop--1,n92e60168e8dbae69--slur--stop--1,slur,stamp,n92e60168e8dbae69
nb013b46bcc5e9029--slur--start--1,nb013b46bcc5e9029--slur--start--1,slur,stamp,nb013b46bcc5e9029
n024a760ae3047390--slur--stop--1,n024a760ae3047390--slur--stop--1,slur,stamp,n024a760ae3047390
e69d622d5d14350b5,e69d622d5d14350b5,pedal,md,2
e10bc0b5d8f47f44c,e10bc0b5d8f47f44c,pedal,md,2
nb665e4dc28c293f7--tuplet--start--1,nb665e4dc28c293f7--tuplet--start--1,tuplet,stamp,nb665e4dc28c293f7
nb665e4dc28c293f7--slur--start--1,nb665e4dc28c293f7--slur--start--1,slur,stamp,nb665e4dc28c293f7
n4979bc1d555f6724--tuplet--stop--1,n4979bc1d555f6724--tuplet--stop--1,tuplet,stamp,n4979bc1d555f6724
n4979bc1d555f6724--slur--stop--1,n4979bc1d555f6724--slur--stop--1,slur,stamp,n4979bc1d555f6724
nc3f35d2eb1ac80f8--slur--start--1,nc3f35d2eb1ac80f8--slur--start--1,slur,stamp,nc3f35d2eb1ac80f8
n44da7da89c17aa6d--slur--stop--1,n44da7da89c17aa6d--slur--stop--1,slur,stamp,n44da7da89c17aa6d
n44da7da89c17aa6d--staccato--1,,staccato,derive,n44da7da89c17aa6d
nd9193b98d89e9759--slur--start--1,nd9193b98d89e9759--slur--start--1,slur,stamp,nd9193b98d89e9759
nef4339fb8f7c0dfa--slur--stop--1,nef4339fb8f7c0dfa--slur--stop--1,slur,stamp,nef4339fb8f7c0dfa
n8ffca7f38ce901d6--slur--start--1,n8ffca7f38ce901d6--slur--start--1,slur,stamp,n8ffca7f38ce901d6
n976a8ed0a56dccba--slur--stop--1,n976a8ed0a56dccba--slur--stop--1,slur,stamp,n976a8ed0a56dccba
eb63f08d52f889f4e,eb63f08d52f889f4e,pedal,md,1
e87a81f82eff82c23,e87a81f82eff82c23,pedal,md,1
e684780c7b3ef214f,e684780c7b3ef214f,pedal,md,2
nad8182de0b155496--tuplet--start--1,nad8182de0b155496--tuplet--start--1,tuplet,stamp,nad8182de0b155496
nad8182de0b155496--slur--start--1,nad8182de0b155496--slur--start--1,slur,stamp,nad8182de0b155496
nf0342dbc99d48fb6--tuplet--stop--1,nf0342dbc99d48fb6--tuplet--stop--1,tuplet,stamp,nf0342dbc99d48fb6
nf0342dbc99d48fb6--slur--stop--1,nf0342dbc99d48fb6--slur--stop--1,slur,stamp,nf0342dbc99d48fb6
na21cac35c079774e--slur--start--1,na21cac35c079774e--slur--start--1,slur,stamp,na21cac35c079774e
n1e7bfb900c48df0b--slur--stop--1,n1e7bfb900c48df0b--slur--stop--1,slur,stamp,n1e7bfb900c48df0b
n1e7bfb900c48df0b--staccato--1,,staccato,derive,n1e7bfb900c48df0b
n97bff715ce4ceca4--slur--start--1,n97bff715ce4ceca4--slur--start--1,slur,stamp,n97bff715ce4ceca4
ncdcfa20b800742a6--slur--stop--1,ncdcfa20b800742a6--slur--stop--1,slur,stamp,ncdcfa20b800742a6
nd54b99b41104a65e--slur--start--1,nd54b99b41104a65e--slur--start--1,slur,stamp,nd54b99b41104a65e
n56d84f440a894621--slur--stop--1,n56d84f440a894621--slur--stop--1,slur,stamp,n56d84f440a894621
e77be5e8b7c4bb8c5,e77be5e8b7c4bb8c5,pedal,md,2
ed34aa58313d9a541,ed34aa58313d9a541,pedal,md,2
ea77f75cbd35d37bb,ea77f75cbd35d37bb,pedal,md,2
edbff9c47f13b9ba7,edbff9c47f13b9ba7,pedal,md,2
n38d162318bcaf7e6--tuplet--start--1,n38d162318bcaf7e6--tuplet--start--1,tuplet,stamp,n38d162318bcaf7e6
n38d162318bcaf7e6--slur--start--1,n38d162318bcaf7e6--slur--start--1,slur,stamp,n38d162318bcaf7e6
n5074362b047b417a--tuplet--stop--1,n5074362b047b417a--tuplet--stop--1,tuplet,stamp,n5074362b047b417a
n5074362b047b417a--slur--stop--1,n5074362b047b417a--slur--stop--1,slur,stamp,n5074362b047b417a
n7209ef9cbcaf9f61--slur--start--1,n7209ef9cbcaf9f61--slur--start--1,slur,stamp,n7209ef9cbcaf9f61
n89cf2e168736c91d--slur--stop--1,n89cf2e168736c91d--slur--stop--1,slur,stamp,n89cf2e168736c91d
n89cf2e168736c91d--staccato--1,,staccato,derive,n89cf2e168736c91d
nbb3d3b6cb393f19e--slur--start--1,nbb3d3b6cb393f19e--slur--start--1,slur,stamp,nbb3d3b6cb393f19e
n119ead70bad136db--slur--start--1,n119ead70bad136db--slur--start--1,slur,stamp,n119ead70bad136db
n3766f2e574500094--slur--stop--1,n3766f2e574500094--slur--stop--1,slur,stamp,n3766f2e574500094
n7661df71515347f8--slur--start--1,n7661df71515347f8--slur--start--1,slur,stamp,n7661df71515347f8
n9506333249c1de32--slur--stop--1,n9506333249c1de32--slur--stop--1,slur,stamp,n9506333249c1de32
e963d680385d5e3fb,e963d680385d5e3fb,pedal,md,2
e300afcbb185c5f42,e300afcbb185c5f42,pedal,md,2
ee4a28e98403015c4,ee4a28e98403015c4,pedal,md,2
n1696c3fd6272405d--slur--stop--1,n1696c3fd6272405d--slur--stop--1,slur,stamp,n1696c3fd6272405d
ndbc17d768cc91de7--slur--start--1,ndbc17d768cc91de7--slur--start--1,slur,stamp,ndbc17d768cc91de7
n130df8640cfdab02--slur--stop--1,n130df8640cfdab02--slur--stop--1,slur,stamp,n130df8640cfdab02
n130df8640cfdab02--slur--start--2,n130df8640cfdab02--slur--start--2,slur,stamp,n130df8640cfdab02
n130df8640cfdab02--accent--1,,accent,derive,n130df8640cfdab02
nd57f8fd04fea3e1b--slur--stop--1,nd57f8fd04fea3e1b--slur--stop--1,slur,stamp,nd57f8fd04fea3e1b
n89e4f373c54abf75--slur--start--1,n89e4f373c54abf75--slur--start--1,slur,stamp,n89e4f373c54abf75
n89e4f373c54abf75--staccato--1,,staccato,derive,n89e4f373c54abf75
n5e8f20b133ef39e0--staccato--1,,staccato,derive,n5e8f20b133ef39e0
n8ffd779286db772a--slur--stop--1,n8ffd779286db772a--slur--stop--1,slur,stamp,n8ffd779286db772a
n8ffd779286db772a--staccato--1,,staccato,derive,n8ffd779286db772a
nc3b46885fe8166e7--slur--start--1,nc3b46885fe8166e7--slur--start--1,slur,stamp,nc3b46885fe8166e7
nbba07baad6850dd3--slur--stop--1,nbba07baad6850dd3--slur--stop--1,slur,stamp,nbba07baad6850dd3
n5fc9c82814a65dee--slur--start--1,n5fc9c82814a65dee--slur--start--1,slur,stamp,n5fc9c82814a65dee
n69338ef9324b0f99--slur--stop--1,n69338ef9324b0f99--slur--stop--1,slur,stamp,n69338ef9324b0f99
e8e06aac6b3be1a0d,e8e06aac6b3be1a0d,pedal,md,1
ef3668267798012e5,ef3668267798012e5,pedal,md,2
e69cf84a6d1a863a1,e69cf84a6d1a863a1,pedal,md,2
n3859f4a558ddbdb7--slur--start--1,n3859f4a558ddbdb7--slur--start--1,slur,stamp,n3859f4a558ddbdb7
n3859f4a558ddbdb7--strong-accent--1,,strong-accent,derive,n3859f4a558ddbdb7
na378decacc96ecb2--slur--start--1,na378decacc96ecb2--slur--start--1,slur,stamp,na378decacc96ecb2
n72ee94fe85570a79--slur--stop--1,n72ee94fe85570a79--slur--stop--1,slur,stamp,n72ee94fe85570a79
n5de0b8f5a2915e33--slur--start--1,n5de0b8f5a2915e33--slur--start--1,slur,stamp,n5de0b8f5a2915e33
n2bd4055b8e32beef--slur--stop--1,n2bd4055b8e32beef--slur--stop--1,slur,stamp,n2bd4055b8e32beef
e08738dc6ed6b546c,e08738dc6ed6b546c,dynamics,md,1
e7c1f44a23b5919ef,e7c1f44a23b5919ef,pedal,md,2
ece65b3b011590ba6,ece65b3b011590ba6,pedal,md,2
n36b4e0f2430ea4b6--slur--stop--1,n36b4e0f2430ea4b6--slur--stop--1,slur,stamp,n36b4e0f2430ea4b6
n9bebe1e642d350da--slur--start--1,n9bebe1e642d350da--slur--start--1,slur,stamp,n9bebe1e642d350da
n9bebe1e642d350da--accent--1,,accent,derive,n9bebe1e642d350da
n6f1ebf4e844d6a4f--slur--start--1,n6f1ebf4e844d6a4f--slur--start--1,slur,stamp,n6f1ebf4e844d6a4f
n840c6f3ffa0e3c5d--slur--stop--1,n840c6f3ffa0e3c5d--slur--stop--1,slur,stamp,n840c6f3ffa0e3c5d
ec785db3620f483f9,ec785db3620f483f9,pedal,md,1
n3f04e02cf4b2d2f2--slur--start--1,n3f04e02cf4b2d2f2--slur--start--1,slur,stamp,n3f04e02cf4b2d2f2
n1efd03842ba6fccc--slur--stop--1,n1efd03842ba6fccc--slur--stop--1,slur,stamp,n1efd03842ba6fccc
n2267e0a957e23ef1--slur--start--1,n2267e0a957e23ef1--slur--start--1,slur,stamp,n2267e0a957e23ef1
n5e3db8986d140102--slur--stop--1,n5e3db8986d140102--slur--stop--1,slur,stamp,n5e3db8986d140102
e8dc4cb804df9fbca,e8dc4cb804df9fbca,pedal,md,1
e939337994f8f6d9b,e939337994f8f6d9b,pedal,md,1
nd456a8ddd468dd3f--slur--stop--1,nd456a8ddd468dd3f--slur--stop--1,slur,stamp,nd456a8ddd468dd3f
n85276c04d2211f66--slur--start--1,n85276c04d2211f66--slur--start--1,slur,stamp,n85276c04d2211f66
n85276c04d2211f66--accent--1,,accent,derive,n85276c04d2211f66
nacf6d0077c2fca43--slur--start--1,nacf6d0077c2fca43--slur--start--1,slur,stamp,nacf6d0077c2fca43
n0649d6299a6dad7d--slur--stop--1,n0649d6299a6dad7d--slur--stop--1,slur,stamp,n0649d6299a6dad7d
e883512b0b7c563b4,e883512b0b7c563b4,pedal,md,1
e75859f45305d91e2,e75859f45305d91e2,pedal,md,1
ncc38c6dff0c45b20--slur--start--1,ncc38c6dff0c45b20--slur--start--1,slur,stamp,ncc38c6dff0c45b20
ncc38c6dff0c45b20--accent--1,,accent,derive,ncc38c6dff0c45b20
n2849f52d3054a528--slur--start--1,n2849f52d3054a528--slur--start--1,slur,stamp,n2849f52d3054a528
n2849f52d3054a528--staccato--1,,staccato,derive,n2849f52d3054a528
n9e17a13ff2cbe045--slur--stop--1,n9e17a13ff2cbe045--slur--stop--1,slur,stamp,n9e17a13ff2cbe045
n9e17a13ff2cbe045--staccato--1,,staccato,derive,n9e17a13ff2cbe045
nb75f3db64fb5b57d--slur--start--1,nb75f3db64fb5b57d--slur--start--1,slur,stamp,nb75f3db64fb5b57d
ncef46552f7c5c145--slur--stop--1,ncef46552f7c5c145--slur--stop--1,slur,stamp,ncef46552f7c5c145
nd5ad707585497c76--slur--start--1,nd5ad707585497c76--slur--start--1,slur,stamp,nd5ad707585497c76
ne3d2d20895bd2346--slur--stop--1,ne3d2d20895bd2346--slur--stop--1,slur,stamp,ne3d2d20895bd2346
e4e3ac823f5ba2dc7,e4e3ac823f5ba2dc7,pedal,md,1
ebbe04318e4582cdc,ebbe04318e4582cdc,pedal,md,2
n580bdcbf38520a51--trill-mark--1,,trill-mark,derive,n580bdcbf38520a51
n216b578a78faae19--slur--stop--1,n216b578a78faae19--slur--stop--1,slur,stamp,n216b578a78faae19
n216b578a78faae19--staccato--1,,staccato,derive,n216b578a78faae19
n624fb86dc5d48b55--tie--1,,tie,derive,n624fb86dc5d48b55
n624fb86dc5d48b55--tied--start--1,n624fb86dc5d48b55--tied--start--1,tied,stamp,n624fb86dc5d48b55
n624fb86dc5d48b55--slur--start--1,n624fb86dc5d48b55--slur--start--1,slur,stamp,n624fb86dc5d48b55
n624fb86dc5d48b55--strong-accent--1,,strong-accent,derive,n624fb86dc5d48b55
n64ec58ea35260a7d--tie--1,,tie,derive,n64ec58ea35260a7d
n64ec58ea35260a7d--tied--stop--1,n64ec58ea35260a7d--tied--stop--1,tied,stamp,n64ec58ea35260a7d
n64ec58ea35260a7d--tuplet--start--1,n64ec58ea35260a7d--tuplet--start--1,tuplet,stamp,n64ec58ea35260a7d
n741769dff306edaa--tuplet--stop--1,n741769dff306edaa--tuplet--stop--1,tuplet,stamp,n741769dff306edaa
n741769dff306edaa--slur--stop--1,n741769dff306edaa--slur--stop--1,slur,stamp,n741769dff306edaa
n75bcbe4123766fc7--staccato--1,,staccato,derive,n75bcbe4123766fc7
nfdf5b8210c1f0c30--staccato--1,,staccato,derive,nfdf5b8210c1f0c30
nd2397f83bffacc6c--tuplet--start--1,nd2397f83bffacc6c--tuplet--start--1,tuplet,stamp,nd2397f83bffacc6c
nd2397f83bffacc6c--slur--start--1,nd2397f83bffacc6c--slur--start--1,slur,stamp,nd2397f83bffacc6c
nd2397f83bffacc6c--staccato--1,,staccato,derive,nd2397f83bffacc6c
n997461a52ad95959--staccato--1,,staccato,derive,n997461a52ad95959
nd1824a15d723316c--staccato--1,,staccato,derive,nd1824a15d723316c
n49155e683f3b0ae4--tuplet--stop--1,n49155e683f3b0ae4--tuplet--stop--1,tuplet,stamp,n49155e683f3b0ae4
n49155e683f3b0ae4--slur--stop--1,n49155e683f3b0ae4--slur--stop--1,slur,stamp,n49155e683f3b0ae4
n49155e683f3b0ae4--staccato--1,,staccato,derive,n49155e683f3b0ae4
n1b76edc467bfb43b--slur--start--1,n1b76edc467bfb43b--slur--start--1,slur,stamp,n1b76edc467bfb43b
n040119596629efb6--slur--stop--1,n040119596629efb6--slur--stop--1,slur,stamp,n040119596629efb6
n002fe36529ad0e81--slur--start--1,n002fe36529ad0e81--slur--start--1,slur,stamp,n002fe36529ad0e81
ne493aece1d467a45--slur--stop--1,ne493aece1d467a45--slur--stop--1,slur,stamp,ne493aece1d467a45
e6bc1938a689f59d3,e6bc1938a689f59d3,pedal,md,1
e9e5552fdd8f5f8da,e9e5552fdd8f5f8da,pedal,md,2
ef56974cb447d22e7,ef56974cb447d22e7,pedal,md,2
ea7b29c39d7e79d5d,ea7b29c39d7e79d5d,pedal,md,2
n78edd320fb00a42f--slur--stop--1,n78edd320fb00a42f--slur--stop--1,slur,stamp,n78edd320fb00a42f
n8440ef3b95cd6ffd--tuplet--start--1,n8440ef3b95cd6ffd--tuplet--start--1,tuplet,stamp,n8440ef3b95cd6ffd
n71de87a16fd0ebfa--slur--start--1,n71de87a16fd0ebfa--slur--start--1,slur,stamp,n71de87a16fd0ebfa
n8aa5b6fb15191f21--tuplet--stop--1,n8aa5b6fb15191f21--tuplet--stop--1,tuplet,stamp,n8aa5b6fb15191f21
n9448acc08cded89e--tuplet--start--1,n9448acc08cded89e--tuplet--start--1,tuplet,stamp,n9448acc08cded89e
n265735534f535730--tuplet--stop--1,n265735534f535730--tuplet--stop--1,tuplet,stamp,n265735534f535730
nca6d43e9b47c5628--slur--start--1,nca6d43e9b47c5628--slur--start--1,slur,stamp,nca6d43e9b47c5628
edd6cb0d8e3afc2e1,edd6cb0d8e3afc2e1,words,md,1
eb3ebe16c9ba20cb2,eb3ebe16c9ba20cb2,pedal,md,2
n0851ea82f11954a6--slur--stop--1,n0851ea82f11954a6--slur--stop--1,slur,stamp,n0851ea82f11954a6
nef7494a45bbdc64e--tuplet--start--1,nef7494a45bbdc64e--tuplet--start--1,tuplet,stamp,nef7494a45bbdc64e
n53252066f3c187b4--slur--start--1,n53252066f3c187b4--slur--start--1,slur,stamp,n53252066f3c187b4
nc41a652d16390602--tuplet--stop--1,nc41a652d16390602--tuplet--stop--1,tuplet,stamp,nc41a652d16390602
n391daada053bd933--tuplet--start--1,n391daada053bd933--tuplet--start--1,tuplet,stamp,n391daada053bd933
n0a6d986105ba4c58--tuplet--stop--1,n0a6d986105ba4c58--tuplet--stop--1,tuplet,stamp,n0a6d986105ba4c58
n4e2144bd218f63a5--slur--stop--1,n4e2144bd218f63a5--slur--stop--1,slur,stamp,n4e2144bd218f63a5
e26ef46bb4e1f286a,e26ef46bb4e1f286a,words,md,1
e3d5f642bee1b6f92,e3d5f642bee1b6f92,pedal,md,1
n691527b0ad5aac85--slur--stop--1,n691527b0ad5aac85--slur--stop--1,slur,stamp,n691527b0ad5aac85
n9e7b5fa9543c26b0--tuplet--start--1,n9e7b5fa9543c26b0--tuplet--start--1,tuplet,stamp,n9e7b5fa9543c26b0
n60022c580debac53--slur--start--1,n60022c580debac53--slur--start--1,slur,stamp,n60022c580debac53
n6d7bc066df2a193d--tuplet--stop--1,n6d7bc066df2a193d--tuplet--stop--1,tuplet,stamp,n6d7bc066df2a193d
na070a29bee3a3abb--tuplet--start--1,na070a29bee3a3abb--tuplet--start--1,tuplet,stamp,na070a29bee3a3abb
naa734a19156ef8d5--tuplet--stop--1,naa734a19156ef8d5--tuplet--stop--1,tuplet,stamp,naa734a19156ef8d5
n67ddd0bdd9e4c019--slur--start--1,n67ddd0bdd9e4c019--slur--start--1,slur,stamp,n67ddd0bdd9e4c019
e36a9eee9a25ebdb8,e36a9eee9a25ebdb8,words,md,1
ne3eccdb1e1811b64--slur--stop--1,ne3eccdb1e1811b64--slur--stop--1,slur,stamp,ne3eccdb1e1811b64
n42dd02f4b7f847d1--tuplet--start--1,n42dd02f4b7f847d1--tuplet--start--1,tuplet,stamp,n42dd02f4b7f847d1
n1522fb99a62f0223--slur--start--1,n1522fb99a62f0223--slur--start--1,slur,stamp,n1522fb99a62f0223
n300ef2b5f490baf1--tuplet--stop--1,n300ef2b5f490baf1--tuplet--stop--1,tuplet,stamp,n300ef2b5f490baf1
n3473a0b8ed596fd0--tuplet--start--1,n3473a0b8ed596fd0--tuplet--start--1,tuplet,stamp,n3473a0b8ed596fd0
n265c0a85ce374e95--tuplet--stop--1,n265c0a85ce374e95--tuplet--stop--1,tuplet,stamp,n265c0a85ce374e95
n5d4ba714776cc9d5--tuplet--start--1,n5d4ba714776cc9d5--tuplet--start--1,tuplet,stamp,n5d4ba714776cc9d5
ncee844e87e6fbb08--tuplet--stop--1,ncee844e87e6fbb08--tuplet--stop--1,tuplet,stamp,ncee844e87e6fbb08
nea7fd5ee816f3265--slur--stop--1,nea7fd5ee816f3265--slur--stop--1,slur,stamp,nea7fd5ee816f3265
n440d246e6769744c--slur--start--1,n440d246e6769744c--slur--start--1,slur,stamp,n440d246e6769744c
n63f08965eead1d55--slur--stop--1,n63f08965eead1d55--slur--stop--1,slur,stamp,n63f08965eead1d55
e6911295bba2f6967,e6911295bba2f6967,pedal,md,1
eb190222c85ddd63d,eb190222c85ddd63d,pedal,md,2
ee59c39bd17c20599,ee59c39bd17c20599,pedal,md,2
n93f98f075a2ea17e--slur--stop--1,n93f98f075a2ea17e--slur--stop--1,slur,stamp,n93f98f075a2ea17e
n92a40d52c72e503d--tuplet--start--1,n92a40d52c72e503d--tuplet--start--1,tuplet,stamp,n92a40d52c72e503d
n6dc727a7b76979d3--slur--start--1,n6dc727a7b76979d3--slur--start--1,slur,stamp,n6dc727a7b76979d3
ndbe6c5332145d576--tuplet--stop--1,ndbe6c5332145d576--tuplet--stop--1,tuplet,stamp,ndbe6c5332145d576
n1000c83c092f11ba--tuplet--start--1,n1000c83c092f11ba--tuplet--start--1,tuplet,stamp,n1000c83c092f11ba
n01cb239727493ae3--tuplet--stop--1,n01cb239727493ae3--tuplet--stop--1,tuplet,stamp,n01cb239727493ae3
nb2ce5b691679f1df--slur--start--1,nb2ce5b691679f1df--slur--start--1,slur,stamp,nb2ce5b691679f1df
eef3faf5c0ce0801a,eef3faf5c0ce0801a,pedal,md,2
edd80670f5da795cb,edd80670f5da795cb,pedal,md,2
n9d6cc27444740ba6--slur--stop--1,n9d6cc27444740ba6--slur--stop--1,slur,stamp,n9d6cc27444740ba6
n9d6cc27444740ba6--staccato--1,,staccato,derive,n9d6cc27444740ba6
n0d90ef0fabadcbf8--staccato--1,,staccato,derive,n0d90ef0fabadcbf8
nc9585088e28a6b02--staccato--1,,staccato,derive,nc9585088e28a6b02
nd9d1fef2846c3fe2--tuplet--start--1,nd9d1fef2846c3fe2--tuplet--start--1,tuplet,stamp,nd9d1fef2846c3fe2
n2f685d51f11514e3--slur--start--1,n2f685d51f11514e3--slur--start--1,slur,stamp,n2f685d51f11514e3
n3d0d253de74b1e42--tuplet--stop--1,n3d0d253de74b1e42--tuplet--stop--1,tuplet,stamp,n3d0d253de74b1e42
nf9e874ee8fdf5024--tuplet--start--1,nf9e874ee8fdf5024--tuplet--start--1,tuplet,stamp,nf9e874ee8fdf5024
nff4b4535fa0dd0fe--tuplet--stop--1,nff4b4535fa0dd0fe--tuplet--stop--1,tuplet,stamp,nff4b4535fa0dd0fe
nf3aa602d2a3717eb--slur--stop--1,nf3aa602d2a3717eb--slur--stop--1,slur,stamp,nf3aa602d2a3717eb
e87f953bb48f91561,e87f953bb48f91561,pedal,md,1
n33f2e5c0d87c4078--slur--stop--1,n33f2e5c0d87c4078--slur--stop--1,slur,stamp,n33f2e5c0d87c4078
n33f2e5c0d87c4078--staccato--1,,staccato,derive,n33f2e5c0d87c4078
n7bb033af6c1a3923--staccato--1,,staccato,derive,n7bb033af6c1a3923
n81b02b1c811ce638--staccato--1,,staccato,derive,n81b02b1c811ce638
nb1e745455182fe6b--tuplet--start--1,nb1e745455182fe6b--tuplet--start--1,tuplet,stamp,nb1e745455182fe6b
nd812088645114c10--slur--start--1,nd812088645114c10--slur--start--1,slur,stamp,nd812088645114c10
n77bb75d835c6a67b--tuplet--stop--1,n77bb75d835c6a67b--tuplet--stop--1,tuplet,stamp,n77bb75d835c6a67b
n21d321ba333d8212--tuplet--start--1,n21d321ba333d8212--tuplet--start--1,tuplet,stamp,n21d321ba333d8212
n098ed4afb76b6794--tuplet--stop--1,n098ed4afb76b6794--tuplet--stop--1,tuplet,stamp,n098ed4afb76b6794
nab64dcffd6f75e21--slur--start--1,nab64dcffd6f75e21--slur--start--1,slur,stamp,nab64dcffd6f75e21
n34732f830648ec22--slur--stop--1,n34732f830648ec22--slur--stop--1,slur,stamp,n34732f830648ec22
n1aa21a5948a7714c--tuplet--start--1,n1aa21a5948a7714c--tuplet--start--1,tuplet,stamp,n1aa21a5948a7714c
n0a1c74bbe5e7c7d6--slur--start--1,n0a1c74bbe5e7c7d6--slur--start--1,slur,stamp,n0a1c74bbe5e7c7d6
nff8aea617ae446b5--tuplet--stop--1,nff8aea617ae446b5--tuplet--stop--1,tuplet,stamp,nff8aea617ae446b5
n0cdcbf43631f8251--tuplet--start--1,n0cdcbf43631f8251--tuplet--start--1,tuplet,stamp,n0cdcbf43631f8251
n7bff3d473c12d9e6--tuplet--stop--1,n7bff3d473c12d9e6--tuplet--stop--1,tuplet,stamp,n7bff3d473c12d9e6
n4a48da7c03bbb764--tuplet--start--1,n4a48da7c03bbb764--tuplet--start--1,tuplet,stamp,n4a48da7c03bbb764
nf73a2777992075ef--tuplet--stop--1,nf73a2777992075ef--tuplet--stop--1,tuplet,stamp,nf73a2777992075ef
n6a657e7634e740d8--slur--stop--1,n6a657e7634e740d8--slur--stop--1,slur,stamp,n6a657e7634e740d8
n2a50ac631c5d4a20--slur--start--1,n2a50ac631c5d4a20--slur--start--1,slur,stamp,n2a50ac631c5d4a20
ndee6130813c01f6d--slur--stop--1,ndee6130813c01f6d--slur--stop--1,slur,stamp,ndee6130813c01f6d
ea341d13a3820091d,ea341d13a3820091d,pedal,md,1
eece7743b0f4db9f5,eece7743b0f4db9f5,pedal,md,1
e1ee482565b7d43cb,e1ee482565b7d43cb,pedal,md,1
e890293a1adc533c3,e890293a1adc533c3,pedal,md,2
n525c980c1e4b3c33--tie--1,,tie,derive,n525c980c1e4b3c33
n525c980c1e4b3c33--tied--start--1,n525c980c1e4b3c33--tied--start--1,tied,stamp,n525c980c1e4b3c33
n525c980c1e4b3c33--slur--stop--1,n525c980c1e4b3c33--slur--stop--1,slur,stamp,n525c980c1e4b3c33
n6cb86448ad29ad75--tie--1,,tie,derive,n6cb86448ad29ad75
n6cb86448ad29ad75--tied--stop--1,n6cb86448ad29ad75--tied--stop--1,tied,stamp,n6cb86448ad29ad75
nf8eced48c568ae67--slur--start--1,nf8eced48c568ae67--slur--start--1,slur,stamp,nf8eced48c568ae67
ed2fdd9cae59a71c5,ed2fdd9cae59a71c5,wedge,md,1
e5d5e154bda05514a,e5d5e154bda05514a,pedal,md,2
nac8e98a059fd6ed6--tie--1,,tie,derive,nac8e98a059fd6ed6
nac8e98a059fd6ed6--tied--start--1,nac8e98a059fd6ed6--tied--start--1,tied,stamp,nac8e98a059fd6ed6
nac8e98a059fd6ed6--slur--stop--1,nac8e98a059fd6ed6--slur--stop--1,slur,stamp,nac8e98a059fd6ed6
nac8e98a059fd6ed6--slur--start--2,nac8e98a059fd6ed6--slur--start--2,slur,stamp,nac8e98a059fd6ed6
n97bc5d5c2664a173--tie--1,,tie,derive,n97bc5d5c2664a173
n97bc5d5c2664a173--tied--stop--1,n97bc5d5c2664a173--tied--stop--1,tied,stamp,n97bc5d5c2664a173
ec5c0c45ac0436431,ec5c0c45ac0436431,wedge,md,1
e983b398382b8233b,e983b398382b8233b,pedal,md,2
n20c210267d71c76d--tie--1,,tie,derive,n20c210267d71c76d
n20c210267d71c76d--tied--start--1,n20c210267d71c76d--tied--start--1,tied,stamp,n20c210267d71c76d
n20c210267d71c76d--slur--stop--1,n20c210267d71c76d--slur--stop--1,slur,stamp,n20c210267d71c76d
n20c210267d71c76d--slur--start--2,n20c210267d71c76d--slur--start--2,slur,stamp,n20c210267d71c76d
n9aa2107e677de913--tie--1,,tie,derive,n9aa2107e677de913
n9aa2107e677de913--tied--stop--1,n9aa2107e677de913--tied--stop--1,tied,stamp,n9aa2107e677de913
n022d789b8a2ccacf--slur--start--1,n022d789b8a2ccacf--slur--start--1,slur,stamp,n022d789b8a2ccacf
e4c2f2b2be68a14c1,e4c2f2b2be68a14c1,wedge,md,1
e3c256b65bd250adb,e3c256b65bd250adb,pedal,md,2
nc4428e3fd1a8f690--tie--1,,tie,derive,nc4428e3fd1a8f690
nc4428e3fd1a8f690--tied--start--1,nc4428e3fd1a8f690--tied--start--1,tied,stamp,nc4428e3fd1a8f690
nc4428e3fd1a8f690--slur--stop--1,nc4428e3fd1a8f690--slur--stop--1,slur,stamp,nc4428e3fd1a8f690
nc4428e3fd1a8f690--slur--start--2,nc4428e3fd1a8f690--slur--start--2,slur,stamp,nc4428e3fd1a8f690
n3948c7bae90f80b4--tie--1,,tie,derive,n3948c7bae90f80b4
n3948c7bae90f80b4--tied--stop--1,n3948c7bae90f80b4--tied--stop--1,tied,stamp,n3948c7bae90f80b4
nf30b8ad118ab6f7a--slur--stop--1,nf30b8ad118ab6f7a--slur--stop--1,slur,stamp,nf30b8ad118ab6f7a
n2bb019d264fd0e82--slur--start--1,n2bb019d264fd0e82--slur--start--1,slur,stamp,n2bb019d264fd0e82
eedf26b574cf6f5ba,eedf26b574cf6f5ba,words,md,1
e27404b2eb877f7aa,e27404b2eb877f7aa,wedge,md,1
ncf6ded9e1e9a898f--slur--stop--1,ncf6ded9e1e9a898f--slur--stop--1,slur,stamp,ncf6ded9e1e9a898f
eb218455761dc19b0,eb218455761dc19b0,words,md,1
e7522088cf11cd4a0,e7522088cf11cd4a0,pedal,md,2
nbeee7dddacc82d23--slur--stop--1,nbeee7dddacc82d23--slur--stop--1,slur,stamp,nbeee7dddacc82d23
nef64e69c1498b009--slur--start--1,nef64e69c1498b009--slur--start--1,slur,stamp,nef64e69c1498b009
nc75de83ad3a0cfe0--tie--1,,tie,derive,nc75de83ad3a0cfe0
nc75de83ad3a0cfe0--tied--start--1,nc75de83ad3a0cfe0--tied--start--1,tied,stamp,nc75de83ad3a0cfe0
nb98be32f959d640b--tie--1,,tie,derive,nb98be32f959d640b
nb98be32f959d640b--tied--stop--1,nb98be32f959d640b--tied--stop--1,tied,stamp,nb98be32f959d640b
nfa7c74408f2e6ae6--slur--start--1,nfa7c74408f2e6ae6--slur--start--1,slur,stamp,nfa7c74408f2e6ae6
nfa7c74408f2e6ae6--staccato--1,,staccato,derive,nfa7c74408f2e6ae6
nc31807766ddf9da1--slur--stop--1,nc31807766ddf9da1--slur--stop--1,slur,stamp,nc31807766ddf9da1
nc31807766ddf9da1--staccato--1,,staccato,derive,nc31807766ddf9da1
nbf96cbafe1b7fb09--slur--start--1,nbf96cbafe1b7fb09--slur--start--1,slur,stamp,nbf96cbafe1b7fb09
nbf96cbafe1b7fb09--staccato--1,,staccato,derive,nbf96cbafe1b7fb09
ne7756808124a0174--slur--stop--1,ne7756808124a0174--slur--stop--1,slur,stamp,ne7756808124a0174
ne7756808124a0174--staccato--1,,staccato,derive,ne7756808124a0174
ee7585f12bfd10a97,ee7585f12bfd10a97,dynamics,md,1
e10af91db5bb31f2c,e10af91db5bb31f2c,words,md,1
eff98de05d94a7c56,eff98de05d94a7c56,pedal,md,1
e9ad094c37924152d,e9ad094c37924152d,pedal,md,1
n311bb8e4ee8e56db--slur--stop--1,n311bb8e4ee8e56db--slur--stop--1,slur,stamp,n311bb8e4ee8e56db
n59130a049c930468--slur--start--1,n59130a049c930468--slur--start--1,slur,stamp,n59130a049c930468
ncd5bedfa421b12a8--slur--start--1,ncd5bedfa421b12a8--slur--start--1,slur,stamp,ncd5bedfa421b12a8
ncd5bedfa421b12a8--staccato--1,,staccato,derive,ncd5bedfa421b12a8
n1233f28c45d17d5e--slur--stop--1,n1233f28c45d17d5e--slur--stop--1,slur,stamp,n1233f28c45d17d5e
n1233f28c45d17d5e--staccato--1,,staccato,derive,n1233f28c45d17d5e
n794c913c51f4f1b5--slur--start--1,n794c913c51f4f1b5--slur--start--1,slur,stamp,n794c913c51f4f1b5
n794c913c51f4f1b5--staccato--1,,staccato,derive,n794c913c51f4f1b5
n00e9265b8843608a--slur--stop--1,n00e9265b8843608a--slur--stop--1,slur,stamp,n00e9265b8843608a
n00e9265b8843608a--staccato--1,,staccato,derive,n00e9265b8843608a
na1155a1a0b7223b2--slur--start--1,na1155a1a0b7223b2--slur--start--1,slur,stamp,na1155a1a0b7223b2
na1155a1a0b7223b2--staccato--1,,staccato,derive,na1155a1a0b7223b2
na39d0f56195e5945--slur--stop--1,na39d0f56195e5945--slur--stop--1,slur,stamp,na39d0f56195e5945
na39d0f56195e5945--staccato--1,,staccato,derive,na39d0f56195e5945
n7f8492ddf7efddb2--slur--start--1,n7f8492ddf7efddb2--slur--start--1,slur,stamp,n7f8492ddf7efddb2
n43ca93fd1e651273--slur--start--1,n43ca93fd1e651273--slur--start--1,slur,stamp,n43ca93fd1e651273
n43ca93fd1e651273--staccato--1,,staccato,derive,n43ca93fd1e651273
need329b1d3559f43--slur--stop--1,need329b1d3559f43--slur--stop--1,slur,stamp,need329b1d3559f43
need329b1d3559f43--staccato--1,,staccato,derive,need329b1d3559f43
e975d246dba82a59c,e975d246dba82a59c,pedal,md,1
eb8623b7f66a7ab34,eb8623b7f66a7ab34,pedal,md,1
n625c88692f9b30d1--slur--stop--1,n625c88692f9b30d1--slur--stop--1,slur,stamp,n625c88692f9b30d1
n9d2c186ce42a1dbc--slur--start--1,n9d2c186ce42a1dbc--slur--start--1,slur,stamp,n9d2c186ce42a1dbc
n5a2df0139843a05e--slur--start--1,n5a2df0139843a05e--slur--start--1,slur,stamp,n5a2df0139843a05e
n5a2df0139843a05e--staccato--1,,staccato,derive,n5a2df0139843a05e
nc5231c8953a9254b--slur--stop--1,nc5231c8953a9254b--slur--stop--1,slur,stamp,nc5231c8953a9254b
nc5231c8953a9254b--staccato--1,,staccato,derive,nc5231c8953a9254b
ne5d9caac8a35e530--tie--1,,tie,derive,ne5d9caac8a35e530
ne5d9caac8a35e530--tied--start--1,ne5d9caac8a35e530--tied--start--1,tied,stamp,ne5d9caac8a35e530
n23ac476af88dde6c--tie--1,,tie,derive,n23ac476af88dde6c
n23ac476af88dde6c--tied--stop--1,n23ac476af88dde6c--tied--stop--1,tied,stamp,n23ac476af88dde6c
n341d8f7ccb647dbc--slur--stop--1,n341d8f7ccb647dbc--slur--stop--1,slur,stamp,n341d8f7ccb647dbc
nfa9475c71aafd55f--slur--start--1,nfa9475c71aafd55f--slur--start--1,slur,stamp,nfa9475c71aafd55f
nfa9475c71aafd55f--staccato--1,,staccato,derive,nfa9475c71aafd55f
n112ff9fe2a9f94bf--slur--stop--1,n112ff9fe2a9f94bf--slur--stop--1,slur,stamp,n112ff9fe2a9f94bf
n112ff9fe2a9f94bf--staccato--1,,staccato,derive,n112ff9fe2a9f94bf
ne82566b498b76a32--slur--start--1,ne82566b498b76a32--slur--start--1,slur,stamp,ne82566b498b76a32
ne82566b498b76a32--staccato--1,,staccato,derive,ne82566b498b76a32
n22ba7620f5e5e89b--slur--stop--1,n22ba7620f5e5e89b--slur--stop--1,slur,stamp,n22ba7620f5e5e89b
n22ba7620f5e5e89b--staccato--1,,staccato,derive,n22ba7620f5e5e89b
e72605b55776aeaf9,e72605b55776aeaf9,pedal,md,1
e4947889ae03ae6ea,e4947889ae03ae6ea,pedal,md,1
e7bcff83b9a0bddcc,e7bcff83b9a0bddcc,pedal,md,1
e4403f86d2e5d5e13,e4403f86d2e5d5e13,pedal,md,1
n3e4993b37ec2aa11--slur--stop--1,n3e4993b37ec2aa11--slur--stop--1,slur,stamp,n3e4993b37ec2aa11
ndf10582d1f5ebf18--slur--start--1,ndf10582d1f5ebf18--slur--start--1,slur,stamp,ndf10582d1f5ebf18
ndf10582d1f5ebf18--accent--1,,accent,derive,ndf10582d1f5ebf18
n0ba12523b48652aa--slur--start--1,n0ba12523b48652aa--slur--start--1,slur,stamp,n0ba12523b48652aa
n0ba12523b48652aa--staccato--1,,staccato,derive,n0ba12523b48652aa
na233037240e248a3--slur--stop--1,na233037240e248a3--slur--stop--1,slur,stamp,na233037240e248a3
na233037240e248a3--staccato--1,,staccato,derive,na233037240e248a3
n92c17d91f3000313--slur--start--1,n92c17d91f3000313--slur--start--1,slur,stamp,n92c17d91f3000313
n92c17d91f3000313--staccato--1,,staccato,derive,n92c17d91f3000313
nb2eb798288989262--slur--stop--1,nb2eb798288989262--slur--stop--1,slur,stamp,nb2eb798288989262
nb2eb798288989262--staccato--1,,staccato,derive,nb2eb798288989262
n8ef243aec08be1b4--slur--start--1,n8ef243aec08be1b4--slur--start--1,slur,stamp,n8ef243aec08be1b4
n8ef243aec08be1b4--staccato--1,,staccato,derive,n8ef243aec08be1b4
nf4d273ae3452ba68--slur--stop--1,nf4d273ae3452ba68--slur--stop--1,slur,stamp,nf4d273ae3452ba68
nf4d273ae3452ba68--staccato--1,,staccato,derive,nf4d273ae3452ba68
n252d4f2441071211--slur--start--1,n252d4f2441071211--slur--start--1,slur,stamp,n252d4f2441071211
n252d4f2441071211--staccato--1,,staccato,derive,n252d4f2441071211
nebfa388197f044b5--slur--stop--1,nebfa388197f044b5--slur--stop--1,slur,stamp,nebfa388197f044b5
nebfa388197f044b5--staccato--1,,staccato,derive,nebfa388197f044b5
ea104e83a58156c60,ea104e83a58156c60,pedal,md,1
e2cb2a42adb665618,e2cb2a42adb665618,pedal,md,1
e1b7cd43a276136ab,e1b7cd43a276136ab,pedal,md,1
e21140ab0c9e05f50,e21140ab0c9e05f50,pedal,md,2
n8e8ebbb5fdd16ea5--slur--stop--1,n8e8ebbb5fdd16ea5--slur--stop--1,slur,stamp,n8e8ebbb5fdd16ea5
n22b9da3322b088c1--slur--start--1,n22b9da3322b088c1--slur--start--1,slur,stamp,n22b9da3322b088c1
ndda2b72d3995258c--slur--start--1,ndda2b72d3995258c--slur--start--1,slur,stamp,ndda2b72d3995258c
ndda2b72d3995258c--staccato--1,,staccato,derive,ndda2b72d3995258c
na78509122a075756--slur--stop--1,na78509122a075756--slur--stop--1,slur,stamp,na78509122a075756
na78509122a075756--staccato--1,,staccato,derive,na78509122a075756
n5e8fcc2d1aa2dbed--tie--1,,tie,derive,n5e8fcc2d1aa2dbed
n5e8fcc2d1aa2dbed--tied--start--1,n5e8fcc2d1aa2dbed--tied--start--1,tied,stamp,n5e8fcc2d1aa2dbed
n1b655c88e0bd586e--tie--1,,tie,derive,n1b655c88e0bd586e
n1b655c88e0bd586e--tied--stop--1,n1b655c88e0bd586e--tied--stop--1,tied,stamp,n1b655c88e0bd586e
ncc25c946995b9379--slur--start--1,ncc25c946995b9379--slur--start--1,slur,stamp,ncc25c946995b9379
ncc25c946995b9379--staccato--1,,staccato,derive,ncc25c946995b9379
n2ea1de356edfd1b0--slur--stop--1,n2ea1de356edfd1b0--slur--stop--1,slur,stamp,n2ea1de356edfd1b0
n2ea1de356edfd1b0--staccato--1,,staccato,derive,n2ea1de356edfd1b0
ncfe68ac1ccddecfd--slur--start--1,ncfe68ac1ccddecfd--slur--start--1,slur,stamp,ncfe68ac1ccddecfd
ncfe68ac1ccddecfd--staccato--1,,staccato,derive,ncfe68ac1ccddecfd
nad3c598ce2bcf654--slur--stop--1,nad3c598ce2bcf654--slur--stop--1,slur,stamp,nad3c598ce2bcf654
nad3c598ce2bcf654--staccato--1,,staccato,derive,nad3c598ce2bcf654
e11c3b7cdecffb108,e11c3b7cdecffb108,pedal,md,1
ed1cbe12b65e25c8e,ed1cbe12b65e25c8e,pedal,md,1
n90b843945c66fe88--slur--stop--1,n90b843945c66fe88--slur--stop--1,slur,stamp,n90b843945c66fe88
n8698e53fddfe3528--slur--start--1,n8698e53fddfe3528--slur--start--1,slur,stamp,n8698e53fddfe3528
n8706185e47d93574--slur--start--1,n8706185e47d93574--slur--start--1,slur,stamp,n8706185e47d93574
n8706185e47d93574--staccato--1,,staccato,derive,n8706185e47d93574
na566fbc880cd22fb--slur--stop--1,na566fbc880cd22fb--slur--stop--1,slur,stamp,na566fbc880cd22fb
na566fbc880cd22fb--staccato--1,,staccato,derive,na566fbc880cd22fb
n3c215b9bde6d9163--slur--start--1,n3c215b9bde6d9163--slur--start--1,slur,stamp,n3c215b9bde6d9163
n3c215b9bde6d9163--staccato--1,,staccato,derive,n3c215b9bde6d9163
n326ee850d590071e--slur--stop--1,n326ee850d590071e--slur--stop--1,slur,stamp,n326ee850d590071e
n326ee850d590071e--staccato--1,,staccato,derive,n326ee850d590071e
nf2778a4cff5b7192--slur--start--1,nf2778a4cff5b7192--slur--start--1,slur,stamp,nf2778a4cff5b7192
nf2778a4cff5b7192--staccato--1,,staccato,derive,nf2778a4cff5b7192
neb13a2497c36deea--slur--stop--1,neb13a2497c36deea--slur--stop--1,slur,stamp,neb13a2497c36deea
neb13a2497c36deea--staccato--1,,staccato,derive,neb13a2497c36deea
n821d389dd11c910b--slur--start--1,n821d389dd11c910b--slur--start--1,slur,stamp,n821d389dd11c910b
n5f28378a1246e88d--slur--start--1,n5f28378a1246e88d--slur--start--1,slur,stamp,n5f28378a1246e88d
n5f28378a1246e88d--staccato--1,,staccato,derive,n5f28378a1246e88d
n239de41f85e28fc7--slur--stop--1,n239de41f85e28fc7--slur--stop--1,slur,stamp,n239de41f85e28fc7
n239de41f85e28fc7--staccato--1,,staccato,derive,n239de41f85e28fc7
e30bd024347aad588,e30bd024347aad588,pedal,md,1
ee5a544e12e4e1ca1,ee5a544e12e4e1ca1,wedge,md,1
e6428e7a6615f02f8,e6428e7a6615f02f8,wedge,md,1
na8913a5ebb59bebb--slur--stop--1,na8913a5ebb59bebb--slur--stop--1,slur,stamp,na8913a5ebb59bebb
n5856b0362a8f79fa--slur--start--1,n5856b0362a8f79fa--slur--start--1,slur,stamp,n5856b0362a8f79fa
n1dd73c9ee006273f--slur--start--1,n1dd73c9ee006273f--slur--start--1,slur,stamp,n1dd73c9ee006273f
n1dd73c9ee006273f--staccato--1,,staccato,derive,n1dd73c9ee006273f
n99a4f29cd3c14ce2--slur--stop--1,n99a4f29cd3c14ce2--slur--stop--1,slur,stamp,n99a4f29cd3c14ce2
n99a4f29cd3c14ce2--staccato--1,,staccato,derive,n99a4f29cd3c14ce2
nb29d9ad24c474362--slur--stop--1,nb29d9ad24c474362--slur--stop--1,slur,stamp,nb29d9ad24c474362
n2c23dddf10ed7dca--slur--start--1,n2c23dddf10ed7dca--slur--start--1,slur,stamp,n2c23dddf10ed7dca
n2c23dddf10ed7dca--staccato--1,,staccato,derive,n2c23dddf10ed7dca
nd8b412d176559006--slur--stop--1,nd8b412d176559006--slur--stop--1,slur,stamp,nd8b412d176559006
nd8b412d176559006--staccato--1,,staccato,derive,nd8b412d176559006
na110390d9faaa415--slur--start--1,na110390d9faaa415--slur--start--1,slur,stamp,na110390d9faaa415
na110390d9faaa415--staccato--1,,staccato,derive,na110390d9faaa415
n81e6f50bb9a576b6--slur--stop--1,n81e6f50bb9a576b6--slur--stop--1,slur,stamp,n81e6f50bb9a576b6
n81e6f50bb9a576b6--staccato--1,,staccato,derive,n81e6f50bb9a576b6
eab2806fa39f54536,eab2806fa39f54536,dynamics,md,1
ef29f4b7c5fd8c66f,ef29f4b7c5fd8c66f,pedal,md,1
ef1abef5a65903d0f,ef1abef5a65903d0f,dynamics,md,1
e30d7dd68fdf11594,e30d7dd68fdf11594,pedal,md,1
e5165cd3365113d0a,e5165cd3365113d0a,pedal,md,2
nb3a007b832aadce1--slur--stop--1,nb3a007b832aadce1--slur--stop--1,slur,stamp,nb3a007b832aadce1
na85bb252a6598cf4--slur--start--1,na85bb252a6598cf4--slur--start--1,slur,stamp,na85bb252a6598cf4
n40b64f1a59771113--slur--start--1,n40b64f1a59771113--slur--start--1,slur,stamp,n40b64f1a59771113
n40b64f1a59771113--staccato--1,,staccato,derive,n40b64f1a59771113
n57bcab5626abc790--slur--stop--1,n57bcab5626abc790--slur--stop--1,slur,stamp,n57bcab5626abc790
n57bcab5626abc790--staccato--1,,staccato,derive,n57bcab5626abc790
n3091a45a213f7084--slur--start--1,n3091a45a213f7084--slur--start--1,slur,stamp,n3091a45a213f7084
n3091a45a213f7084--staccato--1,,staccato,derive,n3091a45a213f7084
n42d65138e3d4bd50--slur--stop--1,n42d65138e3d4bd50--slur--stop--1,slur,stamp,n42d65138e3d4bd50
n42d65138e3d4bd50--staccato--1,,staccato,derive,n42d65138e3d4bd50
n480c8c71e17b74cb--slur--start--1,n480c8c71e17b74cb--slur--start--1,slur,stamp,n480c8c71e17b74cb
na66445995c0d6fac--slur--start--1,na66445995c0d6fac--slur--start--1,slur,stamp,na66445995c0d6fac
na66445995c0d6fac--staccato--1,,staccato,derive,na66445995c0d6fac
n4fc2d730160aa052--slur--stop--1,n4fc2d730160aa052--slur--stop--1,slur,stamp,n4fc2d730160aa052
n4fc2d730160aa052--staccato--1,,staccato,derive,n4fc2d730160aa052
n6c06bd231785cd7e--slur--start--1,n6c06bd231785cd7e--slur--start--1,slur,stamp,n6c06bd231785cd7e
n6c06bd231785cd7e--staccato--1,,staccato,derive,n6c06bd231785cd7e
na77bc4c46efab732--slur--stop--1,na77bc4c46efab732--slur--stop--1,slur,stamp,na77bc4c46efab732
na77bc4c46efab732--staccato--1,,staccato,derive,na77bc4c46efab732
e2d1fc24a7ee2e041,e2d1fc24a7ee2e041,pedal,md,1
ea647b22a745253c7,ea647b22a745253c7,wedge,md,1
e4e9ec6d7f3a17a75,e4e9ec6d7f3a17a75,pedal,md,1
eabf6838f4789fb86,eabf6838f4789fb86,wedge,md,1
na08e6c51a35c66af--slur--stop--1,na08e6c51a35c66af--slur--stop--1,slur,stamp,na08e6c51a35c66af
n1e6aa63a99299b59--slur--start--1,n1e6aa63a99299b59--slur--start--1,slur,stamp,n1e6aa63a99299b59
n1e6aa63a99299b59--staccato--1,,staccato,derive,n1e6aa63a99299b59
ndc9ced0a5c5ef9fa--slur--stop--1,ndc9ced0a5c5ef9fa--slur--stop--1,slur,stamp,ndc9ced0a5c5ef9fa
ndc9ced0a5c5ef9fa--staccato--1,,staccato,derive,ndc9ced0a5c5ef9fa
n911fe61d0be4572f--slur--stop--1,n911fe61d0be4572f--slur--stop--1,slur,stamp,n911fe61d0be4572f
n3b174fde7b96effa--slur--start--1,n3b174fde7b96effa--slur--start--1,slur,stamp,n3b174fde7b96effa
n3b174fde7b96effa--staccato--1,,staccato,derive,n3b174fde7b96effa
n29ff1a4188bab25e--slur--stop--1,n29ff1a4188bab25e--slur--stop--1,slur,stamp,n29ff1a4188bab25e
n29ff1a4188bab25e--staccato--1,,staccato,derive,n29ff1a4188bab25e
ed6d5f97d8593175d,ed6d5f97d8593175d,dynamics,md,1
ec0eaf2cc95fa5eb8,ec0eaf2cc95fa5eb8,pedal,md,1
e1790699b83112eef,e1790699b83112eef,pedal,md,1
e9114a937c48b3314,e9114a937c48b3314,pedal,md,1
e691802d2c0ee2699,e691802d2c0ee2699,pedal,md,1
n9bffe5c00f7d4d62--slur--start--1,n9bffe5c00f7d4d62--slur--start--1,slur,stamp,n9bffe5c00f7d4d62
n6d6ca29e22b93a48--slur--stop--1,n6d6ca29e22b93a48--slur--stop--1,slur,stamp,n6d6ca29e22b93a48
n4ed935b94db765c9--slur--start--1,n4ed935b94db765c9--slur--start--1,slur,stamp,n4ed935b94db765c9
n4ed935b94db765c9--staccato--1,,staccato,derive,n4ed935b94db765c9
nad703f5191b3b24b--slur--stop--1,nad703f5191b3b24b--slur--stop--1,slur,stamp,nad703f5191b3b24b
nad703f5191b3b24b--staccato--1,,staccato,derive,nad703f5191b3b24b
na3727ea376c3cdcc--slur--start--1,na3727ea376c3cdcc--slur--start--1,slur,stamp,na3727ea376c3cdcc
n71b9fb72cd23d51b--slur--stop--1,n71b9fb72cd23d51b--slur--stop--1,slur,stamp,n71b9fb72cd23d51b
n29fd43e4ba0f7d40--slur--start--1,n29fd43e4ba0f7d40--slur--start--1,slur,stamp,n29fd43e4ba0f7d40
n29fd43e4ba0f7d40--staccato--1,,staccato,derive,n29fd43e4ba0f7d40
n9191246accfdaf41--slur--stop--1,n9191246accfdaf41--slur--stop--1,slur,stamp,n9191246accfdaf41
n9191246accfdaf41--staccato--1,,staccato,derive,n9191246accfdaf41
edb81a2b3cac5e266,edb81a2b3cac5e266,dynamics,md,1
ed86992674fc59352,ed86992674fc59352,pedal,md,1
ed5b62e6eb12612b5,ed5b62e6eb12612b5,pedal,md,1
e07f94885788874dd,e07f94885788874dd,pedal,md,1
ec79e12f223f4458b,ec79e12f223f4458b,pedal,md,2
nc919df13e8cac4c5--slur--start--1,nc919df13e8cac4c5--slur--start--1,slur,stamp,nc919df13e8cac4c5
nf9218a56e5c822bb--slur--stop--1,nf9218a56e5c822bb--slur--stop--1,slur,stamp,nf9218a56e5c822bb
n51716aeaad4abe73--slur--start--1,n51716aeaad4abe73--slur--start--1,slur,stamp,n51716aeaad4abe73
nac10b2d9da5bbecf--slur--stop--1,nac10b2d9da5bbecf--slur--stop--1,slur,stamp,nac10b2d9da5bbecf
eab467bf5630004ea,eab467bf5630004ea,dynamics,md,1
ea1f94955090ff237,ea1f94955090ff237,pedal,md,2
e032f78e165a48c5e,e032f78e165a48c5e,pedal,md,2
eb1804a7c77a26a9a,eb1804a7c77a26a9a,pedal,md,2
e915ddf865d50822c,e915ddf865d50822c,pedal,md,2
ne08d9ae51273ff75--slur--start--1,ne08d9ae51273ff75--slur--start--1,slur,stamp,ne08d9ae51273ff75
ne08d9ae51273ff75--accent--1,,accent,derive,ne08d9ae51273ff75
n32d682409fd94835--slur--start--1,n32d682409fd94835--slur--start--1,slur,stamp,n32d682409fd94835
nbbda6e2f7f09d4cd--slur--stop--1,nbbda6e2f7f09d4cd--slur--stop--1,slur,stamp,nbbda6e2f7f09d4cd
nbbda6e2f7f09d4cd--slur--start--2,nbbda6e2f7f09d4cd--slur--start--2,slur,stamp,nbbda6e2f7f09d4cd
n622a09b54317197e--slur--stop--1,n622a09b54317197e--slur--stop--1,slur,stamp,n622a09b54317197e
e9924c88dd7ad8abc,e9924c88dd7ad8abc,pedal,md,2
e4599e95d52ddc88f,e4599e95d52ddc88f,pedal,md,2
ea20e9cdb70130027,ea20e9cdb70130027,pedal,md,2
e23ad73c8c7159163,e23ad73c8c7159163,pedal,md,2
nea022334f4b047be--slur--stop--1,nea022334f4b047be--slur--stop--1,slur,stamp,nea022334f4b047be
nde5005d785ba0f2c--staccato--1,,staccato,derive,nde5005d785ba0f2c
n111573ad475ef832--staccato--1,,staccato,derive,n111573ad475ef832
n00ff1e588df01d23--staccato--1,,staccato,derive,n00ff1e588df01d23
n79d7c2ac28e9b3d7--staccato--1,,staccato,derive,n79d7c2ac28e9b3d7
n4d506ae3f1ee80be--staccato--1,,staccato,derive,n4d506ae3f1ee80be
n23ef67c26e1eca30--staccato--1,,staccato,derive,n23ef67c26e1eca30
nfb2e1176136277f4--staccato--1,,staccato,derive,nfb2e1176136277f4
n94a259f7a2cc6a1c--staccato--1,,staccato,derive,n94a259f7a2cc6a1c
n3105be5725cab124--staccato--1,,staccato,derive,n3105be5725cab124
na174eaab054f62a8--arpeggiate--1,na174eaab054f62a8--arpeggiate--1,arpeggiate,stamp,na174eaab054f62a8
nbfd99002affe2ae3--arpeggiate--1,nbfd99002affe2ae3--arpeggiate--1,arpeggiate,stamp,nbfd99002affe2ae3
n8df53205023e6d87--slur--start--1,n8df53205023e6d87--slur--start--1,slur,stamp,n8df53205023e6d87
nb3015173542b0304--slur--stop--1,nb3015173542b0304--slur--stop--1,slur,stamp,nb3015173542b0304
e0ac9123c8a9266ab,e0ac9123c8a9266ab,pedal,md,1
e18d5c528cbd0d95f,e18d5c528cbd0d95f,pedal,md,1
n7a14656499ec7d5e--staccato--1,,staccato,derive,n7a14656499ec7d5e
nd24fa7307b8a7348--staccato--1,,staccato,derive,nd24fa7307b8a7348
nd39e0d57e69bb032--staccato--1,,staccato,derive,nd39e0d57e69bb032
n939251adae052eef--staccato--1,,staccato,derive,n939251adae052eef
n37b8d01e94c6035b--staccato--1,,staccato,derive,n37b8d01e94c6035b
n3af06d00f7252608--staccato--1,,staccato,derive,n3af06d00f7252608
n67b8adc536a93ea1--tuplet--start--1,n67b8adc536a93ea1--tuplet--start--1,tuplet,stamp,n67b8adc536a93ea1
n67b8adc536a93ea1--staccato--1,,staccato,derive,n67b8adc536a93ea1
n34865f5ee85405a8--staccato--1,,staccato,derive,n34865f5ee85405a8
n80b897a322a5f852--tuplet--stop--1,n80b897a322a5f852--tuplet--stop--1,tuplet,stamp,n80b897a322a5f852
n80b897a322a5f852--staccato--1,,staccato,derive,n80b897a322a5f852
na784aa9b72488afc--tuplet--start--1,na784aa9b72488afc--tuplet--start--1,tuplet,stamp,na784aa9b72488afc
na784aa9b72488afc--staccato--1,,staccato,derive,na784aa9b72488afc
nb7ae07e92015d089--staccato--1,,staccato,derive,nb7ae07e92015d089
n8e30803e09f487c1--staccato--1,,staccato,derive,n8e30803e09f487c1
nce253fb2c3a7ef9a--staccato--1,,staccato,derive,nce253fb2c3a7ef9a
n5a477afe7193ab49--tuplet--stop--1,n5a477afe7193ab49--tuplet--stop--1,tuplet,stamp,n5a477afe7193ab49
n5a477afe7193ab49--staccato--1,,staccato,derive,n5a477afe7193ab49
n0a0c6c2154a60222--staccato--1,,staccato,derive,n0a0c6c2154a60222
n257186f7019999af--staccato--1,,staccato,derive,n257186f7019999af
ne3ac4a7e446274e7--staccato--1,,staccato,derive,ne3ac4a7e446274e7
n1041e8facbdfee30--staccato--1,,staccato,derive,n1041e8facbdfee30
ea6f8dc7c00ffd4f8,ea6f8dc7c00ffd4f8,pedal,md,1
e142f000077c7bdb0,e142f000077c7bdb0,words,md,1
ec807a78309b83e33,ec807a78309b83e33,pedal,md,2
n663496e4e9c8d7a7--staccato--1,,staccato,derive,n663496e4e9c8d7a7
n2071a122d224a634--slur--start--1,n2071a122d224a634--slur--start--1,slur,stamp,n2071a122d224a634
n2071a122d224a634--accent--1,,accent,derive,n2071a122d224a634
nc438e738d82d4667--slur--stop--1,nc438e738d82d4667--slur--stop--1,slur,stamp,nc438e738d82d4667
n4e49de289857236e--slur--start--1,n4e49de289857236e--slur--start--1,slur,stamp,n4e49de289857236e
n4e49de289857236e--accent--1,,accent,derive,n4e49de289857236e
n8ab575dbdca113ae--slur--stop--1,n8ab575dbdca113ae--slur--stop--1,slur,stamp,n8ab575dbdca113ae
nefb99c3b8ad8468e--staccato--1,,staccato,derive,nefb99c3b8ad8468e
e398a94e791d96186,,other-direction,md,1
e515cdf8dad55a5c6,e515cdf8dad55a5c6,words,md,1
e5dc4673c68083c72,e5dc4673c68083c72,pedal,md,1
e394ec2f586da4083,e394ec2f586da4083,dynamics,md,1
e0ec965447b1bbdbc,e0ec965447b1bbdbc,dynamics,md,1
e370f6e96b52192a3,e370f6e96b52192a3,pedal,md,1
nc8717399d20d72a8--slur--start--1,nc8717399d20d72a8--slur--start--1,slur,stamp,nc8717399d20d72a8
nc8717399d20d72a8--accent--1,,accent,derive,nc8717399d20d72a8
n1c2920c177a509dd--slur--stop--1,n1c2920c177a509dd--slur--stop--1,slur,stamp,n1c2920c177a509dd
n1d2341315dbd4f9d--slur--start--1,n1d2341315dbd4f9d--slur--start--1,slur,stamp,n1d2341315dbd4f9d
n1d2341315dbd4f9d--accent--1,,accent,derive,n1d2341315dbd4f9d
n4a40c2a2528ce0b0--slur--stop--1,n4a40c2a2528ce0b0--slur--stop--1,slur,stamp,n4a40c2a2528ce0b0
n7816f146e565d20a--staccato--1,,staccato,derive,n7816f146e565d20a
n9276556bd58b3ce5--staccato--1,,staccato,derive,n9276556bd58b3ce5
e6ef772bcd0ab47e4,e6ef772bcd0ab47e4,pedal,md,2
e442f745102a15227,e442f745102a15227,pedal,md,2
e73d4bdb70d63d97d,e73d4bdb70d63d97d,pedal,md,2
e69615132d7da067d,e69615132d7da067d,pedal,md,2
n66c6793eb47f6145--slur--start--1,n66c6793eb47f6145--slur--start--1,slur,stamp,n66c6793eb47f6145
n66c6793eb47f6145--accent--1,,accent,derive,n66c6793eb47f6145
n3b702929408a1b8b--accent--1,,accent,derive,n3b702929408a1b8b
nc839b993a1e7115e--staccato--1,,staccato,derive,nc839b993a1e7115e
ne6bc9bf770938b4d--staccato--1,,staccato,derive,ne6bc9bf770938b4d
ee21448b3470b036d,ee21448b3470b036d,pedal,md,2
e945deaea31dfc924,e945deaea31dfc924,pedal,md,2
n804f90713734b260--accent--1,,accent,derive,n804f90713734b260
ne496d696c480843e--accent--1,,accent,derive,ne496d696c480843e
nf9ee0bc856d3d38b--slur--stop--1,nf9ee0bc856d3d38b--slur--stop--1,slur,stamp,nf9ee0bc856d3d38b
n9e0d0947052a5278--staccato--1,,staccato,derive,n9e0d0947052a5278
n657e64a3d9261b70--staccato--1,,staccato,derive,n657e64a3d9261b70
n1089842412dbabd4--staccato--1,,staccato,derive,n1089842412dbabd4
n42f0b386c8ff239a--slur--start--1,n42f0b386c8ff239a--slur--start--1,slur,stamp,n42f0b386c8ff239a
n42f0b386c8ff239a--accent--1,,accent,derive,n42f0b386c8ff239a
n15298ab37e45a22c--slur--stop--1,n15298ab37e45a22c--slur--stop--1,slur,stamp,n15298ab37e45a22c
nafd87128385fb886--slur--start--1,nafd87128385fb886--slur--start--1,slur,stamp,nafd87128385fb886
nafd87128385fb886--accent--1,,accent,derive,nafd87128385fb886
n2fdc6b20d6001ec5--slur--stop--1,n2fdc6b20d6001ec5--slur--stop--1,slur,stamp,n2fdc6b20d6001ec5
nf6a8730f7c4bde96--staccato--1,,staccato,derive,nf6a8730f7c4bde96
nfdb4dcfcd2921f87--staccato--1,,staccato,derive,nfdb4dcfcd2921f87
e47376c4722b908c0,e47376c4722b908c0,dynamics,md,1
e78338e69ae0cc07f,e78338e69ae0cc07f,pedal,md,2
e8975c2a1e5625aeb,e8975c2a1e5625aeb,pedal,md,2
n5f8e978b2690ef4f--slur--start--1,n5f8e978b2690ef4f--slur--start--1,slur,stamp,n5f8e978b2690ef4f
n5f8e978b2690ef4f--accent--1,,accent,derive,n5f8e978b2690ef4f
nb5033de44b241253--slur--stop--1,nb5033de44b241253--slur--stop--1,slur,stamp,nb5033de44b241253
n8faf586253442455--slur--start--1,n8faf586253442455--slur--start--1,slur,stamp,n8faf586253442455
n8faf586253442455--accent--1,,accent,derive,n8faf586253442455
n85c5636160340797--slur--stop--1,n85c5636160340797--slur--stop--1,slur,stamp,n85c5636160340797
n15af0b033bc8df40--staccato--1,,staccato,derive,n15af0b033bc8df40
n74bcd6e6f2fbaf39--staccato--1,,staccato,derive,n74bcd6e6f2fbaf39
e302d005e42b9b03f,e302d005e42b9b03f,pedal,md,2
e00da7d4b9abcc8c0,e00da7d4b9abcc8c0,pedal,md,2
e5be18b024cea15e3,e5be18b024cea15e3,pedal,md,2
e4a3d188454da336d,e4a3d188454da336d,pedal,md,2
n140e8e8f3f4cb8d5--slur--start--1,n140e8e8f3f4cb8d5--slur--start--1,slur,stamp,n140e8e8f3f4cb8d5
n140e8e8f3f4cb8d5--accent--1,,accent,derive,n140e8e8f3f4cb8d5
n34e7102d8ded2944--accent--1,,accent,derive,n34e7102d8ded2944
n9c499c3c1bc93945--staccato--1,,staccato,derive,n9c499c3c1bc93945
n044cfa879e66036f--staccato--1,,staccato,derive,n044cfa879e66036f
e04308f66ed2d007f,e04308f66ed2d007f,pedal,md,2
ee1ad6b596e7f8a41,ee1ad6b596e7f8a41,pedal,md,2
nd6956cbb614b6dae--accent--1,,accent,derive,nd6956cbb614b6dae
n92cf87ff88dbb9ed--accent--1,,accent,derive,n92cf87ff88dbb9ed
n6ca9706334d7883c--slur--stop--1,n6ca9706334d7883c--slur--stop--1,slur,stamp,n6ca9706334d7883c
nf73bc3df092d578c--staccato--1,,staccato,derive,nf73bc3df092d578c
n013fc613f006f0ea--staccato--1,,staccato,derive,n013fc613f006f0ea
n7473694bda7c5326--staccato--1,,staccato,derive,n7473694bda7c5326
nfcd2954134bc1fc5--accent--1,,accent,derive,nfcd2954134bc1fc5
nfea34431c86af8f7--slur--start--1,nfea34431c86af8f7--slur--start--1,slur,stamp,nfea34431c86af8f7
nfea34431c86af8f7--strong-accent--1,,strong-accent,derive,nfea34431c86af8f7
n1afe421dd53f03cb--staccato--1,,staccato,derive,n1afe421dd53f03cb
nc38947896316dcab--slur--start--1,nc38947896316dcab--slur--start--1,slur,stamp,nc38947896316dcab
nc38947896316dcab--accent--1,,accent,derive,nc38947896316dcab
ec0e9316c238b2289,ec0e9316c238b2289,pedal,md,1
e7ec90362c753d94b,e7ec90362c753d94b,pedal,md,2
n9d42fa5330ede508--slur--stop--1,n9d42fa5330ede508--slur--stop--1,slur,stamp,n9d42fa5330ede508
n028cb284803dc8f0--slur--stop--1,n028cb284803dc8f0--slur--stop--1,slur,stamp,n028cb284803dc8f0
n028cb284803dc8f0--staccato--1,,staccato,derive,n028cb284803dc8f0
n4fc074207d427f3d--staccato--1,,staccato,derive,n4fc074207d427f3d
e245c5dd8ad978cce,e245c5dd8ad978cce,pedal,md,1
eef7c453b79b964c3,eef7c453b79b964c3,pedal,md,2
e8045bf173426593d,e8045bf173426593d,pedal,md,2
e8565a32de1a287f5,e8565a32de1a287f5,pedal,md,2
n9deae0f5c23f6c4f--accent--1,,accent,derive,n9deae0f5c23f6c4f
ne0b8e0479e6d85e1--accent--1,,accent,derive,ne0b8e0479e6d85e1
ncf7aabe9c2dea6c3--slur--start--1,ncf7aabe9c2dea6c3--slur--start--1,slur,stamp,ncf7aabe9c2dea6c3
nc26c78298ddab94b--slur--start--1,nc26c78298ddab94b--slur--start--1,slur,stamp,nc26c78298ddab94b
nc26c78298ddab94b--accent--1,,accent,derive,nc26c78298ddab94b
nef51000078614c57--slur--stop--1,nef51000078614c57--slur--stop--1,slur,stamp,nef51000078614c57
ne1ddc84de35edfec--slur--start--1,ne1ddc84de35edfec--slur--start--1,slur,stamp,ne1ddc84de35edfec
e1a68fec442dcb7f9,e1a68fec442dcb7f9,pedal,md,1
e3ef90749239c6ce6,e3ef90749239c6ce6,pedal,md,2
nddbef22c3888ac78--slur--stop--1,nddbef22c3888ac78--slur--stop--1,slur,stamp,nddbef22c3888ac78
na888f8c9d22347c1--slur--stop--1,na888f8c9d22347c1--slur--stop--1,slur,stamp,na888f8c9d22347c1
na888f8c9d22347c1--staccato--1,,staccato,derive,na888f8c9d22347c1
n013d64a860a5084d--staccato--1,,staccato,derive,n013d64a860a5084d
e8a799d6034d6dcfb,e8a799d6034d6dcfb,pedal,md,1
ef14c2ace984d11ad,ef14c2ace984d11ad,pedal,md,1
e07e3d560f06f5fa5,e07e3d560f06f5fa5,pedal,md,2
ef5f991d2046fa5f9,ef5f991d2046fa5f9,pedal,md,2
n22662f4f7c9e4a71--slur--start--1,n22662f4f7c9e4a71--slur--start--1,slur,stamp,n22662f4f7c9e4a71
n22662f4f7c9e4a71--accent--1,,accent,derive,n22662f4f7c9e4a71
n95c7e15a5d53e217--accent--1,,accent,derive,n95c7e15a5d53e217
n2902485b092aef70--slur--start--1,n2902485b092aef70--slur--start--1,slur,stamp,n2902485b092aef70
ed7053731131fa0eb,ed7053731131fa0eb,pedal,md,1
ef000acc0d0838467,ef000acc0d0838467,pedal,md,1
e2536c0ed6079898a,e2536c0ed6079898a,pedal,md,2
ec45eac4c3820a00a,ec45eac4c3820a00a,pedal,md,2
n5a4441908765d16a--accent--1,,accent,derive,n5a4441908765d16a
n109c26e5a5584566--accent--1,,accent,derive,n109c26e5a5584566
n48c254c43176b051--slur--stop--1,n48c254c43176b051--slur--stop--1,slur,stamp,n48c254c43176b051
n3a2436dd78334ec3--slur--start--1,n3a2436dd78334ec3--slur--start--1,slur,stamp,n3a2436dd78334ec3
na815833e5881252e--accent--1,,accent,derive,na815833e5881252e
nf803910fc16c04a5--accent--1,,accent,derive,nf803910fc16c04a5
nb5c2ac644c17a6ba--slur--stop--1,nb5c2ac644c17a6ba--slur--stop--1,slur,stamp,nb5c2ac644c17a6ba
n95226e3ddb3b1626--slur--start--1,n95226e3ddb3b1626--slur--start--1,slur,stamp,n95226e3ddb3b1626
n60ae1773d53c6c29--slur--stop--1,n60ae1773d53c6c29--slur--stop--1,slur,stamp,n60ae1773d53c6c29
nf3e1ea91ef555ea4--staccato--1,,staccato,derive,nf3e1ea91ef555ea4
ebe05d02863e7f346,ebe05d02863e7f346,pedal,md,1
e24435aa3cf0a8faa,e24435aa3cf0a8faa,pedal,md,1
n06f1dc0272de15a1--accent--1,,accent,derive,n06f1dc0272de15a1
ne1d6d02057e77bd2--slur--stop--1,ne1d6d02057e77bd2--slur--stop--1,slur,stamp,ne1d6d02057e77bd2
n775a090427d8d822--staccato--1,,staccato,derive,n775a090427d8d822
n23a881c54e74d5ed--slur--start--1,n23a881c54e74d5ed--slur--start--1,slur,stamp,n23a881c54e74d5ed
ed7a0e70356e0302d,ed7a0e70356e0302d,pedal,md,2
e6ab732464c4c89dd,e6ab732464c4c89dd,pedal,md,2
n806ba2f960c8247d--staccato--1,,staccato,derive,n806ba2f960c8247d
ne37d145bb8617c04--accent--1,,accent,derive,ne37d145bb8617c04
nda66663648cbcea2--slur--start--1,nda66663648cbcea2--slur--start--1,slur,stamp,nda66663648cbcea2
nda66663648cbcea2--strong-accent--1,,strong-accent,derive,nda66663648cbcea2
nde16b805ceb94334--slur--stop--1,nde16b805ceb94334--slur--stop--1,slur,stamp,nde16b805ceb94334
nde16b805ceb94334--staccato--1,,staccato,derive,nde16b805ceb94334
nea3893d76d3a4062--slur--start--1,nea3893d76d3a4062--slur--start--1,slur,stamp,nea3893d76d3a4062
nea3893d76d3a4062--accent--1,,accent,derive,nea3893d76d3a4062
e6bd417c272ba9592,e6bd417c272ba9592,pedal,md,1
eb13d71e09ce0f29b,eb13d71e09ce0f29b,pedal,md,1
n5b6565f2c777b2ba--slur--stop--1,n5b6565f2c777b2ba--slur--stop--1,slur,stamp,n5b6565f2c777b2ba
n8c97097199f9f6ed--slur--stop--1,n8c97097199f9f6ed--slur--stop--1,slur,stamp,n8c97097199f9f6ed
n8c97097199f9f6ed--staccato--1,,staccato,derive,n8c97097199f9f6ed
n404da8356cac7cb4--staccato--1,,staccato,derive,n404da8356cac7cb4
e725fe46a1064ec01,e725fe46a1064ec01,pedal,md,1
e28bb7ec8191b2ea2,e28bb7ec8191b2ea2,pedal,md,1
ebfde62edddd85b83,ebfde62edddd85b83,pedal,md,1
e409204f6c3dbe10d,e409204f6c3dbe10d,pedal,md,1
n359686d8deddfcc4--accent--1,,accent,derive,n359686d8deddfcc4
n4fe74169ea03ec34--accent--1,,accent,derive,n4fe74169ea03ec34
n0c47143e394f0581--slur--start--1,n0c47143e394f0581--slur--start--1,slur,stamp,n0c47143e394f0581
n7134b04411e7efe6--accent--1,,accent,derive,n7134b04411e7efe6
ne4db5e9e42bb4abc--slur--start--1,ne4db5e9e42bb4abc--slur--start--1,slur,stamp,ne4db5e9e42bb4abc
e47df1f86eb94459f,e47df1f86eb94459f,pedal,md,1
ecc6f3d0c36379764,ecc6f3d0c36379764,pedal,md,2
nd58351aa10e1c545--slur--stop--1,nd58351aa10e1c545--slur--stop--1,slur,stamp,nd58351aa10e1c545
n660547a90afb6291--slur--stop--1,n660547a90afb6291--slur--stop--1,slur,stamp,n660547a90afb6291
n660547a90afb6291--staccato--1,,staccato,derive,n660547a90afb6291
e69d0f5ceba8ae129,e69d0f5ceba8ae129,pedal,md,1
eb0faeb382f366a67,eb0faeb382f366a67,pedal,md,1
efd90eca8a92133b2,efd90eca8a92133b2,pedal,md,1
ededbd11af03c6c49,ededbd11af03c6c49,pedal,md,2
n153a179c81a85a10--slur--start--1,n153a179c81a85a10--slur--start--1,slur,stamp,n153a179c81a85a10
n13a2dc47992ad9c1--staccato--1,,staccato,derive,n13a2dc47992ad9c1
n4c5500cd95c82317--staccato--1,,staccato,derive,n4c5500cd95c82317
e296afe4b4e53c59b,e296afe4b4e53c59b,pedal,md,1
e0f135c30a3f1722b,e0f135c30a3f1722b,pedal,md,1
e6e54a384938ad821,e6e54a384938ad821,pedal,md,1
ea3144c7b6c0d013f,ea3144c7b6c0d013f,pedal,md,1
n25d2f452ac8547e5--staccato--1,,staccato,derive,n25d2f452ac8547e5
ndf4c23a4fc97b55c--staccato--1,,staccato,derive,ndf4c23a4fc97b55c
edae74c023c274c8d,edae74c023c274c8d,pedal,md,1
e2a14f36b3c6811b8,e2a14f36b3c6811b8,pedal,md,1
e74cfb08b357c746e,e74cfb08b357c746e,pedal,md,2
e4445fe4fc6077215,e4445fe4fc6077215,pedal,md,2
n590aa0871d356e07--slur--stop--1,n590aa0871d356e07--slur--stop--1,slur,stamp,n590aa0871d356e07
n91e24c509cb9ebb2--slur--start--1,n91e24c509cb9ebb2--slur--start--1,slur,stamp,n91e24c509cb9ebb2
n372b392ac0901b6d--staccato--1,,staccato,derive,n372b392ac0901b6d
n6bc770bf3689355b--staccato--1,,staccato,derive,n6bc770bf3689355b
e553e89ee84e4208e,e553e89ee84e4208e,pedal,md,1
e604d8be7a9d9480f,e604d8be7a9d9480f,pedal,md,1
n9364486791913018--slur--stop--1,n9364486791913018--slur--stop--1,slur,stamp,n9364486791913018
n19ad21665a920a8a--slur--start--1,n19ad21665a920a8a--slur--start--1,slur,stamp,n19ad21665a920a8a
na6e09d9cb9636fd4--staccato--1,,staccato,derive,na6e09d9cb9636fd4
nf0e0d6f9f4c1debf--staccato--1,,staccato,derive,nf0e0d6f9f4c1debf
e84bb663880d7e092,e84bb663880d7e092,pedal,md,1
e83377284a421ab8a,e83377284a421ab8a,pedal,md,1
n51a3e97627d3fdf4--slur--stop--1,n51a3e97627d3fdf4--slur--stop--1,slur,stamp,n51a3e97627d3fdf4
n8edfcc2d6fa3bb9c--slur--start--1,n8edfcc2d6fa3bb9c--slur--start--1,slur,stamp,n8edfcc2d6fa3bb9c
ndf3a28fc68a5722e--staccato--1,,staccato,derive,ndf3a28fc68a5722e
nc1402ec02639859f--staccato--1,,staccato,derive,nc1402ec02639859f
e583b74dd1a6fa227,e583b74dd1a6fa227,pedal,md,1
e2dd946357aa947a0,e2dd946357aa947a0,pedal,md,2
n75934a36355dc680--slur--stop--1,n75934a36355dc680--slur--stop--1,slur,stamp,n75934a36355dc680
n0dc1711175eb93d3--slur--start--1,n0dc1711175eb93d3--slur--start--1,slur,stamp,n0dc1711175eb93d3
n5d0b597aa0ef4879--slur--stop--1,n5d0b597aa0ef4879--slur--stop--1,slur,stamp,n5d0b597aa0ef4879
n1a154acabb164b58--staccato--1,,staccato,derive,n1a154acabb164b58
n577e8eff43c4cdfb--slur--start--1,n577e8eff43c4cdfb--slur--start--1,slur,stamp,n577e8eff43c4cdfb
n577e8eff43c4cdfb--accent--1,,accent,derive,n577e8eff43c4cdfb
n361b394c4b38cd1a--slur--stop--1,n361b394c4b38cd1a--slur--stop--1,slur,stamp,n361b394c4b38cd1a
e951af9c90934c942,e951af9c90934c942,pedal,md,1
ee4d34bb70aea7ff8,ee4d34bb70aea7ff8,pedal,md,1
n66ec2de8d7bc3589--slur--start--1,n66ec2de8d7bc3589--slur--start--1,slur,stamp,n66ec2de8d7bc3589
n66ec2de8d7bc3589--accent--1,,accent,derive,n66ec2de8d7bc3589
n38f2b91d98b9eac0--slur--stop--1,n38f2b91d98b9eac0--slur--stop--1,slur,stamp,n38f2b91d98b9eac0
n8b7e4c84544b4cdc--slur--start--1,n8b7e4c84544b4cdc--slur--start--1,slur,stamp,n8b7e4c84544b4cdc
n8b7e4c84544b4cdc--accent--1,,accent,derive,n8b7e4c84544b4cdc
n04c7efbf76e49299--slur--stop--1,n04c7efbf76e49299--slur--stop--1,slur,stamp,n04c7efbf76e49299
n8893210518df7a7a--slur--start--1,n8893210518df7a7a--slur--start--1,slur,stamp,n8893210518df7a7a
n9866d00d31c1ef96--staccato--1,,staccato,derive,n9866d00d31c1ef96
n840c5b6034657923--staccato--1,,staccato,derive,n840c5b6034657923
ef19f04b0317df4af,ef19f04b0317df4af,dynamics,md,1
ef207badae1415bfd,ef207badae1415bfd,pedal,md,2
e2446165faf0537a1,e2446165faf0537a1,pedal,md,2
ea8f229344a5374c9,ea8f229344a5374c9,pedal,md,2
efa44c411ae802591,efa44c411ae802591,pedal,md,2
ncfac476502a893ce--accent--1,,accent,derive,ncfac476502a893ce
n46652ef22b58e2fb--slur--stop--1,n46652ef22b58e2fb--slur--stop--1,slur,stamp,n46652ef22b58e2fb
n2d1da7f1b47f1943--accent--1,,accent,derive,n2d1da7f1b47f1943
n5e652af18f733b48--slur--stop--1,n5e652af18f733b48--slur--stop--1,slur,stamp,n5e652af18f733b48
n5e652af18f733b48--slur--stop--2,n5e652af18f733b48--slur--stop--2,slur,stamp,n5e652af18f733b48
ne26086cdcf517f1d--slur--start--1,ne26086cdcf517f1d--slur--start--1,slur,stamp,ne26086cdcf517f1d
n8028a7147e880131--slur--start--1,n8028a7147e880131--slur--start--1,slur,stamp,n8028a7147e880131
nd1088c580f05fcc7--staccato--1,,staccato,derive,nd1088c580f05fcc7
n70128b0414183d8b--accent--1,,accent,derive,n70128b0414183d8b
nbec28da56428e89e--staccato--1,,staccato,derive,nbec28da56428e89e
e9c95a7e294ec929c,e9c95a7e294ec929c,pedal,md,1
e1adb5503eb191878,e1adb5503eb191878,pedal,md,1
ea010e34b87d4984c,ea010e34b87d4984c,pedal,md,2
ed89d5ce5b262b6cd,ed89d5ce5b262b6cd,pedal,md,2
ne6c0a78f3a23df28--slur--start--1,ne6c0a78f3a23df28--slur--start--1,slur,stamp,ne6c0a78f3a23df28
ne6c0a78f3a23df28--slur--start--2,ne6c0a78f3a23df28--slur--start--2,slur,stamp,ne6c0a78f3a23df28
n5dc33672da1c63c8--slur--stop--1,n5dc33672da1c63c8--slur--stop--1,slur,stamp,n5dc33672da1c63c8
nc89386999498b329--slur--start--1,nc89386999498b329--slur--start--1,slur,stamp,nc89386999498b329
nc89386999498b329--accent--1,,accent,derive,nc89386999498b329
n21deaada8c6a3ac4--slur--stop--1,n21deaada8c6a3ac4--slur--stop--1,slur,stamp,n21deaada8c6a3ac4
n6af73a46767debd9--slur--start--1,n6af73a46767debd9--slur--start--1,slur,stamp,n6af73a46767debd9
n6af73a46767debd9--accent--1,,accent,derive,n6af73a46767debd9
nf0c2821cb02b1f65--slur--stop--1,nf0c2821cb02b1f65--slur--stop--1,slur,stamp,nf0c2821cb02b1f65
n73c5ef93143e6477--staccato--1,,staccato,derive,n73c5ef93143e6477
n97a9cb0af2e103da--staccato--1,,staccato,derive,n97a9cb0af2e103da
e1cfaa09905c1c7a0,e1cfaa09905c1c7a0,pedal,md,1
eac024e0c51f68713,eac024e0c51f68713,pedal,md,1
e291e17d3fb7402b7,e291e17d3fb7402b7,pedal,md,1
ed4ffc8ae85959c31,ed4ffc8ae85959c31,pedal,md,2
n62fe2895aa909f0a--slur--start--1,n62fe2895aa909f0a--slur--start--1,slur,stamp,n62fe2895aa909f0a
n62fe2895aa909f0a--accent--1,,accent,derive,n62fe2895aa909f0a
nb13e37e93d5a6391--slur--stop--1,nb13e37e93d5a6391--slur--stop--1,slur,stamp,nb13e37e93d5a6391
n68e29ebddcff0e30--slur--start--1,n68e29ebddcff0e30--slur--start--1,slur,stamp,n68e29ebddcff0e30
n68e29ebddcff0e30--accent--1,,accent,derive,n68e29ebddcff0e30
nec7ee21ecae238db--slur--stop--1,nec7ee21ecae238db--slur--stop--1,slur,stamp,nec7ee21ecae238db
ne6bfd1522128da07--slur--start--1,ne6bfd1522128da07--slur--start--1,slur,stamp,ne6bfd1522128da07
ne6bfd1522128da07--accent--1,,accent,derive,ne6bfd1522128da07
nc595f3a341c709f6--slur--stop--1,nc595f3a341c709f6--slur--stop--1,slur,stamp,nc595f3a341c709f6
ne74b00d2236051a9--slur--start--1,ne74b00d2236051a9--slur--start--1,slur,stamp,ne74b00d2236051a9
ne74b00d2236051a9--accent--1,,accent,derive,ne74b00d2236051a9
n6bac393809d7976a--slur--stop--1,n6bac393809d7976a--slur--stop--1,slur,stamp,n6bac393809d7976a
n6bac393809d7976a--slur--stop--2,n6bac393809d7976a--slur--stop--2,slur,stamp,n6bac393809d7976a
nf760773475774ff5--staccato--1,,staccato,derive,nf760773475774ff5
n45d83fa0f3d5b1d8--accent--1,,accent,derive,n45d83fa0f3d5b1d8
n646adcd9052038ae--staccato--1,,staccato,derive,n646adcd9052038ae
e72510dc6e884c68a,e72510dc6e884c68a,pedal,md,1
e715b67db8ffeef69,e715b67db8ffeef69,pedal,md,1
e440c7e8595a794e5,e440c7e8595a794e5,pedal,md,2
e59a2ae8f8944df39,e59a2ae8f8944df39,pedal,md,2
n0c837cf26efc7126--accent--1,,accent,derive,n0c837cf26efc7126
n08b97695a080829d--slur--start--1,n08b97695a080829d--slur--start--1,slur,stamp,n08b97695a080829d
n08b97695a080829d--accent--1,,accent,derive,n08b97695a080829d
n4a2c2ef4b7d881db--slur--stop--1,n4a2c2ef4b7d881db--slur--stop--1,slur,stamp,n4a2c2ef4b7d881db
n0ca406c202207043--staccato--1,,staccato,derive,n0ca406c202207043
n3afa2f7ab46432bf--slur--start--1,n3afa2f7ab46432bf--slur--start--1,slur,stamp,n3afa2f7ab46432bf
n3afa2f7ab46432bf--accent--1,,accent,derive,n3afa2f7ab46432bf
n96f1172681c92ebd--slur--stop--1,n96f1172681c92ebd--slur--stop--1,slur,stamp,n96f1172681c92ebd
ee5e65b46ba407cb2,ee5e65b46ba407cb2,octave-shift,md,1
e15c7ebe6de1dd9c1,e15c7ebe6de1dd9c1,octave-shift,md,1
e0c5d5b726ddfce03,e0c5d5b726ddfce03,pedal,md,2
n83555936baadefc0--slur--start--1,n83555936baadefc0--slur--start--1,slur,stamp,n83555936baadefc0
n83555936baadefc0--accent--1,,accent,derive,n83555936baadefc0
nb21e63bf17a24170--slur--stop--1,nb21e63bf17a24170--slur--stop--1,slur,stamp,nb21e63bf17a24170
neeecea3f5f74d970--slur--start--1,neeecea3f5f74d970--slur--start--1,slur,stamp,neeecea3f5f74d970
neeecea3f5f74d970--accent--1,,accent,derive,neeecea3f5f74d970
n0ade2c7f1f42c579--slur--stop--1,n0ade2c7f1f42c579--slur--stop--1,slur,stamp,n0ade2c7f1f42c579
nedf3bb033fce49ea--slur--start--1,nedf3bb033fce49ea--slur--start--1,slur,stamp,nedf3bb033fce49ea
nedf3bb033fce49ea--accent--1,,accent,derive,nedf3bb033fce49ea
n2fb90715570cbaa2--slur--stop--1,n2fb90715570cbaa2--slur--stop--1,slur,stamp,n2fb90715570cbaa2
ne24ee466ecc32a34--slur--start--1,ne24ee466ecc32a34--slur--start--1,slur,stamp,ne24ee466ecc32a34
ne24ee466ecc32a34--accent--1,,accent,derive,ne24ee466ecc32a34
nfdde074e8af1d8d7--slur--stop--1,nfdde074e8af1d8d7--slur--stop--1,slur,stamp,nfdde074e8af1d8d7
ea2ce703ab6cca3c5,ea2ce703ab6cca3c5,pedal,md,2
n739254ac39f9bfab--slur--start--1,n739254ac39f9bfab--slur--start--1,slur,stamp,n739254ac39f9bfab
n739254ac39f9bfab--accent--1,,accent,derive,n739254ac39f9bfab
ndbc297037609635f--slur--stop--1,ndbc297037609635f--slur--stop--1,slur,stamp,ndbc297037609635f
n1c56d2a0882e1cd5--slur--start--1,n1c56d2a0882e1cd5--slur--start--1,slur,stamp,n1c56d2a0882e1cd5
n1c56d2a0882e1cd5--accent--1,,accent,derive,n1c56d2a0882e1cd5
n27e64460ce8bdb3e--slur--stop--1,n27e64460ce8bdb3e--slur--stop--1,slur,stamp,n27e64460ce8bdb3e
naf5c27b94f4c5636--slur--start--1,naf5c27b94f4c5636--slur--start--1,slur,stamp,naf5c27b94f4c5636
n1384ef3748e8e14f--slur--stop--1,n1384ef3748e8e14f--slur--stop--1,slur,stamp,n1384ef3748e8e14f
nfc15bb9731a7d0d5--slur--start--1,nfc15bb9731a7d0d5--slur--start--1,slur,stamp,nfc15bb9731a7d0d5
n72d132a5d7a0f3c6--slur--stop--1,n72d132a5d7a0f3c6--slur--stop--1,slur,stamp,n72d132a5d7a0f3c6
ne4d3d68b86850247--slur--start--1,ne4d3d68b86850247--slur--start--1,slur,stamp,ne4d3d68b86850247
ne4d3d68b86850247--accent--1,,accent,derive,ne4d3d68b86850247
ncef926346972bf2f--slur--stop--1,ncef926346972bf2f--slur--stop--1,slur,stamp,ncef926346972bf2f
n150a9c7cf5d52fba--slur--start--1,n150a9c7cf5d52fba--slur--start--1,slur,stamp,n150a9c7cf5d52fba
n150a9c7cf5d52fba--accent--1,,accent,derive,n150a9c7cf5d52fba
n7e2e141fb49b9169--slur--stop--1,n7e2e141fb49b9169--slur--stop--1,slur,stamp,n7e2e141fb49b9169
n9aab77a0352117a5--slur--start--1,n9aab77a0352117a5--slur--start--1,slur,stamp,n9aab77a0352117a5
nbb00932e5f3fe933--slur--stop--1,nbb00932e5f3fe933--slur--stop--1,slur,stamp,nbb00932e5f3fe933
n252374c9e4e47b78--slur--start--1,n252374c9e4e47b78--slur--start--1,slur,stamp,n252374c9e4e47b78
nef4464173dc4fd72--slur--stop--1,nef4464173dc4fd72--slur--stop--1,slur,stamp,nef4464173dc4fd72
n4c7d9084b8c2b035--tuplet--start--1,n4c7d9084b8c2b035--tuplet--start--1,tuplet,stamp,n4c7d9084b8c2b035
n4c7d9084b8c2b035--slur--start--1,n4c7d9084b8c2b035--slur--start--1,slur,stamp,n4c7d9084b8c2b035
n40991f36f16d6743--tuplet--stop--1,n40991f36f16d6743--tuplet--stop--1,tuplet,stamp,n40991f36f16d6743
n65513276236e4b5d--accent--1,,accent,derive,n65513276236e4b5d
n2d537fcee0ad62d7--tuplet--start--1,n2d537fcee0ad62d7--tuplet--start--1,tuplet,stamp,n2d537fcee0ad62d7
nbf670896dfa41c64--tuplet--stop--1,nbf670896dfa41c64--tuplet--stop--1,tuplet,stamp,nbf670896dfa41c64
n8037b5e5b5224460--tuplet--start--1,n8037b5e5b5224460--tuplet--start--1,tuplet,stamp,n8037b5e5b5224460
nd37f6104732cc28b--tuplet--stop--1,nd37f6104732cc28b--tuplet--stop--1,tuplet,stamp,nd37f6104732cc28b
n3c4b31b40d8a4759--tuplet--start--1,n3c4b31b40d8a4759--tuplet--start--1,tuplet,stamp,n3c4b31b40d8a4759
n90b23efd42a76602--tuplet--stop--1,n90b23efd42a76602--tuplet--stop--1,tuplet,stamp,n90b23efd42a76602
nfd35b05a0b938605--tuplet--start--1,nfd35b05a0b938605--tuplet--start--1,tuplet,stamp,nfd35b05a0b938605
n78e06d4ac5e0a02f--tuplet--stop--1,n78e06d4ac5e0a02f--tuplet--stop--1,tuplet,stamp,n78e06d4ac5e0a02f
nf44fc69efb19de1b--tuplet--start--1,nf44fc69efb19de1b--tuplet--start--1,tuplet,stamp,nf44fc69efb19de1b
na865843f9871fa0d--tuplet--stop--1,na865843f9871fa0d--tuplet--stop--1,tuplet,stamp,na865843f9871fa0d
nc20cb9f1d1971286--tuplet--start--1,nc20cb9f1d1971286--tuplet--start--1,tuplet,stamp,nc20cb9f1d1971286
n2eebbc72a5c6a851--tuplet--stop--1,n2eebbc72a5c6a851--tuplet--stop--1,tuplet,stamp,n2eebbc72a5c6a851
n2eebbc72a5c6a851--slur--stop--1,n2eebbc72a5c6a851--slur--stop--1,slur,stamp,n2eebbc72a5c6a851
e62dde5e1320d2589,e62dde5e1320d2589,octave-shift,md,1
nd5b829dace79cc19--tuplet--start--1,nd5b829dace79cc19--tuplet--start--1,tuplet,stamp,nd5b829dace79cc19
nd5b829dace79cc19--slur--start--1,nd5b829dace79cc19--slur--start--1,slur,stamp,nd5b829dace79cc19
n63eb4f72bdf5ddf5--tuplet--stop--1,n63eb4f72bdf5ddf5--tuplet--stop--1,tuplet,stamp,n63eb4f72bdf5ddf5
nebd123240904dcd8--tie--1,,tie,derive,nebd123240904dcd8
nebd123240904dcd8--tied--start--1,nebd123240904dcd8--tied--start--1,tied,stamp,nebd123240904dcd8
nebd123240904dcd8--accent--1,,accent,derive,nebd123240904dcd8
nebd123240904dcd8--arpeggiate--1,nebd123240904dcd8--arpeggiate--1,arpeggiate,stamp,nebd123240904dcd8
n39b4d3572e9cbc92--tie--1,,tie,derive,n39b4d3572e9cbc92
n39b4d3572e9cbc92--tied--start--1,n39b4d3572e9cbc92--tied--start--1,tied,stamp,n39b4d3572e9cbc92
n39b4d3572e9cbc92--arpeggiate--1,n39b4d3572e9cbc92--arpeggiate--1,arpeggiate,stamp,n39b4d3572e9cbc92
n5c3cc18d73aba1ce--tie--1,,tie,derive,n5c3cc18d73aba1ce
n5c3cc18d73aba1ce--tied--start--1,n5c3cc18d73aba1ce--tied--start--1,tied,stamp,n5c3cc18d73aba1ce
n5c3cc18d73aba1ce--arpeggiate--1,n5c3cc18d73aba1ce--arpeggiate--1,arpeggiate,stamp,n5c3cc18d73aba1ce
n753471e348621a35--tie--1,,tie,derive,n753471e348621a35
n753471e348621a35--tied--start--1,n753471e348621a35--tied--start--1,tied,stamp,n753471e348621a35
n753471e348621a35--arpeggiate--1,n753471e348621a35--arpeggiate--1,arpeggiate,stamp,n753471e348621a35
e905d51559d25aada,e905d51559d25aada,dynamics,md,1
e41e7a3238e5845f5,e41e7a3238e5845f5,pedal,md,2
n0c31ce18d1c82908--tuplet--start--1,n0c31ce18d1c82908--tuplet--start--1,tuplet,stamp,n0c31ce18d1c82908
nad5acb7bae7866f9--tuplet--stop--1,nad5acb7bae7866f9--tuplet--stop--1,tuplet,stamp,nad5acb7bae7866f9
n944d78b819ed85e1--tie--1,,tie,derive,n944d78b819ed85e1
n944d78b819ed85e1--tie--2,,tie,derive,n944d78b819ed85e1
n944d78b819ed85e1--tied--stop--1,n944d78b819ed85e1--tied--stop--1,tied,stamp,n944d78b819ed85e1
n944d78b819ed85e1--tied--start--2,n944d78b819ed85e1--tied--start--2,tied,stamp,n944d78b819ed85e1
n944d78b819ed85e1--slur--start--1,n944d78b819ed85e1--slur--start--1,slur,stamp,n944d78b819ed85e1
nbc942df0fd7c6c1f--tie--1,,tie,derive,nbc942df0fd7c6c1f
nbc942df0fd7c6c1f--tie--2,,tie,derive,nbc942df0fd7c6c1f
nbc942df0fd7c6c1f--tied--stop--1,nbc942df0fd7c6c1f--tied--stop--1,tied,stamp,nbc942df0fd7c6c1f
nbc942df0fd7c6c1f--tied--start--2,nbc942df0fd7c6c1f--tied--start--2,tied,stamp,nbc942df0fd7c6c1f
n52647516d8868de5--tie--1,,tie,derive,n52647516d8868de5
n52647516d8868de5--tie--2,,tie,derive,n52647516d8868de5
n52647516d8868de5--tied--stop--1,n52647516d8868de5--tied--stop--1,tied,stamp,n52647516d8868de5
n52647516d8868de5--tied--start--2,n52647516d8868de5--tied--start--2,tied,stamp,n52647516d8868de5
n283944edcb92ed73--tie--1,,tie,derive,n283944edcb92ed73
n283944edcb92ed73--tied--stop--1,n283944edcb92ed73--tied--stop--1,tied,stamp,n283944edcb92ed73
ea76cc961c3874d40,ea76cc961c3874d40,octave-shift,md,1
n4ca290dba088d2cd--tuplet--start--1,n4ca290dba088d2cd--tuplet--start--1,tuplet,stamp,n4ca290dba088d2cd
n62a05363106aaa53--tuplet--stop--1,n62a05363106aaa53--tuplet--stop--1,tuplet,stamp,n62a05363106aaa53
n986b1ceedfb14c59--tie--1,,tie,derive,n986b1ceedfb14c59
n986b1ceedfb14c59--tied--stop--1,n986b1ceedfb14c59--tied--stop--1,tied,stamp,n986b1ceedfb14c59
n986b1ceedfb14c59--slur--stop--1,n986b1ceedfb14c59--slur--stop--1,slur,stamp,n986b1ceedfb14c59
n7d1960911763548b--tie--1,,tie,derive,n7d1960911763548b
n7d1960911763548b--tied--stop--1,n7d1960911763548b--tied--stop--1,tied,stamp,n7d1960911763548b
n1c893ea4e5cfd645--tie--1,,tie,derive,n1c893ea4e5cfd645
n1c893ea4e5cfd645--tied--stop--1,n1c893ea4e5cfd645--tied--stop--1,tied,stamp,n1c893ea4e5cfd645
ec47a7db19bc759b7,ec47a7db19bc759b7,pedal,md,2
n5b7055d6960b8976--tuplet--start--1,n5b7055d6960b8976--tuplet--start--1,tuplet,stamp,n5b7055d6960b8976
n55cef8e4c894e5db--tuplet--stop--1,n55cef8e4c894e5db--tuplet--stop--1,tuplet,stamp,n55cef8e4c894e5db
n7175c7e03f6b35f1--tie--1,,tie,derive,n7175c7e03f6b35f1
n7175c7e03f6b35f1--tied--start--1,n7175c7e03f6b35f1--tied--start--1,tied,stamp,n7175c7e03f6b35f1
n7175c7e03f6b35f1--slur--stop--1,n7175c7e03f6b35f1--slur--stop--1,slur,stamp,n7175c7e03f6b35f1
n7175c7e03f6b35f1--slur--start--2,n7175c7e03f6b35f1--slur--start--2,slur,stamp,n7175c7e03f6b35f1
n7175c7e03f6b35f1--accent--1,,accent,derive,n7175c7e03f6b35f1
e5eced8d5c7517135,e5eced8d5c7517135,words,md,1
n5247b3510175ee08--tuplet--start--1,n5247b3510175ee08--tuplet--start--1,tuplet,stamp,n5247b3510175ee08
n1797e896198456b5--slur--start--1,n1797e896198456b5--slur--start--1,slur,stamp,n1797e896198456b5
nb8171e4c7db53a59--tuplet--stop--1,nb8171e4c7db53a59--tuplet--stop--1,tuplet,stamp,nb8171e4c7db53a59
nbf84362882d9bf36--tie--1,,tie,derive,nbf84362882d9bf36
nbf84362882d9bf36--tied--stop--1,nbf84362882d9bf36--tied--stop--1,tied,stamp,nbf84362882d9bf36
nbf84362882d9bf36--tuplet--start--1,nbf84362882d9bf36--tuplet--start--1,tuplet,stamp,nbf84362882d9bf36
nd3f43a510a054eb7--tuplet--stop--1,nd3f43a510a054eb7--tuplet--stop--1,tuplet,stamp,nd3f43a510a054eb7
n03ef7e23468ff1ba--slur--stop--1,n03ef7e23468ff1ba--slur--stop--1,slur,stamp,n03ef7e23468ff1ba
n03ef7e23468ff1ba--staccato--1,,staccato,derive,n03ef7e23468ff1ba
n4d83a1756068fbf6--slur--start--1,n4d83a1756068fbf6--slur--start--1,slur,stamp,n4d83a1756068fbf6
nc2f7d498913d834b--slur--stop--1,nc2f7d498913d834b--slur--stop--1,slur,stamp,nc2f7d498913d834b
nc2f7d498913d834b--staccato--1,,staccato,derive,nc2f7d498913d834b
nac6f5c21adba8d41--slur--start--1,nac6f5c21adba8d41--slur--start--1,slur,stamp,nac6f5c21adba8d41
e488290383ee77552,e488290383ee77552,dynamics,md,1
eac8b3b4285a5ccc0,eac8b3b4285a5ccc0,pedal,md,1
e018a3c15e40a85ea,e018a3c15e40a85ea,words,md,1
n831a18923958f28c--slur--stop--1,n831a18923958f28c--slur--stop--1,slur,stamp,n831a18923958f28c
n95f0f244873cdc1f--tuplet--start--1,n95f0f244873cdc1f--tuplet--start--1,tuplet,stamp,n95f0f244873cdc1f
nb19c22a2ffe6a070--tuplet--stop--1,nb19c22a2ffe6a070--tuplet--stop--1,tuplet,stamp,nb19c22a2ffe6a070
ned6eea8b3914d91d--slur--stop--1,ned6eea8b3914d91d--slur--stop--1,slur,stamp,ned6eea8b3914d91d
nb38f244dccd2e3cc--tuplet--start--1,nb38f244dccd2e3cc--tuplet--start--1,tuplet,stamp,nb38f244dccd2e3cc
n2cc972a4dc278ec3--tuplet--stop--1,n2cc972a4dc278ec3--tuplet--stop--1,tuplet,stamp,n2cc972a4dc278ec3
e1f1a7d7684f1d183,e1f1a7d7684f1d183,pedal,md,1
e74af2089d7a9b196,e74af2089d7a9b196,dynamics,md,1
edbab8b461b581976,edbab8b461b581976,words,md,1
n21beca3652553b71--staccato--1,,staccato,derive,n21beca3652553b71
nbda96f0fc15274fb--tie--1,,tie,derive,nbda96f0fc15274fb
nbda96f0fc15274fb--tied--start--1,nbda96f0fc15274fb--tied--start--1,tied,stamp,nbda96f0fc15274fb
nbda96f0fc15274fb--accent--1,,accent,derive,nbda96f0fc15274fb
nb4b2a1a8179c2c80--staccato--1,,staccato,derive,nb4b2a1a8179c2c80
n14273dbcfc6fd05e--tie--1,,tie,derive,n14273dbcfc6fd05e
n14273dbcfc6fd05e--tied--start--1,n14273dbcfc6fd05e--tied--start--1,tied,stamp,n14273dbcfc6fd05e
n14273dbcfc6fd05e--accent--1,,accent,derive,n14273dbcfc6fd05e
e8ceeff1386e51491,e8ceeff1386e51491,dynamics,md,1
n8271c2123f2b8208--tie--1,,tie,derive,n8271c2123f2b8208
n8271c2123f2b8208--tied--stop--1,n8271c2123f2b8208--tied--stop--1,tied,stamp,n8271c2123f2b8208
n8271c2123f2b8208--tuplet--start--1,n8271c2123f2b8208--tuplet--start--1,tuplet,stamp,n8271c2123f2b8208
n5361f83f3003aa0e--tuplet--stop--1,n5361f83f3003aa0e--tuplet--stop--1,tuplet,stamp,n5361f83f3003aa0e
na8af924bc09e2d64--tie--1,,tie,derive,na8af924bc09e2d64
na8af924bc09e2d64--tied--stop--1,na8af924bc09e2d64--tied--stop--1,tied,stamp,na8af924bc09e2d64
na8af924bc09e2d64--tuplet--start--1,na8af924bc09e2d64--tuplet--start--1,tuplet,stamp,na8af924bc09e2d64
n46b9bab967ac541d--tuplet--stop--1,n46b9bab967ac541d--tuplet--stop--1,tuplet,stamp,n46b9bab967ac541d
e1c961450a24cf563,e1c961450a24cf563,wedge,md,1
e4a3ddc813d0655b6,e4a3ddc813d0655b6,wedge,md,1
n97c27f7bf201fad3--staccato--1,,staccato,derive,n97c27f7bf201fad3
n46ceaf7a62032ad0--slur--start--1,n46ceaf7a62032ad0--slur--start--1,slur,stamp,n46ceaf7a62032ad0
nbeb91894c4847e47--staccato--1,,staccato,derive,nbeb91894c4847e47
n3aa747920f8fa1d0--slur--start--1,n3aa747920f8fa1d0--slur--start--1,slur,stamp,n3aa747920f8fa1d0
e7d3e4c37b773a256,e7d3e4c37b773a256,dynamics,md,1
e725612c335b25b3c,e725612c335b25b3c,dynamics,md,1
ed66c1c2c46bc6503,ed66c1c2c46bc6503,pedal,md,1
e829ed35e4a736e86,e829ed35e4a736e86,words,md,1
n92cfffceacd66216--slur--stop--1,n92cfffceacd66216--slur--stop--1,slur,stamp,n92cfffceacd66216
n963428ccee11f1d2--tuplet--start--1,n963428ccee11f1d2--tuplet--start--1,tuplet,stamp,n963428ccee11f1d2
n235ca98d98ef24cb--slur--start--1,n235ca98d98ef24cb--slur--start--1,slur,stamp,n235ca98d98ef24cb
na700c696d59dbda2--tuplet--stop--1,na700c696d59dbda2--tuplet--stop--1,tuplet,stamp,na700c696d59dbda2
n369318ab25e98542--slur--stop--1,n369318ab25e98542--slur--stop--1,slur,stamp,n369318ab25e98542
n388d5d889303ec5e--tuplet--start--1,n388d5d889303ec5e--tuplet--start--1,tuplet,stamp,n388d5d889303ec5e
na0ba8f20cc141c7d--slur--start--1,na0ba8f20cc141c7d--slur--start--1,slur,stamp,na0ba8f20cc141c7d
n665023f4ce15c06d--tuplet--stop--1,n665023f4ce15c06d--tuplet--stop--1,tuplet,stamp,n665023f4ce15c06d
edf0541c8680ca6b2,edf0541c8680ca6b2,dynamics,md,1
ec6b524607544f82d,ec6b524607544f82d,words,md,1
nfcf7a5a6a076384a--slur--stop--1,nfcf7a5a6a076384a--slur--stop--1,slur,stamp,nfcf7a5a6a076384a
nfcf7a5a6a076384a--staccato--1,,staccato,derive,nfcf7a5a6a076384a
nd4de2bbd4b20fc32--tuplet--start--1,nd4de2bbd4b20fc32--tuplet--start--1,tuplet,stamp,nd4de2bbd4b20fc32
nd4de2bbd4b20fc32--strong-accent--1,,strong-accent,derive,nd4de2bbd4b20fc32
ne0ad7d6eeb20fc72--strong-accent--1,,strong-accent,derive,ne0ad7d6eeb20fc72
nd08a2a05047b98b2--tuplet--stop--1,nd08a2a05047b98b2--tuplet--stop--1,tuplet,stamp,nd08a2a05047b98b2
nd08a2a05047b98b2--strong-accent--1,,strong-accent,derive,nd08a2a05047b98b2
n32351fcd2eed42cc--slur--stop--1,n32351fcd2eed42cc--slur--stop--1,slur,stamp,n32351fcd2eed42cc
n32351fcd2eed42cc--staccato--1,,staccato,derive,n32351fcd2eed42cc
n4dfeda915d471648--tuplet--start--1,n4dfeda915d471648--tuplet--start--1,tuplet,stamp,n4dfeda915d471648
n4dfeda915d471648--strong-accent--1,,strong-accent,derive,n4dfeda915d471648
nf94ffc29f2fa4044--strong-accent--1,,strong-accent,derive,nf94ffc29f2fa4044
nce287637beb6b269--tuplet--stop--1,nce287637beb6b269--tuplet--stop--1,tuplet,stamp,nce287637beb6b269
nce287637beb6b269--strong-accent--1,,strong-accent,derive,nce287637beb6b269
e286dcf949948de2f,e286dcf949948de2f,octave-shift,md,1
ee85440cd91298fc1,ee85440cd91298fc1,dynamics,md,1
e3c3eeb77cd64c394,e3c3eeb77cd64c394,words,md,1
nc379594a089dc518--tuplet--start--1,nc379594a089dc518--tuplet--start--1,tuplet,stamp,nc379594a089dc518
nc379594a089dc518--strong-accent--1,,strong-accent,derive,nc379594a089dc518
n6035564d6bb6dc72--strong-accent--1,,strong-accent,derive,n6035564d6bb6dc72
n1cac019f651c5b32--tuplet--stop--1,n1cac019f651c5b32--tuplet--stop--1,tuplet,stamp,n1cac019f651c5b32
n1cac019f651c5b32--strong-accent--1,,strong-accent,derive,n1cac019f651c5b32
nd96d92e4d0398c06--tuplet--start--1,nd96d92e4d0398c06--tuplet--start--1,tuplet,stamp,nd96d92e4d0398c06
nd96d92e4d0398c06--staccato--1,,staccato,derive,nd96d92e4d0398c06
ndfa6a198577fd708--staccato--1,,staccato,derive,ndfa6a198577fd708
n3912924dfcbd8716--tuplet--stop--1,n3912924dfcbd8716--tuplet--stop--1,tuplet,stamp,n3912924dfcbd8716
n3912924dfcbd8716--staccato--1,,staccato,derive,n3912924dfcbd8716
nb3beee17efe1b162--tuplet--start--1,nb3beee17efe1b162--tuplet--start--1,tuplet,stamp,nb3beee17efe1b162
nb3beee17efe1b162--strong-accent--1,,strong-accent,derive,nb3beee17efe1b162
n4d4d85bd7fe5160c--strong-accent--1,,strong-accent,derive,n4d4d85bd7fe5160c
nbfd3a4e9573ff8f0--tuplet--stop--1,nbfd3a4e9573ff8f0--tuplet--stop--1,tuplet,stamp,nbfd3a4e9573ff8f0
nbfd3a4e9573ff8f0--strong-accent--1,,strong-accent,derive,nbfd3a4e9573ff8f0
nb44e995aa5b08b14--tuplet--start--1,nb44e995aa5b08b14--tuplet--start--1,tuplet,stamp,nb44e995aa5b08b14
nb44e995aa5b08b14--staccato--1,,staccato,derive,nb44e995aa5b08b14
nc72d96a0c94f2544--staccato--1,,staccato,derive,nc72d96a0c94f2544
na98eef708a165ff0--tuplet--stop--1,na98eef708a165ff0--tuplet--stop--1,tuplet,stamp,na98eef708a165ff0
na98eef708a165ff0--staccato--1,,staccato,derive,na98eef708a165ff0
efac0b66e70a06600,efac0b66e70a06600,words,md,1
e4d761d61c9b209ff,e4d761d61c9b209ff,octave-shift,md,1
nc0da73c3ba93cb01--tuplet--start--1,nc0da73c3ba93cb01--tuplet--start--1,tuplet,stamp,nc0da73c3ba93cb01
nc0da73c3ba93cb01--staccato--1,,staccato,derive,nc0da73c3ba93cb01
n168519b5064c844a--staccato--1,,staccato,derive,n168519b5064c844a
nc7ddbe846c98929b--tuplet--stop--1,nc7ddbe846c98929b--tuplet--stop--1,tuplet,stamp,nc7ddbe846c98929b
nc7ddbe846c98929b--staccato--1,,staccato,derive,nc7ddbe846c98929b
n732650a0851b0066--tuplet--start--1,n732650a0851b0066--tuplet--start--1,tuplet,stamp,n732650a0851b0066
n732650a0851b0066--staccato--1,,staccato,derive,n732650a0851b0066
n25b10d6d9baf1a41--staccato--1,,staccato,derive,n25b10d6d9baf1a41
ne4e002e172ba9aa4--tuplet--stop--1,ne4e002e172ba9aa4--tuplet--stop--1,tuplet,stamp,ne4e002e172ba9aa4
ne4e002e172ba9aa4--staccato--1,,staccato,derive,ne4e002e172ba9aa4
n12d3dabd8acbda16--tuplet--start--1,n12d3dabd8acbda16--tuplet--start--1,tuplet,stamp,n12d3dabd8acbda16
n12d3dabd8acbda16--staccato--1,,staccato,derive,n12d3dabd8acbda16
n42216a23c1bd2790--staccato--1,,staccato,derive,n42216a23c1bd2790
nb7c876dff9fbc566--tuplet--stop--1,nb7c876dff9fbc566--tuplet--stop--1,tuplet,stamp,nb7c876dff9fbc566
nb7c876dff9fbc566--staccato--1,,staccato,derive,nb7c876dff9fbc566
nf11322a748c00b58--tuplet--start--1,nf11322a748c00b58--tuplet--start--1,tuplet,stamp,nf11322a748c00b58
nf11322a748c00b58--staccato--1,,staccato,derive,nf11322a748c00b58
n679e0e63df4a9ff1--staccato--1,,staccato,derive,n679e0e63df4a9ff1
n8441e2a0ebc9b31e--tuplet--stop--1,n8441e2a0ebc9b31e--tuplet--stop--1,tuplet,stamp,n8441e2a0ebc9b31e
n8441e2a0ebc9b31e--staccato--1,,staccato,derive,n8441e2a0ebc9b31e
n11e22af30e9165d6--tuplet--start--1,n11e22af30e9165d6--tuplet--start--1,tuplet,stamp,n11e22af30e9165d6
n11e22af30e9165d6--staccato--1,,staccato,derive,n11e22af30e9165d6
n583faef7c4590839--staccato--1,,staccato,derive,n583faef7c4590839
nc4bd06e4b266dc06--tuplet--stop--1,nc4bd06e4b266dc06--tuplet--stop--1,tuplet,stamp,nc4bd06e4b266dc06
nc4bd06e4b266dc06--staccato--1,,staccato,derive,nc4bd06e4b266dc06
n89e657b668d120a1--tuplet--start--1,n89e657b668d120a1--tuplet--start--1,tuplet,stamp,n89e657b668d120a1
n89e657b668d120a1--staccato--1,,staccato,derive,n89e657b668d120a1
n58818514fc464104--staccato--1,,staccato,derive,n58818514fc464104
nfe633b3b1b7f4502--tuplet--stop--1,nfe633b3b1b7f4502--tuplet--stop--1,tuplet,stamp,nfe633b3b1b7f4502
nfe633b3b1b7f4502--staccato--1,,staccato,derive,nfe633b3b1b7f4502
n90937a7925704482--tuplet--start--1,n90937a7925704482--tuplet--start--1,tuplet,stamp,n90937a7925704482
n90937a7925704482--staccato--1,,staccato,derive,n90937a7925704482
n7a63313f2f6e8b38--staccato--1,,staccato,derive,n7a63313f2f6e8b38
nfc92624ee760a78d--tuplet--stop--1,nfc92624ee760a78d--tuplet--stop--1,tuplet,stamp,nfc92624ee760a78d
nfc92624ee760a78d--staccato--1,,staccato,derive,nfc92624ee760a78d
n047654bfe6371270--tuplet--start--1,n047654bfe6371270--tuplet--start--1,tuplet,stamp,n047654bfe6371270
n047654bfe6371270--staccato--1,,staccato,derive,n047654bfe6371270
n11183f5d427b95af--staccato--1,,staccato,derive,n11183f5d427b95af
n720d4069b4945e3d--tuplet--stop--1,n720d4069b4945e3d--tuplet--stop--1,tuplet,stamp,n720d4069b4945e3d
n720d4069b4945e3d--staccato--1,,staccato,derive,n720d4069b4945e3d
n04307e51eee8d039--staccato--1,,staccato,derive,n04307e51eee8d039
n2dc1e0784f888e3a--staccato--1,,staccato,derive,n2dc1e0784f888e3a
edd308684b85add9f,edd308684b85add9f,pedal,md,1
n11bfb4a0ba80b27c--strong-accent--1,,strong-accent,derive,n11bfb4a0ba80b27c
ne454f885b711356c--strong-accent--1,,strong-accent,derive,ne454f885b711356c
e46af4b6c045b6998,e46af4b6c045b6998,octave-shift,md,1
eebbcf6cb0a245d2a,eebbcf6cb0a245d2a,octave-shift,md,1
n0cec451f48271ada--fermata--inverted--1,n0cec451f48271ada--fermata--inverted--1,fermata,stamp,n0cec451f48271ada
nefe14cdcef48ca08--fermata--inverted--1,nefe14cdcef48ca08--fermata--inverted--1,fermata,stamp,nefe14cdcef48ca08
e4a17b65d3c14edaf,e4a17b65d3c14edaf,pedal,md,1
