note_id,original_id,printed_bar
n5064fe3bc6b53a62,n5064fe3bc6b53a62,1
nae6fec32be5a0499,nae6fec32be5a0499,1
n1d41d64271c37c34,n1d41d64271c37c34,1
ne681278aebc545bc,ne681278aebc545bc,1
nf9c36ed43c36a3c9,nf9c36ed43c36a3c9,1
n7c3a6023f31876e8,n7c3a6023f31876e8,1
n0492a10c66216e08,n0492a10c66216e08,1
n6e5ecca6ce2d78cb,n6e5ecca6ce2d78cb,1
n90444b7cc73bfa73,n90444b7cc73bfa73,1
n914245f2580b4d89,n914245f2580b4d89,1
n3307e3b4fb652962,n3307e3b4fb652962,2
n01e6b1552bcbd366,n01e6b1552bcbd366,2
nd260bb5483a7fee5,nd260bb5483a7fee5,2
n9dc7ea6a12092b33,n9dc7ea6a12092b33,2
nb5e20d607ebd9d72,nb5e20d607ebd9d72,2
n750b7a5588ab3db6,n750b7a5588ab3db6,2
n5b7cdfb52de4e931,n5b7cdfb52de4e931,2
na4e077740b5b068e,na4e077740b5b068e,2
nbd39e41640e59437,nbd39e41640e59437,2
ne323eaaa1b38bab9,ne323eaaa1b38bab9,2
n5ca3ed1786978c62,n5ca3ed1786978c62,2
n755ac5c42570da7d,n755ac5c42570da7d,2
n2dcad72939046a89,n2dcad72939046a89,2
n36c455a1b50c1015,n36c455a1b50c1015,2
n714ab8307dd69e96,n714ab8307dd69e96,2
n89f7bdbe69423181,n89f7bdbe69423181,2
nbbc47cfc29be7d07,nbbc47cfc29be7d07,3
ncddc0f3f3531757a,ncddc0f3f3531757a,3
nd1efa3ee9a457a15,nd1efa3ee9a457a15,3
n9f516640e439a0b6,n9f516640e439a0b6,3
nf1b980369a978c6c,nf1b980369a978c6c,3
nccbaba9842a11d08,nccbaba9842a11d08,3
n8d53bfbc7935dfd7,n8d53bfbc7935dfd7,3
n881d1f9bdee7d909,n881d1f9bdee7d909,3
n277703b6faab2817,n277703b6faab2817,3
nad433949a7d46829,nad433949a7d46829,3
n8a6aa94588ec063d,n8a6aa94588ec063d,3
nf28be27658133faa,nf28be27658133faa,3
nac19e3f21069bed2,nac19e3f21069bed2,3
n7e654cff449b6cf6,n7e654cff449b6cf6,3
nf125b7771bf02b0c,nf125b7771bf02b0c,4
nee4435fd0e66d507,nee4435fd0e66d507,4
n9ce9eee6e33382d0,n9ce9eee6e33382d0,4
nf5f4944c562e032c,nf5f4944c562e032c,4
n0e2e86cb7c0f02c7,n0e2e86cb7c0f02c7,4
ne622a04ff91547b0,ne622a04ff91547b0,4
nf4249c778da1475b,nf4249c778da1475b,4
nb3f0b21adc0fde12,nb3f0b21adc0fde12,4
n089f49de3e096d1e,n089f49de3e096d1e,4
ndb002cc0fcee09c7,ndb002cc0fcee09c7,4
n50d987ad69286808,n50d987ad69286808,4
necff1b4fbaf526f4,necff1b4fbaf526f4,4
n6ffbf99070734cca,n6ffbf99070734cca,4
n1b03f59f29b1135c,n1b03f59f29b1135c,4
nb1c2f20010d7e9eb,nb1c2f20010d7e9eb,4
n7951028019d2be00,n7951028019d2be00,4
n15d8509c7a71e444,n15d8509c7a71e444,4
nc50e81270c06cef1,nc50e81270c06cef1,4
n11e8d55ab3b4bfbc,n11e8d55ab3b4bfbc,5
n1ba9c388bf29792a,n1ba9c388bf29792a,5
n0a860a6189654d9a,n0a860a6189654d9a,5
nddb0d643ec555169,nddb0d643ec555169,5
nb4948127f442ed70,nb4948127f442ed70,5
n9029cb70ba2abf03,n9029cb70ba2abf03,5
ne291feb268162aee,ne291feb268162aee,5
nec308b3085a987ae,nec308b3085a987ae,5
n2e7266880edb2054,n2e7266880edb2054,5
naa668d9e2732538d,naa668d9e2732538d,5
n964082f3f5e1b5f9,n964082f3f5e1b5f9,5
n93c7f905953afcbd,n93c7f905953afcbd,5
nc02f9efbe2510d1c,nc02f9efbe2510d1c,5
nea0f34daa5b8111d,nea0f34daa5b8111d,5
n9e607b29b20775db,n9e607b29b20775db,6
n4628f8a6a0a32207,n4628f8a6a0a32207,6
nd91b092998b0618b,nd91b092998b0618b,6
n875849c7a86e57c7,n875849c7a86e57c7,6
ne21d770a8f288877,ne21d770a8f288877,6
n7d74c1a09015b5b8,n7d74c1a09015b5b8,6
n6ee46665a7f9e123,n6ee46665a7f9e123,6
n1f57468e93ac2ba8,n1f57468e93ac2ba8,7
nfbd3c0dc44f59c86,nfbd3c0dc44f59c86,7
n370cc68e114df5cd,n370cc68e114df5cd,7
n1f128bc4f6ae9afa,n1f128bc4f6ae9afa,7
ncff0edc6c3311619,ncff0edc6c3311619,8
ne028bb7e76ded26c,ne028bb7e76ded26c,8
n957cd2c53294baea,n957cd2c53294baea,8
n25b335f8bc52bd78,n25b335f8bc52bd78,8
n27f0577f8aeff1d0,n27f0577f8aeff1d0,8
n1414a1f79a1ee312,n1414a1f79a1ee312,8
n26511f175b00b1bb,n26511f175b00b1bb,8
n0b96edea44d01657,n0b96edea44d01657,8
n7a9c63e8b2c248de,n7a9c63e8b2c248de,8
n0309168202bd6b21,n0309168202bd6b21,8
n73043de5ad1be12f,n73043de5ad1be12f,8
n7b7c756000c9bc35,n7b7c756000c9bc35,8
nf220100436d43ca6,nf220100436d43ca6,8
n0c7dae1fddef86ed,n0c7dae1fddef86ed,8
nbd22bd3530387bbe,nbd22bd3530387bbe,8
nda64a5546e740c65,nda64a5546e740c65,9
n4bd6c01927112450,n4bd6c01927112450,9
n74d573ae7a0fed95,n74d573ae7a0fed95,9
n15b3494643ccd422,n15b3494643ccd422,9
n6e1eccfbd058604a,n6e1eccfbd058604a,9
n8e4efc05387550b1,n8e4efc05387550b1,9
nf2ce834cb0cc937a,nf2ce834cb0cc937a,9
n58dd088c29b2e1d2,n58dd088c29b2e1d2,9
nb325130bc65d56f7,nb325130bc65d56f7,9
n95e1c11c01af1b14,n95e1c11c01af1b14,9
nf42792be484740db,nf42792be484740db,9
n5d325b7a31f78741,n5d325b7a31f78741,9
n4a2ba58736064169,n4a2ba58736064169,9
nfe8b2d13123f6161,nfe8b2d13123f6161,9
n694500252cd157b6,n694500252cd157b6,9
nffad46b36299b685,nffad46b36299b685,9
n5f91116f3fce0aed,n5f91116f3fce0aed,9
nec4940475b77671d,nec4940475b77671d,9
n3f8e17270685021a,n3f8e17270685021a,10
n1d73537786e771c3,n1d73537786e771c3,10
n831c4a9efc375024,n831c4a9efc375024,10
n7fb301b36868524e,n7fb301b36868524e,10
n9c1088168b0ca6d7,n9c1088168b0ca6d7,10
n880fa7cf405144f2,n880fa7cf405144f2,10
nd285a2acd8725d0b,nd285a2acd8725d0b,10
nc950d2dd8506e325,nc950d2dd8506e325,10
n23d1f0c4413effed,n23d1f0c4413effed,10
n38695e236469ce95,n38695e236469ce95,10
n3fa6bb9af198e6ea,n3fa6bb9af198e6ea,10
n779856f48e34c1bc,n779856f48e34c1bc,10
n0c8ae60b5307cd54,n0c8ae60b5307cd54,10
n29db5a7ac2fd4ab3,n29db5a7ac2fd4ab3,10
nec0005808e2f8a88,nec0005808e2f8a88,10
ned08a7c82bc33adf,ned08a7c82bc33adf,10
n924e8228ccd470db,n924e8228ccd470db,10
n44d6accc93815c6b,n44d6accc93815c6b,10
n9536d4c4c2df9ce1,n9536d4c4c2df9ce1,10
nace552db140fc9ab,nace552db140fc9ab,10
n5c4ae8576396e2f4,n5c4ae8576396e2f4,10
nd158fa45360ca20b,nd158fa45360ca20b,10
n3260f97840ad9ab8,n3260f97840ad9ab8,10
ne1f738b3ef046396,ne1f738b3ef046396,10
nd64f1c51c810513d,nd64f1c51c810513d,11
n60c0317219981524,n60c0317219981524,11
na400ddde36ef71db,na400ddde36ef71db,11
n9e9f0d6437f86eab,n9e9f0d6437f86eab,11
n821378ec976cff2e,n821378ec976cff2e,11
ncd0e0648a164853c,ncd0e0648a164853c,11
n0e1a2f123fe576a7,n0e1a2f123fe576a7,11
nb802e0c322be8e6e,nb802e0c322be8e6e,11
nc24c54e092d214c6,nc24c54e092d214c6,11
n1efc008551e57f07,n1efc008551e57f07,11
n0898e0ea518d00ff,n0898e0ea518d00ff,11
n49bdbdd2a99b6e04,n49bdbdd2a99b6e04,11
n3845c652a1f310a4,n3845c652a1f310a4,11
n7bbcd076cbc7b0b6,n7bbcd076cbc7b0b6,11
nd903afa769798941,nd903afa769798941,11
nf527b6195c992fab,nf527b6195c992fab,11
na801950017bb90ec,na801950017bb90ec,11
n6fffd168b696c675,n6fffd168b696c675,11
n1bd940b9bf7507a3,n1bd940b9bf7507a3,11
n26b9ebe409488dee,n26b9ebe409488dee,11
n2f39d1ede899f126,n2f39d1ede899f126,12
ne41b8f6022ad24ec,ne41b8f6022ad24ec,12
nd50847dfb7fdd4a9,nd50847dfb7fdd4a9,12
n2a4bbc6b8955b217,n2a4bbc6b8955b217,12
n44bf92618dcbfea7,n44bf92618dcbfea7,12
ne0041e3999a6ba6a,ne0041e3999a6ba6a,12
n24dfab8720f106b5,n24dfab8720f106b5,12
n7be9197076abec17,n7be9197076abec17,12
nd039f22059543dd9,nd039f22059543dd9,12
n93ff0fe287ccda1a,n93ff0fe287ccda1a,12
nc74581779b288eff,nc74581779b288eff,12
n2284d8aca2052275,n2284d8aca2052275,12
n6dc0c325df952d10,n6dc0c325df952d10,12
nddde755dc61d1f80,nddde755dc61d1f80,12
ncd4fc7675aa76d8c,ncd4fc7675aa76d8c,12
nb0eeb5938a54e6e6,nb0eeb5938a54e6e6,12
n5e8eb548e892b3cd,n5e8eb548e892b3cd,12
n18836b936865b13f,n18836b936865b13f,12
nb15ca29835dde08e,nb15ca29835dde08e,12
n9ecba23a61151d28,n9ecba23a61151d28,12
nae64d9518949ed1b,nae64d9518949ed1b,12
n021b4fbb07e7acee,n021b4fbb07e7acee,12
n118d2eabd8435533,n118d2eabd8435533,12
n09e0c26d48d0e313,n09e0c26d48d0e313,12
n125b199aa8a5ac2e,n125b199aa8a5ac2e,13
n09f096b592320ad4,n09f096b592320ad4,13
nc3da1350aa358713,nc3da1350aa358713,13
nc080772ab16397d4,nc080772ab16397d4,13
nbf85156ffeff5282,nbf85156ffeff5282,13
na63dcc013508962f,na63dcc013508962f,13
n0317a51bbcbe1d6c,n0317a51bbcbe1d6c,13
n2eb56867990fc0c6,n2eb56867990fc0c6,13
n19e1b6d8174f91b9,n19e1b6d8174f91b9,13
ne2f3516386b284d8,ne2f3516386b284d8,13
n4bc7999c12da610b,n4bc7999c12da610b,13
nca37463a64c7330e,nca37463a64c7330e,13
n153a0e6807067994,n153a0e6807067994,13
n1beb1282838bf17d,n1beb1282838bf17d,13
n785b702f7deaf3c9,n785b702f7deaf3c9,13
n00e1a5ffe70ce189,n00e1a5ffe70ce189,13
n6d7d7297a47f5abd,n6d7d7297a47f5abd,13
n68ca0f8ccbaf8b25,n68ca0f8ccbaf8b25,13
ncff715befc9346b5,ncff715befc9346b5,13
n421e9c8f4dc6a9a3,n421e9c8f4dc6a9a3,13
n75ed1dccef1540f0,n75ed1dccef1540f0,14
nca36e9589238970f,nca36e9589238970f,14
n0e284d9c34eaa115,n0e284d9c34eaa115,14
n121f0e4d8cada3de,n121f0e4d8cada3de,14
nfee22eada97800c9,nfee22eada97800c9,14
n2e6dfb44c0b9bcd2,n2e6dfb44c0b9bcd2,14
n94edce0505be8d6b,n94edce0505be8d6b,14
nd308d5068c9e1580,nd308d5068c9e1580,14
n13e496d8b0df6e6e,n13e496d8b0df6e6e,14
nd1e853aa9d3776df,nd1e853aa9d3776df,14
na42a97213fe6e031,na42a97213fe6e031,14
nd7949826ef579977,nd7949826ef579977,14
ndf337d00eabea1d6,ndf337d00eabea1d6,14
na4e261b924602ab9,na4e261b924602ab9,14
nda4d72ed21783284,nda4d72ed21783284,14
nb36a0d23d3dbadfe,nb36a0d23d3dbadfe,14
n2fbb5dd9616ece05,n2fbb5dd9616ece05,14
nc91cf4e823f9e105,nc91cf4e823f9e105,14
na875751b34fc6fc4,na875751b34fc6fc4,14
nd30d3ea98f0c269a,nd30d3ea98f0c269a,14
n3cd20a9ebad3fdf7,n3cd20a9ebad3fdf7,14
nb2f0c88f7e0e2aeb,nb2f0c88f7e0e2aeb,15
n99e274eca230b0f4,n99e274eca230b0f4,15
nd09aa718f00b4993,nd09aa718f00b4993,15
n0658470b7415aae7,n0658470b7415aae7,15
n21a3eb5db3895ab9,n21a3eb5db3895ab9,15
n4719cbde64cbb10f,n4719cbde64cbb10f,15
n48ce231c6221985e,n48ce231c6221985e,15
n3e613f7218247258,n3e613f7218247258,15
nbcd175f0efbdbcd7,nbcd175f0efbdbcd7,15
nef52e18996f17c3e,nef52e18996f17c3e,15
naf689d504e90b7c4,naf689d504e90b7c4,15
n2e39a2decc97abfe,n2e39a2decc97abfe,15
nd9424fa496759e6c,nd9424fa496759e6c,15
nc80bb8c562c159c8,nc80bb8c562c159c8,15
nefe31cb848e9e179,nefe31cb848e9e179,15
na21a5fc9c92800bd,na21a5fc9c92800bd,15
n16852680a0ecebc8,n16852680a0ecebc8,15
nb58c34836ef48c0e,nb58c34836ef48c0e,15
n8f266fccb3b9afad,n8f266fccb3b9afad,15
n0e8627009750a7a0,n0e8627009750a7a0,15
nf946c21090697aba,nf946c21090697aba,15
n5860197f5669ec69,n5860197f5669ec69,15
n940bcfb5ccca50d6,n940bcfb5ccca50d6,16
nf84fc31d322c3516,nf84fc31d322c3516,16
na1d6c1c225fec810,na1d6c1c225fec810,16
ne5fc1999dfd7e305,ne5fc1999dfd7e305,16
nf42759ca33ca82d3,nf42759ca33ca82d3,16
n09c2722a96ff5f99,n09c2722a96ff5f99,16
n1b702a7d2211c3e9,n1b702a7d2211c3e9,16
ne3e6bc098f6fa190,ne3e6bc098f6fa190,16
n7efa939181145541,n7efa939181145541,16
n3537886be2fa716f,n3537886be2fa716f,16
nb1a61dbc6f6f3ade,nb1a61dbc6f6f3ade,16
n50678730daf2de0e,n50678730daf2de0e,16
n02ec618913b46774,n02ec618913b46774,16
n365f55f71796ba50,n365f55f71796ba50,16
nc6529414608fadea,nc6529414608fadea,16
n56a4a895d269ede3,n56a4a895d269ede3,16
n5533887e5c6b7850,n5533887e5c6b7850,16
nff0bc060cf2b63b1,nff0bc060cf2b63b1,16
nfd8ff4a851bd9f9c,nfd8ff4a851bd9f9c,16
n17199a88c8ab12bb,n17199a88c8ab12bb,16
ne7d16b4a53183aa1,ne7d16b4a53183aa1,16
n53f7da631c0fe9b7,n53f7da631c0fe9b7,16
n81699ed63f6f13c4,n81699ed63f6f13c4,17
n55fe9fcd8eeb45ea,n55fe9fcd8eeb45ea,17
ne76798b75e85cc3d,ne76798b75e85cc3d,17
n567e9f4120a542d5,n567e9f4120a542d5,17
n9e6c99298ebba6e5,n9e6c99298ebba6e5,17
n10cf3affc9df2ba1,n10cf3affc9df2ba1,17
n304e0079d95af6cd,n304e0079d95af6cd,17
n8f18f11b616f8c81,n8f18f11b616f8c81,17
nf7314eaf674ddd44,nf7314eaf674ddd44,17
n8ae63f1c99439bdc,n8ae63f1c99439bdc,17
n48b45b0e477c0aaa,n48b45b0e477c0aaa,17
n46f154fc38b8eabf,n46f154fc38b8eabf,17
n711d34de09efcee3,n711d34de09efcee3,17
n17e034f5261f3796,n17e034f5261f3796,17
nacf0083af83aa7c6,nacf0083af83aa7c6,17
n7081556e37b0af08,n7081556e37b0af08,17
nb79b8723b368d619,nb79b8723b368d619,17
n85050fd78417fa18,n85050fd78417fa18,17
nedc88ae4bbb6c7a4,nedc88ae4bbb6c7a4,18
n31d0281fd1141b31,n31d0281fd1141b31,18
nb16cd5384a2efeba,nb16cd5384a2efeba,18
naa3a442f71aa728b,naa3a442f71aa728b,18
nab8e58a21eac9af3,nab8e58a21eac9af3,18
n6a18bb8437a44970,n6a18bb8437a44970,18
nadd965023d3ddfbc,nadd965023d3ddfbc,18
n71ad03d61814779d,n71ad03d61814779d,18
n7798cb155ed51ca7,n7798cb155ed51ca7,18
n945c37199a6375b7,n945c37199a6375b7,18
n63ecbb0871e7c9d5,n63ecbb0871e7c9d5,18
nddf7778ab2c78d42,nddf7778ab2c78d42,18
n6adbecbd483dd80e,n6adbecbd483dd80e,18
n1aac370f6ac8019d,n1aac370f6ac8019d,18
nd69b691811283efe,nd69b691811283efe,18
nef1918a950b685f7,nef1918a950b685f7,18
na8edbd16d447d78d,na8edbd16d447d78d,18
nc6fe240848b63fcc,nc6fe240848b63fcc,18
n90941af4f6b76266,n90941af4f6b76266,18
n0fea12ec3d625a19,n0fea12ec3d625a19,18
n159b2afa4fc2da65,n159b2afa4fc2da65,18
n4ab520d89e681b1f,n4ab520d89e681b1f,18
n4a8ccfcfc306f3cc,n4a8ccfcfc306f3cc,18
n0092b55d1a63920d,n0092b55d1a63920d,18
ne2cc40623dc2737d,ne2cc40623dc2737d,19
nd714c43d1415979f,nd714c43d1415979f,19
n75d1619ae7ae68c5,n75d1619ae7ae68c5,19
n38d7e6b2bf7ce7ee,n38d7e6b2bf7ce7ee,19
n3835619a93864e7c,n3835619a93864e7c,19
n79999ade43717d52,n79999ade43717d52,19
n12e25b745b2e4476,n12e25b745b2e4476,19
nfdd9059d26e842a3,nfdd9059d26e842a3,19
n242064d3681020eb,n242064d3681020eb,19
n99713bacb247e284,n99713bacb247e284,19
nf5fbe4b4393a7908,nf5fbe4b4393a7908,19
n7cade25bc989a53c,n7cade25bc989a53c,19
n568259975155bfd6,n568259975155bfd6,19
nf10ffa3d6d3b04b9,nf10ffa3d6d3b04b9,19
n85141069a1576f9a,n85141069a1576f9a,19
nbc312006071ee94f,nbc312006071ee94f,19
n88c9172a0b486049,n88c9172a0b486049,19
n98ec1941ce1f3a7b,n98ec1941ce1f3a7b,19
nd9a65190d232ef06,nd9a65190d232ef06,19
n9c6aba014fa1e76e,n9c6aba014fa1e76e,19
na3d303565ab9029a,na3d303565ab9029a,20
n80c6280bdf09d7dd,n80c6280bdf09d7dd,20
n62ceb6252f7a0e38,n62ceb6252f7a0e38,20
n2da787c770dfe321,n2da787c770dfe321,20
nb6a68effd7501ba0,nb6a68effd7501ba0,20
ne4091be8a5da0362,ne4091be8a5da0362,20
n392c5a1d64975995,n392c5a1d64975995,20
nd48d7cf4ad4d764f,nd48d7cf4ad4d764f,20
n8d0ccda60b32a50c,n8d0ccda60b32a50c,20
n3929128041224bda,n3929128041224bda,20
n3182b6be59c07eb5,n3182b6be59c07eb5,20
n328cb878bc80afe9,n328cb878bc80afe9,20
na48170fc62d04ab9,na48170fc62d04ab9,20
nd022e0f8216fe3de,nd022e0f8216fe3de,20
nbf374b0bbaaf37f7,nbf374b0bbaaf37f7,20
nbb6b4835c25762c6,nbb6b4835c25762c6,20
n485d18aa71475f53,n485d18aa71475f53,20
n14e288a43f24b8a2,n14e288a43f24b8a2,20
na4cbba3c99793f57,na4cbba3c99793f57,20
nda5771d825f6d10d,nda5771d825f6d10d,20
n895fa6c992304150,n895fa6c992304150,20
n4d9de3ab8e4c0612,n4d9de3ab8e4c0612,20
n235ef1bd8c4b9cbb,n235ef1bd8c4b9cbb,20
nb63d0ccd4f6a5492,nb63d0ccd4f6a5492,20
n2151ed9ccf5511e7,n2151ed9ccf5511e7,21
n6ab91d2263e3f237,n6ab91d2263e3f237,21
n1625e166fdc6fc48,n1625e166fdc6fc48,21
ndb243661e20b5276,ndb243661e20b5276,21
n3e333d8e21320566,n3e333d8e21320566,21
n3635049aa176c2a5,n3635049aa176c2a5,21
nc11d6130700f1538,nc11d6130700f1538,21
n560c68efd53e1730,n560c68efd53e1730,21
nc650e901fefc725b,nc650e901fefc725b,21
n59a559fae0161c08,n59a559fae0161c08,21
n2818b51e73e6fd76,n2818b51e73e6fd76,21
n786fbbec8d634f14,n786fbbec8d634f14,21
n7fdff05ba56118f8,n7fdff05ba56118f8,21
ncca657a1bc58f6cd,ncca657a1bc58f6cd,21
n7b08343f174f2831,n7b08343f174f2831,21
nbd0d48d5ceb9055b,nbd0d48d5ceb9055b,21
n6e8135ffe47bea05,n6e8135ffe47bea05,21
ne04632b0e15298e6,ne04632b0e15298e6,21
naf46a3183b0c062b,naf46a3183b0c062b,21
nfb7d1097c7f9ebc9,nfb7d1097c7f9ebc9,21
nf6efc0318ba2d2fc,nf6efc0318ba2d2fc,21
na12cf61e77a7dfed,na12cf61e77a7dfed,21
nca24fe1802fd9d97,nca24fe1802fd9d97,21
n3e371e3e83dcbcb8,n3e371e3e83dcbcb8,21
n78c17bba95027fe2,n78c17bba95027fe2,22
n2b6293359fa3c65d,n2b6293359fa3c65d,22
n3607a2125f03baf4,n3607a2125f03baf4,22
neacc4d40c1fb22c2,neacc4d40c1fb22c2,22
nef5c4f61251dfdef,nef5c4f61251dfdef,22
n8c7da7e1e35224c6,n8c7da7e1e35224c6,22
n37fa311bf20fe265,n37fa311bf20fe265,22
n9311ce67937d2b6e,n9311ce67937d2b6e,22
n767d421afa934a06,n767d421afa934a06,22
n368248ee587cd582,n368248ee587cd582,22
n2fff2b7db24381c6,n2fff2b7db24381c6,22
n9d328a246dad2236,n9d328a246dad2236,22
nece1904a4697dfa2,nece1904a4697dfa2,22
n7c1547ed82ab3204,n7c1547ed82ab3204,22
nafb1c7bf0f9a1053,nafb1c7bf0f9a1053,22
n158e66a269159a43,n158e66a269159a43,22
n8121f641ce744b1c,n8121f641ce744b1c,22
neb961627fb42db1b,neb961627fb42db1b,22
n2bc6a35f3ac69165,n2bc6a35f3ac69165,22
na58afd2e4e1f04f0,na58afd2e4e1f04f0,22
n19430818c761113e,n19430818c761113e,22
ne89c66b84c4096f7,ne89c66b84c4096f7,22
nfbb1d94a6979570a,nfbb1d94a6979570a,22
nf57d964f62e7daf7,nf57d964f62e7daf7,22
nf654a55bfba98723,nf654a55bfba98723,23
n87498c665c197512,n87498c665c197512,23
n0cbd264e7422212e,n0cbd264e7422212e,23
nd453349571dab647,nd453349571dab647,23
n7db059e04e3589b3,n7db059e04e3589b3,23
nc61094285519e1de,nc61094285519e1de,23
nd756049d2d3091b7,nd756049d2d3091b7,23
ncd5ff095f90d1542,ncd5ff095f90d1542,23
n9a145ad525e8584a,n9a145ad525e8584a,23
nf2ac0d9295e0902b,nf2ac0d9295e0902b,23
nebb56438eb494e66,nebb56438eb494e66,23
n975d0abaf4ca9f26,n975d0abaf4ca9f26,23
n87c7d546567f763f,n87c7d546567f763f,23
nf90a080f3872dfe5,nf90a080f3872dfe5,23
n985dd3e9542a801d,n985dd3e9542a801d,23
n9d1548b999d0b9e1,n9d1548b999d0b9e1,23
nc2f613f5cbaf5be1,nc2f613f5cbaf5be1,23
n017a3b954b9ab2e8,n017a3b954b9ab2e8,23
nefe6ff0524813a56,nefe6ff0524813a56,23
nf4efdca1967a7f4d,nf4efdca1967a7f4d,23
n38ea49ade2240a51,n38ea49ade2240a51,23
nd670eeadb630f294,nd670eeadb630f294,23
n0948963352f47883,n0948963352f47883,24
n65631bb5072dc293,n65631bb5072dc293,24
n07d2b2f018324fa6,n07d2b2f018324fa6,24
nc7416e5c560dcfa1,nc7416e5c560dcfa1,24
na6744ec155f7d117,na6744ec155f7d117,24
n0585392836861027,n0585392836861027,24
n92d748e9e1a04c39,n92d748e9e1a04c39,24
nba7b0b4f6f4d1a6e,nba7b0b4f6f4d1a6e,24
n325598fc0a7a3199,n325598fc0a7a3199,24
n8ccaa2bf5bc1d7c4,n8ccaa2bf5bc1d7c4,24
nf9ebbe3a5491992f,nf9ebbe3a5491992f,24
nabe94879992ad061,nabe94879992ad061,24
n50fe2d4412597c4f,n50fe2d4412597c4f,24
n73c133d4cd7df3a3,n73c133d4cd7df3a3,24
n78f92a1df8d04091,n78f92a1df8d04091,24
n64d13df851a842c6,n64d13df851a842c6,24
n9a82ebd4ce2dc7fa,n9a82ebd4ce2dc7fa,24
ne3eec99d28ac98ad,ne3eec99d28ac98ad,24
na56579419d41b2f4,na56579419d41b2f4,24
na382f8062d355686,na382f8062d355686,24
na413aeeedb0904b5,na413aeeedb0904b5,24
n6f88922b37feebc1,n6f88922b37feebc1,24
n206caa79007dd67b,n206caa79007dd67b,24
n0335b600e3c32d4d,n0335b600e3c32d4d,24
ncfac920a3e69600c,ncfac920a3e69600c,25
n766035585bcfb9d9,n766035585bcfb9d9,25
nfb922ba9cb77ae99,nfb922ba9cb77ae99,25
n45a079e0b7c7e927,n45a079e0b7c7e927,25
nf8e6084d77fc1c9e,nf8e6084d77fc1c9e,25
n4e8a1b1b91e294cc,n4e8a1b1b91e294cc,25
n46ffbbacf8058108,n46ffbbacf8058108,25
nb28fa4fdeb4fd548,nb28fa4fdeb4fd548,25
n105417332410faf1,n105417332410faf1,25
nc37a5b3c1914bc22,nc37a5b3c1914bc22,25
nb551cb12b2e25a6e,nb551cb12b2e25a6e,25
ne3e1632669a2b404,ne3e1632669a2b404,25
n868047f0d29be84e,n868047f0d29be84e,25
nc519ef7abfcbee38,nc519ef7abfcbee38,25
nf1bf062a733ecdeb,nf1bf062a733ecdeb,25
n53f0f3227c7e1202,n53f0f3227c7e1202,25
n5b07341b7c6cac73,n5b07341b7c6cac73,25
ncb7c5a3b2229dd52,ncb7c5a3b2229dd52,25
nfd785f3b39429273,nfd785f3b39429273,25
n1e2f0b88ffe7a8cb,n1e2f0b88ffe7a8cb,25
nff4f3d0cafaabf0c,nff4f3d0cafaabf0c,26
n3985de47bca44a73,n3985de47bca44a73,26
ndaacd7e7afd2b549,ndaacd7e7afd2b549,26
nd3ff2d9c07cfb24f,nd3ff2d9c07cfb24f,26
n42c582e811e176fd,n42c582e811e176fd,26
n69796419c530fe27,n69796419c530fe27,26
ne99b1e34c494cfa0,ne99b1e34c494cfa0,26
nb577c33d674146e0,nb577c33d674146e0,26
ne1d45c69103d4b57,ne1d45c69103d4b57,26
n20b6275bc8054d8b,n20b6275bc8054d8b,26
nf638feb8493d71c7,nf638feb8493d71c7,26
na91790e92b517f9f,na91790e92b517f9f,26
n0e1cf277a38aadd7,n0e1cf277a38aadd7,26
n0b3385056234e6fc,n0b3385056234e6fc,26
n97fc7a067e5d476b,n97fc7a067e5d476b,26
n4d07c97c5e7f0111,n4d07c97c5e7f0111,26
n2ea1ae91576e7435,n2ea1ae91576e7435,26
nd0d8d13318d842b7,nd0d8d13318d842b7,26
n5068519ae11e19a3,n5068519ae11e19a3,26
n5013678ec5766e96,n5013678ec5766e96,26
ncf4d573104cdf016,ncf4d573104cdf016,27
n0366326f02015cd9,n0366326f02015cd9,27
n087d2ba321fa962b,n087d2ba321fa962b,27
n6ad3fdbe2e75ee25,n6ad3fdbe2e75ee25,27
n339edccff3ef96bb,n339edccff3ef96bb,27
n01b13cdc5490a4fb,n01b13cdc5490a4fb,27
n84f6b76e37f5afd2,n84f6b76e37f5afd2,27
nb27abe448ed9c7a4,nb27abe448ed9c7a4,27
nab33e3c696d1ca32,nab33e3c696d1ca32,27
n2736915c303eb92e,n2736915c303eb92e,27
n6611a0c793abc31a,n6611a0c793abc31a,27
ncdadfeb406465b56,ncdadfeb406465b56,27
ne2ed5292f1208865,ne2ed5292f1208865,27
n3f5373e34abd3333,n3f5373e34abd3333,27
nd3982fadb3bd5307,nd3982fadb3bd5307,27
n8426049ede8cf9b5,n8426049ede8cf9b5,27
n0966e8a1a23f23d1,n0966e8a1a23f23d1,27
nffce30d32876db2f,nffce30d32876db2f,27
n3988dbb1c0fbddf6,n3988dbb1c0fbddf6,27
ndf392788c9eee815,ndf392788c9eee815,27
n78ef36ebcc12e446,n78ef36ebcc12e446,27
n5c6cfafbb389e370,n5c6cfafbb389e370,27
n318be253eb5ce287,n318be253eb5ce287,27
n31d9e75a27263d99,n31d9e75a27263d99,27
n228ce361688fba35,n228ce361688fba35,27
n342151f7f1762ab8,n342151f7f1762ab8,27
n3a423f956f60c1e1,n3a423f956f60c1e1,27
n66ac3e9fb7b2c615,n66ac3e9fb7b2c615,28
nc47ad13627880d52,nc47ad13627880d52,28
nbcbfbaa04aa73634,nbcbfbaa04aa73634,28
n87df300baa29c94f,n87df300baa29c94f,28
n99952c278114cfe3,n99952c278114cfe3,28
nb0163bbcd3ad4a4c,nb0163bbcd3ad4a4c,28
nf4a14531786bb3db,nf4a14531786bb3db,28
n2b01ee27957e5cc2,n2b01ee27957e5cc2,28
n7f66ffce66dadbe8,n7f66ffce66dadbe8,28
n90c3ae2f037892e5,n90c3ae2f037892e5,28
n809ae22068fc4c82,n809ae22068fc4c82,28
n0c46d2b63a084bdc,n0c46d2b63a084bdc,28
n82be0c5d8c93eca7,n82be0c5d8c93eca7,28
n0af6e37b54b3d3dd,n0af6e37b54b3d3dd,28
ne60227aa12af8be0,ne60227aa12af8be0,28
n54eca6a6e4b61644,n54eca6a6e4b61644,29
nb6317995c2b654ca,nb6317995c2b654ca,29
n8558b5da080be3f0,n8558b5da080be3f0,29
ne3eb442b6f4caa84,ne3eb442b6f4caa84,29
n86b0dddd71ba6c02,n86b0dddd71ba6c02,29
nd3df18e6e1582b6d,nd3df18e6e1582b6d,29
nb5910c6c6a7ead24,nb5910c6c6a7ead24,29
n567aa56e80adde15,n567aa56e80adde15,29
n0e9ee52713af5b15,n0e9ee52713af5b15,29
n3bd7a6c8658ceae6,n3bd7a6c8658ceae6,29
n80d5a31b447fd009,n80d5a31b447fd009,29
nc56c7ba4acd2e32c,nc56c7ba4acd2e32c,29
n890551db934972cc,n890551db934972cc,29
nf9e1ecb34d083e9b,nf9e1ecb34d083e9b,29
n65481d2eeedff4a5,n65481d2eeedff4a5,29
nb39eebf6bcdde700,nb39eebf6bcdde700,29
n2ad8df6035f829fc,n2ad8df6035f829fc,29
n457816984c1c434f,n457816984c1c434f,29
n94a42e7fc5a59ba3,n94a42e7fc5a59ba3,29
n39d851f73061dfb0,n39d851f73061dfb0,29
ncd94234aa16829e2,ncd94234aa16829e2,29
ndac66be965bf872e,ndac66be965bf872e,30
n960cee275f8fb60c,n960cee275f8fb60c,30
n097040e255ff7db8,n097040e255ff7db8,30
nefc6c86ac6407542,nefc6c86ac6407542,30
nb020c0eef01ba2df,nb020c0eef01ba2df,30
n8e5c7b26248665fe,n8e5c7b26248665fe,30
nbee42d8551e6009e,nbee42d8551e6009e,30
n52ccc218ec195bc7,n52ccc218ec195bc7,30
ndb6ef36425b9b571,ndb6ef36425b9b571,30
nf2ecf9b3ef32f55e,nf2ecf9b3ef32f55e,30
n2aad687561d1c696,n2aad687561d1c696,30
nb302f3551bc4a8e3,nb302f3551bc4a8e3,30
nb08d7ee61ca81e62,nb08d7ee61ca81e62,30
nc40aa9d7380268e2,nc40aa9d7380268e2,30
n63d87d0808b080d8,n63d87d0808b080d8,30
n5146aa0f2198c453,n5146aa0f2198c453,31
nae9a8d6df23e6e27,nae9a8d6df23e6e27,31
nb5400f5b2869ed6e,nb5400f5b2869ed6e,31
na062118d48b13e60,na062118d48b13e60,31
nedf958210d90e701,nedf958210d90e701,31
n6e56fc9cca4a8ecc,n6e56fc9cca4a8ecc,31
n5c414f876f45a894,n5c414f876f45a894,31
n0f5fe5d8e228f316,n0f5fe5d8e228f316,31
nae1606238cd290a3,nae1606238cd290a3,31
n6e313979c5fe2c8d,n6e313979c5fe2c8d,31
n3ec03234b78ee1d9,n3ec03234b78ee1d9,31
n3f8eed6dfb2b5929,n3f8eed6dfb2b5929,31
n1eaccf78a4f8d979,n1eaccf78a4f8d979,31
nffa2c9fd645a4d8e,nffa2c9fd645a4d8e,31
n77f17f15550057cc,n77f17f15550057cc,31
na21c76eb6b5c6733,na21c76eb6b5c6733,31
nb372cf946955336b,nb372cf946955336b,31
na6e47adf63cc295c,na6e47adf63cc295c,31
n4747dc24bd95ae0e,n4747dc24bd95ae0e,31
nd3a2b2188087c024,nd3a2b2188087c024,31
n0f7431330b4a968d,n0f7431330b4a968d,32
n502abdf2150ef47a,n502abdf2150ef47a,32
n614eeaf1e6eaa0de,n614eeaf1e6eaa0de,32
n7f75717caaa65e28,n7f75717caaa65e28,32
n3e8f7e9d2ea7a1d0,n3e8f7e9d2ea7a1d0,32
n41c352320fd3b960,n41c352320fd3b960,32
nee70c4b85f0c05f4,nee70c4b85f0c05f4,32
n77945818ebb12799,n77945818ebb12799,32
n700ece8d2c6c9194,n700ece8d2c6c9194,32
n58395efc8d5731f3,n58395efc8d5731f3,32
n9f6f3c11f5efff74,n9f6f3c11f5efff74,32
na99244dff904b0c5,na99244dff904b0c5,32
n7e702b7de33b0517,n7e702b7de33b0517,32
n0cd04e16c484749e,n0cd04e16c484749e,32
n008d15592572b059,n008d15592572b059,32
n67c2a5c33c54d427,n67c2a5c33c54d427,32
n34223f00b2bf44f2,n34223f00b2bf44f2,32
naf59a0e984bac82c,naf59a0e984bac82c,32
n6a15f347d16d158b,n6a15f347d16d158b,32
n90e1120374e2bedd,n90e1120374e2bedd,32
n21842b5da6d2d1a4,n21842b5da6d2d1a4,32
n804820f87549ebf4,n804820f87549ebf4,32
ne728e4bf6102841a,ne728e4bf6102841a,32
ndd843844b0ca8fba,ndd843844b0ca8fba,33
nd1ea4acb90b08209,nd1ea4acb90b08209,33
n285697aca2893484,n285697aca2893484,33
n6b34140e312a0798,n6b34140e312a0798,33
nda219f08125d347a,nda219f08125d347a,33
na5374e37eca0e3aa,na5374e37eca0e3aa,33
n88bfacedfc91ffd1,n88bfacedfc91ffd1,33
n485bbe1d76e02826,n485bbe1d76e02826,33
n81a6f58a6257227a,n81a6f58a6257227a,33
na6cc658f7943bbd7,na6cc658f7943bbd7,33
n9c32d1cdb6d6ce31,n9c32d1cdb6d6ce31,33
n86d1a073157759a8,n86d1a073157759a8,33
nd4a4affb67651792,nd4a4affb67651792,33
n1330e84ed7ed160d,n1330e84ed7ed160d,33
nde31fef740231f71,nde31fef740231f71,33
n37d674fc03d00864,n37d674fc03d00864,33
n586c2a50705d8030,n586c2a50705d8030,33
na885666a46b1471f,na885666a46b1471f,33
n5fa1d53201af59b0,n5fa1d53201af59b0,33
n4172d57654bc62d1,n4172d57654bc62d1,33
n13369655cdfdc57b,n13369655cdfdc57b,33
n67d765177774d5bc,n67d765177774d5bc,33
n3734416cd20cdd04,n3734416cd20cdd04,33
na6d4a0db3edc4929,na6d4a0db3edc4929,33
nb836b3499e25bd12,nb836b3499e25bd12,33
nb2c7af14598d2167,nb2c7af14598d2167,33
neb19211d5a46b08b,neb19211d5a46b08b,33
n24bcd471956a37a9,n24bcd471956a37a9,33
n874dc10f463458c5,n874dc10f463458c5,33
nab311098214d4c21,nab311098214d4c21,33
n3cd21f0915419889,n3cd21f0915419889,33
nbd60686d1a34db9a,nbd60686d1a34db9a,33
n9f996e35131cac47,n9f996e35131cac47,33
n5ab0df01e9d1ec0e,n5ab0df01e9d1ec0e,33
n97fbdd8df0759ab3,n97fbdd8df0759ab3,33
n4008b2c4b14967a4,n4008b2c4b14967a4,33
n8d87ac2299cc2ae9,n8d87ac2299cc2ae9,33
na1cfdba63c9ba04b,na1cfdba63c9ba04b,33
n33f81c92091cdd49,n33f81c92091cdd49,33
n6d294b2841ccc8bd,n6d294b2841ccc8bd,33
n333df1b1d6e5bff6,n333df1b1d6e5bff6,33
ncdf30cf6ef223c45,ncdf30cf6ef223c45,33
nf4f8b44c8d018ad7,nf4f8b44c8d018ad7,33
n9e46997c2889a0b6,n9e46997c2889a0b6,33
nbd06a606f6f1d371,nbd06a606f6f1d371,33
n44d2b63cfa5a8fcb,n44d2b63cfa5a8fcb,33
n9914fe1753c5d0bd,n9914fe1753c5d0bd,33
n53ba8e5a447d5dca,n53ba8e5a447d5dca,33
nafbe37ac4699301e,nafbe37ac4699301e,33
n4fc1b122f3c2119b,n4fc1b122f3c2119b,33
n1e64338284844832,n1e64338284844832,33
nf192031921198c28,nf192031921198c28,33
naad9b7240af67a27,naad9b7240af67a27,34
ndf0b89dcfe51b27c,ndf0b89dcfe51b27c,34
n1994c8a6cd9bae4d,n1994c8a6cd9bae4d,34
n0543378fa0cdd66b,n0543378fa0cdd66b,34
n98fbca2fe5e6c4fa,n98fbca2fe5e6c4fa,34
n3ad647a25f37a350,n3ad647a25f37a350,34
n8611ff0f2a2577db,n8611ff0f2a2577db,34
n3dd02f0c93eec518,n3dd02f0c93eec518,34
n1e17f9ff97ca967b,n1e17f9ff97ca967b,34
n3ef0accbd0d26134,n3ef0accbd0d26134,34
n90e2e4c7d669c264,n90e2e4c7d669c264,34
ncf9622353931bd76,ncf9622353931bd76,34
n0d35e587627b7535,n0d35e587627b7535,34
ne6d0ded315cc8161,ne6d0ded315cc8161,34
nf0f018aee54941c3,nf0f018aee54941c3,34
neaf7322adbe9fee8,neaf7322adbe9fee8,34
n5cfa82e164e9efa0,n5cfa82e164e9efa0,34
nedbf10949e90f4fc,nedbf10949e90f4fc,34
n30f98976717ebdf7,n30f98976717ebdf7,34
n4be6c6c41ac95f7d,n4be6c6c41ac95f7d,34
n62086700071ddeda,n62086700071ddeda,34
nbbf7331cc0e82d48,nbbf7331cc0e82d48,35
n02d81c695335b19f,n02d81c695335b19f,35
n4ccda22de66fd901,n4ccda22de66fd901,35
n703b6ed68c68d6aa,n703b6ed68c68d6aa,35
n32603512613b8136,n32603512613b8136,35
n84074b1e1a93f3f6,n84074b1e1a93f3f6,35
nd194604f698af6dc,nd194604f698af6dc,35
n77b5467e87f0da96,n77b5467e87f0da96,35
na26de7d178860c49,na26de7d178860c49,35
ne69cf51841d7c793,ne69cf51841d7c793,35
n13e642c14344956a,n13e642c14344956a,35
nfa52428a877b5628,nfa52428a877b5628,35
nbaefa18d31d86747,nbaefa18d31d86747,35
n8d968334ec8511b6,n8d968334ec8511b6,36
n80c1e646c2e56e77,n80c1e646c2e56e77,36
n38baa2f3e74ee45a,n38baa2f3e74ee45a,36
nc3b732c3483b368f,nc3b732c3483b368f,36
n7c1a60c3bfd347a1,n7c1a60c3bfd347a1,36
n0ab503882e26a692,n0ab503882e26a692,36
ncd7a4b011e28914f,ncd7a4b011e28914f,36
nd812162ee42599ca,nd812162ee42599ca,36
n87187086dbf08887,n87187086dbf08887,36
nd54901d2959c51c4,nd54901d2959c51c4,36
n7b513d91b6b3d5d1,n7b513d91b6b3d5d1,36
nb17bacc66579a46f,nb17bacc66579a46f,36
n6294786cc8ed2143,n6294786cc8ed2143,36
nf79a35c3f42058a8,nf79a35c3f42058a8,36
nd84e13ef2e3d4562,nd84e13ef2e3d4562,36
n7850f0af04eb0217,n7850f0af04eb0217,36
nbc9556ab3ef063b5,nbc9556ab3ef063b5,36
n22919cd4c56b7080,n22919cd4c56b7080,36
n31ffcf688e2c2283,n31ffcf688e2c2283,36
n66b55a45eccc5e1a,n66b55a45eccc5e1a,36
n5fef5b04f20726d9,n5fef5b04f20726d9,36
nc0b89e975a6b3e3b,nc0b89e975a6b3e3b,36
n39fcfe95d7fb3210,n39fcfe95d7fb3210,37
n4ff5280ddffeb011,n4ff5280ddffeb011,37
nff1f8d0dd4f82a00,nff1f8d0dd4f82a00,37
nf3af8556468df6c6,nf3af8556468df6c6,37
nbeaefbc811d183ea,nbeaefbc811d183ea,37
nf76e391f57e21d63,nf76e391f57e21d63,37
n0f8c82ed469afcc2,n0f8c82ed469afcc2,37
n7e62212631188dde,n7e62212631188dde,37
nb1f9f6625772f7b6,nb1f9f6625772f7b6,37
n961aeae01667d61c,n961aeae01667d61c,37
n309f96e2bf9463dd,n309f96e2bf9463dd,37
n1c8651c72a47cf08,n1c8651c72a47cf08,37
n9b202ff699bdb993,n9b202ff699bdb993,37
n6f71dff1dbcc7bb5,n6f71dff1dbcc7bb5,37
nc6a41dee2ef836a4,nc6a41dee2ef836a4,37
n8507bfef0b527408,n8507bfef0b527408,37
nf20cf2e6582908e8,nf20cf2e6582908e8,37
n0272623e593eae2e,n0272623e593eae2e,37
n5b5d746fcf800005,n5b5d746fcf800005,37
n33267351406be880,n33267351406be880,37
n3940f2dd984a339c,n3940f2dd984a339c,37
n59682ce8393bf35d,n59682ce8393bf35d,37
n6a3744494fb5fda4,n6a3744494fb5fda4,37
n5ace901e9c8b7f0d,n5ace901e9c8b7f0d,38
n8159f84c4afc0391,n8159f84c4afc0391,38
naa70429d0f0430e8,naa70429d0f0430e8,38
ne443f772defa3379,ne443f772defa3379,38
n4c2ad2cdcbb8e78f,n4c2ad2cdcbb8e78f,38
nad7cf5b40bc9d98a,nad7cf5b40bc9d98a,38
n2cc2381260e09bec,n2cc2381260e09bec,38
n7949431b85c0eb88,n7949431b85c0eb88,38
nf0e7228ebbf86c47,nf0e7228ebbf86c47,38
ndecca9fc6e1cf415,ndecca9fc6e1cf415,38
nd21455f1fa69b83c,nd21455f1fa69b83c,38
nd13fe53153625812,nd13fe53153625812,38
n74a9ad45b5f39b81,n74a9ad45b5f39b81,38
n854b0fb0ead4bfaa,n854b0fb0ead4bfaa,38
n3b997925084ae409,n3b997925084ae409,38
nded1c60cef3cd170,nded1c60cef3cd170,38
n79ee64c01aee1fe9,n79ee64c01aee1fe9,38
nd55ccc8b941750c5,nd55ccc8b941750c5,38
nf6c8a9eb6e2268fa,nf6c8a9eb6e2268fa,38
n7587bc325846acd5,n7587bc325846acd5,38
n24e16c4f885290e3,n24e16c4f885290e3,38
n2226e0915a1c58a8,n2226e0915a1c58a8,39
na61b6c32c571321a,na61b6c32c571321a,39
n5bf62f787c985da6,n5bf62f787c985da6,39
nbdcfdf05bd1e1dc4,nbdcfdf05bd1e1dc4,39
na0e749b921612023,na0e749b921612023,39
n794cf53640cf69b8,n794cf53640cf69b8,39
nee7e9c0c775f13d7,nee7e9c0c775f13d7,39
n44ed3fa901cab64b,n44ed3fa901cab64b,39
n67b8410bf50f7ee6,n67b8410bf50f7ee6,39
nb32631fd19181214,nb32631fd19181214,39
n626f4488999982e8,n626f4488999982e8,39
ne550a409abbfcda7,ne550a409abbfcda7,39
naa654dde93960163,naa654dde93960163,39
n634c53cc1bc2a813,n634c53cc1bc2a813,39
nc4dfc1065b7caf73,nc4dfc1065b7caf73,39
n610cd82f4bcbd163,n610cd82f4bcbd163,39
n633147517b18191e,n633147517b18191e,39
n1f882d5e4f808fa9,n1f882d5e4f808fa9,39
n6b7ec7f006cad297,n6b7ec7f006cad297,39
n6d00cf910bcab710,n6d00cf910bcab710,39
nb7b57ab305d9e98d,nb7b57ab305d9e98d,39
nbeba17746c125adf,nbeba17746c125adf,39
n44ec11bdf979e1d6,n44ec11bdf979e1d6,40
nc2dd60d6c524fa5c,nc2dd60d6c524fa5c,40
ne2829f5f706ee159,ne2829f5f706ee159,40
n39faf9f018dfc17a,n39faf9f018dfc17a,40
n7f45030dc4fc8d25,n7f45030dc4fc8d25,40
n7414488466657e37,n7414488466657e37,40
nbe17405153a363b9,nbe17405153a363b9,40
n7baa38c6334aae19,n7baa38c6334aae19,40
ndce071646f045725,ndce071646f045725,40
nb028bcc4adc15d31,nb028bcc4adc15d31,40
n18ae4aff23d07bc0,n18ae4aff23d07bc0,40
n3e039380276940c9,n3e039380276940c9,40
nef1ce87e4c4e26c3,nef1ce87e4c4e26c3,40
n7498efdd4f4e8510,n7498efdd4f4e8510,40
n36fa1d152df1aa6e,n36fa1d152df1aa6e,40
nd2a2d5f243423c6c,nd2a2d5f243423c6c,40
n9e7875b3e31b7d04,n9e7875b3e31b7d04,40
n2b9e4d0c622280b5,n2b9e4d0c622280b5,40
n2c4225240fe40d8a,n2c4225240fe40d8a,40
ncde0f08e3c3b855c,ncde0f08e3c3b855c,40
n395a72c09c6128c1,n395a72c09c6128c1,40
n52a767c51548d35d,n52a767c51548d35d,40
n7afe74f5af9a1e3f,n7afe74f5af9a1e3f,40
nbd3ea3cfafbfeca3,nbd3ea3cfafbfeca3,40
ncb2d5687260c1dde,ncb2d5687260c1dde,40
n93adfc498b44a9c4,n93adfc498b44a9c4,40
nbb01d91410fecbb8,nbb01d91410fecbb8,40
n042a04863d215af7,n042a04863d215af7,40
n5c90be03011a4bd9,n5c90be03011a4bd9,41
ne05354ecdc6dfd6f,ne05354ecdc6dfd6f,41
n622446ce82d44f66,n622446ce82d44f66,41
n6a4b917b3fc49908,n6a4b917b3fc49908,41
na4fd3c05da664cd7,na4fd3c05da664cd7,41
n78e43ede47f9d5e0,n78e43ede47f9d5e0,41
n316f6a2ac27d57de,n316f6a2ac27d57de,41
n21837b26b292f9bf,n21837b26b292f9bf,41
n451e35108885e013,n451e35108885e013,41
n21a82e73f9bc426a,n21a82e73f9bc426a,41
nbc7f7afb793cedee,nbc7f7afb793cedee,41
n8c7f6a7dfeedfca4,n8c7f6a7dfeedfca4,41
na19bdc467b4b771e,na19bdc467b4b771e,41
n5032e94e4041c38d,n5032e94e4041c38d,41
n64ef8869eec7ff76,n64ef8869eec7ff76,41
n29f5f673ffbc06de,n29f5f673ffbc06de,41
n4f12cd796582fb2d,n4f12cd796582fb2d,41
n4db35831f947b2d9,n4db35831f947b2d9,41
n68f345ba73c9f50b,n68f345ba73c9f50b,41
n2425ce5e71207c37,n2425ce5e71207c37,41
n1fafdc0dab0cc57d,n1fafdc0dab0cc57d,41
ne107117f2cf17f48,ne107117f2cf17f48,41
n92369164d8a58a82,n92369164d8a58a82,41
n13965bd0d3cfcd4b,n13965bd0d3cfcd4b,41
n62846087ccc55ed9,n62846087ccc55ed9,41
n2028b13518d53220,n2028b13518d53220,41
n5c8f7b5bfa061180,n5c8f7b5bfa061180,41
n91ba862fe07a898a,n91ba862fe07a898a,42
nd21ad9d4abe24e78,nd21ad9d4abe24e78,42
n9af7248b6cb40835,n9af7248b6cb40835,42
n390c51f4391b6ba4,n390c51f4391b6ba4,42
nf00f44fbf9a5b370,nf00f44fbf9a5b370,42
nfb9463e9c6fa70a0,nfb9463e9c6fa70a0,42
n0abccd39ca756bdc,n0abccd39ca756bdc,42
n06a9ace140cf21d7,n06a9ace140cf21d7,42
naba08b6ff47aedcc,naba08b6ff47aedcc,42
ne5acabc81b894219,ne5acabc81b894219,42
n8e7e13f3d200881a,n8e7e13f3d200881a,42
n0d17cd63c49d289b,n0d17cd63c49d289b,42
nd3496367358dcfcb,nd3496367358dcfcb,42
nfc58a42e141581b2,nfc58a42e141581b2,42
n28b8ab6d52eb91c3,n28b8ab6d52eb91c3,42
n767d22dd5232efe4,n767d22dd5232efe4,42
n6415916638a473eb,n6415916638a473eb,42
nc6b91d0fd7e50e5b,nc6b91d0fd7e50e5b,42
nb8daff833cf382ac,nb8daff833cf382ac,42
n80d04fa35b92bc57,n80d04fa35b92bc57,42
n33a26385ffd9bd42,n33a26385ffd9bd42,42
nafe47f6998ca55e1,nafe47f6998ca55e1,42
n8c7c6d0c93ed132c,n8c7c6d0c93ed132c,42
ne28d4310e15842d9,ne28d4310e15842d9,42
nb48fe34f79c524ba,nb48fe34f79c524ba,42
n5954b5dc24eaaf55,n5954b5dc24eaaf55,42
n70e550d1533e51b3,n70e550d1533e51b3,43
n6c6e7f94ecedfd7e,n6c6e7f94ecedfd7e,43
nbea35a498d6c26f2,nbea35a498d6c26f2,43
n965f27363a342127,n965f27363a342127,43
nc7195c4dfafac684,nc7195c4dfafac684,43
n64dd51b9861dc6d7,n64dd51b9861dc6d7,43
n063d67c2139680ad,n063d67c2139680ad,43
n691d0513755f56a0,n691d0513755f56a0,43
n65ea457164745d9e,n65ea457164745d9e,43
n8148ec6a31aeed6f,n8148ec6a31aeed6f,43
nbb7808a6863f1a4c,nbb7808a6863f1a4c,43
n065adcaa909fc722,n065adcaa909fc722,43
nca9cd3791ae94517,nca9cd3791ae94517,43
n2ef4716d5ff1bed5,n2ef4716d5ff1bed5,43
n59e355083d476cc5,n59e355083d476cc5,43
ne2663ffd5236e773,ne2663ffd5236e773,43
n740e760e5ae0aef8,n740e760e5ae0aef8,43
nc97cbb7d068a533a,nc97cbb7d068a533a,43
n215c546c6e5c4bbf,n215c546c6e5c4bbf,43
nd6e268834b462a82,nd6e268834b462a82,43
n17c6b94b13df24fc,n17c6b94b13df24fc,43
nc795d12db5bb2d5d,nc795d12db5bb2d5d,43
nb560562c8ad790fe,nb560562c8ad790fe,43
n436d559597b03323,n436d559597b03323,43
naaa51586ecc7ff6a,naaa51586ecc7ff6a,44
nd1488483d266eaf8,nd1488483d266eaf8,44
n0a25bda0dba348dd,n0a25bda0dba348dd,44
nd60dab252086be48,nd60dab252086be48,44
n0a1c7c2d18f70683,n0a1c7c2d18f70683,44
nc6931f395e601629,nc6931f395e601629,44
n347bc0fe4311893c,n347bc0fe4311893c,44
nba2c4f5dbee8668d,nba2c4f5dbee8668d,44
nc77b7bcc1c71f0c1,nc77b7bcc1c71f0c1,44
n620d216ccfdb772f,n620d216ccfdb772f,44
nf65f8a8691b02361,nf65f8a8691b02361,44
n6a5c73613031f921,n6a5c73613031f921,44
nbc67b20b1d3effa5,nbc67b20b1d3effa5,44
n57f3a4bc148c8df3,n57f3a4bc148c8df3,44
ncda001c602f583ed,ncda001c602f583ed,44
n36beada8df1a30fd,n36beada8df1a30fd,44
n51cb132a2ae4d1d5,n51cb132a2ae4d1d5,44
n93c109d8491ad68e,n93c109d8491ad68e,44
ndb3bfadc13faca49,ndb3bfadc13faca49,44
n28a33c15e68fc231,n28a33c15e68fc231,44
n37cc87614f4d6c8f,n37cc87614f4d6c8f,44
n2e19978bba28f113,n2e19978bba28f113,44
n3bc140aa11f5f48f,n3bc140aa11f5f48f,44
ncf457ce9de47f314,ncf457ce9de47f314,44
nff6f6507e1dfc025,nff6f6507e1dfc025,45
n57822ca264d80b09,n57822ca264d80b09,45
n72247c88b3bd25e9,n72247c88b3bd25e9,45
n5aa831231d4b51ce,n5aa831231d4b51ce,45
nc94e36c8d8703bf4,nc94e36c8d8703bf4,45
n47713c17ddf4d8fa,n47713c17ddf4d8fa,45
n217fd8008c0ca09d,n217fd8008c0ca09d,45
n9f25ae7dcd54e451,n9f25ae7dcd54e451,45
n70f981fdbc1571a6,n70f981fdbc1571a6,45
n147cbfb3663a2db2,n147cbfb3663a2db2,45
n4a30d2ca84e395ec,n4a30d2ca84e395ec,45
n95d04ccf8af4a104,n95d04ccf8af4a104,45
n388d33f47dccbaba,n388d33f47dccbaba,45
n527c96c6524398e5,n527c96c6524398e5,45
n075b83dfb237ff9e,n075b83dfb237ff9e,45
n88e382374e333bcc,n88e382374e333bcc,45
nee3a5755be657497,nee3a5755be657497,45
n4c698765b97f12cc,n4c698765b97f12cc,45
n962609e68518bcdb,n962609e68518bcdb,45
nfc7551ada1599c2a,nfc7551ada1599c2a,45
n76b4921869c8f95e,n76b4921869c8f95e,45
n77495f5e12a6dcce,n77495f5e12a6dcce,45
n01fb90d09c08c08b,n01fb90d09c08c08b,45
n942dc3b50afb2a05,n942dc3b50afb2a05,45
n7b7c513e24b8cac0,n7b7c513e24b8cac0,45
n64404355c68b3251,n64404355c68b3251,46
nc6e426d322ebbb0b,nc6e426d322ebbb0b,46
n6a7196d02f63fe71,n6a7196d02f63fe71,46
n1c1b27029d421ab2,n1c1b27029d421ab2,46
n40c3b588368b8fe2,n40c3b588368b8fe2,46
n35fd65a9fa5f1609,n35fd65a9fa5f1609,46
n7ad6c4d2eefa92dd,n7ad6c4d2eefa92dd,46
nf7e3b1dc8a1f1234,nf7e3b1dc8a1f1234,46
nb12dbcf472275eaf,nb12dbcf472275eaf,46
nc2058e068fdebfdb,nc2058e068fdebfdb,46
n408b85271ae62546,n408b85271ae62546,46
n9d1603f61503259d,n9d1603f61503259d,46
nd3face2e54f68a66,nd3face2e54f68a66,46
n28b7aa71a79dec3e,n28b7aa71a79dec3e,46
n26517d8bcc8b4f04,n26517d8bcc8b4f04,46
n7aeef883e704862d,n7aeef883e704862d,46
n1e07cced440b0724,n1e07cced440b0724,46
nf6bbaa8bd45d8476,nf6bbaa8bd45d8476,46
n8fd78ba710bed1cc,n8fd78ba710bed1cc,46
ndcc8664541ed7815,ndcc8664541ed7815,46
nfa3eb0c217c0e976,nfa3eb0c217c0e976,46
ncfbdcbeb23e812aa,ncfbdcbeb23e812aa,46
n337c7a50b1842773,n337c7a50b1842773,46
ne463bc77d46dc5fa,ne463bc77d46dc5fa,46
n7d4090c1fdde3f2d,n7d4090c1fdde3f2d,47
n0bfa548171339fc2,n0bfa548171339fc2,47
nd2607a540c836311,nd2607a540c836311,47
na5b883aecebe4c41,na5b883aecebe4c41,47
ne49f5d38a3a3520b,ne49f5d38a3a3520b,47
ne75c63391304864e,ne75c63391304864e,47
n42419e72e1f2e9e6,n42419e72e1f2e9e6,47
nbc646e8a6468bb79,nbc646e8a6468bb79,47
ne4f33edc6fbb3cc6,ne4f33edc6fbb3cc6,47
n85ea0adf01cfbd77,n85ea0adf01cfbd77,47
n274f222009634593,n274f222009634593,47
nba2b455f07fadad8,nba2b455f07fadad8,47
n6a95b365555c4399,n6a95b365555c4399,47
n386388ad24c293c6,n386388ad24c293c6,47
na100fb204f7f58b3,na100fb204f7f58b3,47
na5d02d05035f9c6a,na5d02d05035f9c6a,47
na785200d9779e1b3,na785200d9779e1b3,47
n50d84d42f0a8e9e0,n50d84d42f0a8e9e0,47
n201a74a988aadcf4,n201a74a988aadcf4,47
n0c06a1ba99f1f9e8,n0c06a1ba99f1f9e8,47
nf8b33869c78b0301,nf8b33869c78b0301,47
nc1ae9579c9f1e9a8,nc1ae9579c9f1e9a8,47
n9863ddc80c503c10,n9863ddc80c503c10,47
nffd93db61264ffce,nffd93db61264ffce,47
n1e1236af84242ee5,n1e1236af84242ee5,47
n910b24fda2f0619a,n910b24fda2f0619a,48
nd885c9aded28a3fe,nd885c9aded28a3fe,48
n55c2526061d1dc27,n55c2526061d1dc27,48
n254250ba5fbea658,n254250ba5fbea658,48
n9070cf1ef826075b,n9070cf1ef826075b,48
nf890630d50ab21ef,nf890630d50ab21ef,48
nffd45d8cd7271876,nffd45d8cd7271876,48
nc4c36e2eaffd7c13,nc4c36e2eaffd7c13,48
ne9ad223857f210f3,ne9ad223857f210f3,48
nc720124ad447ac30,nc720124ad447ac30,48
ncf2b05af4a22e9d8,ncf2b05af4a22e9d8,48
ncfb691c594dd11f4,ncfb691c594dd11f4,48
n9a3dfe80f49ad57a,n9a3dfe80f49ad57a,48
neb387906333edff9,neb387906333edff9,48
ne7a5cce18b839deb,ne7a5cce18b839deb,48
nc7e5e202ee65087a,nc7e5e202ee65087a,48
n789cdce0d5bfc873,n789cdce0d5bfc873,48
ncea0dc07bbb95d5c,ncea0dc07bbb95d5c,48
n417005ae0815d000,n417005ae0815d000,48
na5490195d195e19d,na5490195d195e19d,48
n61d37580f00632ba,n61d37580f00632ba,48
nb51f04a97ecf8a5b,nb51f04a97ecf8a5b,48
nc14c5683ef18bb33,nc14c5683ef18bb33,48
n2360312d2231963f,n2360312d2231963f,48
n4526ebd8f6e76c74,n4526ebd8f6e76c74,48
n2356be198f769c30,n2356be198f769c30,49
n0b408ad8f0820906,n0b408ad8f0820906,49
n254a84d9fce2ba12,n254a84d9fce2ba12,49
n2c01d7927053b516,n2c01d7927053b516,49
n2745789705e42576,n2745789705e42576,49
n050e5228cbf3cae5,n050e5228cbf3cae5,49
n08bd0bb02538341e,n08bd0bb02538341e,49
n6c7c8c38cf8360fa,n6c7c8c38cf8360fa,49
n2ec33e05d4d8834b,n2ec33e05d4d8834b,49
n5ae94ed834bed73a,n5ae94ed834bed73a,49
n0e2da74d1962ab49,n0e2da74d1962ab49,49
n75e6bfc89526db4e,n75e6bfc89526db4e,49
nbb70b7834cec644d,nbb70b7834cec644d,49
n9eca01b8230bad98,n9eca01b8230bad98,49
n3d09607d39fc6da3,n3d09607d39fc6da3,49
n5e77db2ad6034971,n5e77db2ad6034971,49
n23cc3cc1e5cb88cd,n23cc3cc1e5cb88cd,49
n57b6610ec3c5aa9a,n57b6610ec3c5aa9a,49
n03aa3f75d58df24b,n03aa3f75d58df24b,49
nf7acf29fc8056288,nf7acf29fc8056288,49
n655dec76f66a7a4e,n655dec76f66a7a4e,49
n5acd75191993574c,n5acd75191993574c,49
n028837bdb85232ee,n028837bdb85232ee,49
ncb37fe468edea7fa,ncb37fe468edea7fa,49
n56b36b84f1d7791f,n56b36b84f1d7791f,49
n4fbb8fa2b7bf1808,n4fbb8fa2b7bf1808,49
n29e935490181cf88,n29e935490181cf88,50
nc5e88af024b4cc97,nc5e88af024b4cc97,50
n56de14f51b72e6e5,n56de14f51b72e6e5,50
nbec0c798e2e435a5,nbec0c798e2e435a5,50
n5ccc20a281fc045b,n5ccc20a281fc045b,50
nf1e57fdb032fc2ab,nf1e57fdb032fc2ab,50
nb3507ebf43926ee3,nb3507ebf43926ee3,50
n268c1b4bd9cb8940,n268c1b4bd9cb8940,50
nbfb50f1963dcfb47,nbfb50f1963dcfb47,50
n8038447b1cfec507,n8038447b1cfec507,50
n5ba8d58e9f42fc72,n5ba8d58e9f42fc72,50
n03236f8b70a78953,n03236f8b70a78953,50
n6510747f95c96e48,n6510747f95c96e48,50
nc1ae2c689697e280,nc1ae2c689697e280,50
nd2b54e6266f3302b,nd2b54e6266f3302b,50
nb90bd34f059aae57,nb90bd34f059aae57,50
n5a8bd96ad7071539,n5a8bd96ad7071539,50
naaafe207bc971cfb,naaafe207bc971cfb,50
n57d069302f9e647f,n57d069302f9e647f,50
n5d5c0134da18d7e0,n5d5c0134da18d7e0,50
n361d5d3e85daef37,n361d5d3e85daef37,50
n2aafa174e3884e20,n2aafa174e3884e20,50
n97a9e28dc061d691,n97a9e28dc061d691,50
n01d50ac9968bfdbc,n01d50ac9968bfdbc,50
n575bb60d234ac7fd,n575bb60d234ac7fd,50
n0809b577da6b002a,n0809b577da6b002a,51
n6f1b1accaf09cdd2,n6f1b1accaf09cdd2,51
n5edb75a24045e2c0,n5edb75a24045e2c0,51
nebe6d70e171922c5,nebe6d70e171922c5,51
n96c232632c7ae7e9,n96c232632c7ae7e9,51
n1ec941993708323a,n1ec941993708323a,51
n60d1df56d20b52c5,n60d1df56d20b52c5,51
n234506303b4ed2cb,n234506303b4ed2cb,51
naa04af61d2b58ed0,naa04af61d2b58ed0,51
nbdee2f46739713c1,nbdee2f46739713c1,51
n6963f80374277bbf,n6963f80374277bbf,51
n4e5b82d2cf586792,n4e5b82d2cf586792,51
nadcdbff78a30afcc,nadcdbff78a30afcc,51
nc8cb27b8a4369384,nc8cb27b8a4369384,51
n2a41ff95089da379,n2a41ff95089da379,51
nf3ae2e4b6288bab6,nf3ae2e4b6288bab6,51
n42dfe3a9ec5a323f,n42dfe3a9ec5a323f,51
nae4287d0492addb1,nae4287d0492addb1,51
nbc181dd84a19c63c,nbc181dd84a19c63c,51
n9e7ee91ab80e3c7e,n9e7ee91ab80e3c7e,51
nbf5e79f69f3009ea,nbf5e79f69f3009ea,51
n1aa3c42a0bf65469,n1aa3c42a0bf65469,51
ne74404fff659d65f,ne74404fff659d65f,51
nabc4651093e97ae2,nabc4651093e97ae2,51
n62097912412a622d,n62097912412a622d,51
ncd49c9bfac9ea42f,ncd49c9bfac9ea42f,51
n349cc1a6842ec34e,n349cc1a6842ec34e,52
n41db0aa0fa1c7fa4,n41db0aa0fa1c7fa4,52
n438eb9127c05d438,n438eb9127c05d438,52
na505085ddf677bc5,na505085ddf677bc5,52
n34614843c840d582,n34614843c840d582,52
n3ff77c665137c299,n3ff77c665137c299,52
n8d53c0b0f0a63389,n8d53c0b0f0a63389,52
ncfbc009b5623e436,ncfbc009b5623e436,52
n7a9f351daecaf7c1,n7a9f351daecaf7c1,52
nc51d2fdfb57cdeb4,nc51d2fdfb57cdeb4,52
n0806eac609f3e67b,n0806eac609f3e67b,52
nb36b98e9af20ffa6,nb36b98e9af20ffa6,52
n2df6cbcabb0e0a22,n2df6cbcabb0e0a22,52
n153537768944016c,n153537768944016c,52
n711f0e4fe65a8e2f,n711f0e4fe65a8e2f,52
n92dd99251e995154,n92dd99251e995154,52
n12aac536a6f00730,n12aac536a6f00730,52
n90523ad4ff7c6656,n90523ad4ff7c6656,52
nc7280d8120af0380,nc7280d8120af0380,52
n67b95ab8a3ec3fad,n67b95ab8a3ec3fad,52
n604b5f11dd267b4e,n604b5f11dd267b4e,52
nfdb78ce010049f74,nfdb78ce010049f74,52
nf2a214e727fdecb7,nf2a214e727fdecb7,52
n65b34c72cdb8e836,n65b34c72cdb8e836,52
n1a1f72c9e8115e05,n1a1f72c9e8115e05,52
n54d4d1e355c4507b,n54d4d1e355c4507b,52
n726142c48a02e67e,n726142c48a02e67e,53
ned77be27985628a9,ned77be27985628a9,53
n8f297d17d35bb9e2,n8f297d17d35bb9e2,53
nd82bbded2088925f,nd82bbded2088925f,53
nddeadef9f4f2b3ec,nddeadef9f4f2b3ec,53
n413ab16637b8e20a,n413ab16637b8e20a,53
nf870b2244b7e985b,nf870b2244b7e985b,53
n051d7798ebf1af60,n051d7798ebf1af60,53
ncdd8bb2648d328cb,ncdd8bb2648d328cb,53
n8fd41a5fb0f99de7,n8fd41a5fb0f99de7,53
nf332291379b3890f,nf332291379b3890f,53
n35b8ee00d9b5acc4,n35b8ee00d9b5acc4,53
nbc058f23284b2413,nbc058f23284b2413,53
n1b60c34fa14b8eac,n1b60c34fa14b8eac,53
n34b6e8a3d255082e,n34b6e8a3d255082e,53
n2d38c61c1a43c5f7,n2d38c61c1a43c5f7,53
n2ffe4cdf28845d06,n2ffe4cdf28845d06,53
n8618ce51b744c121,n8618ce51b744c121,53
nb74215c4895bf846,nb74215c4895bf846,53
n10bbea0a5fc077f9,n10bbea0a5fc077f9,53
nef248a34642652f0,nef248a34642652f0,53
nd31ef9e570a489f3,nd31ef9e570a489f3,53
n02be94303c0c6f9e,n02be94303c0c6f9e,53
n49c898bb2e3b7470,n49c898bb2e3b7470,54
ne8108df10ed30502,ne8108df10ed30502,54
nfae2bc2d306b9b0b,nfae2bc2d306b9b0b,54
n62154109492ef876,n62154109492ef876,54
n33a6ca956dcebd21,n33a6ca956dcebd21,54
n0c52918d7b3a5b4d,n0c52918d7b3a5b4d,54
n53705a0d53c2ba43,n53705a0d53c2ba43,54
na1f7a7cd1b330b99,na1f7a7cd1b330b99,54
n9b97b038c8612770,n9b97b038c8612770,54
n2d1d90fd78e62c37,n2d1d90fd78e62c37,54
nd86e2c775f12e60e,nd86e2c775f12e60e,54
nc5c82563fc300751,nc5c82563fc300751,54
n6401f75c30fe4a88,n6401f75c30fe4a88,54
nb128fd4e9595b472,nb128fd4e9595b472,54
na45f74d55dba7593,na45f74d55dba7593,54
n42c6da137db69463,n42c6da137db69463,54
ncfdf0e1ca9d025e5,ncfdf0e1ca9d025e5,54
n20cb2ebd9d1caa02,n20cb2ebd9d1caa02,54
n0ede4b3fcbe002d9,n0ede4b3fcbe002d9,54
n170050f462266a2a,n170050f462266a2a,54
nb0f6379164db12f7,nb0f6379164db12f7,54
n53d7801d2f5f1975,n53d7801d2f5f1975,54
n3494d0d32fa34adc,n3494d0d32fa34adc,54
nad672c7de65f3353,nad672c7de65f3353,54
n4f016d526f035689,n4f016d526f035689,55
nf2106c1a14953147,nf2106c1a14953147,55
n0dee7e78a50897ac,n0dee7e78a50897ac,55
n663693007305ac4d,n663693007305ac4d,55
nf676e431f825ff8c,nf676e431f825ff8c,55
n9e6a1ad421b47037,n9e6a1ad421b47037,55
n4b4910863de93170,n4b4910863de93170,55
n0e75d3029d04bfc2,n0e75d3029d04bfc2,55
n29fbd34bcd95441c,n29fbd34bcd95441c,55
n6715c2a595600aeb,n6715c2a595600aeb,55
n9158238740ed21d2,n9158238740ed21d2,55
ned90578c6d7ed2fb,ned90578c6d7ed2fb,55
n775b057c8672f8f0,n775b057c8672f8f0,55
nb2597c7d1fcf6f61,nb2597c7d1fcf6f61,55
n9861d84d01e21308,n9861d84d01e21308,55
ne80131342b346cd0,ne80131342b346cd0,55
n29c4683ef77fd37b,n29c4683ef77fd37b,55
n3577ce721d50ca71,n3577ce721d50ca71,55
nd6adffc57c31fa74,nd6adffc57c31fa74,55
n854a5e1d282b6498,n854a5e1d282b6498,55
n27dbcf757c196f6d,n27dbcf757c196f6d,55
nc273d83c3f7c3b3c,nc273d83c3f7c3b3c,55
n263268bfd9f7a170,n263268bfd9f7a170,55
nb18aa661a67bd6ad,nb18aa661a67bd6ad,55
n82298645ec86e596,n82298645ec86e596,56
n3741aa9248739100,n3741aa9248739100,56
nc44a4fd7cb395864,nc44a4fd7cb395864,56
n43bdf4db8f341435,n43bdf4db8f341435,56
n2fc18c152d1f2dac,n2fc18c152d1f2dac,56
n39744356eb249760,n39744356eb249760,56
n0af18c065e0fe054,n0af18c065e0fe054,56
n829b06b9b3bf0ac8,n829b06b9b3bf0ac8,56
ndeccd8fe7242acc7,ndeccd8fe7242acc7,56
n4d97ee8ca697c59b,n4d97ee8ca697c59b,56
n89cc6dc366fef467,n89cc6dc366fef467,56
na5362ed4396ceb39,na5362ed4396ceb39,56
nf73d8b974d186178,nf73d8b974d186178,56
n415c9a06d5195a44,n415c9a06d5195a44,56
n553aa1ed3f2be0ef,n553aa1ed3f2be0ef,56
n5c9e8b765ea38302,n5c9e8b765ea38302,56
nfb2b04f1acdcc7ab,nfb2b04f1acdcc7ab,56
n9585997f26931938,n9585997f26931938,56
n0f9a88b408e59108,n0f9a88b408e59108,56
nbccd2ed3a556fc6e,nbccd2ed3a556fc6e,57
n54d72089cfdb785b,n54d72089cfdb785b,57
n670a5c89e83011ce,n670a5c89e83011ce,57
neef011734cafcb2b,neef011734cafcb2b,57
n4a3ffd55f016a87c,n4a3ffd55f016a87c,57
ne4f8111c14dda00d,ne4f8111c14dda00d,57
n5b5278d233d7042e,n5b5278d233d7042e,57
n19ebfb4da410be02,n19ebfb4da410be02,57
n66b3d71dab801a81,n66b3d71dab801a81,57
ne9b3c2177833c3e2,ne9b3c2177833c3e2,57
n1f348acbc55fb4ae,n1f348acbc55fb4ae,57
n24ca0474fee80229,n24ca0474fee80229,57
n6316737ea8da49aa,n6316737ea8da49aa,57
n51cecdec420d9ee5,n51cecdec420d9ee5,57
nb81f43ecd373d719,nb81f43ecd373d719,57
n0f34ae5f76bd986d,n0f34ae5f76bd986d,57
n83a2e21a126057ed,n83a2e21a126057ed,57
n5e5ad018afe6f156,n5e5ad018afe6f156,57
n30d4b039f93f7de7,n30d4b039f93f7de7,58
ne045fe352de9a7e2,ne045fe352de9a7e2,58
n4cc742da0f6ea3c1,n4cc742da0f6ea3c1,58
n178bf76a7d19fe6a,n178bf76a7d19fe6a,58
n66b9413bad65739b,n66b9413bad65739b,58
n07fa33e23fa4bd94,n07fa33e23fa4bd94,58
n404aa48c0788a173,n404aa48c0788a173,58
n23da519388dc2421,n23da519388dc2421,58
n9d2df9725b9731a6,n9d2df9725b9731a6,58
n6a02323399f0e553,n6a02323399f0e553,58
n4d2e889902b08e0f,n4d2e889902b08e0f,58
naae8b751bafbcde4,naae8b751bafbcde4,58
n4cef0d037bdf8bca,n4cef0d037bdf8bca,58
nc55b9ab7a1ff22b3,nc55b9ab7a1ff22b3,58
n1d89813583047121,n1d89813583047121,58
n31d3e96feddc19b3,n31d3e96feddc19b3,58
n4cecdeebd60a7113,n4cecdeebd60a7113,58
n61e5287963ca7d58,n61e5287963ca7d58,59
n0fbbf13a5279d491,n0fbbf13a5279d491,59
nc4ece3d1ca0bafea,nc4ece3d1ca0bafea,59
n3b9eb60b97946abc,n3b9eb60b97946abc,59
n6a5895f5d1176932,n6a5895f5d1176932,59
n19218ed79b5e18f0,n19218ed79b5e18f0,59
nf97a2e1ce29e7f5c,nf97a2e1ce29e7f5c,59
nc98c99e5da499296,nc98c99e5da499296,59
n17030fb7580cdb13,n17030fb7580cdb13,59
n1b13cd2486177216,n1b13cd2486177216,59
nbb9a13f61cb04c89,nbb9a13f61cb04c89,59
n63b961449c8e4ba2,n63b961449c8e4ba2,59
n1d9663831cd8c7e1,n1d9663831cd8c7e1,59
n78318980d905a49b,n78318980d905a49b,59
n3132da2ee59f358d,n3132da2ee59f358d,59
n2ee740281c678a06,n2ee740281c678a06,59
nd4eae71f3bb58300,nd4eae71f3bb58300,59
ne4b537bcf9a7a4fe,ne4b537bcf9a7a4fe,60
nc6263d5c7f853a41,nc6263d5c7f853a41,60
naaa8a243e1d473a2,naaa8a243e1d473a2,60
nbf9af6233ce98572,nbf9af6233ce98572,60
nfdd4fa41a0e5e431,nfdd4fa41a0e5e431,60
na9c03dade1d6611e,na9c03dade1d6611e,60
n1bb224ac8b96cf14,n1bb224ac8b96cf14,60
ne16f1533ac8e7e09,ne16f1533ac8e7e09,60
nb3827aba07d6b395,nb3827aba07d6b395,60
n9494d50cc9b7d1b0,n9494d50cc9b7d1b0,60
n0d2dadd38fd170c7,n0d2dadd38fd170c7,60
n852bd004a2872b9a,n852bd004a2872b9a,60
na8f975d310159db1,na8f975d310159db1,60
n3c941588d51001db,n3c941588d51001db,60
n45d5f1530cec5f98,n45d5f1530cec5f98,60
nd253fb1da6f6f7d9,nd253fb1da6f6f7d9,60
n9d980304e74cc1aa,n9d980304e74cc1aa,60
n1569fc9ca0c12bd6,n1569fc9ca0c12bd6,60
n4186f3e3c7764e95,n4186f3e3c7764e95,60
nc0452f8a82c2b856,nc0452f8a82c2b856,61
n2f7a829b26976c00,n2f7a829b26976c00,61
n9f5fccccc42219d5,n9f5fccccc42219d5,61
n0dfecab5ac5ec1a4,n0dfecab5ac5ec1a4,61
n25718ff3e3f6b267,n25718ff3e3f6b267,61
n16adf929745992c5,n16adf929745992c5,61
n5af25ba034c24c94,n5af25ba034c24c94,61
nf7ec29539b6bde39,nf7ec29539b6bde39,61
n4dcf06231bc90a04,n4dcf06231bc90a04,61
n55b8523e26006047,n55b8523e26006047,61
nb779fe773715d85e,nb779fe773715d85e,61
na72c9d1146ff248b,na72c9d1146ff248b,61
na18044167343f669,na18044167343f669,61
na401d58a640edf5d,na401d58a640edf5d,61
n80aaab73e6008f89,n80aaab73e6008f89,61
n8a538c8363e324eb,n8a538c8363e324eb,61
n344af260bcd79663,n344af260bcd79663,61
n12f10afb486dcb96,n12f10afb486dcb96,61
n49c1fba12cc2416d,n49c1fba12cc2416d,62
n1ca549e2d91662d6,n1ca549e2d91662d6,62
nd268f6de009abe81,nd268f6de009abe81,62
n914da741cd847f7f,n914da741cd847f7f,62
n4e7ab5c9bf947d71,n4e7ab5c9bf947d71,62
n8e2029b93404290a,n8e2029b93404290a,62
n8d137ffd07d5d975,n8d137ffd07d5d975,62
n74ac04cd6250a76b,n74ac04cd6250a76b,62
n5753714a812c79ac,n5753714a812c79ac,62
n27cc61a4594e1899,n27cc61a4594e1899,62
n5203a8bf98e8df93,n5203a8bf98e8df93,62
n60e621e132db89c2,n60e621e132db89c2,62
n6a1971d581d6863d,n6a1971d581d6863d,62
nb11f07cecfc8b4b6,nb11f07cecfc8b4b6,62
nc2b3fb253a09e301,nc2b3fb253a09e301,62
nd479204f0d6caa14,nd479204f0d6caa14,62
n4a166c6394b3e295,n4a166c6394b3e295,62
n33aefa72b7f4d654,n33aefa72b7f4d654,63
na1f88b5af2632584,na1f88b5af2632584,63
nedb1b83037d76f37,nedb1b83037d76f37,63
n62398fbc4754480a,n62398fbc4754480a,63
n3b4a216f0f8cfc2e,n3b4a216f0f8cfc2e,63
ne826e4f5fa664d12,ne826e4f5fa664d12,63
n8cdd2599a126eed3,n8cdd2599a126eed3,63
n0ed7cd2a41d527fc,n0ed7cd2a41d527fc,63
ne7a5b31d6cf483da,ne7a5b31d6cf483da,63
nb28d9937b0926833,nb28d9937b0926833,63
n6a6bd7b1db01c65c,n6a6bd7b1db01c65c,63
n4577ae5bac5ac8e2,n4577ae5bac5ac8e2,63
n522a723687c1e5b5,n522a723687c1e5b5,63
n22e4c7037f9b0f8b,n22e4c7037f9b0f8b,63
n20ee52d527e34fa1,n20ee52d527e34fa1,63
n062110fa5ce80f28,n062110fa5ce80f28,63
n08bcaa8b4c2be2c9,n08bcaa8b4c2be2c9,64
n1b0dd7273f65d3ab,n1b0dd7273f65d3ab,64
n94764a6e53a6f2a0,n94764a6e53a6f2a0,64
nc361d02e98a74270,nc361d02e98a74270,64
na14ea01ec7fc518d,na14ea01ec7fc518d,64
ndb9dabaf7c36fa61,ndb9dabaf7c36fa61,64
nde88ad22f2ead601,nde88ad22f2ead601,64
ne4260bd5aca51c71,ne4260bd5aca51c71,64
n79b22187b51fbe81,n79b22187b51fbe81,64
nedcde090af1f2434,nedcde090af1f2434,64
n03c1904cf04c56e3,n03c1904cf04c56e3,64
nb8ec6f71b61840ce,nb8ec6f71b61840ce,64
n5f480f259cc45fad,n5f480f259cc45fad,64
n6e0d449782cc4d2e,n6e0d449782cc4d2e,64
n8baa4df552de8fe6,n8baa4df552de8fe6,64
n45b415ee0bf82771,n45b415ee0bf82771,64
n6dbb2fcb798db3fc,n6dbb2fcb798db3fc,64
n753afd8b78712a86,n753afd8b78712a86,64
n4279f7255b67b052,n4279f7255b67b052,64
n258640bdf16c2b4d,n258640bdf16c2b4d,64
n0117dd4b22a4def9,n0117dd4b22a4def9,65
nfeba9e8c3bed4ef6,nfeba9e8c3bed4ef6,65
ncfbb2c4fc1b11687,ncfbb2c4fc1b11687,65
nf4fae0d22afbd469,nf4fae0d22afbd469,65
nfe2c43a03fade555,nfe2c43a03fade555,65
n56a725b4ebb20a4f,n56a725b4ebb20a4f,65
na9c0d620b58b0c45,na9c0d620b58b0c45,65
n36d64f8eaddf8adc,n36d64f8eaddf8adc,65
n787514a5b6b75d40,n787514a5b6b75d40,65
n094261607f8537f2,n094261607f8537f2,65
n976d3bb27d664524,n976d3bb27d664524,65
na31984ec70418c74,na31984ec70418c74,66
n8478146dc94e342a,n8478146dc94e342a,66
n6b71ca7757ac9d69,n6b71ca7757ac9d69,66
n6aa6123aad355066,n6aa6123aad355066,66
n5442c782a857f1af,n5442c782a857f1af,66
n8fa38f687fe461ed,n8fa38f687fe461ed,66
n0c89ae58d3b39592,n0c89ae58d3b39592,66
ncf6e1ce31ab54a99,ncf6e1ce31ab54a99,67
n82e1b625dadc3888,n82e1b625dadc3888,67
nea5e0169de955bd4,nea5e0169de955bd4,67
n221be3afbccc1c30,n221be3afbccc1c30,67
n72f0e6086a392238,n72f0e6086a392238,67
n899be5dd7b5e1343,n899be5dd7b5e1343,67
na3fa7a9c0935ecfc,na3fa7a9c0935ecfc,67
n4fda5ecac9699dda,n4fda5ecac9699dda,67
na34ff6c0cc6a1c9e,na34ff6c0cc6a1c9e,67
n19ee7f260d6e0a60,n19ee7f260d6e0a60,67
na5ce40b8170e09f7,na5ce40b8170e09f7,67
n1ed54d5fd49d9a6f,n1ed54d5fd49d9a6f,67
ndc9050501c2561c4,ndc9050501c2561c4,67
naaf009a9d8c7cd9c,naaf009a9d8c7cd9c,67
n9178b3da8c81395b,n9178b3da8c81395b,67
n318d4158f59dee7b,n318d4158f59dee7b,68
n1c8470bb851ca97a,n1c8470bb851ca97a,68
n1c0816b8542735f8,n1c0816b8542735f8,68
n74f5dbdef87b7f99,n74f5dbdef87b7f99,68
n4f5ab273a0c8aa8b,n4f5ab273a0c8aa8b,68
n77b402898f525c65,n77b402898f525c65,68
ne7a508b739cd4878,ne7a508b739cd4878,68
n598dfbef63b94c6b,n598dfbef63b94c6b,68
n7838a5d2e56b934e,n7838a5d2e56b934e,68
n5ec0e04d44c63147,n5ec0e04d44c63147,68
n3500bbe5747829fa,n3500bbe5747829fa,68
n75c29e90f0c6734d,n75c29e90f0c6734d,69
n60f001387b39767a,n60f001387b39767a,69
nac8c7e73a71adaee,nac8c7e73a71adaee,69
n74cf5ad8d3976630,n74cf5ad8d3976630,69
n7cc5d0eb02c820c3,n7cc5d0eb02c820c3,69
nd5950e9876a6a5e5,nd5950e9876a6a5e5,69
nc2da1963952db71e,nc2da1963952db71e,69
n8834838daf6d2eda,n8834838daf6d2eda,69
n17405da04886b33b,n17405da04886b33b,69
n9270366bd772688c,n9270366bd772688c,69
n7d9c8ccb30d3ecbd,n7d9c8ccb30d3ecbd,69
n328e4b78f99fb699,n328e4b78f99fb699,70
n3a0e9f520a62732f,n3a0e9f520a62732f,70
n6b048548fb2fa8e1,n6b048548fb2fa8e1,70
nc01ddf6d8c88b945,nc01ddf6d8c88b945,70
nd96b0adc59cd0f0f,nd96b0adc59cd0f0f,70
n68c58b0db81b4a2a,n68c58b0db81b4a2a,70
n58b1b9d7dec91e2b,n58b1b9d7dec91e2b,70
nf29767b37a998753,nf29767b37a998753,70
nf0690862753e5a00,nf0690862753e5a00,70
n41f422012aaedfa2,n41f422012aaedfa2,70
n4c476814bda242d0,n4c476814bda242d0,70
nc228613a2f552ed6,nc228613a2f552ed6,71
nb5b9cce4e8cf5e02,nb5b9cce4e8cf5e02,71
n17d067b09c6efc43,n17d067b09c6efc43,71
n1994301789b93c0c,n1994301789b93c0c,71
n14c23ec15e5887f4,n14c23ec15e5887f4,71
n686ddfcb58e8e5c5,n686ddfcb58e8e5c5,71
nefa2d544b34962ce,nefa2d544b34962ce,71
nee6a0362ea4c6459,nee6a0362ea4c6459,71
n6fc5277a890aa335,n6fc5277a890aa335,71
na035da65f1b4ae43,na035da65f1b4ae43,71
nc0a065aa560d7dce,nc0a065aa560d7dce,72
n87d7761e9465dbcd,n87d7761e9465dbcd,72
n4fd1f56a3d747c8c,n4fd1f56a3d747c8c,72
nfa4847907d4ca06a,nfa4847907d4ca06a,72
n5c414de0da4ad0c0,n5c414de0da4ad0c0,72
n54502b9a3e3ce7af,n54502b9a3e3ce7af,72
ne8290b4a610dc16d,ne8290b4a610dc16d,72
nc2790c1e72dbd92f,nc2790c1e72dbd92f,72
ne272229558beb08d,ne272229558beb08d,72
n73c715258e45ddb5,n73c715258e45ddb5,72
n5539e1d23dcf336b,n5539e1d23dcf336b,72
na61a7d6585abca15,na61a7d6585abca15,73
n27af94aa8aa5aaee,n27af94aa8aa5aaee,73
n371ea5126c2d840a,n371ea5126c2d840a,73
n9b272e89e86d7c42,n9b272e89e86d7c42,73
n57a7efe445e4d707,n57a7efe445e4d707,73
n78f62f8652279e8a,n78f62f8652279e8a,73
n99f11341a897c785,n99f11341a897c785,73
naec35568ca854f31,naec35568ca854f31,73
n07de9f1950286ddf,n07de9f1950286ddf,73
n9c19145a27c7e36b,n9c19145a27c7e36b,73
nb62b40823e441fe2,nb62b40823e441fe2,74
n99f2337813cb4468,n99f2337813cb4468,74
n5d640894b1544f1d,n5d640894b1544f1d,74
n956332ac87470946,n956332ac87470946,74
ne91408afb47798ce,ne91408afb47798ce,74
nfbd69574d8b00490,nfbd69574d8b00490,74
n6fada59a0b684a71,n6fada59a0b684a71,74
n22b58c5ceeb1b45e,n22b58c5ceeb1b45e,74
nacc197b9980c1037,nacc197b9980c1037,74
nd03659deb52a0fb3,nd03659deb52a0fb3,74
na8bfa8a1ce9078f2,na8bfa8a1ce9078f2,75
nbe5220de8c1c00c3,nbe5220de8c1c00c3,75
n54fd43d50ed92ae2,n54fd43d50ed92ae2,75
n2f5d4a1abb15c92d,n2f5d4a1abb15c92d,75
n7479b254415fbadb,n7479b254415fbadb,75
n6759ca190837e479,n6759ca190837e479,75
ndbb6a7171cbbfbd2,ndbb6a7171cbbfbd2,75
n71dfb227e693cf30,n71dfb227e693cf30,75
n9990a2d9e80e60e9,n9990a2d9e80e60e9,75
n72fb724086f863d0,n72fb724086f863d0,75
n60f3ec3843886ac5,n60f3ec3843886ac5,75
ncb92548867e042a9,ncb92548867e042a9,75
n37b9541bc5c52159,n37b9541bc5c52159,75
n00635597aea0ab28,n00635597aea0ab28,75
n0a38ed5a180285ee,n0a38ed5a180285ee,75
nc34fc02ac83ddde7,nc34fc02ac83ddde7,75
n7f97529f3c8e512f,n7f97529f3c8e512f,76
na72d094616c67d42,na72d094616c67d42,76
n7c7e51b6d6634e52,n7c7e51b6d6634e52,76
n631dd5027e0c5987,n631dd5027e0c5987,76
n1873c4a9a3f10a1f,n1873c4a9a3f10a1f,76
n9aa5701f2a3a5c36,n9aa5701f2a3a5c36,76
n61bc956131b3bb24,n61bc956131b3bb24,76
naf081a0b35c9bd4c,naf081a0b35c9bd4c,76
n08954d15edf89b90,n08954d15edf89b90,76
n22b3fbdfc4eb0459,n22b3fbdfc4eb0459,76
n4534919cc3d5e563,n4534919cc3d5e563,76
n8550fe7c9e452877,n8550fe7c9e452877,77
n034a8e234fb39539,n034a8e234fb39539,77
n8778add059030610,n8778add059030610,77
nfaa78c11e76e76d4,nfaa78c11e76e76d4,77
n07f843debd2e7f60,n07f843debd2e7f60,77
n64f1e29dc316e579,n64f1e29dc316e579,77
n1ff47f7757a8bf38,n1ff47f7757a8bf38,77
n443471d4e0c2b23d,n443471d4e0c2b23d,77
nc4625fdf4d529a22,nc4625fdf4d529a22,77
n62e67d5cb3049ae7,n62e67d5cb3049ae7,77
nf7c16323fc71111d,nf7c16323fc71111d,77
n1ab3a8fc3c087ab8,n1ab3a8fc3c087ab8,78
nae9a2039c4dafcc1,nae9a2039c4dafcc1,78
n55b661bba5bef241,n55b661bba5bef241,78
n067d588bb3656f07,n067d588bb3656f07,78
n035d3b1fb448f326,n035d3b1fb448f326,78
n2a1ad8e187a47e44,n2a1ad8e187a47e44,78
n1bc28785fd0a0bc3,n1bc28785fd0a0bc3,78
nbbce68a39dc1455e,nbbce68a39dc1455e,78
nf4e7795d72e2e2ef,nf4e7795d72e2e2ef,78
nb2b444de4fb02381,nb2b444de4fb02381,78
nbc934cda8df02ed8,nbc934cda8df02ed8,78
n4e46bac9572cd6bb,n4e46bac9572cd6bb,79
n9fdc12b093c28087,n9fdc12b093c28087,79
n06d2d1ae59a6a505,n06d2d1ae59a6a505,79
nb13487946b727c00,nb13487946b727c00,79
nc5d2650bcadbc9a3,nc5d2650bcadbc9a3,79
n6bd3390f8e85f17a,n6bd3390f8e85f17a,79
ncbaefc6f8fc40b83,ncbaefc6f8fc40b83,79
n4696a43a1429579c,n4696a43a1429579c,79
ne320aa38ce7bcb5a,ne320aa38ce7bcb5a,79
n0a809af2d34fe293,n0a809af2d34fe293,79
n02ddda134ae68167,n02ddda134ae68167,80
n8218d8d0a1e5f537,n8218d8d0a1e5f537,80
n3b63d798c9a07e79,n3b63d798c9a07e79,80
ncc948c7d9972b12f,ncc948c7d9972b12f,80
n1e64d43fad440421,n1e64d43fad440421,80
n7f7bfb5e91f0cda9,n7f7bfb5e91f0cda9,80
nb7bbda4c3b5a12e5,nb7bbda4c3b5a12e5,80
n98ccf9c57903351f,n98ccf9c57903351f,80
n694fed759d6fba05,n694fed759d6fba05,80
n5af3339f1e605a29,n5af3339f1e605a29,80
n7d19ea117f144f51,n7d19ea117f144f51,81
n6b45dd303830591e,n6b45dd303830591e,81
n3000313e13d8aea9,n3000313e13d8aea9,81
nff74f31cc73f061e,nff74f31cc73f061e,81
n84f8648b60a271f7,n84f8648b60a271f7,81
nb875be12161d6c64,nb875be12161d6c64,81
n344d059eb178ce68,n344d059eb178ce68,81
n2870bbe1510aa6ce,n2870bbe1510aa6ce,81
nae5c526c98e5575c,nae5c526c98e5575c,81
n3b762be35ae1047e,n3b762be35ae1047e,81
nb152abca6bcce435,nb152abca6bcce435,81
n094a6ef8c2df6919,n094a6ef8c2df6919,81
nd38baf6845867f66,nd38baf6845867f66,81
nbd48fb397627fa3a,nbd48fb397627fa3a,81
n1114fdf3d995d633,n1114fdf3d995d633,81
n7d1afe9ab8963789,n7d1afe9ab8963789,81
n5bbcdbdd5c0cda29,n5bbcdbdd5c0cda29,81
n1a5c5d001dea4820,n1a5c5d001dea4820,81
n6be5069d39209d5d,n6be5069d39209d5d,82
na57251dfe15a4132,na57251dfe15a4132,82
n40cf38c404aeb072,n40cf38c404aeb072,82
nb854e58b96144cca,nb854e58b96144cca,82
nb003b22741c7309f,nb003b22741c7309f,82
nb807b1d89783ce82,nb807b1d89783ce82,82
nfe9d9fb37229a24b,nfe9d9fb37229a24b,82
n8a40fc43070f0276,n8a40fc43070f0276,82
n2d774e89f8c272ea,n2d774e89f8c272ea,82
nb21e48c7e3553ff1,nb21e48c7e3553ff1,82
n5631aadb588454b1,n5631aadb588454b1,82
n19dd997ceaa804b6,n19dd997ceaa804b6,82
n14958075cdecdbfb,n14958075cdecdbfb,82
n94c6638afdfdb2db,n94c6638afdfdb2db,82
ncf03261a00f45d40,ncf03261a00f45d40,82
n240e4c2f0accd27e,n240e4c2f0accd27e,82
nabe6ae26471f0c44,nabe6ae26471f0c44,83
n5b5e41a7d9a6e7db,n5b5e41a7d9a6e7db,83
n82215292a810907b,n82215292a810907b,83
n4a9ce50a9a6e5aa1,n4a9ce50a9a6e5aa1,83
n92fe845b9dccacae,n92fe845b9dccacae,83
n9b7940b2eb112a6f,n9b7940b2eb112a6f,83
n0d7318ca860479a8,n0d7318ca860479a8,83
n6543ace0d2632079,n6543ace0d2632079,83
nd7186fd25fcb5f89,nd7186fd25fcb5f89,83
na1a100b0d07d1fb0,na1a100b0d07d1fb0,83
n671a90490918948d,n671a90490918948d,83
n28288cbe9e52427b,n28288cbe9e52427b,83
n5259ea5bf4d17b31,n5259ea5bf4d17b31,83
n7a0bc8cb7358aadf,n7a0bc8cb7358aadf,83
nd6bfc4620bebca61,nd6bfc4620bebca61,83
n108c2e765d4ef3c2,n108c2e765d4ef3c2,83
n4ed6d1d3fe3508be,n4ed6d1d3fe3508be,84
n6375fe6cb4cc349f,n6375fe6cb4cc349f,84
nc8278c2f39aaa27c,nc8278c2f39aaa27c,84
n2e9532020f911e1a,n2e9532020f911e1a,84
ne3410be01a90ac90,ne3410be01a90ac90,84
nda4f5bffe1fb5dd1,nda4f5bffe1fb5dd1,84
nc2c114879f5a6971,nc2c114879f5a6971,84
n6f6eb72543a703de,n6f6eb72543a703de,84
n04db53baaae4ac1c,n04db53baaae4ac1c,84
nacbeef4b5628510b,nacbeef4b5628510b,84
n739a2ec0d4b783e1,n739a2ec0d4b783e1,84
nf2849001015549cb,nf2849001015549cb,84
n0f66ca8736875b77,n0f66ca8736875b77,84
n2c8707ac3e5e3e57,n2c8707ac3e5e3e57,84
n4c32e9b831a9bdde,n4c32e9b831a9bdde,84
nd6b097594051d2b7,nd6b097594051d2b7,84
n12ef74477933ee57,n12ef74477933ee57,85
nf0c09802c2c2f5d7,nf0c09802c2c2f5d7,85
n22ea6cd5a1e568cc,n22ea6cd5a1e568cc,85
nda3b1cefd9920190,nda3b1cefd9920190,85
n82a3881542ad63c3,n82a3881542ad63c3,85
nf7179f6f9aecc9e9,nf7179f6f9aecc9e9,85
ne0706c043c13b041,ne0706c043c13b041,85
n73dcc257dd0d389b,n73dcc257dd0d389b,85
nce85279a36cc590d,nce85279a36cc590d,85
n9e935e78191c9aeb,n9e935e78191c9aeb,85
n322eb41fdef117c9,n322eb41fdef117c9,85
nce56b2d0658cdaf3,nce56b2d0658cdaf3,85
n4343df0c93207103,n4343df0c93207103,85
nb6548b93cf3c2292,nb6548b93cf3c2292,85
n12952371f291ed49,n12952371f291ed49,85
n9c078decd8855602,n9c078decd8855602,85
n2eabe913c64182d4,n2eabe913c64182d4,85
n073a51a753535d88,n073a51a753535d88,85
nbf4c5fd7b4c0cb9c,nbf4c5fd7b4c0cb9c,85
n455e2101d31000f3,n455e2101d31000f3,85
n30b5ebb4360e58ac,n30b5ebb4360e58ac,85
n79b0fd82bc758985,n79b0fd82bc758985,85
n3f5f8a2fe00a60e3,n3f5f8a2fe00a60e3,85
na3e15dad83923373,na3e15dad83923373,86
nd7210c55b6dc6bc6,nd7210c55b6dc6bc6,86
n0f37a5e08a92ab82,n0f37a5e08a92ab82,86
nfed1d810c2d23e9f,nfed1d810c2d23e9f,86
n357007d9c5aee9ac,n357007d9c5aee9ac,86
n0dbb5ddbc09ec3b2,n0dbb5ddbc09ec3b2,86
n6a017eb22136f573,n6a017eb22136f573,86
n7a2f920a4608d529,n7a2f920a4608d529,86
nf91042529a960570,nf91042529a960570,86
n1805b495f6c3dc60,n1805b495f6c3dc60,86
na6983467cb568ddc,na6983467cb568ddc,86
n44e3fb3b6f0687ce,n44e3fb3b6f0687ce,86
nddd63840fbbd984d,nddd63840fbbd984d,86
n880ffc8f6c1fc73f,n880ffc8f6c1fc73f,86
ne270445eae28b314,ne270445eae28b314,86
n81bcc2ae502865cb,n81bcc2ae502865cb,86
n9218a13ff6c6e8e3,n9218a13ff6c6e8e3,86
n06911107e27d149b,n06911107e27d149b,86
n030a5f5693b59369,n030a5f5693b59369,87
n49602772b9b5dd6a,n49602772b9b5dd6a,87
n241746cf9bbc8a56,n241746cf9bbc8a56,87
nfe934aa1460b84bd,nfe934aa1460b84bd,87
nbac1467335f3dac4,nbac1467335f3dac4,87
nfd303a1901d9bdc7,nfd303a1901d9bdc7,87
na7b32ef6b721847b,na7b32ef6b721847b,87
nb86fcfdcf701aed8,nb86fcfdcf701aed8,87
n7508a0246f2d2d06,n7508a0246f2d2d06,87
n92b10483ca36ff77,n92b10483ca36ff77,87
n6741c1d7e3f222f8,n6741c1d7e3f222f8,87
n5b640ac5686b7e02,n5b640ac5686b7e02,87
nc34903a5133a8212,nc34903a5133a8212,87
nbb7762ab6ac18f5c,nbb7762ab6ac18f5c,87
nc27da806a4171f46,nc27da806a4171f46,87
n8fbd32f273e25f6b,n8fbd32f273e25f6b,87
n85b6344fb6cd0f3f,n85b6344fb6cd0f3f,87
nff25e8998900682f,nff25e8998900682f,88
n36a9174c7618094f,n36a9174c7618094f,88
n8965983e0819330a,n8965983e0819330a,88
nc7606716aa31de83,nc7606716aa31de83,88
nfffd18713fd0b42b,nfffd18713fd0b42b,88
n49f6952847e90aef,n49f6952847e90aef,88
n3a0949cd28db902d,n3a0949cd28db902d,88
nab0288e5d32d8b2b,nab0288e5d32d8b2b,88
nb490852adf67325b,nb490852adf67325b,88
nef10402556ca8494,nef10402556ca8494,88
nc8a2b82ea3e00ede,nc8a2b82ea3e00ede,88
n574f86bc675f4561,n574f86bc675f4561,88
n3c184c3659b6db66,n3c184c3659b6db66,88
n32f899d597624fa0,n32f899d597624fa0,88
n5db091ce12efafd6,n5db091ce12efafd6,88
n8bcc4064666121f2,n8bcc4064666121f2,88
n0d94ee7682e34d4c,n0d94ee7682e34d4c,88
n4f7318bb7511b68b,n4f7318bb7511b68b,89
n2d6fde8e64b7d654,n2d6fde8e64b7d654,89
n6a3de1f4438c6052,n6a3de1f4438c6052,89
n5471b3c6a9a07061,n5471b3c6a9a07061,89
n4415c607e02a18fb,n4415c607e02a18fb,89
nd6831f8cd11ba534,nd6831f8cd11ba534,89
n31cc6a4a37a4a61e,n31cc6a4a37a4a61e,89
nf16bbf7eb506d79d,nf16bbf7eb506d79d,89
n0982c7cae75bf7fc,n0982c7cae75bf7fc,89
ndffabf9cccb63607,ndffabf9cccb63607,89
n8766e7c1ba915444,n8766e7c1ba915444,89
nacb7fa26e094770c,nacb7fa26e094770c,89
n85260be4eb2298ce,n85260be4eb2298ce,89
ne15fbd46ba8afc0c,ne15fbd46ba8afc0c,89
na8169de7760fd17e,na8169de7760fd17e,89
n99a771f8a12990c4,n99a771f8a12990c4,89
n1702c56f42e858dc,n1702c56f42e858dc,89
n27f112b34177ab18,n27f112b34177ab18,89
n0d12924d2f8ed282,n0d12924d2f8ed282,89
na82e67800c8232ac,na82e67800c8232ac,89
n939961cd257395b6,n939961cd257395b6,89
n422ebdfe61464d1c,n422ebdfe61464d1c,89
na674d68d88587482,na674d68d88587482,89
n3e7543bff7685e67,n3e7543bff7685e67,90
na6bac40f8ab85285,na6bac40f8ab85285,90
n59741e08ab7b626f,n59741e08ab7b626f,90
nb3e5a092877acf8b,nb3e5a092877acf8b,90
n0fa968473a95e5ed,n0fa968473a95e5ed,90
n7a5583af96e67958,n7a5583af96e67958,90
n98f84afd654a4450,n98f84afd654a4450,90
n7ed5b71c7b317054,n7ed5b71c7b317054,90
n3865f7a9ce0a6658,n3865f7a9ce0a6658,90
nefed0d86e31cebc1,nefed0d86e31cebc1,90
neda98581891ce43c,neda98581891ce43c,90
nb48863c2d4e93a12,nb48863c2d4e93a12,90
nd352613fef96cadf,nd352613fef96cadf,90
naccee7eb886b431f,naccee7eb886b431f,90
n798273ca30d300b3,n798273ca30d300b3,90
nea15217be9b0e368,nea15217be9b0e368,90
n510563fb41220cd0,n510563fb41220cd0,90
nf3870e8d300f5395,nf3870e8d300f5395,91
n5b186c70c9225e4c,n5b186c70c9225e4c,91
n67915d8bea17ba68,n67915d8bea17ba68,91
n5e5853275f677a73,n5e5853275f677a73,91
ne8d5259d2114f80f,ne8d5259d2114f80f,91
n5a653beb0195cc37,n5a653beb0195cc37,91
n890cd5445e5831a7,n890cd5445e5831a7,91
n3ece08530514ff7e,n3ece08530514ff7e,91
n19933a2ce4d0331d,n19933a2ce4d0331d,91
ne011af5458bfb727,ne011af5458bfb727,91
n59cfc8dd0b41cf43,n59cfc8dd0b41cf43,91
n4275ba445c552c00,n4275ba445c552c00,91
ndc094c9c20e1d051,ndc094c9c20e1d051,91
ndfb7bbdd793af7c2,ndfb7bbdd793af7c2,91
nab8e398c5736047e,nab8e398c5736047e,91
n509f74eaf6e5ce87,n509f74eaf6e5ce87,91
nb585938a618c8561,nb585938a618c8561,92
n8c25185a17013a7a,n8c25185a17013a7a,92
nc597ca81cb3b5e85,nc597ca81cb3b5e85,92
nc2430a5e0d5a9019,nc2430a5e0d5a9019,92
n229bfc35c46f96d0,n229bfc35c46f96d0,92
neb331b9262badc3f,neb331b9262badc3f,92
ncb54e6b28c4f0ebe,ncb54e6b28c4f0ebe,92
nf98846ff00fadbf2,nf98846ff00fadbf2,92
n4559d1f148f09237,n4559d1f148f09237,92
nd9c922ac9d1469b9,nd9c922ac9d1469b9,92
nbc171c1e84a8c4c9,nbc171c1e84a8c4c9,92
n06590f2685cc607e,n06590f2685cc607e,92
n035f58e299368e40,n035f58e299368e40,92
n2fcd26c8bbe36cb1,n2fcd26c8bbe36cb1,92
ne9e74ef75fc56621,ne9e74ef75fc56621,92
n9a16f3b39f2aadf3,n9a16f3b39f2aadf3,92
n5568e48bb15a17f7,n5568e48bb15a17f7,92
nf4a9cd907761c6ad,nf4a9cd907761c6ad,93
nf9f263cca9b8b1bf,nf9f263cca9b8b1bf,93
na820c1fe635d6674,na820c1fe635d6674,93
n61454bedc5b8b958,n61454bedc5b8b958,93
n40a19805944f84ae,n40a19805944f84ae,93
n6371ec2a4cba2f61,n6371ec2a4cba2f61,93
n129dcfe5cd44fc5c,n129dcfe5cd44fc5c,93
n3f845da43d169154,n3f845da43d169154,93
n953aca57169160c5,n953aca57169160c5,93
n27ba2c1027d2ed93,n27ba2c1027d2ed93,93
n262db3b987479ada,n262db3b987479ada,93
nc7f140515c1c284b,nc7f140515c1c284b,93
n571dda51f8ca2ada,n571dda51f8ca2ada,93
n39941f765a21a4f4,n39941f765a21a4f4,93
n5596c5089c74d207,n5596c5089c74d207,93
n0b837689263b835c,n0b837689263b835c,93
n0ea8f077a9f35b89,n0ea8f077a9f35b89,93
n2fe97fc07cc609c7,n2fe97fc07cc609c7,93
n69a6f4abcb5c4a15,n69a6f4abcb5c4a15,93
n2d657bd4a9fe5a9e,n2d657bd4a9fe5a9e,93
n594655ec2d6ce7bf,n594655ec2d6ce7bf,93
ne52d78ea5fe134b2,ne52d78ea5fe134b2,93
n0c91710c7d7627aa,n0c91710c7d7627aa,94
n5b773d518afa845f,n5b773d518afa845f,94
n08d2e1da4dd912d9,n08d2e1da4dd912d9,94
n703908a18324990d,n703908a18324990d,94
n4420d0da762655b2,n4420d0da762655b2,94
n8315eefd0d04ab3e,n8315eefd0d04ab3e,94
ne76daceee88cc807,ne76daceee88cc807,94
nb541cca2ca2b0445,nb541cca2ca2b0445,94
n06ce404f0847348e,n06ce404f0847348e,94
n2d70427209074707,n2d70427209074707,94
n9b01f532f62b0090,n9b01f532f62b0090,94
n35c9afc37ac7ba1a,n35c9afc37ac7ba1a,94
n4fb0ce868602785b,n4fb0ce868602785b,94
n94de171e003cd0b3,n94de171e003cd0b3,94
nd6f1fd617697282c,nd6f1fd617697282c,94
ndfbd66b7c7be6753,ndfbd66b7c7be6753,94
n67a186fa39ae9630,n67a186fa39ae9630,94
na86f1137af447e0f,na86f1137af447e0f,95
n02726f5a488f72e4,n02726f5a488f72e4,95
n171e6b772842ab69,n171e6b772842ab69,95
nfb698a8ffaceb2f7,nfb698a8ffaceb2f7,95
n913def79682ebbd4,n913def79682ebbd4,95
n2f8dabd3c12e7f6a,n2f8dabd3c12e7f6a,95
n7b249b184bd61ea2,n7b249b184bd61ea2,95
n8c772757a98f3153,n8c772757a98f3153,95
nc4b13ccb9812873c,nc4b13ccb9812873c,95
n228c11f442f4f90e,n228c11f442f4f90e,95
n49f05a14bbab2371,n49f05a14bbab2371,95
nbab8fed64a46144d,nbab8fed64a46144d,95
n383fa074201de2ea,n383fa074201de2ea,95
n77dfdb9b312abd20,n77dfdb9b312abd20,95
na5d76420c45b3ef8,na5d76420c45b3ef8,95
n125c52ad9cd5d602,n125c52ad9cd5d602,95
nabbf0c8422627f53,nabbf0c8422627f53,95
n50ff5160423e2272,n50ff5160423e2272,95
nb91fd646b2c26dfa,nb91fd646b2c26dfa,95
n78a8feb2a9bbb540,n78a8feb2a9bbb540,96
nee37f9aac663a6bc,nee37f9aac663a6bc,96
n081644853961c367,n081644853961c367,96
n96bc8c8471a150b1,n96bc8c8471a150b1,96
naf7a5330af7cdd27,naf7a5330af7cdd27,96
nc2da6131662f9dba,nc2da6131662f9dba,96
n686992e1d137bd9e,n686992e1d137bd9e,96
n5a5263980765e0fb,n5a5263980765e0fb,96
n0727bd9dbb455759,n0727bd9dbb455759,96
nfd9c84338aff7f30,nfd9c84338aff7f30,96
n3be2fe373578b36e,n3be2fe373578b36e,96
ne6dbe3b0050d39dd,ne6dbe3b0050d39dd,96
n1e2b083358c2bd3e,n1e2b083358c2bd3e,96
n8b2e28eb43ccab35,n8b2e28eb43ccab35,96
n16f6787c9d1673a9,n16f6787c9d1673a9,96
nee4eb25315d6ea0a,nee4eb25315d6ea0a,96
n91356be15bbb579a,n91356be15bbb579a,96
n02feb7bfb45c771a,n02feb7bfb45c771a,96
n6c1167c95538aacf,n6c1167c95538aacf,96
n81556e864b68e4a8,n81556e864b68e4a8,96
n9cd493d94355b97b,n9cd493d94355b97b,96
n1ab23831fbe8eeab,n1ab23831fbe8eeab,96
n364d162a1222315d,n364d162a1222315d,96
nec2b1db79e03b495,nec2b1db79e03b495,96
n795b5511072842ec,n795b5511072842ec,96
n95985448d9f16880,n95985448d9f16880,96
n02e409adc9016af2,n02e409adc9016af2,97
nda462d3eb672b4ca,nda462d3eb672b4ca,97
n29be8500bc9e7ddb,n29be8500bc9e7ddb,97
nba41d495d1c799a6,nba41d495d1c799a6,97
n43499281ef2e6fbd,n43499281ef2e6fbd,97
n3a1a7835e33ba499,n3a1a7835e33ba499,97
n000e503da16ab574,n000e503da16ab574,97
n51966eefac617166,n51966eefac617166,97
nf8f5c314283d2657,nf8f5c314283d2657,97
n74bff305b0a6dac4,n74bff305b0a6dac4,97
nb39f575ccfeeac6d,nb39f575ccfeeac6d,97
n4493964e714276d6,n4493964e714276d6,97
n0bc161570591c162,n0bc161570591c162,97
n9842c6b67e386e2e,n9842c6b67e386e2e,97
nf7e442d3fcdfdc06,nf7e442d3fcdfdc06,97
n7d68f88be570f573,n7d68f88be570f573,97
n28b852cac23c5baf,n28b852cac23c5baf,97
nbbe90663820399f4,nbbe90663820399f4,97
nfc33810d95700486,nfc33810d95700486,97
n1faf2385df7c6f7c,n1faf2385df7c6f7c,97
n76f0e7147010263d,n76f0e7147010263d,97
n8967322874f57c1d,n8967322874f57c1d,97
n43dad4f1a968c3f9,n43dad4f1a968c3f9,98
n175ef9d0a18bf5b0,n175ef9d0a18bf5b0,98
n47c40585f8c9cf59,n47c40585f8c9cf59,98
n36cf5852da9bc7fb,n36cf5852da9bc7fb,98
n36ff1cf508a9c324,n36ff1cf508a9c324,98
n9fe39d6b3b61e6c1,n9fe39d6b3b61e6c1,98
n30c4ee090f705261,n30c4ee090f705261,98
ne267ca822380a272,ne267ca822380a272,98
n3a4216f48b9e6604,n3a4216f48b9e6604,98
n5c9091b567e0ba41,n5c9091b567e0ba41,98
n8e1051768e2e60dc,n8e1051768e2e60dc,98
n806a5ce694ba71b6,n806a5ce694ba71b6,98
n23cc9b861bd96d50,n23cc9b861bd96d50,98
n5c1c9f66631d0fa7,n5c1c9f66631d0fa7,98
n06dc95aa71966900,n06dc95aa71966900,98
n59f69be0598a6779,n59f69be0598a6779,98
nbb1f91af06446745,nbb1f91af06446745,98
n7e5294d8a06eeb21,n7e5294d8a06eeb21,98
n5645600d0b4f4d14,n5645600d0b4f4d14,98
n08e07ec4208a2021,n08e07ec4208a2021,98
n4266c4a62830eafe,n4266c4a62830eafe,98
n0dc49bcf630a880c,n0dc49bcf630a880c,98
n4746753c307a1498,n4746753c307a1498,98
nc2bb2306d95972b9,nc2bb2306d95972b9,98
n00cd20a934f22f22,n00cd20a934f22f22,99
n7db9db966b049831,n7db9db966b049831,99
ne4ebfa82eb20bb50,ne4ebfa82eb20bb50,99
nb7d989cceafac12c,nb7d989cceafac12c,99
n248378c595b93d54,n248378c595b93d54,99
n5d5b7c0e72690fd1,n5d5b7c0e72690fd1,99
n0541f54b1831fa39,n0541f54b1831fa39,99
n3d28136925db6e09,n3d28136925db6e09,99
n94ccb350f97a3921,n94ccb350f97a3921,99
nd3a49baf1929d698,nd3a49baf1929d698,99
n2c5fbbbba86fee4c,n2c5fbbbba86fee4c,99
n1c470bd7acf49a0e,n1c470bd7acf49a0e,99
n8930c7ab6bc0e516,n8930c7ab6bc0e516,99
nd0d194c7bfc5ac0f,nd0d194c7bfc5ac0f,99
n22e136bb1177178e,n22e136bb1177178e,99
nd34501263ee54706,nd34501263ee54706,99
n357d2de700ae35cd,n357d2de700ae35cd,99
nb55d24aad251e6f9,nb55d24aad251e6f9,99
n44aa72ca15c39aec,n44aa72ca15c39aec,99
nd3755c3c2825c819,nd3755c3c2825c819,99
n07824f9e6096ac58,n07824f9e6096ac58,99
nb9706fc722c6165a,nb9706fc722c6165a,99
n0d9df8723d951f4b,n0d9df8723d951f4b,99
n78d99912b81aa3e9,n78d99912b81aa3e9,99
n65ac45618132019b,n65ac45618132019b,100
n35e7c73cdd3f2aee,n35e7c73cdd3f2aee,100
n2dd3a812a1caf618,n2dd3a812a1caf618,100
nedb04490c38c35e5,nedb04490c38c35e5,100
n65f7e5f2acee2b7d,n65f7e5f2acee2b7d,100
n1a39fb5aa0bba10d,n1a39fb5aa0bba10d,100
n3304d08a461fcd0f,n3304d08a461fcd0f,100
n7666f157edbdacbe,n7666f157edbdacbe,100
n80daf73ae11f6ae1,n80daf73ae11f6ae1,100
nc4bff025d540b54a,nc4bff025d540b54a,100
n175697b0f86077c2,n175697b0f86077c2,100
n5a9ea6f828f832a2,n5a9ea6f828f832a2,100
ncb36f2eeaf4d921a,ncb36f2eeaf4d921a,100
n6324fbf19e21f3a1,n6324fbf19e21f3a1,100
ndd33fedd89d1b14c,ndd33fedd89d1b14c,100
nd2222984c2861835,nd2222984c2861835,100
n7571afdee6c10e05,n7571afdee6c10e05,100
n44b7887116f03682,n44b7887116f03682,100
nee10f388a0f9bfba,nee10f388a0f9bfba,100
n5cc789b2db5ac0c0,n5cc789b2db5ac0c0,100
nbf232be48bd2e49e,nbf232be48bd2e49e,100
n3ffe8d7dfa35be9a,n3ffe8d7dfa35be9a,100
ne0d30c4eec91b404,ne0d30c4eec91b404,100
n8e1857b1e9113347,n8e1857b1e9113347,100
nadf0f97b011e24e6,nadf0f97b011e24e6,100
n97207fce13e68588,n97207fce13e68588,100
n85f7a63952ae46b2,n85f7a63952ae46b2,100
ne72e3e0800a7b3af,ne72e3e0800a7b3af,100
n2874c1bc4c230eec,n2874c1bc4c230eec,100
n0cbaed394c0c2d6e,n0cbaed394c0c2d6e,101
n64daa712bda0b91b,n64daa712bda0b91b,101
n89d773ac61ea5ab7,n89d773ac61ea5ab7,101
n08a87a4bd6160764,n08a87a4bd6160764,101
ncc25151aaa801fe3,ncc25151aaa801fe3,101
n3f8536f06fd01311,n3f8536f06fd01311,101
n3011fe5af8747664,n3011fe5af8747664,101
ne0a2fa568508cb23,ne0a2fa568508cb23,101
n320e7817dfea1d28,n320e7817dfea1d28,101
n5d177ca1c1e0c96e,n5d177ca1c1e0c96e,101
nafe75bb0a28885af,nafe75bb0a28885af,101
n74440ff4e43dd30f,n74440ff4e43dd30f,101
nb39feb9f6a64a051,nb39feb9f6a64a051,101
n2421a72b80a5af78,n2421a72b80a5af78,101
n8c363638b4ab10d8,n8c363638b4ab10d8,101
n197e781ee8379b02,n197e781ee8379b02,101
n4c10cfa52aaeebbc,n4c10cfa52aaeebbc,101
n438642f6da3a151a,n438642f6da3a151a,101
n4bd77085568d92c5,n4bd77085568d92c5,101
na6d3a48d8bb3636a,na6d3a48d8bb3636a,101
nd338c2352645aad1,nd338c2352645aad1,101
ndd96fa96ac327660,ndd96fa96ac327660,101
n0a0ee48ee1ab4628,n0a0ee48ee1ab4628,101
ndf62af8b8f0e3775,ndf62af8b8f0e3775,101
nda9e9990e0018083,nda9e9990e0018083,101
n947680c48b191f2d,n947680c48b191f2d,101
n65c4036c32e8eec8,n65c4036c32e8eec8,102
nd5c47fef95286aaa,nd5c47fef95286aaa,102
nf6e31fb3fa9476c8,nf6e31fb3fa9476c8,102
n29752f55fab49963,n29752f55fab49963,102
n60a09d380db99985,n60a09d380db99985,102
n88b34b29545a6411,n88b34b29545a6411,102
n5340ea6b6e391e17,n5340ea6b6e391e17,102
nec5a7eb1c0da8012,nec5a7eb1c0da8012,102
nf9a62ad43539632d,nf9a62ad43539632d,102
n6bce2791ef4592e6,n6bce2791ef4592e6,102
n11b8c270fa8ae858,n11b8c270fa8ae858,102
n4ea563eb58786ddd,n4ea563eb58786ddd,102
ncccdce569ebdb603,ncccdce569ebdb603,102
ndcf411c228622d52,ndcf411c228622d52,102
n4947b37a3520e56a,n4947b37a3520e56a,102
na0b0e0ac55ed3131,na0b0e0ac55ed3131,102
na5b9907e7e07e859,na5b9907e7e07e859,102
n5679a1da691a8311,n5679a1da691a8311,102
n1aa472b8f48ecb7c,n1aa472b8f48ecb7c,102
nf248c9366cc654de,nf248c9366cc654de,102
n0ed31a87973ec5fe,n0ed31a87973ec5fe,102
nbd52edb6733545e3,nbd52edb6733545e3,102
n2f65a48288d517ab,n2f65a48288d517ab,102
n9383c9a5b2773e53,n9383c9a5b2773e53,102
n91b824c3d357b171,n91b824c3d357b171,102
n341a57f5cfb4e34a,n341a57f5cfb4e34a,102
n1bcb3d25cda5faa0,n1bcb3d25cda5faa0,102
n14b151092aab6ecc,n14b151092aab6ecc,102
n566689949c8ce88f,n566689949c8ce88f,102
ncaf65f7d3842d1d7,ncaf65f7d3842d1d7,102
nb8fdadfd8ec68f4f,nb8fdadfd8ec68f4f,102
n727e312eac611aea,n727e312eac611aea,102
ndd9a3040d355e2aa,ndd9a3040d355e2aa,103
n1c3efe2ed2525488,n1c3efe2ed2525488,103
n856dc389006e9f69,n856dc389006e9f69,103
nb2cf7a63aa3b4612,nb2cf7a63aa3b4612,103
nb59b274c81adedc1,nb59b274c81adedc1,103
ndf91a6e1be295f4d,ndf91a6e1be295f4d,103
nc94ffb84dca93c29,nc94ffb84dca93c29,103
n5f79bf9a6499cf28,n5f79bf9a6499cf28,103
n36b292828ca69a88,n36b292828ca69a88,103
nc7d6c314cc0e5428,nc7d6c314cc0e5428,103
nef07f5aa00a348c4,nef07f5aa00a348c4,103
n678f4f5914cd9045,n678f4f5914cd9045,103
ne3cd5e5cd391141b,ne3cd5e5cd391141b,103
nbadaf59571058eb4,nbadaf59571058eb4,103
n7b1eff37c783ae64,n7b1eff37c783ae64,103
naacce6fffc412c56,naacce6fffc412c56,103
n27dd9e9ad6958c00,n27dd9e9ad6958c00,103
nfca9f3e8820ccbf4,nfca9f3e8820ccbf4,103
n6b201b0670498d80,n6b201b0670498d80,103
n145764d4530e4f5d,n145764d4530e4f5d,103
n540f768d413f858b,n540f768d413f858b,103
n562d5d688e651110,n562d5d688e651110,103
n60431c008b0a4236,n60431c008b0a4236,103
n9688065c86c3c659,n9688065c86c3c659,103
n3d06a33c20a23750,n3d06a33c20a23750,103
n648db751c254b7a4,n648db751c254b7a4,103
nac30cc544c63f066,nac30cc544c63f066,103
n1c3e2ca2972530e7,n1c3e2ca2972530e7,103
n84d0be5f07656353,n84d0be5f07656353,103
nd4c9520c799d96b5,nd4c9520c799d96b5,103
n21fcf99225e3bd76,n21fcf99225e3bd76,103
n5320c25f7066d5b1,n5320c25f7066d5b1,103
n4979ed77af19079e,n4979ed77af19079e,104
n084296c665a9c6bc,n084296c665a9c6bc,104
n3c28a5debafe68c4,n3c28a5debafe68c4,104
nc82102bd14eaabb8,nc82102bd14eaabb8,104
nd30a078282970ab3,nd30a078282970ab3,104
ne126d5ff39fe7799,ne126d5ff39fe7799,104
nb3d1b017ff664500,nb3d1b017ff664500,104
nc9dd74dcf57f6458,nc9dd74dcf57f6458,104
ne00c89628f1e9dbb,ne00c89628f1e9dbb,104
n4a4a164a5b42af6a,n4a4a164a5b42af6a,104
n6378e3f2ac322c8c,n6378e3f2ac322c8c,104
nb4247e43f8df9f61,nb4247e43f8df9f61,104
nbf52dbea7c984563,nbf52dbea7c984563,104
n3da2a12861ceced5,n3da2a12861ceced5,104
n0e0dd51b68fe2cf0,n0e0dd51b68fe2cf0,104
n370842797d52f0a2,n370842797d52f0a2,104
n3c3ffc0b219343a0,n3c3ffc0b219343a0,104
nf97dcee68848e402,nf97dcee68848e402,104
n8e75cf577b336604,n8e75cf577b336604,104
naa6383aeecb0dd69,naa6383aeecb0dd69,104
n38fd429548394b89,n38fd429548394b89,104
n57d5887bfe36ba75,n57d5887bfe36ba75,104
n0d590113235b4949,n0d590113235b4949,104
na2b0f9edd1c56b37,na2b0f9edd1c56b37,104
n6d4941288fd4abd7,n6d4941288fd4abd7,104
n270142f6a4295ec8,n270142f6a4295ec8,104
n2db4f2ee8fd8950f,n2db4f2ee8fd8950f,104
n19c971571abe2513,n19c971571abe2513,104
nf56b4fa5a1af4eb3,nf56b4fa5a1af4eb3,104
n0e6b848bf01ade90,n0e6b848bf01ade90,104
n8a1b507458eb7bd6,n8a1b507458eb7bd6,104
n37f94726fbfff34b,n37f94726fbfff34b,104
n40f4649029dc4b08,n40f4649029dc4b08,105
nbf58b17a85504ebd,nbf58b17a85504ebd,105
n8cbc23696c8effe3,n8cbc23696c8effe3,105
n300b053e7e8d5ad9,n300b053e7e8d5ad9,105
nfd7213294098ad53,nfd7213294098ad53,105
nadb7bbb058ef0b69,nadb7bbb058ef0b69,105
n3cee69d20483bd82,n3cee69d20483bd82,105
nda62f57b7efb4a37,nda62f57b7efb4a37,105
n82c856834101a628,n82c856834101a628,105
n7415ffa26f8ce106,n7415ffa26f8ce106,105
nb2dd7732fd55c49d,nb2dd7732fd55c49d,105
n872268ed5b332cfb,n872268ed5b332cfb,105
n23c537c65d1282dc,n23c537c65d1282dc,105
n76d9b6aa7797d5ce,n76d9b6aa7797d5ce,105
n88066f14963876ae,n88066f14963876ae,105
n5136160a16948efa,n5136160a16948efa,105
nfe3350e3f1739576,nfe3350e3f1739576,105
nfb2762a9d20c9efc,nfb2762a9d20c9efc,105
n23fcb858d1cddf9d,n23fcb858d1cddf9d,105
n53978a6904afc400,n53978a6904afc400,105
n7abd06e2bff6b7c7,n7abd06e2bff6b7c7,105
n6e57943d1296d7ac,n6e57943d1296d7ac,105
naf8875376fba42d1,naf8875376fba42d1,105
n2c0f1e64a4015b93,n2c0f1e64a4015b93,105
nd8c45caeb500d872,nd8c45caeb500d872,105
n7f575c1c520fdafa,n7f575c1c520fdafa,105
nfebf0e3645bb7385,nfebf0e3645bb7385,105
nc172dfd8e85737cf,nc172dfd8e85737cf,105
n72d4ee554779d255,n72d4ee554779d255,105
n40fd57870f6f2b60,n40fd57870f6f2b60,105
nb537da9549b6bbfe,nb537da9549b6bbfe,105
n29bab3f21fecfa92,n29bab3f21fecfa92,105
n4f272f5d28f532f2,n4f272f5d28f532f2,105
n0fc972ef9e0968a2,n0fc972ef9e0968a2,105
nabb5202cd5f38bca,nabb5202cd5f38bca,106
nf0c66b51c0b16033,nf0c66b51c0b16033,106
nbfcbe1d2678d0b45,nbfcbe1d2678d0b45,106
nb7a3d767ea2b2f77,nb7a3d767ea2b2f77,106
nede917a65a5600ce,nede917a65a5600ce,106
n136504e529b08114,n136504e529b08114,106
nd211b511afc12759,nd211b511afc12759,106
na344189de3ff77c4,na344189de3ff77c4,106
n2b2a0f6dbf7ccae7,n2b2a0f6dbf7ccae7,106
n172548625b180c5b,n172548625b180c5b,106
n3644bc2298fd4107,n3644bc2298fd4107,106
nf9c59807d341114c,nf9c59807d341114c,106
n64026b7b69a35dfa,n64026b7b69a35dfa,106
n3db8517cca623233,n3db8517cca623233,106
n444190be7255b7ca,n444190be7255b7ca,106
n5148d60cdbd41e23,n5148d60cdbd41e23,106
n09f5e3d8af277e08,n09f5e3d8af277e08,106
n1feae0cbe45733c7,n1feae0cbe45733c7,106
ndb21389ea5ef9ad1,ndb21389ea5ef9ad1,106
n09a745fe3e00f8e8,n09a745fe3e00f8e8,106
n58354c54224f79f9,n58354c54224f79f9,106
na48128be006b824d,na48128be006b824d,106
nd9fdd47e109570da,nd9fdd47e109570da,106
ndc73e3f850e3d4be,ndc73e3f850e3d4be,106
nca6860e839e9fdd6,nca6860e839e9fdd6,106
nd21e92a27b5a5d6e,nd21e92a27b5a5d6e,106
n75aec1afce5392c2,n75aec1afce5392c2,106
n81efef547d1f927f,n81efef547d1f927f,106
nbc1ef0419d1ef852,nbc1ef0419d1ef852,106
n7f07f03d657195f7,n7f07f03d657195f7,106
n378d361245f9651c,n378d361245f9651c,107
n22fc82b1c0de30d5,n22fc82b1c0de30d5,107
nf6e251a2d74028b2,nf6e251a2d74028b2,107
n00f60954e882351e,n00f60954e882351e,107
n5e553b90345675ea,n5e553b90345675ea,107
n95740261bbb3c5d3,n95740261bbb3c5d3,107
n9e3e9cbb6d986a56,n9e3e9cbb6d986a56,107
ndb40cb80acbe94fc,ndb40cb80acbe94fc,107
n0c3dd36dbc5e7e2d,n0c3dd36dbc5e7e2d,107
nb6b16209f3fa04dc,nb6b16209f3fa04dc,107
n3638795e216a0e55,n3638795e216a0e55,107
n0c3cb3c5f70645f1,n0c3cb3c5f70645f1,107
n479f6c465424f38c,n479f6c465424f38c,107
n143b49c695c66912,n143b49c695c66912,107
n3cd4a7c46af890df,n3cd4a7c46af890df,107
nb9f806b422e58cd2,nb9f806b422e58cd2,107
n72e8e052d641c349,n72e8e052d641c349,107
n91bf72c591bbf26f,n91bf72c591bbf26f,107
n2dcca768e9b5b5e4,n2dcca768e9b5b5e4,107
n3270f4aa5622ee0c,n3270f4aa5622ee0c,107
n4d48a09865dfb706,n4d48a09865dfb706,107
n5622ae6bd11981c8,n5622ae6bd11981c8,108
n1ace7d500d7b5f57,n1ace7d500d7b5f57,108
n3a1cb68cd3791b96,n3a1cb68cd3791b96,108
n9a67691df642b5df,n9a67691df642b5df,108
ncb045da3a7c59ee0,ncb045da3a7c59ee0,108
n865b0e5f496499e0,n865b0e5f496499e0,108
n3b83533b3fe6cbf8,n3b83533b3fe6cbf8,108
na24b9247afe42ea9,na24b9247afe42ea9,108
n400e9af2a00902cd,n400e9af2a00902cd,108
n2fe8faa0280b1fbe,n2fe8faa0280b1fbe,108
n395c201726261bde,n395c201726261bde,108
n167c378388650124,n167c378388650124,108
n256cc881ad047544,n256cc881ad047544,108
n8680db9fcfaa0797,n8680db9fcfaa0797,108
n4141ad0cfc93c196,n4141ad0cfc93c196,108
n3ffc726f9cdf6e72,n3ffc726f9cdf6e72,108
nde0c82cb7bfd2f50,nde0c82cb7bfd2f50,108
n096e2f086528b311,n096e2f086528b311,108
n9bad534799394195,n9bad534799394195,108
n29bb29b3873d9a3c,n29bb29b3873d9a3c,108
neb611c971d23b9fa,neb611c971d23b9fa,108
naadaf1514ad4280d,naadaf1514ad4280d,109
na9856d29072dec2c,na9856d29072dec2c,109
n8e8c30cbdcd8b2c9,n8e8c30cbdcd8b2c9,109
n691d0de4afc45691,n691d0de4afc45691,109
nfa7fa39f14b89865,nfa7fa39f14b89865,109
ndfcfe068f0f0fcf9,ndfcfe068f0f0fcf9,109
nb11cfde937076597,nb11cfde937076597,109
n4784f687541a38d9,n4784f687541a38d9,109
n7a14b3c6e16543ed,n7a14b3c6e16543ed,109
n5a866cd0f21e1739,n5a866cd0f21e1739,109
n4ec58b03edd3a623,n4ec58b03edd3a623,109
n6d95af749b565b44,n6d95af749b565b44,109
n88fb40690249553f,n88fb40690249553f,109
nc466b241751d9260,nc466b241751d9260,109
n16c92647c21c3840,n16c92647c21c3840,109
n22e8b35a096c6294,n22e8b35a096c6294,109
n91c1677c04ed2064,n91c1677c04ed2064,109
nc610d46c1707bfb7,nc610d46c1707bfb7,109
n9ce72804ba8d1cdd,n9ce72804ba8d1cdd,109
ne47bcf22f467c21e,ne47bcf22f467c21e,110
nedda4a26be55e3bd,nedda4a26be55e3bd,110
na22ff5bb8cf88860,na22ff5bb8cf88860,110
nd692302d03e3567a,nd692302d03e3567a,110
n29531dc0e8795475,n29531dc0e8795475,110
nd6f72bb9925f0cd4,nd6f72bb9925f0cd4,110
n6b7158be46930918,n6b7158be46930918,110
n81b71596042b7b58,n81b71596042b7b58,110
n3578cbc9daf8f50a,n3578cbc9daf8f50a,110
n7e5c0e1b92c4fe28,n7e5c0e1b92c4fe28,110
n0643a778ffdf0abf,n0643a778ffdf0abf,110
n98a20947aa82fc8e,n98a20947aa82fc8e,110
nd79639ef3e20fa29,nd79639ef3e20fa29,110
n28f3c0ea6df6b42b,n28f3c0ea6df6b42b,110
n148ae932eededbb2,n148ae932eededbb2,110
n498c93305087507b,n498c93305087507b,110
n4889791b47e83461,n4889791b47e83461,110
n7756ba771b383725,n7756ba771b383725,110
nacb265e7be469ed4,nacb265e7be469ed4,110
n962a7378eb58fb29,n962a7378eb58fb29,110
n6cf709006c20a4a1,n6cf709006c20a4a1,110
n90a2e80171e045d0,n90a2e80171e045d0,110
n34f98a41e4718cf2,n34f98a41e4718cf2,110
n8bd88189f8df66a2,n8bd88189f8df66a2,110
n4a93c126fb50c2c3,n4a93c126fb50c2c3,110
neb9d9be5cec5d72e,neb9d9be5cec5d72e,110
n6554b0a502c9bcc2,n6554b0a502c9bcc2,110
n84e3fe68fcf957eb,n84e3fe68fcf957eb,110
n1bddc6b6226a0c07,n1bddc6b6226a0c07,110
nf5dde13d16204e17,nf5dde13d16204e17,110
nb6370b20eddbc0eb,nb6370b20eddbc0eb,110
n083d6087ebb7299a,n083d6087ebb7299a,110
nface1854a4accf48,nface1854a4accf48,111
n340da111711a0a2a,n340da111711a0a2a,111
na4d4231c7090fc0f,na4d4231c7090fc0f,111
nbf38d0f385d64014,nbf38d0f385d64014,111
n52d5200db75747e6,n52d5200db75747e6,111
n03ca957910313c8f,n03ca957910313c8f,111
n3e5d705fb4929a21,n3e5d705fb4929a21,111
n1474013fe558be41,n1474013fe558be41,111
n1677a524a100430d,n1677a524a100430d,111
na4dab58fb7f1fdc5,na4dab58fb7f1fdc5,111
nf9f7e91de2a1b745,nf9f7e91de2a1b745,111
n63fea5378a140a98,n63fea5378a140a98,111
nae5a78568b0d99c6,nae5a78568b0d99c6,111
n6130301abee1e7ec,n6130301abee1e7ec,111
n31d7ceced98fab7f,n31d7ceced98fab7f,111
n903ff784145f47fe,n903ff784145f47fe,111
ned1db256a8ef1d6c,ned1db256a8ef1d6c,111
n3474a39acd3d947e,n3474a39acd3d947e,111
n5607f2c02a89d138,n5607f2c02a89d138,111
nbd68915cdb35fa3c,nbd68915cdb35fa3c,111
n44861c7dcb74b054,n44861c7dcb74b054,111
nbe84d6bf562cc53e,nbe84d6bf562cc53e,111
n1249626157b59012,n1249626157b59012,111
nd9c0c23949874976,nd9c0c23949874976,111
nab106a8452db7359,nab106a8452db7359,111
n80fcde15e36d7dcf,n80fcde15e36d7dcf,111
nfd7a3828fb678053,nfd7a3828fb678053,111
n587aafba1b8398a0,n587aafba1b8398a0,111
n710366aaa9c349e3,n710366aaa9c349e3,111
nd24123eeebe8e3d8,nd24123eeebe8e3d8,111
nd7e320f4a5345b0b,nd7e320f4a5345b0b,111
nabb7a064915e9135,nabb7a064915e9135,111
nb6145af5bd38fb30,nb6145af5bd38fb30,112
nd7cda13c715d8cbe,nd7cda13c715d8cbe,112
n80067a0ed9d14b44,n80067a0ed9d14b44,112
ne1cce4882e940b27,ne1cce4882e940b27,112
n903c72c8b1345947,n903c72c8b1345947,112
na287a21d0eec8511,na287a21d0eec8511,112
n95bc0996358ca3bd,n95bc0996358ca3bd,112
n5a08c9745b70bc79,n5a08c9745b70bc79,112
n42afe5bdbecef59b,n42afe5bdbecef59b,112
n1559a59489a500ce,n1559a59489a500ce,112
n65fbfac76eefcc4e,n65fbfac76eefcc4e,112
nc4a59d644930808c,nc4a59d644930808c,112
na9ec4779e00e0051,na9ec4779e00e0051,112
n08c198ba371a5434,n08c198ba371a5434,112
nae536114c2ba68e2,nae536114c2ba68e2,112
n62d6ba76e6e0bdec,n62d6ba76e6e0bdec,112
n244e3c1fe79eeb9a,n244e3c1fe79eeb9a,112
n48918c0f24b1b6e1,n48918c0f24b1b6e1,112
na4649f3af6d03dba,na4649f3af6d03dba,112
n3b18c03ff10742a8,n3b18c03ff10742a8,112
n3e018f857d24f429,n3e018f857d24f429,112
n01130d8878d6c0fd,n01130d8878d6c0fd,112
n62f5b87d441b9bd7,n62f5b87d441b9bd7,112
nbf30055f860a8888,nbf30055f860a8888,112
n236ce568e2612a54,n236ce568e2612a54,112
ne7b42862d403ef75,ne7b42862d403ef75,112
nf006f58fc848ab5e,nf006f58fc848ab5e,112
n5b2bf7129181cda0,n5b2bf7129181cda0,112
nb354929e3af026ca,nb354929e3af026ca,113
n0f29384e3a788e4b,n0f29384e3a788e4b,113
nc99b639d2a8e3c2a,nc99b639d2a8e3c2a,113
na474fd1268ac2d92,na474fd1268ac2d92,113
n62dcb4e990eb66b3,n62dcb4e990eb66b3,113
n4e91bbfdc4236aad,n4e91bbfdc4236aad,113
n42662c31d583215e,n42662c31d583215e,113
nebf8d621450adfd1,nebf8d621450adfd1,113
n1adac7827dbc0793,n1adac7827dbc0793,113
ne21818bd108b89be,ne21818bd108b89be,113
nb663875da522ee33,nb663875da522ee33,113
nbf324c3aaa248783,nbf324c3aaa248783,113
n40cbaefc405e2056,n40cbaefc405e2056,113
n4320e86dc3832684,n4320e86dc3832684,113
nbebd040d81c04f85,nbebd040d81c04f85,113
n4e1d3c77b6c30683,n4e1d3c77b6c30683,113
n504f4419f4523004,n504f4419f4523004,113
nb3b72c39428f96a8,nb3b72c39428f96a8,113
nddde0eee19714a2b,nddde0eee19714a2b,113
n66dbc56d7ff6818b,n66dbc56d7ff6818b,113
na0c896966f991651,na0c896966f991651,113
n10b4ef134fdcd8e3,n10b4ef134fdcd8e3,113
n4fec5e15a66c2df5,n4fec5e15a66c2df5,113
n3c68da6506c3ed5a,n3c68da6506c3ed5a,113
nf41b60160aa3ff53,nf41b60160aa3ff53,113
n700d7db0c98edc1a,n700d7db0c98edc1a,113
n0d39852cc7915ff5,n0d39852cc7915ff5,113
n059a5615688c619f,n059a5615688c619f,113
n8f4653e793175796,n8f4653e793175796,113
nfd7a09fce78ffe88,nfd7a09fce78ffe88,113
n258ffe2448a47225,n258ffe2448a47225,113
n5618c33d427c6ff7,n5618c33d427c6ff7,113
nc0d0c2c7b287c972,nc0d0c2c7b287c972,113
ndee8d41cbcf9482c,ndee8d41cbcf9482c,113
na8ce1765d3752cd1,na8ce1765d3752cd1,113
ncbf95fbb3e25f117,ncbf95fbb3e25f117,113
ncc67498c25de6df6,ncc67498c25de6df6,113
n946371c809ac4200,n946371c809ac4200,113
n19b909148cece896,n19b909148cece896,113
n031982a3c94c05fa,n031982a3c94c05fa,113
nbcf734cc93d8a35f,nbcf734cc93d8a35f,113
n60e639eb4535229f,n60e639eb4535229f,114
nb59dc8490df1e150,nb59dc8490df1e150,114
nddc2266b27027b7c,nddc2266b27027b7c,114
n3b2c2630ced494ad,n3b2c2630ced494ad,114
nda8fb14ec48cecb9,nda8fb14ec48cecb9,114
nc8f5943d3cd905cc,nc8f5943d3cd905cc,114
n7e3e48654dee9414,n7e3e48654dee9414,114
na4ae2d96c5d2cf6a,na4ae2d96c5d2cf6a,114
n40981acece005dd7,n40981acece005dd7,114
n1ab84dc6d939f472,n1ab84dc6d939f472,114
nb895d98352e8ed0b,nb895d98352e8ed0b,114
n8dc3baeed52d0f2b,n8dc3baeed52d0f2b,114
n15e09d9fde3b0d37,n15e09d9fde3b0d37,114
n08ac8656800aee56,n08ac8656800aee56,114
nee35778aa2c2454d,nee35778aa2c2454d,114
nd586289062445713,nd586289062445713,114
nd0937b03794f6ccc,nd0937b03794f6ccc,114
n997206fd2c1dd2c8,n997206fd2c1dd2c8,114
nea0de0b1e5835bad,nea0de0b1e5835bad,114
n968f32ebd7a6e5ce,n968f32ebd7a6e5ce,114
n6c56d35341c56c40,n6c56d35341c56c40,114
nd65cee8971fdacf9,nd65cee8971fdacf9,114
n7c737cf4979634e8,n7c737cf4979634e8,114
n7a854cf4475fce07,n7a854cf4475fce07,114
n5dd53be4724a4efd,n5dd53be4724a4efd,114
n76b7cc881ef3e562,n76b7cc881ef3e562,115
n217ff01ece32c68f,n217ff01ece32c68f,115
nf789a7be5f10c1c7,nf789a7be5f10c1c7,115
ndea76654fbb9f2f3,ndea76654fbb9f2f3,115
n5fb4622f12f72e3a,n5fb4622f12f72e3a,115
n304db63f54fa69f3,n304db63f54fa69f3,115
ncc46229e7e1d0f1e,ncc46229e7e1d0f1e,115
n112eedba351f5553,n112eedba351f5553,115
n1368898f32048af7,n1368898f32048af7,115
nae0701daf2955c82,nae0701daf2955c82,115
nae210f9cb742af75,nae210f9cb742af75,115
n3dbd28b4bae0b2c5,n3dbd28b4bae0b2c5,115
na2d9dce3435598cb,na2d9dce3435598cb,115
nc6339d978e47625a,nc6339d978e47625a,115
n64cb0156fc80d8ad,n64cb0156fc80d8ad,115
n306b0a66a6ee0b39,n306b0a66a6ee0b39,115
nfffe2360360353d9,nfffe2360360353d9,115
n2bf4735dab95a41e,n2bf4735dab95a41e,115
n51646b78c3ff3c32,n51646b78c3ff3c32,115
nde88192984e36b21,nde88192984e36b21,115
n80f7c673e01347b5,n80f7c673e01347b5,115
nf09144e6c2848ebd,nf09144e6c2848ebd,115
nad9c477a30ceb9df,nad9c477a30ceb9df,115
n6f22c367565fc0d8,n6f22c367565fc0d8,115
n501449d09dd6e2c8,n501449d09dd6e2c8,115
n5d6e1e4018970890,n5d6e1e4018970890,116
n06fa90ad742b3fb1,n06fa90ad742b3fb1,116
n2c4a937417e9762a,n2c4a937417e9762a,116
na185665afd4347d0,na185665afd4347d0,116
ne442c576c55f709f,ne442c576c55f709f,116
n216665a2b944b63f,n216665a2b944b63f,116
n8089fef225abfe10,n8089fef225abfe10,116
n40459d3861921459,n40459d3861921459,116
neee6fec909f7d6cc,neee6fec909f7d6cc,116
n9d99255c54ff6978,n9d99255c54ff6978,116
n671dc7194a397146,n671dc7194a397146,116
nb54634ce6ca92ebd,nb54634ce6ca92ebd,116
nc19a59d3b43e42b2,nc19a59d3b43e42b2,116
n1f2f8907a9442d56,n1f2f8907a9442d56,116
n14dae818b2632ca0,n14dae818b2632ca0,116
n27afafc3ed58de76,n27afafc3ed58de76,116
n1a0a9a30a82b909d,n1a0a9a30a82b909d,116
nda0657361babcbaa,nda0657361babcbaa,116
nc7def159a12e51af,nc7def159a12e51af,116
n4eda24a9b104f4ec,n4eda24a9b104f4ec,116
nec33e9e1a1577e4f,nec33e9e1a1577e4f,116
n841cf11b47dd6068,n841cf11b47dd6068,117
n9e3d9afaddac3664,n9e3d9afaddac3664,117
n0bc89625c1ca269d,n0bc89625c1ca269d,117
nc14240a197dafe64,nc14240a197dafe64,117
nf2ee1818afa64bf1,nf2ee1818afa64bf1,117
ne0b83724fe576ad8,ne0b83724fe576ad8,117
nb4d928d86f32c0e8,nb4d928d86f32c0e8,117
nd784c02a81eef5a9,nd784c02a81eef5a9,117
n71db28a83ef1c16c,n71db28a83ef1c16c,117
ncd68a50dd1ca9fd7,ncd68a50dd1ca9fd7,117
nc6673b4708f73e0a,nc6673b4708f73e0a,117
n9b1230a32a975dae,n9b1230a32a975dae,117
n3bc1c9c22d8449c2,n3bc1c9c22d8449c2,117
n3d3dd9fd638f0730,n3d3dd9fd638f0730,117
n42b6970fe4eff14e,n42b6970fe4eff14e,117
n121718aa1622467f,n121718aa1622467f,117
nb7222e66e088f31e,nb7222e66e088f31e,117
n1c0b0cf86ac11e67,n1c0b0cf86ac11e67,117
n737d497606bb718b,n737d497606bb718b,117
n0e42f623f6baa88a,n0e42f623f6baa88a,117
n846f16f01190ccec,n846f16f01190ccec,117
n41afa6fa3f4037a4,n41afa6fa3f4037a4,117
n0fb6952f9b35857f,n0fb6952f9b35857f,118
n38bc2d902f20043d,n38bc2d902f20043d,118
nd49b88c914983d4e,nd49b88c914983d4e,118
na948276dc2768bd0,na948276dc2768bd0,118
n79a35ceb92116a4f,n79a35ceb92116a4f,118
n2fa533e0a9770116,n2fa533e0a9770116,118
n69dcb930fb201230,n69dcb930fb201230,118
n216eef64ce920809,n216eef64ce920809,118
nd0f48ebe18b41476,nd0f48ebe18b41476,118
nc7de52674a4d85e5,nc7de52674a4d85e5,118
n367f6a604f3e0333,n367f6a604f3e0333,118
n34a4a70a16778640,n34a4a70a16778640,118
n9c41ffd27f315c04,n9c41ffd27f315c04,118
n982f231575a82af0,n982f231575a82af0,118
n679c7931d94331d1,n679c7931d94331d1,118
n639643ae66102478,n639643ae66102478,118
n11138e45d5b042df,n11138e45d5b042df,118
n42b327b05ef4e10c,n42b327b05ef4e10c,118
n2e723ac2c3483f98,n2e723ac2c3483f98,119
nbc4c6add8a9af957,nbc4c6add8a9af957,119
nb46e9be4f57cc74a,nb46e9be4f57cc74a,119
n2d8b79219ad898da,n2d8b79219ad898da,119
nf9951427492ce857,nf9951427492ce857,119
n52b5f29dc91b5b0d,n52b5f29dc91b5b0d,119
n5628937bc94d1070,n5628937bc94d1070,119
n9eaa43e13f5ba67f,n9eaa43e13f5ba67f,119
ncc7b1d9b4df48512,ncc7b1d9b4df48512,119
n94ef7ec3cea34ae6,n94ef7ec3cea34ae6,119
nad6c936319e6aeba,nad6c936319e6aeba,119
nf52675de5d8fa1b4,nf52675de5d8fa1b4,119
ned06ebfa5f64de2c,ned06ebfa5f64de2c,119
n76ce136fca7e43b7,n76ce136fca7e43b7,119
nbcb8facac224aec5,nbcb8facac224aec5,119
n20ed331bf4aeba36,n20ed331bf4aeba36,119
nb82b0b332eeb7f94,nb82b0b332eeb7f94,119
nc756fbd21e8995f9,nc756fbd21e8995f9,119
na7c4e24709009157,na7c4e24709009157,119
n625a4c193fe197f9,n625a4c193fe197f9,119
ndc9b43ee00a928e7,ndc9b43ee00a928e7,119
nbc61a4634d847201,nbc61a4634d847201,119
nf305074962da97ae,nf305074962da97ae,119
n7e3f2f9bc546c49c,n7e3f2f9bc546c49c,119
n6485460d3564f38e,n6485460d3564f38e,119
n173330a9332b55fb,n173330a9332b55fb,119
nd8eb3fd6610308ac,nd8eb3fd6610308ac,119
ndc47bbae6b6aa1d9,ndc47bbae6b6aa1d9,119
n01d7c32efbebacb9,n01d7c32efbebacb9,119
n3383b7d145407a6a,n3383b7d145407a6a,119
na4a50a8815d9fb8b,na4a50a8815d9fb8b,119
n0998913185452e85,n0998913185452e85,119
n998f274b185ac5ca,n998f274b185ac5ca,119
n553feca754eb3d10,n553feca754eb3d10,119
n99f670d6c50aaf82,n99f670d6c50aaf82,119
n0ea843a1ec9b78a8,n0ea843a1ec9b78a8,119
n0334c2e822da1329,n0334c2e822da1329,119
n4c8867ce687f6a80,n4c8867ce687f6a80,120
n217f55f54844fca7,n217f55f54844fca7,120
n7c2e700b157e5ebb,n7c2e700b157e5ebb,120
n2aa6e7690d7ba50d,n2aa6e7690d7ba50d,120
n963479951f28b81c,n963479951f28b81c,120
n053b0ffc7ebf5db1,n053b0ffc7ebf5db1,120
ndaff9d66696c02ac,ndaff9d66696c02ac,120
ndb3bac1d57b04b5a,ndb3bac1d57b04b5a,120
n83394b44f5e56584,n83394b44f5e56584,120
n3ed870f6ad651bfc,n3ed870f6ad651bfc,120
n6424c3e82cc0b9e7,n6424c3e82cc0b9e7,120
ndb0f4c7e0c58c5e7,ndb0f4c7e0c58c5e7,120
n7379e735cf117be0,n7379e735cf117be0,120
ndf1f23e09b39b2a3,ndf1f23e09b39b2a3,120
n744cb1026e226ee9,n744cb1026e226ee9,120
n910d46af246a00c8,n910d46af246a00c8,120
n9488a761255a59d6,n9488a761255a59d6,120
nf7ade10ef1ee7c44,nf7ade10ef1ee7c44,120
nb30a5ca0c1c16639,nb30a5ca0c1c16639,120
n49c2176455994d3a,n49c2176455994d3a,120
n654560eeffb331fe,n654560eeffb331fe,121
nd52cfa111afd287d,nd52cfa111afd287d,121
nb215149b7bc50568,nb215149b7bc50568,121
nf15177f6a657e4ec,nf15177f6a657e4ec,121
n2793d1685b914010,n2793d1685b914010,121
nd37fa14eba67c307,nd37fa14eba67c307,121
n54e86bc87a4c8d2f,n54e86bc87a4c8d2f,121
ne00b12662a450e20,ne00b12662a450e20,121
n93b7f764b5a7bec7,n93b7f764b5a7bec7,121
n3dbf64e019476b58,n3dbf64e019476b58,121
na491462a4d0d92fc,na491462a4d0d92fc,121
nc088ce68db1a1c84,nc088ce68db1a1c84,121
n69c04213289831fd,n69c04213289831fd,121
nfc617495aedb1477,nfc617495aedb1477,121
nf62cf7185e9bace7,nf62cf7185e9bace7,121
n9fcd7a728b26f435,n9fcd7a728b26f435,121
ne5d5a1a0dd81ddd1,ne5d5a1a0dd81ddd1,121
naf223781b2c91681,naf223781b2c91681,121
naa1f5daf59318085,naa1f5daf59318085,121
n88cf4a16f5037bdd,n88cf4a16f5037bdd,121
n98d02bc34146e55a,n98d02bc34146e55a,121
n045499af942a4bbd,n045499af942a4bbd,121
n575a3c39f5b9e0e3,n575a3c39f5b9e0e3,121
n1d4755ef73cdf33d,n1d4755ef73cdf33d,121
n71e502c79d1d6587,n71e502c79d1d6587,121
n7543a942bd9786aa,n7543a942bd9786aa,121
n869d36d953cc5889,n869d36d953cc5889,121
n60e65fddfd9d9733,n60e65fddfd9d9733,121
nc6d87ed3032fec51,nc6d87ed3032fec51,121
nbaab21cb79a8b618,nbaab21cb79a8b618,121
n41fe763aa7a1ec31,n41fe763aa7a1ec31,121
n4f17dd7aa2e6e0cf,n4f17dd7aa2e6e0cf,121
n021837c356ed6329,n021837c356ed6329,121
n2059a10b739aebb3,n2059a10b739aebb3,122
n22efb596f01168f7,n22efb596f01168f7,122
n6665f9af504923bc,n6665f9af504923bc,122
n2037b956bf0c7eac,n2037b956bf0c7eac,122
n5076ff8e39d017fc,n5076ff8e39d017fc,122
n59a671924f15973e,n59a671924f15973e,122
nd43413808a050682,nd43413808a050682,122
n1f676033458b0305,n1f676033458b0305,122
nec54f104b6de60f5,nec54f104b6de60f5,122
nf26b4dbbf1e7cc97,nf26b4dbbf1e7cc97,122
n1d38b3a5241f84e0,n1d38b3a5241f84e0,122
n45dee2e98bada5a4,n45dee2e98bada5a4,122
n4c6139128344af49,n4c6139128344af49,122
n13b53f161da13fc0,n13b53f161da13fc0,122
n58a59e6a49198397,n58a59e6a49198397,122
n20d30d8e19b07e90,n20d30d8e19b07e90,122
n40192d8c6dd8a5cf,n40192d8c6dd8a5cf,122
n00ec1ade8a40345f,n00ec1ade8a40345f,122
na5547e698a53d893,na5547e698a53d893,122
n7059b18f8ddef5e9,n7059b18f8ddef5e9,122
na7cc27b7e69c34eb,na7cc27b7e69c34eb,123
n28359f0bbe5191dc,n28359f0bbe5191dc,123
n507c5f4a9060cd8d,n507c5f4a9060cd8d,123
n4ab6a9df7c7a6b74,n4ab6a9df7c7a6b74,123
nfef85bf7bcd8b5f1,nfef85bf7bcd8b5f1,123
ne0faba28e563ad8b,ne0faba28e563ad8b,123
n35c311de8a430fbc,n35c311de8a430fbc,123
n8599ed6d59e75632,n8599ed6d59e75632,123
n662f713cd9aea7e0,n662f713cd9aea7e0,123
n1bc7ef96b31451fb,n1bc7ef96b31451fb,123
n04635c66ea13ece9,n04635c66ea13ece9,123
ne04e6b92b2513c7e,ne04e6b92b2513c7e,123
n404286bbc6abed60,n404286bbc6abed60,123
nfb7f2c24f41d348c,nfb7f2c24f41d348c,123
nec54acc9005c13d0,nec54acc9005c13d0,123
n1d7f3604b3d82584,n1d7f3604b3d82584,123
n377c637a88bdd7f6,n377c637a88bdd7f6,123
ne8a311edc32c2673,ne8a311edc32c2673,123
nb88e5afbfd91607e,nb88e5afbfd91607e,123
n498124720ed16298,n498124720ed16298,123
n2a85f1f2999236df,n2a85f1f2999236df,123
nfd06e7da85dab604,nfd06e7da85dab604,123
n937001668623c4ed,n937001668623c4ed,123
n208aac5bea0f09b3,n208aac5bea0f09b3,123
n6d8fe663c2d81d69,n6d8fe663c2d81d69,123
naedc85e88d4eacec,naedc85e88d4eacec,123
n1552111fd5f4e418,n1552111fd5f4e418,123
n1821c0b178af9998,n1821c0b178af9998,123
ndbdcf7a5ffb22f1e,ndbdcf7a5ffb22f1e,123
n428b1018a4487405,n428b1018a4487405,123
n9f43dd74ca5b383d,n9f43dd74ca5b383d,123
n65f18ea33599442c,n65f18ea33599442c,123
nf48999b1126317ef,nf48999b1126317ef,123
ncba122e8d534eb7f,ncba122e8d534eb7f,123
n51a34111a659f974,n51a34111a659f974,123
n97e473f301324cfd,n97e473f301324cfd,123
na68c9e3aa19245f4,na68c9e3aa19245f4,123
n303f2d61c2a6dc81,n303f2d61c2a6dc81,123
nff268133f8815c9b,nff268133f8815c9b,123
nabebb5dc78ba9b6c,nabebb5dc78ba9b6c,124
n490925a1f6263c76,n490925a1f6263c76,124
n198f682c75c7fdca,n198f682c75c7fdca,124
n4793fa8ad92ca864,n4793fa8ad92ca864,124
n61950e9db5f09ab0,n61950e9db5f09ab0,124
n920b14b4f5024990,n920b14b4f5024990,124
nebc81479cae6b370,nebc81479cae6b370,124
n6e50751603655ac2,n6e50751603655ac2,124
n8bcc198dd2fbd5ec,n8bcc198dd2fbd5ec,124
n52cab20d7e174438,n52cab20d7e174438,124
n5a929458ad6aaf7a,n5a929458ad6aaf7a,124
nfe73b1af2da58eff,nfe73b1af2da58eff,124
n51dd0b8073a3b82c,n51dd0b8073a3b82c,124
nfd42e33642f5dd98,nfd42e33642f5dd98,124
nac19edbc7f02775c,nac19edbc7f02775c,124
n0b84c8e2cdcfe85a,n0b84c8e2cdcfe85a,124
ne598985f7661dab9,ne598985f7661dab9,124
na4545702fbfb1495,na4545702fbfb1495,124
n73d43693dc518971,n73d43693dc518971,124
n89e02d61d780263a,n89e02d61d780263a,124
n810087af774b736c,n810087af774b736c,124
n39b42028969e5146,n39b42028969e5146,124
n919226807161ece0,n919226807161ece0,124
n48c7ba6b4c0d4c78,n48c7ba6b4c0d4c78,124
na5924216819b5d7f,na5924216819b5d7f,125
n20d5a0813882b86e,n20d5a0813882b86e,125
nb2d65873b5a83249,nb2d65873b5a83249,125
n49e5d7a9b8484519,n49e5d7a9b8484519,125
n2599db75002f6314,n2599db75002f6314,125
n5601ebc182733765,n5601ebc182733765,125
n19d9d2085221bb16,n19d9d2085221bb16,125
n28f82189196bdecc,n28f82189196bdecc,125
n391599857aaf2a90,n391599857aaf2a90,125
n22fd5771bd55e703,n22fd5771bd55e703,125
n1148e49900cfcfc8,n1148e49900cfcfc8,125
n08ae6f52dd083951,n08ae6f52dd083951,125
n42d2082d5c0a7bf1,n42d2082d5c0a7bf1,125
n9aa2c60e1d9207df,n9aa2c60e1d9207df,125
na410abee53d5fe96,na410abee53d5fe96,125
n1a6c16e92b3d7a14,n1a6c16e92b3d7a14,125
n95fa16fd3a8e7e85,n95fa16fd3a8e7e85,126
n0774e395f7b928f0,n0774e395f7b928f0,126
nf096aa5c5627c3f4,nf096aa5c5627c3f4,126
ndbadd3f4635e4272,ndbadd3f4635e4272,126
n207881a0051197d6,n207881a0051197d6,126
n79db50511f60f0e6,n79db50511f60f0e6,126
n76238f283fbd793a,n76238f283fbd793a,126
n897034c09e16e0ca,n897034c09e16e0ca,126
nfe3ceed262cf71d0,nfe3ceed262cf71d0,126
n0106297d250cd526,n0106297d250cd526,126
n7e9185eea00503ce,n7e9185eea00503ce,126
n54e065e1d49c4b8e,n54e065e1d49c4b8e,126
nb3dca860322ddd5b,nb3dca860322ddd5b,126
nd631ae2435c6d697,nd631ae2435c6d697,126
na5d31363324a9b88,na5d31363324a9b88,126
na18e21af82d5d0be,na18e21af82d5d0be,126
neaf3925fc0c7331e,neaf3925fc0c7331e,126
ne0ee4dee1acb6834,ne0ee4dee1acb6834,126
nf06ad593ac86deab,nf06ad593ac86deab,127
n58a7510985f4de8d,n58a7510985f4de8d,127
n9d6426f5b4c53dc1,n9d6426f5b4c53dc1,127
n4e8bec5819b2efa1,n4e8bec5819b2efa1,127
n3096e7495a59393f,n3096e7495a59393f,127
n92beb18f945247c2,n92beb18f945247c2,127
ndeac897972b648f3,ndeac897972b648f3,127
ne8a1b44c6db7b247,ne8a1b44c6db7b247,127
n038222e5ca98c21e,n038222e5ca98c21e,127
n152b7521b39f6529,n152b7521b39f6529,127
n3a49eada534a3061,n3a49eada534a3061,127
neaa59c63d397299a,neaa59c63d397299a,127
nfbaddba53535b77a,nfbaddba53535b77a,127
n034981ac0a51a30d,n034981ac0a51a30d,127
n6fab52899d51e6e3,n6fab52899d51e6e3,127
n819894c579a1fdeb,n819894c579a1fdeb,127
n3343b40c0b4e0b5c,n3343b40c0b4e0b5c,127
n4535558814b3cb6c,n4535558814b3cb6c,127
n3095cd8a088eae56,n3095cd8a088eae56,128
nfa516832039b9910,nfa516832039b9910,128
n22fdb0783325acee,n22fdb0783325acee,128
n0c8ac9117dc3236a,n0c8ac9117dc3236a,128
nea01e78a0e4f37b2,nea01e78a0e4f37b2,128
nf14271b5f207fc12,nf14271b5f207fc12,128
n1f1e23f20762b09c,n1f1e23f20762b09c,128
nc8eda544f93b228e,nc8eda544f93b228e,128
n6809a4f672a6a3a4,n6809a4f672a6a3a4,128
n549519217e75949a,n549519217e75949a,128
n65ffca30036e0e97,n65ffca30036e0e97,128
n72efe59882fca50d,n72efe59882fca50d,128
n9dd343e9db9d4ec5,n9dd343e9db9d4ec5,128
n5b73c537291ff5a1,n5b73c537291ff5a1,128
n662c73586f0fe5a9,n662c73586f0fe5a9,128
ne4b5fddbe56af165,ne4b5fddbe56af165,128
n74574473ed34a477,n74574473ed34a477,128
ne13b9da5cdb55dcc,ne13b9da5cdb55dcc,128
n42e5d48394aaaf2c,n42e5d48394aaaf2c,129
nad7fa388d1fd42d7,nad7fa388d1fd42d7,129
n7d75f4d35c90eb7e,n7d75f4d35c90eb7e,129
n43c4197033745eb5,n43c4197033745eb5,129
nf2ba8b4e4e149ca0,nf2ba8b4e4e149ca0,129
n3ccd1961ba84e74e,n3ccd1961ba84e74e,129
n44132c72cd652038,n44132c72cd652038,129
n5da087475ea5bfba,n5da087475ea5bfba,129
n41f35ca874f0a225,n41f35ca874f0a225,129
n8c449010c03f2e47,n8c449010c03f2e47,129
n2355a3920d8acdb1,n2355a3920d8acdb1,129
nf77f58189e1161fe,nf77f58189e1161fe,129
n3d8a26de508e38a1,n3d8a26de508e38a1,129
nd9aa04d5ef76890a,nd9aa04d5ef76890a,129
n9dca7ab37ec7963d,n9dca7ab37ec7963d,129
n2e1b0f8bafdfc633,n2e1b0f8bafdfc633,129
nf1f86a00ebcc7f2a,nf1f86a00ebcc7f2a,129
nd564ddf41b141d85,nd564ddf41b141d85,129
n72579ba58df9f4ff,n72579ba58df9f4ff,130
n74958e16f11c5445,n74958e16f11c5445,130
nf776e218393a94e6,nf776e218393a94e6,130
nd350eeb917474538,nd350eeb917474538,130
nbfc0b911570752a4,nbfc0b911570752a4,130
nadc799001f1e7f8f,nadc799001f1e7f8f,130
n079fbb148498af68,n079fbb148498af68,130
n021b3ed11dfe5bb3,n021b3ed11dfe5bb3,130
n092b103dea0886a0,n092b103dea0886a0,130
nfdf72940e1f78bf4,nfdf72940e1f78bf4,130
nd13bbe4381143784,nd13bbe4381143784,130
nc7b6271493a35ad1,nc7b6271493a35ad1,130
n824f890916f574e9,n824f890916f574e9,130
n10b392cee571855a,n10b392cee571855a,130
n17377a0aa3c25c52,n17377a0aa3c25c52,130
n5084317ef2549cfc,n5084317ef2549cfc,130
nffb6700d7dc0c170,nffb6700d7dc0c170,130
n2334bcdb0064591c,n2334bcdb0064591c,130
n6f0f9bc54ec81880,n6f0f9bc54ec81880,130
n4124c63bb88456f7,n4124c63bb88456f7,131
n8d06844a1b641a2c,n8d06844a1b641a2c,131
n928c3af8309be986,n928c3af8309be986,131
n4e88047f66b98584,n4e88047f66b98584,131
n60859836eead4be0,n60859836eead4be0,131
ndd2132e0b35a9513,ndd2132e0b35a9513,131
nd3666540dada1405,nd3666540dada1405,131
n9c1047c833246752,n9c1047c833246752,131
n29dc4b4762032510,n29dc4b4762032510,131
nce0aad7fd2786a27,nce0aad7fd2786a27,131
nb6abacda5a08ca60,nb6abacda5a08ca60,131
n34bafcd6402cd35b,n34bafcd6402cd35b,131
nc695458697226e04,nc695458697226e04,131
n8fa18135af4835e2,n8fa18135af4835e2,131
n7b9120fe8d736249,n7b9120fe8d736249,131
ned1ec88eeeb2f5ff,ned1ec88eeeb2f5ff,131
n3a57d90dcffbe2ea,n3a57d90dcffbe2ea,131
ne4d4ecef5888a1f5,ne4d4ecef5888a1f5,131
n32e6e0c4c653848b,n32e6e0c4c653848b,131
naa36970bd27f0349,naa36970bd27f0349,131
n8d411e66645b194c,n8d411e66645b194c,131
n541b969e59e21091,n541b969e59e21091,131
n74b3e30813b54356,n74b3e30813b54356,132
n2f725fe786ac0f9d,n2f725fe786ac0f9d,132
n48c385450e85ad91,n48c385450e85ad91,132
n270035df57b1860a,n270035df57b1860a,132
n0cead0de968eb597,n0cead0de968eb597,132
ne49f2a5ecb58b4ea,ne49f2a5ecb58b4ea,132
ndbbc8d4ed21dbc42,ndbbc8d4ed21dbc42,132
n28cf75aeb20f688d,n28cf75aeb20f688d,132
n7f9cf42809fadaba,n7f9cf42809fadaba,132
nac22753380512281,nac22753380512281,132
n4c17421b595ebafa,n4c17421b595ebafa,132
n12947d1748f0ee1d,n12947d1748f0ee1d,132
nb265443429fdb212,nb265443429fdb212,132
n994a61ea33b6493b,n994a61ea33b6493b,132
n563c980f83726d32,n563c980f83726d32,132
n754a25b3c89d432f,n754a25b3c89d432f,132
n7bbbb706094d1b17,n7bbbb706094d1b17,132
n08a625a62f8f4831,n08a625a62f8f4831,132
n74a618c383dbfef0,n74a618c383dbfef0,132
ne2e610064a2e6641,ne2e610064a2e6641,132
n85b49ae265fd0f5c,n85b49ae265fd0f5c,132
n4f223f96823853f2,n4f223f96823853f2,132
n647b7fd309d53297,n647b7fd309d53297,133
nfce9df9c4cb178c4,nfce9df9c4cb178c4,133
n82b30662e3b1e0e7,n82b30662e3b1e0e7,133
n7a1b9cddb81eb4c0,n7a1b9cddb81eb4c0,133
n0a88f384a19ecd94,n0a88f384a19ecd94,133
nc88918782c315920,nc88918782c315920,133
n1c3e864fc63bee6f,n1c3e864fc63bee6f,133
n4b1068bb2bfb76f2,n4b1068bb2bfb76f2,133
n4fb69079ad2db53d,n4fb69079ad2db53d,133
n39fc39f89ed62f7e,n39fc39f89ed62f7e,133
n33a6af3e75cee234,n33a6af3e75cee234,133
n63e77de8c0b03117,n63e77de8c0b03117,133
na79415d78c804e85,na79415d78c804e85,133
n3fee1226cd97b3c6,n3fee1226cd97b3c6,133
nbb86b15c3c4d1f10,nbb86b15c3c4d1f10,133
n396bf4702e63cb4b,n396bf4702e63cb4b,133
nbcd3886e4b048344,nbcd3886e4b048344,133
n20c19f492a2e4995,n20c19f492a2e4995,133
nc94281ce04120456,nc94281ce04120456,133
nfa5cc3abd5af751f,nfa5cc3abd5af751f,133
n4a30eedca209e399,n4a30eedca209e399,133
nc314e15381b993e3,nc314e15381b993e3,133
ne6c57395b061d5e4,ne6c57395b061d5e4,134
nead4b92c883a898b,nead4b92c883a898b,134
n52a9be2e4bfd163a,n52a9be2e4bfd163a,134
n4ad60fbc7dcd3b67,n4ad60fbc7dcd3b67,134
nb6f3f3f6fc0bf93c,nb6f3f3f6fc0bf93c,134
n23fb9731b25a8ba8,n23fb9731b25a8ba8,134
nd3d67300007dc8e8,nd3d67300007dc8e8,134
n3adc962f57d32daa,n3adc962f57d32daa,134
nb99974799f7ee76c,nb99974799f7ee76c,134
nca891a3ef92e35ff,nca891a3ef92e35ff,134
nf9da034ecf3724e9,nf9da034ecf3724e9,134
n7ddc711e4250f203,n7ddc711e4250f203,134
na662c002f14f9c12,na662c002f14f9c12,134
n35ff924a9554fd9c,n35ff924a9554fd9c,134
n231af7164dc4b4db,n231af7164dc4b4db,134
n11c34723341103db,n11c34723341103db,135
n506a13ef36117868,n506a13ef36117868,135
n2ab1b077f3be546e,n2ab1b077f3be546e,135
n202b7b60e8b984b6,n202b7b60e8b984b6,135
na42dce4130678959,na42dce4130678959,135
n9bee9705cb02d5d2,n9bee9705cb02d5d2,135
n114d30a4fc3eb411,n114d30a4fc3eb411,135
nbdcd37c702774530,nbdcd37c702774530,135
n6162c07c3b08647f,n6162c07c3b08647f,135
n6d41e2244fc8c1af,n6d41e2244fc8c1af,135
n191e5f2ce1e07574,n191e5f2ce1e07574,135
n59a607a48a3439aa,n59a607a48a3439aa,135
n07e95a6f4aba1f2b,n07e95a6f4aba1f2b,135
need5575f2abc0dd7,need5575f2abc0dd7,135
n331fecfe81441010,n331fecfe81441010,135
ndc16dcbfc493b78d,ndc16dcbfc493b78d,135
n5cc81ea529f07e45,n5cc81ea529f07e45,135
n26af8ec1edffa72d,n26af8ec1edffa72d,135
nfa7f1b7674d2e611,nfa7f1b7674d2e611,136
ncca02ca2fad01b9d,ncca02ca2fad01b9d,136
n99f382fbbbc43a4c,n99f382fbbbc43a4c,136
n7cee1cd0bcb7e7b2,n7cee1cd0bcb7e7b2,136
n5a4dfe5c8adf30d2,n5a4dfe5c8adf30d2,136
nc0840309ed30d45e,nc0840309ed30d45e,136
n8f83f4d28d42c5b5,n8f83f4d28d42c5b5,136
n7d3416bcc6e26764,n7d3416bcc6e26764,136
n8317dd2d80c52fcd,n8317dd2d80c52fcd,136
nca7dfa27e71e788e,nca7dfa27e71e788e,136
n38c21d76e352abaa,n38c21d76e352abaa,136
n744a27bf0de6ca2f,n744a27bf0de6ca2f,136
n248f672f19bb8c14,n248f672f19bb8c14,136
na3ae1157bbc45315,na3ae1157bbc45315,136
nf1a23872de8338f2,nf1a23872de8338f2,136
nb9d6e9a6c283226f,nb9d6e9a6c283226f,136
nde08e07f5a2ba8d0,nde08e07f5a2ba8d0,136
n71b132fe5a8277ed,n71b132fe5a8277ed,136
n6f3cb38a771d0154,n6f3cb38a771d0154,136
n8757bc491cbe88b0,n8757bc491cbe88b0,136
n56faf6aaee874ab1,n56faf6aaee874ab1,137
na08dcd50287d98e0,na08dcd50287d98e0,137
n0f2cd45fcdad60b7,n0f2cd45fcdad60b7,137
n1eb085098ed7fa9e,n1eb085098ed7fa9e,137
n1af5d06168c75c6c,n1af5d06168c75c6c,137
na68d9de75ee694fc,na68d9de75ee694fc,137
nc1e5b4ccbd7c5be3,nc1e5b4ccbd7c5be3,137
n2b0860d194af7ad3,n2b0860d194af7ad3,137
n6a46588419dc1ec8,n6a46588419dc1ec8,137
n2c4eb308fb3e0d04,n2c4eb308fb3e0d04,137
nf12cd85bc7bfa50e,nf12cd85bc7bfa50e,137
n23b5f6ab0d881fcd,n23b5f6ab0d881fcd,137
na135ef9625508b8d,na135ef9625508b8d,137
n41d9e31619c753db,n41d9e31619c753db,137
n0459356193625908,n0459356193625908,137
na01f25be94d368c6,na01f25be94d368c6,138
n988059754492ee49,n988059754492ee49,138
nc6f3da6e45186872,nc6f3da6e45186872,138
n3f0724257c124802,n3f0724257c124802,138
n7181f5825874f76a,n7181f5825874f76a,138
n2deb446478212092,n2deb446478212092,138
n9387f208f89e3a93,n9387f208f89e3a93,138
n676f8966a158021d,n676f8966a158021d,138
n8e4c755128484b7b,n8e4c755128484b7b,138
nb1b5e40ad4100412,nb1b5e40ad4100412,138
nb51c0b5495679bae,nb51c0b5495679bae,138
nce725b730901bdd9,nce725b730901bdd9,138
n5e0ad102fdf15da2,n5e0ad102fdf15da2,138
n89cf99b7691ac3c1,n89cf99b7691ac3c1,138
na7bddd37caf99d3d,na7bddd37caf99d3d,138
n7662d66a9e22a628,n7662d66a9e22a628,138
n66a27255405a7a15,n66a27255405a7a15,138
n5b5d407e622420a6,n5b5d407e622420a6,138
nf98e3d7d929d3cc3,nf98e3d7d929d3cc3,138
n6b89cd433532ddfc,n6b89cd433532ddfc,138
ndd99988aac14cec8,ndd99988aac14cec8,138
n5e2a6d9fe1164cfc,n5e2a6d9fe1164cfc,138
nff6e35c4b757f9e4,nff6e35c4b757f9e4,139
n19b4e79a45a0fa37,n19b4e79a45a0fa37,139
n8dcd1ce407cee965,n8dcd1ce407cee965,139
n65930c8fc7c7ce22,n65930c8fc7c7ce22,139
ndec4108bd3a46be4,ndec4108bd3a46be4,139
nf20ec9478c0f4a91,nf20ec9478c0f4a91,139
nd762bad00b1122c6,nd762bad00b1122c6,139
n7d3238505bed0af0,n7d3238505bed0af0,139
naa1d3493ac7ee5cd,naa1d3493ac7ee5cd,139
n073824dc06718248,n073824dc06718248,139
n6785bb0dc973b2e6,n6785bb0dc973b2e6,139
n98a78ec71300a25f,n98a78ec71300a25f,139
n2eff3e3ff782bc5f,n2eff3e3ff782bc5f,139
nb55391db782cdabd,nb55391db782cdabd,139
nb0017bceeaace5c5,nb0017bceeaace5c5,139
nb1c8e71639407ab7,nb1c8e71639407ab7,139
n17865c18e56a0777,n17865c18e56a0777,139
n909e6be93b0528bb,n909e6be93b0528bb,139
n9b9e71b63cd52bfd,n9b9e71b63cd52bfd,139
na7f14f7a0a1f07b1,na7f14f7a0a1f07b1,139
na664d214ec0ce6f6,na664d214ec0ce6f6,139
nda6f4edaca73f771,nda6f4edaca73f771,139
n9757b1e793fd8ef9,n9757b1e793fd8ef9,140
n79074ab51fe2e265,n79074ab51fe2e265,140
n0654d47723fd7267,n0654d47723fd7267,140
nff0c82603ccb482b,nff0c82603ccb482b,140
nb3d450fb9861caab,nb3d450fb9861caab,140
n7ccc1b57b447af13,n7ccc1b57b447af13,140
naef32341838747f6,naef32341838747f6,140
ncf5dba37df6fbc06,ncf5dba37df6fbc06,140
nf38cd043aa8fe07b,nf38cd043aa8fe07b,140
n522fb44036aaf5fa,n522fb44036aaf5fa,140
n3e33843fb962296b,n3e33843fb962296b,140
naadfe5ebf855840e,naadfe5ebf855840e,140
nd68dbabb24ed4d1c,nd68dbabb24ed4d1c,140
nb6e878169b769a1a,nb6e878169b769a1a,140
n2f99861c65972452,n2f99861c65972452,140
n39fff6deb5574ffe,n39fff6deb5574ffe,140
n350a86fa747a025a,n350a86fa747a025a,140
n30d2d765df9a6cb7,n30d2d765df9a6cb7,140
na8981d10b04c6ee8,na8981d10b04c6ee8,140
n91a59a4571ca0761,n91a59a4571ca0761,140
n86b43960f0e1c14d,n86b43960f0e1c14d,140
n4dabe6400d5a1320,n4dabe6400d5a1320,140
n91a4c716b124e730,n91a4c716b124e730,141
nc0bbaf5c4d5a0444,nc0bbaf5c4d5a0444,141
nca2fb3889e914b35,nca2fb3889e914b35,141
n82b04a9cb5499326,n82b04a9cb5499326,141
n2df7e9d3c7c18c66,n2df7e9d3c7c18c66,141
nfd47ebed45c4c168,nfd47ebed45c4c168,141
n8441b62582cf8085,n8441b62582cf8085,141
n693460e117498ac4,n693460e117498ac4,141
n9a59db761498ab47,n9a59db761498ab47,141
n8cf792b5393436cb,n8cf792b5393436cb,141
n8de3464ca41e2200,n8de3464ca41e2200,141
na883fda12991d9cb,na883fda12991d9cb,141
nf5e036e6c6ec0288,nf5e036e6c6ec0288,141
n1aa6580e2b2620eb,n1aa6580e2b2620eb,141
n9b8db54b14eb33a8,n9b8db54b14eb33a8,141
n8db9f433090b6a9d,n8db9f433090b6a9d,141
nb2768e5a75ffc8fd,nb2768e5a75ffc8fd,141
n01d931e8e1a83fca,n01d931e8e1a83fca,141
n5f9a6753ac1aeeac,n5f9a6753ac1aeeac,141
n5c053c9b84380984,n5c053c9b84380984,141
n4bd89e499eb1e316,n4bd89e499eb1e316,141
nf720e09312ed63e4,nf720e09312ed63e4,141
n036c2a17f9fa7b59,n036c2a17f9fa7b59,141
ne7a40b3d5a4b8e75,ne7a40b3d5a4b8e75,141
nf1fe603c3c29628c,nf1fe603c3c29628c,141
n79d28e374957cc35,n79d28e374957cc35,141
n06445c525105d28e,n06445c525105d28e,142
n336fa2af473a0ddc,n336fa2af473a0ddc,142
n061ccd16c8ce587a,n061ccd16c8ce587a,142
na2bf183a4f022938,na2bf183a4f022938,142
n2858fb9505a00ec7,n2858fb9505a00ec7,142
nc00e7f23bb9999a6,nc00e7f23bb9999a6,142
n2d1cb8e1fa63bfb8,n2d1cb8e1fa63bfb8,142
n711b5b02900f72d7,n711b5b02900f72d7,142
nd7a2a8d0a8b5f0de,nd7a2a8d0a8b5f0de,142
n880d7cef0aeb7ff4,n880d7cef0aeb7ff4,142
n8782accdf18e90fd,n8782accdf18e90fd,142
n4020926a231a8668,n4020926a231a8668,142
n7714b355eaf36bd6,n7714b355eaf36bd6,142
n49b19c9ffc125183,n49b19c9ffc125183,142
n547fcd993b65eec7,n547fcd993b65eec7,142
n8713d4d4fac3d6e6,n8713d4d4fac3d6e6,142
nb6aa941bf1cabdf6,nb6aa941bf1cabdf6,142
na525b560ffadd946,na525b560ffadd946,142
n73c749e05a767056,n73c749e05a767056,142
nc050885d34e3816f,nc050885d34e3816f,142
nc9475d08e9f198c5,nc9475d08e9f198c5,142
n1a1ad8562cce5449,n1a1ad8562cce5449,142
n248a16a922dffe45,n248a16a922dffe45,143
n2e2f3606d7e53927,n2e2f3606d7e53927,143
nad3904bf3287f306,nad3904bf3287f306,143
n24755cf1e128e22d,n24755cf1e128e22d,143
n44d0c42d59941c83,n44d0c42d59941c83,143
n00e96619f54e5ed8,n00e96619f54e5ed8,143
n8bc3c751eda8d389,n8bc3c751eda8d389,143
n74535edb6e613418,n74535edb6e613418,143
ncd6c8a1007cfd78e,ncd6c8a1007cfd78e,143
n29df43faf52a5ff8,n29df43faf52a5ff8,143
n78a6e1d75ffb03c8,n78a6e1d75ffb03c8,143
n636f04a3fb6e0e8b,n636f04a3fb6e0e8b,143
n55edc8d9c493ae1d,n55edc8d9c493ae1d,143
n12e6dce4ab6702d1,n12e6dce4ab6702d1,143
n1059853a07e102b1,n1059853a07e102b1,143
n94305ad38013b551,n94305ad38013b551,143
ndddd3852ed8c016b,ndddd3852ed8c016b,143
ndc4d7e72833a960e,ndc4d7e72833a960e,143
n3402382c3ff42f2f,n3402382c3ff42f2f,143
n4c7678c12cff680c,n4c7678c12cff680c,143
n0bf8373d88dd06d7,n0bf8373d88dd06d7,143
n7f375ebaa7d30a9a,n7f375ebaa7d30a9a,143
n07fbd362650bb9a2,n07fbd362650bb9a2,144
n2b9e2e6fbe5497cd,n2b9e2e6fbe5497cd,144
n0a0e7faeabd5277e,n0a0e7faeabd5277e,144
na6d95d95faa49b1c,na6d95d95faa49b1c,144
nbba7e58ea3bc8c65,nbba7e58ea3bc8c65,144
n9720e1681aee917c,n9720e1681aee917c,144
n877744a2f4614a2f,n877744a2f4614a2f,144
n8bd5fd978c4840e7,n8bd5fd978c4840e7,144
ndc7c03bcf251d177,ndc7c03bcf251d177,144
nbc98b8eeae665fb4,nbc98b8eeae665fb4,144
n60e028f873bbf347,n60e028f873bbf347,144
n3ec992075baa7f05,n3ec992075baa7f05,144
n793ac77532660e4b,n793ac77532660e4b,144
n494217572bd5bb4c,n494217572bd5bb4c,144
n19c3b99c49836a5a,n19c3b99c49836a5a,144
n5bc61a2398ed2b8b,n5bc61a2398ed2b8b,144
n054dbfb200c70133,n054dbfb200c70133,144
n9599f482dcbbe187,n9599f482dcbbe187,144
n72403b30f20da305,n72403b30f20da305,144
n18c433236c79740b,n18c433236c79740b,144
n1f7d93bb202104cf,n1f7d93bb202104cf,144
n4ec948a718c42b02,n4ec948a718c42b02,144
n0881177e01d39521,n0881177e01d39521,145
nb1c5a1c46dd04e84,nb1c5a1c46dd04e84,145
n5f65d6322bdf949e,n5f65d6322bdf949e,145
ne7f78577c80f798f,ne7f78577c80f798f,145
n3b4e6786e7a235da,n3b4e6786e7a235da,145
n961e850a4f8aa723,n961e850a4f8aa723,145
n6610fe741af38b2f,n6610fe741af38b2f,145
n3d93854964146edb,n3d93854964146edb,145
n202f88e627976675,n202f88e627976675,145
ne87abbdcdfe70ef5,ne87abbdcdfe70ef5,145
n43f1086529e0bb15,n43f1086529e0bb15,145
nacee44d5d485c39e,nacee44d5d485c39e,145
n801b07d991610ec8,n801b07d991610ec8,145
n9c8f1da93071918f,n9c8f1da93071918f,145
n2ce4a501d258f6b2,n2ce4a501d258f6b2,145
nd1a2097c5ecfd347,nd1a2097c5ecfd347,145
n16b0ac0a2fe71d03,n16b0ac0a2fe71d03,145
n16da70aa23ae4469,n16da70aa23ae4469,145
ncd95eed1bdea9a1c,ncd95eed1bdea9a1c,145
n44e4622d4730d859,n44e4622d4730d859,145
n6ddd23f8c90efea2,n6ddd23f8c90efea2,145
n1ea7197c997fd512,n1ea7197c997fd512,145
nc805e9152520fdc4,nc805e9152520fdc4,145
n0361d0d00dbe2f9a,n0361d0d00dbe2f9a,145
nfc8d7fae80634c37,nfc8d7fae80634c37,145
ne8b705be2d9f4462,ne8b705be2d9f4462,145
nebd331501eab9d8e,nebd331501eab9d8e,146
n736950cb158264ac,n736950cb158264ac,146
nfe6bdaff8aab32f7,nfe6bdaff8aab32f7,146
n643ef5d7c7f36530,n643ef5d7c7f36530,146
n6616538ae407a652,n6616538ae407a652,146
n0a78326ede66165b,n0a78326ede66165b,146
n975a7b7d4ab8bdb7,n975a7b7d4ab8bdb7,146
n33f5f1b32ca4ce0a,n33f5f1b32ca4ce0a,146
n181fcfbf8894a80e,n181fcfbf8894a80e,146
n0c0862ba8d84de68,n0c0862ba8d84de68,146
nc25545bce1273ce3,nc25545bce1273ce3,146
n4cf335408895b68e,n4cf335408895b68e,146
nf98d54c168218199,nf98d54c168218199,146
na32d08a3173d1a13,na32d08a3173d1a13,146
n231eedf46bcf1d8e,n231eedf46bcf1d8e,146
nf7c05ace1829cd3f,nf7c05ace1829cd3f,146
n74fa86d325f63bf0,n74fa86d325f63bf0,146
n6e9623caf90a4492,n6e9623caf90a4492,146
nc8b2cad88fa59643,nc8b2cad88fa59643,146
n5906201dcf38de16,n5906201dcf38de16,146
nace014b6babeb85c,nace014b6babeb85c,146
na5cd8f1d84bbd892,na5cd8f1d84bbd892,146
nf094dd5387627d20,nf094dd5387627d20,146
nc19f2f45218905ab,nc19f2f45218905ab,146
n40dde2fb6ce1a564,n40dde2fb6ce1a564,146
n2280df55bf6eaca2,n2280df55bf6eaca2,146
n1cbb694ad6013885,n1cbb694ad6013885,147
nbb854c57b706c617,nbb854c57b706c617,147
n1f6ae2fc5b8ef98a,n1f6ae2fc5b8ef98a,147
n86bf051032e900d8,n86bf051032e900d8,147
nb94f597795ff7cf3,nb94f597795ff7cf3,147
n1a025538cc0f6da3,n1a025538cc0f6da3,147
n35dbfe1092c4e7f2,n35dbfe1092c4e7f2,147
n82708e8a423d37a8,n82708e8a423d37a8,147
ncaa2614f401fa779,ncaa2614f401fa779,147
n40c158f80aaca413,n40c158f80aaca413,147
n8db9ecf39f99ce7e,n8db9ecf39f99ce7e,147
n0ae5103502049ab1,n0ae5103502049ab1,147
n5ead1645f9ddd9aa,n5ead1645f9ddd9aa,147
ne3b9889522549d7f,ne3b9889522549d7f,147
nea2581d3f1504aba,nea2581d3f1504aba,147
n1f62317ff0f6e200,n1f62317ff0f6e200,147
nc55a093e212d0519,nc55a093e212d0519,147
n4b4de90579cea6ae,n4b4de90579cea6ae,147
nf1a37986109e9443,nf1a37986109e9443,147
n45216e6c13aa2b6c,n45216e6c13aa2b6c,147
nb57ed8ca8b32c1bd,nb57ed8ca8b32c1bd,147
n2aa468ca941f7acf,n2aa468ca941f7acf,147
ne1bdc8c54433d93d,ne1bdc8c54433d93d,147
nf0dd9dcfa372e172,nf0dd9dcfa372e172,147
n68b97c1820f8a223,n68b97c1820f8a223,147
n71efbdb463373764,n71efbdb463373764,148
n7d6919dca27ec1e9,n7d6919dca27ec1e9,148
n6a652cd1357c18d2,n6a652cd1357c18d2,148
n22c08e5e77656627,n22c08e5e77656627,148
nbb8a71b000eb3d9a,nbb8a71b000eb3d9a,148
n924b8d08efd6b79e,n924b8d08efd6b79e,148
nb4f64820dc263567,nb4f64820dc263567,148
nb905e7161cb51cfa,nb905e7161cb51cfa,148
n276cd67838c40bc4,n276cd67838c40bc4,148
n8c704b4b682e96fc,n8c704b4b682e96fc,148
n2cd86cc711777c77,n2cd86cc711777c77,148
n65e2fcb8bd45b57b,n65e2fcb8bd45b57b,148
nd2005ecb00e180ce,nd2005ecb00e180ce,148
n1cf3367012b37d85,n1cf3367012b37d85,148
nd1c72b2f1b531789,nd1c72b2f1b531789,148
n6753319f8b0054ec,n6753319f8b0054ec,148
na7f2afd7c73f0eff,na7f2afd7c73f0eff,148
nd9bf14a24873628d,nd9bf14a24873628d,148
nd0fe8c63da7e9117,nd0fe8c63da7e9117,148
n22ec3738fd91a951,n22ec3738fd91a951,148
n42399e8304b3a155,n42399e8304b3a155,148
nc66027e632492237,nc66027e632492237,148
n5614d46d30a60846,n5614d46d30a60846,148
n7b18232f48c30466,n7b18232f48c30466,148
n7e5ccfc3cd4d13a4,n7e5ccfc3cd4d13a4,149
n36e71aadf801ffe1,n36e71aadf801ffe1,149
n4e471a45ba5ca696,n4e471a45ba5ca696,149
n559e3d3692e9b9ac,n559e3d3692e9b9ac,149
n4b07139c100f2e58,n4b07139c100f2e58,149
n3e4fd69ec2b7fdd6,n3e4fd69ec2b7fdd6,149
n9a3419f66ef18934,n9a3419f66ef18934,149
nc4152d996c8dd2a9,nc4152d996c8dd2a9,149
n478b68621592c1f1,n478b68621592c1f1,149
n239881bc16d89703,n239881bc16d89703,149
n2c8ce334b6ad2829,n2c8ce334b6ad2829,149
n062e22286caf406e,n062e22286caf406e,149
n040facdcbe66486f,n040facdcbe66486f,149
nf45b5910c99ac7b1,nf45b5910c99ac7b1,149
n53b51a54104276cb,n53b51a54104276cb,149
n3a1a56acc0b05481,n3a1a56acc0b05481,149
n9009e6661e122bc5,n9009e6661e122bc5,149
n6eec646896692427,n6eec646896692427,149
nbbb279b42512c465,nbbb279b42512c465,149
n94a53f603b36447c,n94a53f603b36447c,149
nc2de2f7835743934,nc2de2f7835743934,150
ncf481de6a9f2b6c8,ncf481de6a9f2b6c8,150
n176846a3edee61ec,n176846a3edee61ec,150
n7ee3e6f216a4a7a4,n7ee3e6f216a4a7a4,150
nc724448167cef1ff,nc724448167cef1ff,150
nd02ead15f8487fc8,nd02ead15f8487fc8,150
n17e8ac147a8c19e1,n17e8ac147a8c19e1,150
n330e4bd653c45706,n330e4bd653c45706,150
n19a9684e1487c7eb,n19a9684e1487c7eb,150
n610ce1ade4e2adad,n610ce1ade4e2adad,150
n035b7f22ff7be9ce,n035b7f22ff7be9ce,150
n73a542622452357a,n73a542622452357a,150
nab23de46b8142508,nab23de46b8142508,150
n31997ae9ded70316,n31997ae9ded70316,150
n036ad439a7f08256,n036ad439a7f08256,150
ne111c6677a9218f5,ne111c6677a9218f5,150
n29c000dbf7e1cf2f,n29c000dbf7e1cf2f,150
n2f3e910ce42ba60d,n2f3e910ce42ba60d,150
nd06268cbb6f5ff73,nd06268cbb6f5ff73,150
na72dcd267947e94c,na72dcd267947e94c,150
nc54c296c281ec9f3,nc54c296c281ec9f3,150
n7b69a2731079a299,n7b69a2731079a299,150
nd717d4749b9c3cd3,nd717d4749b9c3cd3,150
nad9f1e696df03a24,nad9f1e696df03a24,150
n581fcd9a7fe307bb,n581fcd9a7fe307bb,150
n9db4352efdf7ab69,n9db4352efdf7ab69,150
nee70f5d53e2b723c,nee70f5d53e2b723c,150
nf9aa156d2dbe638b,nf9aa156d2dbe638b,151
nef881f79dec90066,nef881f79dec90066,151
na78a4aa27b5ed896,na78a4aa27b5ed896,151
n9f2e0b83aca3e2c9,n9f2e0b83aca3e2c9,151
n560e667c25e3d90e,n560e667c25e3d90e,151
n3bc3653c3840a5d2,n3bc3653c3840a5d2,151
n8e7cbd9cdd1a1345,n8e7cbd9cdd1a1345,151
nf2b24f28e70825f7,nf2b24f28e70825f7,151
nd539778d1e77098b,nd539778d1e77098b,151
n7f7fa5fbd59ce477,n7f7fa5fbd59ce477,151
n40ce6767627f63fd,n40ce6767627f63fd,151
n86ea6beff2b2a85b,n86ea6beff2b2a85b,151
nbbca5478cc37cf3f,nbbca5478cc37cf3f,151
n7c447223af719498,n7c447223af719498,151
n67d0e33187917ace,n67d0e33187917ace,151
n6339b6ec266f745d,n6339b6ec266f745d,151
na8402dde3c522975,na8402dde3c522975,151
nc8a7fcf4a8974176,nc8a7fcf4a8974176,151
n086c4ad053131424,n086c4ad053131424,151
na1407cee1f276412,na1407cee1f276412,151
nd3cb27cd535a58ee,nd3cb27cd535a58ee,151
n01ee451e2845f9fd,n01ee451e2845f9fd,151
naf0a282e8910c5ae,naf0a282e8910c5ae,151
n19898b2769dfa7b4,n19898b2769dfa7b4,151
n1a90160ac490777d,n1a90160ac490777d,151
nef322cf3731784f2,nef322cf3731784f2,151
nf9e512e933c3fd76,nf9e512e933c3fd76,151
n38464dab01d571f6,n38464dab01d571f6,151
n457601d3da483bf2,n457601d3da483bf2,151
n80a052675d6a048b,n80a052675d6a048b,151
n26b837fc76cd2768,n26b837fc76cd2768,152
nba0bf949fc46e886,nba0bf949fc46e886,152
nfe12a75aa6a486a0,nfe12a75aa6a486a0,152
n9f61b3aa9d357053,n9f61b3aa9d357053,152
nf0d593ba1b243e09,nf0d593ba1b243e09,152
n85d26b055ac9946d,n85d26b055ac9946d,152
n36075955c5b81f15,n36075955c5b81f15,152
nc36cfe1b9a324029,nc36cfe1b9a324029,152
nf128798f01bf48e6,nf128798f01bf48e6,152
n9e5b5b12d7b7ee01,n9e5b5b12d7b7ee01,152
n459732f3d65c8f12,n459732f3d65c8f12,152
neb854f7273c7f5b5,neb854f7273c7f5b5,152
n00e9edf3ddffddb4,n00e9edf3ddffddb4,152
n90e914a6e4e334a5,n90e914a6e4e334a5,152
nd75041bb331ff78a,nd75041bb331ff78a,152
nb10dd4ffbe7b981d,nb10dd4ffbe7b981d,152
n2ba14f05f3d0eb0f,n2ba14f05f3d0eb0f,152
ndda99525f0437a2c,ndda99525f0437a2c,152
n931ca0696028cf7c,n931ca0696028cf7c,152
n54b048307e716879,n54b048307e716879,152
ncec496c59d735330,ncec496c59d735330,152
nb1e0c2cc00f3bc5e,nb1e0c2cc00f3bc5e,152
nf641d5e7e65cd668,nf641d5e7e65cd668,152
nd81314c33b324368,nd81314c33b324368,152
n8550978fc6120d07,n8550978fc6120d07,152
n2c6ce69d4203005f,n2c6ce69d4203005f,152
nf6f8df61e7869e30,nf6f8df61e7869e30,152
nf5dc574e6aa25f8f,nf5dc574e6aa25f8f,152
na5cca5dc7c12cbb4,na5cca5dc7c12cbb4,152
n0bb27abe87fba63f,n0bb27abe87fba63f,152
ne3fabc0a5e865bed,ne3fabc0a5e865bed,153
ne8e651aff1907c20,ne8e651aff1907c20,153
n06c04e00aef04e84,n06c04e00aef04e84,153
n3b06a08df7df9b9e,n3b06a08df7df9b9e,153
nf106da2c38c6bea7,nf106da2c38c6bea7,153
n894a771ded3aad50,n894a771ded3aad50,153
n25059c76e7642bbe,n25059c76e7642bbe,153
nce0efd5b312b30db,nce0efd5b312b30db,153
nb78290e2799062a5,nb78290e2799062a5,153
n6c1270ba3d6a4457,n6c1270ba3d6a4457,153
n6cb34f9ba0f6ae29,n6cb34f9ba0f6ae29,153
n5c0bc1db48396cce,n5c0bc1db48396cce,153
n1eb16ff70351a93c,n1eb16ff70351a93c,153
n5220e43165210355,n5220e43165210355,153
n598335bbfd825e72,n598335bbfd825e72,153
n8e52113fa2325e2e,n8e52113fa2325e2e,153
n962838eb62aef721,n962838eb62aef721,153
nc3a3a0682ffc5c86,nc3a3a0682ffc5c86,153
n6033ac9e810ced3a,n6033ac9e810ced3a,153
n947f79c5e57f6e1a,n947f79c5e57f6e1a,153
n0fb2389fff4d6a99,n0fb2389fff4d6a99,153
n1fb16ef1f90acde2,n1fb16ef1f90acde2,153
n797847311b8580cc,n797847311b8580cc,153
n272052bdf282e3a6,n272052bdf282e3a6,153
n419589394f60a2bf,n419589394f60a2bf,153
na277df9d903fed9c,na277df9d903fed9c,153
ncef2ce0b87006b5b,ncef2ce0b87006b5b,153
nd3060123c8062432,nd3060123c8062432,153
n61c781045e6a9069,n61c781045e6a9069,153
n70b9f212fd55b4bc,n70b9f212fd55b4bc,153
nc279ef1bb6975d75,nc279ef1bb6975d75,154
n913ec3679e596614,n913ec3679e596614,154
n008f3d896f5a692b,n008f3d896f5a692b,154
nff3c92bcbd611259,nff3c92bcbd611259,154
naa171e8d24e6912c,naa171e8d24e6912c,154
n1ff4976cacb3ed30,n1ff4976cacb3ed30,154
n778b955fcc176332,n778b955fcc176332,154
n96e2ada6a07a2e70,n96e2ada6a07a2e70,154
n8cefee868b74380f,n8cefee868b74380f,154
n9609223bbd7f5760,n9609223bbd7f5760,154
n4ea2e705d849d30c,n4ea2e705d849d30c,154
n865da2cb8d7c011b,n865da2cb8d7c011b,154
ncbc0e880ff8c1910,ncbc0e880ff8c1910,154
n961e55f9429ceb81,n961e55f9429ceb81,154
nb13c76c652443313,nb13c76c652443313,154
n97d249d195ea74cc,n97d249d195ea74cc,154
nee054da7f847de97,nee054da7f847de97,154
n4434b302f68ef52a,n4434b302f68ef52a,154
n1897f5247b36e5a7,n1897f5247b36e5a7,154
n73ee858c76897b8e,n73ee858c76897b8e,154
n8504b5a3dc6de335,n8504b5a3dc6de335,154
n054ef8d252cecc5f,n054ef8d252cecc5f,154
n82922873f8635ea7,n82922873f8635ea7,154
na667fcfb52cc56e8,na667fcfb52cc56e8,154
nfd1909cd7f5598a0,nfd1909cd7f5598a0,154
n6e943fc25e0f75b2,n6e943fc25e0f75b2,154
nac95fe603c5f3bab,nac95fe603c5f3bab,154
n29af68ca0035c61a,n29af68ca0035c61a,154
ne7f4eb0390842854,ne7f4eb0390842854,154
n1b1433a7284fa3ac,n1b1433a7284fa3ac,154
n367e8d90ed5024bc,n367e8d90ed5024bc,154
n58861eb155d69126,n58861eb155d69126,154
nf6df9a107ef5eba3,nf6df9a107ef5eba3,154
n56517fda56fa641e,n56517fda56fa641e,154
n01e55c69c1019501,n01e55c69c1019501,154
nbc834a65233a36af,nbc834a65233a36af,154
nc9639f46218b8c1f,nc9639f46218b8c1f,154
na454bcb232f16a0e,na454bcb232f16a0e,155
ne69e446ca455475a,ne69e446ca455475a,155
na0b86d484e044017,na0b86d484e044017,155
nbeee9775cab7b18a,nbeee9775cab7b18a,155
ne957ce0cda2c3690,ne957ce0cda2c3690,155
nd8646b030f423e60,nd8646b030f423e60,155
n511c7db5fbd65ce9,n511c7db5fbd65ce9,155
n0c4e81be0d2d8cb2,n0c4e81be0d2d8cb2,155
n8c0b386b593ef21c,n8c0b386b593ef21c,155
n331fe497411fe82d,n331fe497411fe82d,155
n7502085e1992e9f4,n7502085e1992e9f4,155
ncbbd4a5f585c80f7,ncbbd4a5f585c80f7,155
n161cde11f1f6ba4e,n161cde11f1f6ba4e,155
n9d825cd774ae8ba6,n9d825cd774ae8ba6,155
n791cc8502858fa80,n791cc8502858fa80,155
n6497f68d047cc17b,n6497f68d047cc17b,155
n147739dfc063b582,n147739dfc063b582,155
nb5d0e98cd9f0bedb,nb5d0e98cd9f0bedb,155
n3629ce72ab6873e2,n3629ce72ab6873e2,155
n55b78fdcf542e586,n55b78fdcf542e586,155
n5e013ed4d44d0412,n5e013ed4d44d0412,156
n078b6885b205d1b7,n078b6885b205d1b7,156
n695413e9e2158dc8,n695413e9e2158dc8,156
nc285b0f88284fd08,nc285b0f88284fd08,156
nfbbb4c57b317df7b,nfbbb4c57b317df7b,156
ne2d39395179ef036,ne2d39395179ef036,156
n59c53ed95fb2f8e3,n59c53ed95fb2f8e3,156
nfa16cdc992eb1949,nfa16cdc992eb1949,156
n4813747b03008dff,n4813747b03008dff,156
n5ba9a55ca39d1316,n5ba9a55ca39d1316,156
ncafef2107f329f31,ncafef2107f329f31,156
n5233dc7f1f321e18,n5233dc7f1f321e18,156
nae1c28cf0b673ea5,nae1c28cf0b673ea5,156
n6cba05d4d80410d2,n6cba05d4d80410d2,156
n81b8a079bc227bd0,n81b8a079bc227bd0,156
ne349f8fe3e052458,ne349f8fe3e052458,156
n88c5d040ac8f1855,n88c5d040ac8f1855,156
n11fbc30ed1cdc166,n11fbc30ed1cdc166,156
nfd156ac6a4b4f72c,nfd156ac6a4b4f72c,156
n543daba791bd8e6b,n543daba791bd8e6b,156
n12308d9f76954f6f,n12308d9f76954f6f,156
n5f4cb3c7ecaf999e,n5f4cb3c7ecaf999e,156
ne97f7e9bdfec6843,ne97f7e9bdfec6843,156
n58ab1bc562501abb,n58ab1bc562501abb,156
n3124d1d78432f4f1,n3124d1d78432f4f1,156
nb4fa9068c654ca20,nb4fa9068c654ca20,156
n90a0af68c716e2d5,n90a0af68c716e2d5,156
n043e52018858812b,n043e52018858812b,157
n335b98e304d3d0fe,n335b98e304d3d0fe,157
na53a36d69994eb90,na53a36d69994eb90,157
nc0114384123850f4,nc0114384123850f4,157
n34b30b8d9978e162,n34b30b8d9978e162,157
n773f27dfd6ac9581,n773f27dfd6ac9581,157
nbfa48e492da1a640,nbfa48e492da1a640,157
n893aecdbe182cf29,n893aecdbe182cf29,157
n3be8b8ffd5f7cd71,n3be8b8ffd5f7cd71,157
n47967b03bbb6167f,n47967b03bbb6167f,157
n91743b5478f1377b,n91743b5478f1377b,157
ndf3b8c3ad49de9cc,ndf3b8c3ad49de9cc,157
n2266d32e6c719c3e,n2266d32e6c719c3e,157
n38abd8ed9a2e524a,n38abd8ed9a2e524a,157
n33ac30e73145ece2,n33ac30e73145ece2,157
n1d0a01f48bff8caf,n1d0a01f48bff8caf,157
ndc221c337abee985,ndc221c337abee985,157
n41e375f2974bd20d,n41e375f2974bd20d,157
nf5043a5bf5f9a644,nf5043a5bf5f9a644,157
n708a31c9c67f96bb,n708a31c9c67f96bb,157
nec5b999fe5436edd,nec5b999fe5436edd,157
nbf917751a1fb39c7,nbf917751a1fb39c7,157
n41d73348fcaba990,n41d73348fcaba990,157
n9fc46c8ee7891b52,n9fc46c8ee7891b52,157
nc70d2d83f7740259,nc70d2d83f7740259,157
n0a7732b3b2d62e6c,n0a7732b3b2d62e6c,157
n0bd4670c0367fed8,n0bd4670c0367fed8,157
n30d729afa3bd7912,n30d729afa3bd7912,158
ncee09db4a58de7b2,ncee09db4a58de7b2,158
nd69a86b03f7471c0,nd69a86b03f7471c0,158
nac9b0cac2555ac06,nac9b0cac2555ac06,158
n26f70477de4a1c16,n26f70477de4a1c16,158
ndf676cac4132986c,ndf676cac4132986c,158
na8ab33f9b84af19c,na8ab33f9b84af19c,158
n007873b4c3b644f1,n007873b4c3b644f1,158
ndce8ec5e328607b7,ndce8ec5e328607b7,158
nffbe57754030f2d8,nffbe57754030f2d8,158
n9ad2fe470a9f1e08,n9ad2fe470a9f1e08,158
ncb0732f2b0cfd702,ncb0732f2b0cfd702,158
nf437366f15178490,nf437366f15178490,158
n1de62bc5b9d8dc10,n1de62bc5b9d8dc10,158
n3780a958ef6dc6e6,n3780a958ef6dc6e6,158
nf5d62c961ab04e4e,nf5d62c961ab04e4e,158
n9dfc5a7b04e15bd5,n9dfc5a7b04e15bd5,158
n0ca717e18c311ed8,n0ca717e18c311ed8,158
n7c71f2ae34771359,n7c71f2ae34771359,158
nb477dccaefaf4a49,nb477dccaefaf4a49,158
n820f8288128921f3,n820f8288128921f3,158
n88456dcd506aad75,n88456dcd506aad75,158
n60daf52085ec66cc,n60daf52085ec66cc,158
n3ba24ec0b0d5512b,n3ba24ec0b0d5512b,158
nc3ec47b21440b7ad,nc3ec47b21440b7ad,158
n0a4507ffec7a765b,n0a4507ffec7a765b,159
nfe5cd96f497bc919,nfe5cd96f497bc919,159
n120d694fbbc4eab4,n120d694fbbc4eab4,159
nf769a463925844e7,nf769a463925844e7,159
nc71d24d71cb7f464,nc71d24d71cb7f464,159
nf18316f2485a3bc8,nf18316f2485a3bc8,159
nc8b1de6c22219797,nc8b1de6c22219797,159
nc6fab46bc3a683ed,nc6fab46bc3a683ed,159
n9a5c492d95725625,n9a5c492d95725625,159
ne30d2cc9172e32cc,ne30d2cc9172e32cc,159
n34f8cc2c3f66d2f2,n34f8cc2c3f66d2f2,159
nd20f603e45944c24,nd20f603e45944c24,159
n41d746f798da5347,n41d746f798da5347,159
ncdeb7845dec7e13d,ncdeb7845dec7e13d,159
nf44dd483a26019c4,nf44dd483a26019c4,159
n1894f18c828d1684,n1894f18c828d1684,159
n8e00fbc9cdc9a89d,n8e00fbc9cdc9a89d,159
n5a8eedb9dd8957d4,n5a8eedb9dd8957d4,159
n4092d7d37788cd3f,n4092d7d37788cd3f,159
n34bebc95cf01311e,n34bebc95cf01311e,159
n8da2ef6288e50628,n8da2ef6288e50628,159
n2595af018b23c865,n2595af018b23c865,159
nbfdd9e870459151a,nbfdd9e870459151a,159
nd08dec1ee47d39b6,nd08dec1ee47d39b6,159
nb6eaf181ca53ec6e,nb6eaf181ca53ec6e,160
n1ca803827df1e4a7,n1ca803827df1e4a7,160
n9d3e7e04b8b1d42d,n9d3e7e04b8b1d42d,160
nb1632635b6802ca0,nb1632635b6802ca0,160
nc8e14a0eaf4fc74b,nc8e14a0eaf4fc74b,160
n135cedb780f59835,n135cedb780f59835,160
n2e9b20c8432e08f4,n2e9b20c8432e08f4,160
nf969110d9dcefa21,nf969110d9dcefa21,160
nd6e220ba9bf31472,nd6e220ba9bf31472,160
n270c101d61dcccc5,n270c101d61dcccc5,160
n7aed8dc052ab1631,n7aed8dc052ab1631,160
neb9f1ab5cf439150,neb9f1ab5cf439150,160
nf29fc933ebb3453f,nf29fc933ebb3453f,160
n462dfe5999a2e7fd,n462dfe5999a2e7fd,160
n79aa19bf316e0e03,n79aa19bf316e0e03,160
nbc1e3168baf62f57,nbc1e3168baf62f57,160
ne401ff86ee81f6ef,ne401ff86ee81f6ef,160
nc32492d1c269a2e0,nc32492d1c269a2e0,160
na270302e9e42f783,na270302e9e42f783,160
n303dad1f6d7cc1b7,n303dad1f6d7cc1b7,160
n173fcbb3c321cd29,n173fcbb3c321cd29,160
n178cb4ae148a44e4,n178cb4ae148a44e4,160
n807d9f57af57ceb6,n807d9f57af57ceb6,160
n92207ef9f554941c,n92207ef9f554941c,160
n8b9381db8c6a69ce,n8b9381db8c6a69ce,161
n0a698832c425ee4c,n0a698832c425ee4c,161
ndff34f5cf0a46f04,ndff34f5cf0a46f04,161
n394245ff56460a80,n394245ff56460a80,161
n007cedf29bbb092f,n007cedf29bbb092f,161
n9cba611e16dbd359,n9cba611e16dbd359,161
n203db6dc850ab3b3,n203db6dc850ab3b3,161
n4ade6a544bdd873d,n4ade6a544bdd873d,161
n0d7741690943f40c,n0d7741690943f40c,161
nd640602bcb16ab83,nd640602bcb16ab83,161
n837d6b8c3e36ca5d,n837d6b8c3e36ca5d,161
n18a8827e2921bd17,n18a8827e2921bd17,161
na869096c86f16900,na869096c86f16900,161
n0ef5fe179e039b46,n0ef5fe179e039b46,161
nc26c463fddb37fe9,nc26c463fddb37fe9,161
nfe81da6b5262b862,nfe81da6b5262b862,161
na3ad3b2598ad8c16,na3ad3b2598ad8c16,161
n370302095af89be0,n370302095af89be0,161
n064fb6d2b678438b,n064fb6d2b678438b,161
n2bba221258a50d93,n2bba221258a50d93,161
n8932d598b772a9c4,n8932d598b772a9c4,161
nd16ef567056b076e,nd16ef567056b076e,161
n86fd065b30897580,n86fd065b30897580,161
nf692f0f7fd83a5b0,nf692f0f7fd83a5b0,162
n75fb8f6eacd1f57d,n75fb8f6eacd1f57d,162
n4514edc60b61b3b1,n4514edc60b61b3b1,162
n3704a92f3287f512,n3704a92f3287f512,162
n625bc0faf28240bd,n625bc0faf28240bd,162
naaab0ebacd827d3d,naaab0ebacd827d3d,162
n4a2f800d9e1fe51a,n4a2f800d9e1fe51a,162
n3a8af67ff898e5d2,n3a8af67ff898e5d2,162
n2c27cd42afc56b9f,n2c27cd42afc56b9f,162
na3e751df40067803,na3e751df40067803,162
n4fe7cb7ecbe6c105,n4fe7cb7ecbe6c105,162
na334bda6e95b92b3,na334bda6e95b92b3,162
neb7e0ffe1a0bc846,neb7e0ffe1a0bc846,162
nbac40d2d83d8510d,nbac40d2d83d8510d,162
n736e2a573044c0a8,n736e2a573044c0a8,162
nafddd24831550e05,nafddd24831550e05,162
ndcb6ff36ad281e93,ndcb6ff36ad281e93,162
n3f31bd14161a27a4,n3f31bd14161a27a4,162
n5491b1d1ca3e464c,n5491b1d1ca3e464c,162
n05c88e9f9b70d34a,n05c88e9f9b70d34a,162
ned0ce5917af38190,ned0ce5917af38190,162
n9ecefe5e7f8bc923,n9ecefe5e7f8bc923,163
n9e05040f147bc775,n9e05040f147bc775,163
n598e83fe73d78161,n598e83fe73d78161,163
n6a30bf0e1ede6f00,n6a30bf0e1ede6f00,163
n6c4f06a20de72dcf,n6c4f06a20de72dcf,163
nb115eb507b94e807,nb115eb507b94e807,163
n4cfa23615485e027,n4cfa23615485e027,163
n7be63ae0100a42ce,n7be63ae0100a42ce,163
nc87c39947fb883ff,nc87c39947fb883ff,163
n9b7089ecd7a7458c,n9b7089ecd7a7458c,163
ne71266e6129a9786,ne71266e6129a9786,163
n0b62b3bda5ca8da3,n0b62b3bda5ca8da3,163
n606b95c5bc91846d,n606b95c5bc91846d,163
n6f86c3a3adc24d86,n6f86c3a3adc24d86,164
n6ffee8deec0def96,n6ffee8deec0def96,164
n0abedb68b9bf4010,n0abedb68b9bf4010,164
n2784aaf1e501c21c,n2784aaf1e501c21c,164
n0151df02edcfda59,n0151df02edcfda59,164
nee29cc87b2061669,nee29cc87b2061669,164
n3cef98127e7caba5,n3cef98127e7caba5,164
n61809d160bfe262e,n61809d160bfe262e,164
n3afdbbcbbc70b230,n3afdbbcbbc70b230,164
n68b23c1d57997562,n68b23c1d57997562,164
n4d4b61c786fd4dc2,n4d4b61c786fd4dc2,164
nb076824aa4df13ab,nb076824aa4df13ab,164
n0b23e0ba673a757d,n0b23e0ba673a757d,164
n9d5d450c980d1a5f,n9d5d450c980d1a5f,164
n908bb9480e91422f,n908bb9480e91422f,164
n247f1d4418b5f736,n247f1d4418b5f736,164
ne1591e428c0d905a,ne1591e428c0d905a,164
n1accf28dd4ddb0fd,n1accf28dd4ddb0fd,164
nab8193d4154ebb64,nab8193d4154ebb64,164
ncd384f9497b90712,ncd384f9497b90712,165
nf04309512f73ebc8,nf04309512f73ebc8,165
n492a099f4e8d03af,n492a099f4e8d03af,165
n063c6bbcb0bd1d09,n063c6bbcb0bd1d09,165
n21347f6545d568cb,n21347f6545d568cb,165
nbee88597dab2040a,nbee88597dab2040a,165
n060087aee271b178,n060087aee271b178,165
n25694cba4bdfaab8,n25694cba4bdfaab8,165
n7cb53fa6ac202f04,n7cb53fa6ac202f04,165
nf78b95a4a6cfecbb,nf78b95a4a6cfecbb,165
n42df5130e4cae0e1,n42df5130e4cae0e1,165
n2a4051e90e3caa62,n2a4051e90e3caa62,165
n24c5cfd100f2f8bf,n24c5cfd100f2f8bf,165
nab6df48d420751fc,nab6df48d420751fc,165
n91d8550d17dbbb02,n91d8550d17dbbb02,165
n56133a5a40228b42,n56133a5a40228b42,165
n9e708dd28d326f83,n9e708dd28d326f83,166
n5b60069413bd51b1,n5b60069413bd51b1,166
naabe8a90dd139529,naabe8a90dd139529,166
n1a0b968d94ae9edb,n1a0b968d94ae9edb,166
n015d381df177e95e,n015d381df177e95e,166
neda3b53e98e4fcb9,neda3b53e98e4fcb9,166
naab2b94272803b4f,naab2b94272803b4f,166
n429bfceb0659e6f9,n429bfceb0659e6f9,166
n3fa2ee2bcec38c2d,n3fa2ee2bcec38c2d,166
nf6d7e742345612db,nf6d7e742345612db,166
n2bba51cd6b9dcf70,n2bba51cd6b9dcf70,166
n3b3370e42dcbb4a1,n3b3370e42dcbb4a1,166
nccc3368c10e99514,nccc3368c10e99514,166
n63192ec3cfe1308b,n63192ec3cfe1308b,166
n558f4adb00f0173d,n558f4adb00f0173d,166
n27cd2de9f4b5999e,n27cd2de9f4b5999e,166
n39ba1a1e6fc0a4b8,n39ba1a1e6fc0a4b8,166
n9158f097eb1f0d44,n9158f097eb1f0d44,166
nf01e850e3347a620,nf01e850e3347a620,166
n1fd9fcb0b7986d67,n1fd9fcb0b7986d67,167
ne822454dcbac0c3a,ne822454dcbac0c3a,167
n540b3b93a0daa6d7,n540b3b93a0daa6d7,167
n54db9a0046a72cb0,n54db9a0046a72cb0,167
n6d76919e11b5b46f,n6d76919e11b5b46f,167
n8a7170c398485192,n8a7170c398485192,167
n141056f9aa24e3e8,n141056f9aa24e3e8,167
nea9c3bbae5c18eb2,nea9c3bbae5c18eb2,167
n10c0b897e7a876e4,n10c0b897e7a876e4,167
nf46670ca21e9ece0,nf46670ca21e9ece0,167
ndf0b5e103172f79f,ndf0b5e103172f79f,167
nffd00456478f9dc1,nffd00456478f9dc1,167
n385f6ad84f4318c7,n385f6ad84f4318c7,167
n5261e5dd1492942d,n5261e5dd1492942d,167
nd7a46f6e4f30becb,nd7a46f6e4f30becb,167
ndcccd493a9e2d795,ndcccd493a9e2d795,167
n219d95953a308383,n219d95953a308383,167
ndad77d3afdcd060b,ndad77d3afdcd060b,167
ne2e16461930c644e,ne2e16461930c644e,167
n87bba27266220998,n87bba27266220998,167
n7c43f506fedeb16d,n7c43f506fedeb16d,167
nd2d9439e97ec3330,nd2d9439e97ec3330,167
nbed14e363efd4c11,nbed14e363efd4c11,167
nb9bc2d2b5d58e814,nb9bc2d2b5d58e814,167
nfc73307ae20babca,nfc73307ae20babca,168
ne180ecd02ddc0bc6,ne180ecd02ddc0bc6,168
nf83585e38fe761cd,nf83585e38fe761cd,168
ndd3f9b0cc12ea16e,ndd3f9b0cc12ea16e,168
n248d22e21f76619b,n248d22e21f76619b,168
n1ea2c778328e9261,n1ea2c778328e9261,168
n6a36e4a32e55e7b2,n6a36e4a32e55e7b2,168
n3b2cf79e3b0e670b,n3b2cf79e3b0e670b,168
n58032e148e270c9e,n58032e148e270c9e,168
nbd4c3fd1e863590f,nbd4c3fd1e863590f,168
n1d216d80d54dcef0,n1d216d80d54dcef0,168
na73e795ba0c6a199,na73e795ba0c6a199,168
n635538821c661ef8,n635538821c661ef8,168
n17da6472122d595d,n17da6472122d595d,168
ne8d3e9960b8787d4,ne8d3e9960b8787d4,168
nb73f73f55239cb69,nb73f73f55239cb69,168
nd91b6af9df6b67ca,nd91b6af9df6b67ca,168
n1fca18077d81cc69,n1fca18077d81cc69,168
n7ec425ebf256cb55,n7ec425ebf256cb55,168
ncc2780d516cd9767,ncc2780d516cd9767,168
n47d5286ca58d8676,n47d5286ca58d8676,168
nae07d3a6b89f08fc,nae07d3a6b89f08fc,169
nc82fa10d428c67d3,nc82fa10d428c67d3,169
nba8084a9a7ecbce3,nba8084a9a7ecbce3,169
ndb5e5e22542dafa5,ndb5e5e22542dafa5,169
nf7988ec57b278db7,nf7988ec57b278db7,169
nf81579286e79ed09,nf81579286e79ed09,169
nc665eee002374924,nc665eee002374924,169
n85932711a90acdd4,n85932711a90acdd4,169
nc20c31c686a814ad,nc20c31c686a814ad,169
n79cee25b368b29bd,n79cee25b368b29bd,169
na37281618f4fb0e7,na37281618f4fb0e7,169
ne42b587fb40869ff,ne42b587fb40869ff,169
n6c410a6ef3565d5c,n6c410a6ef3565d5c,169
n92e60168e8dbae69,n92e60168e8dbae69,169
nb013b46bcc5e9029,nb013b46bcc5e9029,169
n2c2bbfaac961c3dd,n2c2bbfaac961c3dd,169
n56e79009bc38214c,n56e79009bc38214c,169
n6db3298542d29ce0,n6db3298542d29ce0,169
n518a0df2de87491e,n518a0df2de87491e,169
n024a760ae3047390,n024a760ae3047390,169
nb665e4dc28c293f7,nb665e4dc28c293f7,170
n16e1e6cadc21756a,n16e1e6cadc21756a,170
ncfc315ac10028463,ncfc315ac10028463,170
n4deeb5fa32094195,n4deeb5fa32094195,170
nf7e11644212fd7dc,nf7e11644212fd7dc,170
n23e4e88c654b623a,n23e4e88c654b623a,170
nfeda4b214ba3689a,nfeda4b214ba3689a,170
n66b328f526c1bfce,n66b328f526c1bfce,170
n4979bc1d555f6724,n4979bc1d555f6724,170
nad4311769b260d43,nad4311769b260d43,170
nc3f35d2eb1ac80f8,nc3f35d2eb1ac80f8,170
n80c7f00eae34d572,n80c7f00eae34d572,170
n44da7da89c17aa6d,n44da7da89c17aa6d,170
n16862524116182b7,n16862524116182b7,170
na9afe87745be2282,na9afe87745be2282,170
n3e1e6cbc81c10f1b,n3e1e6cbc81c10f1b,170
n46803d4d00e1c145,n46803d4d00e1c145,170
n3fafd34667d29285,n3fafd34667d29285,170
nd9193b98d89e9759,nd9193b98d89e9759,170
n1c470bb21f8cd5b3,n1c470bb21f8cd5b3,170
n6d1511c4610a7973,n6d1511c4610a7973,170
ncc2994b6c29fa309,ncc2994b6c29fa309,170
ncaff1fa89cf8345b,ncaff1fa89cf8345b,170
nef4339fb8f7c0dfa,nef4339fb8f7c0dfa,170
n8ffca7f38ce901d6,n8ffca7f38ce901d6,170
n13b859c90a9094e5,n13b859c90a9094e5,170
n8b4f2a8afaafd691,n8b4f2a8afaafd691,170
n914f450ba04d7809,n914f450ba04d7809,170
n018c23f1989dbaa5,n018c23f1989dbaa5,170
n976a8ed0a56dccba,n976a8ed0a56dccba,170
nad8182de0b155496,nad8182de0b155496,171
ne2f14159c3d30f2f,ne2f14159c3d30f2f,171
nc8e5e4c1fbe72f00,nc8e5e4c1fbe72f00,171
n80db087f648b2e1a,n80db087f648b2e1a,171
neded587aa4643455,neded587aa4643455,171
n064359ccc633814c,n064359ccc633814c,171
nc21c06f753edddf5,nc21c06f753edddf5,171
nbf94174125f65502,nbf94174125f65502,171
nf0342dbc99d48fb6,nf0342dbc99d48fb6,171
nb13de279eb4d46dd,nb13de279eb4d46dd,171
na21cac35c079774e,na21cac35c079774e,171
n14c10c702d55d3c6,n14c10c702d55d3c6,171
n1e7bfb900c48df0b,n1e7bfb900c48df0b,171
n9b9fc24f33b5b314,n9b9fc24f33b5b314,171
n09d26a39ec77e3f8,n09d26a39ec77e3f8,171
n366b41731b37b086,n366b41731b37b086,171
n7fa74dfacccdcf91,n7fa74dfacccdcf91,171
n6e81029601153f31,n6e81029601153f31,171
n97bff715ce4ceca4,n97bff715ce4ceca4,171
n1d7a16cdf7c48625,n1d7a16cdf7c48625,171
n22e085be1a71972a,n22e085be1a71972a,171
n394ea17b6eb68fdd,n394ea17b6eb68fdd,171
n2b7f7e266251dc6a,n2b7f7e266251dc6a,171
ncdcfa20b800742a6,ncdcfa20b800742a6,171
nd54b99b41104a65e,nd54b99b41104a65e,171
n0527d0dd08164b0e,n0527d0dd08164b0e,171
n60a11d3c348be643,n60a11d3c348be643,171
nec9552bada1adf51,nec9552bada1adf51,171
n64b66b4a9d4519c8,n64b66b4a9d4519c8,171
n56d84f440a894621,n56d84f440a894621,171
n38d162318bcaf7e6,n38d162318bcaf7e6,172
n02aa3f892cf2d2c1,n02aa3f892cf2d2c1,172
n7ead695f197dfaeb,n7ead695f197dfaeb,172
n83b6502c3ab5135a,n83b6502c3ab5135a,172
n5835766ec5b3e285,n5835766ec5b3e285,172
nf98582b5a74e421a,nf98582b5a74e421a,172
n10848a3d7a5ee655,n10848a3d7a5ee655,172
n3261f9838f4023d8,n3261f9838f4023d8,172
n5074362b047b417a,n5074362b047b417a,172
ndd2f5298b4bfb814,ndd2f5298b4bfb814,172
n7209ef9cbcaf9f61,n7209ef9cbcaf9f61,172
n8c8dfb2ec1aa7333,n8c8dfb2ec1aa7333,172
n89cf2e168736c91d,n89cf2e168736c91d,172
nc2c59101eb7a34ee,nc2c59101eb7a34ee,172
n8bf5e6c002c5b5dc,n8bf5e6c002c5b5dc,172
nbb3d3b6cb393f19e,nbb3d3b6cb393f19e,172
n2deddee270431505,n2deddee270431505,172
n119ead70bad136db,n119ead70bad136db,172
n5e59495212d72fc1,n5e59495212d72fc1,172
n9c86bf54733dca32,n9c86bf54733dca32,172
n7260aab7cb01d5d7,n7260aab7cb01d5d7,172
n06f066be538b9ce2,n06f066be538b9ce2,172
n3766f2e574500094,n3766f2e574500094,172
n7661df71515347f8,n7661df71515347f8,172
n4154acf295afd4e5,n4154acf295afd4e5,172
n84097ec9074456ce,n84097ec9074456ce,172
ncee1a25d0fecb594,ncee1a25d0fecb594,172
n81179749bfa180f2,n81179749bfa180f2,172
n9506333249c1de32,n9506333249c1de32,172
n1696c3fd6272405d,n1696c3fd6272405d,173
n84201605f29d8276,n84201605f29d8276,173
ndbc17d768cc91de7,ndbc17d768cc91de7,173
n130df8640cfdab02,n130df8640cfdab02,173
n1312394f3092d77c,n1312394f3092d77c,173
nd57f8fd04fea3e1b,nd57f8fd04fea3e1b,173
n11ed34a219c50f09,n11ed34a219c50f09,173
n89e4f373c54abf75,n89e4f373c54abf75,173
n261f3131393cac48,n261f3131393cac48,173
n5e8f20b133ef39e0,n5e8f20b133ef39e0,173
nd7ed7365f90bd77d,nd7ed7365f90bd77d,173
n8ffd779286db772a,n8ffd779286db772a,173
nf4b176e197ce7eac,nf4b176e197ce7eac,173
nc3b46885fe8166e7,nc3b46885fe8166e7,173
n5aec1a8129c1bfa1,n5aec1a8129c1bfa1,173
nd583436640ea1407,nd583436640ea1407,173
nb3cf81b5742c524d,nb3cf81b5742c524d,173
nea394e83fa375e27,nea394e83fa375e27,173
nbba07baad6850dd3,nbba07baad6850dd3,173
n5fc9c82814a65dee,n5fc9c82814a65dee,173
n044071aa6b710dc2,n044071aa6b710dc2,173
n2d5f64af92833852,n2d5f64af92833852,173
n9f868c00f7d4d769,n9f868c00f7d4d769,173
n3d6562367f60e445,n3d6562367f60e445,173
n69338ef9324b0f99,n69338ef9324b0f99,173
n3859f4a558ddbdb7,n3859f4a558ddbdb7,174
n940bcd28ce065204,n940bcd28ce065204,174
ndd8dd681ae4d2f8a,ndd8dd681ae4d2f8a,174
nf6019cd83ce7454b,nf6019cd83ce7454b,174
n9c373a22c62b52e0,n9c373a22c62b52e0,174
n40c90f4beacc99e1,n40c90f4beacc99e1,174
n8fe8ef86a6d42226,n8fe8ef86a6d42226,174
n805072390e13a3ca,n805072390e13a3ca,174
ndbe040cd9e86e6eb,ndbe040cd9e86e6eb,174
n6fb6895b3950ab62,n6fb6895b3950ab62,174
n58af9bd251140b27,n58af9bd251140b27,174
n74f164ba285b3566,n74f164ba285b3566,174
ndfab2a231dd7259a,ndfab2a231dd7259a,174
n0120443d040a6c19,n0120443d040a6c19,174
na378decacc96ecb2,na378decacc96ecb2,174
n6c74b8e3d2dfba61,n6c74b8e3d2dfba61,174
n9e4e785042f07b1c,n9e4e785042f07b1c,174
na5ab51def434c482,na5ab51def434c482,174
n29d0baf3e6ac3383,n29d0baf3e6ac3383,174
n72ee94fe85570a79,n72ee94fe85570a79,174
n5de0b8f5a2915e33,n5de0b8f5a2915e33,174
n7222b3ca9a9738ec,n7222b3ca9a9738ec,174
n4c8f501e2a1fc623,n4c8f501e2a1fc623,174
nd1b5a37d3c869781,nd1b5a37d3c869781,174
n314852204269c50e,n314852204269c50e,174
n2bd4055b8e32beef,n2bd4055b8e32beef,174
n36b4e0f2430ea4b6,n36b4e0f2430ea4b6,175
n8b78faefbfb8896b,n8b78faefbfb8896b,175
n27f245993156f5d8,n27f245993156f5d8,175
n9bebe1e642d350da,n9bebe1e642d350da,175
nc8ebba821e1b22af,nc8ebba821e1b22af,175
n2af44142959116c5,n2af44142959116c5,175
ndef4a566a9b6fa1f,ndef4a566a9b6fa1f,175
n73ca0693b91fe2e1,n73ca0693b91fe2e1,175
n26faaf371529acf4,n26faaf371529acf4,175
ndfc39b80101182df,ndfc39b80101182df,175
n6f1ebf4e844d6a4f,n6f1ebf4e844d6a4f,175
nb18a0ce3d4b8e5d3,nb18a0ce3d4b8e5d3,175
n68aec4505c7529b4,n68aec4505c7529b4,175
n261bd6d8ed48ed25,n261bd6d8ed48ed25,175
n67d5c2df4a43bce6,n67d5c2df4a43bce6,175
n332e37d1eeddad5c,n332e37d1eeddad5c,175
n0a3ba8fdae3540e5,n0a3ba8fdae3540e5,175
nda2c73c114cc6b3f,nda2c73c114cc6b3f,175
nbe8568a3248b7141,nbe8568a3248b7141,175
n1b634d24b2373bd4,n1b634d24b2373bd4,175
ne4dfaca5612b9175,ne4dfaca5612b9175,175
n840c6f3ffa0e3c5d,n840c6f3ffa0e3c5d,175
n639acfa12d66c1c8,n639acfa12d66c1c8,176
nc77d8c40eae3bf9f,nc77d8c40eae3bf9f,176
nd89d846558b48885,nd89d846558b48885,176
n832ca216f6f263da,n832ca216f6f263da,176
nc3d9e3e77f6d7252,nc3d9e3e77f6d7252,176
nb15ef4d5aea4d1c6,nb15ef4d5aea4d1c6,176
n54793338dcdb180b,n54793338dcdb180b,176
n96c0f1d850281324,n96c0f1d850281324,176
n06cfbba509be00b1,n06cfbba509be00b1,176
n3f04e02cf4b2d2f2,n3f04e02cf4b2d2f2,176
nda31ac3333ea591b,nda31ac3333ea591b,176
ne99e44e8cd19cc31,ne99e44e8cd19cc31,176
n2f03fd4baa30017f,n2f03fd4baa30017f,176
n6460f9601689ac2c,n6460f9601689ac2c,176
n1efd03842ba6fccc,n1efd03842ba6fccc,176
n2267e0a957e23ef1,n2267e0a957e23ef1,176
n35fec594a2f3aeae,n35fec594a2f3aeae,176
nea1e809d74cf16ba,nea1e809d74cf16ba,176
n5c9419a69a19ae98,n5c9419a69a19ae98,176
ncaac58552849aa31,ncaac58552849aa31,176
n5e3db8986d140102,n5e3db8986d140102,176
nd456a8ddd468dd3f,nd456a8ddd468dd3f,177
n53d9c35605a2826a,n53d9c35605a2826a,177
n366b565f232558b7,n366b565f232558b7,177
n416dba5f28d4bb04,n416dba5f28d4bb04,177
n85276c04d2211f66,n85276c04d2211f66,177
n17a0d0f0c5c3d5d9,n17a0d0f0c5c3d5d9,177
nfa8fbbb48a33ce2f,nfa8fbbb48a33ce2f,177
n6f930b880d9480d6,n6f930b880d9480d6,177
na04a6563159a257d,na04a6563159a257d,177
nacf6d0077c2fca43,nacf6d0077c2fca43,177
n3d4e9da77bdce486,n3d4e9da77bdce486,177
nd7e7c2141f56bd56,nd7e7c2141f56bd56,177
n044aa1b06acf9fb3,n044aa1b06acf9fb3,177
n5b2aaf72b13c84ea,n5b2aaf72b13c84ea,177
ncd8d9788bea39ebe,ncd8d9788bea39ebe,177
n8ab46118e8f3db56,n8ab46118e8f3db56,177
nd397a599456f105f,nd397a599456f105f,177
n4235002f1dc337d7,n4235002f1dc337d7,177
nff0be9ca5b1a1ac5,nff0be9ca5b1a1ac5,177
n5ccb28375ae3a142,n5ccb28375ae3a142,177
n0649d6299a6dad7d,n0649d6299a6dad7d,177
n468e8c3ffdaef633,n468e8c3ffdaef633,178
nfc7d09c1cf3a56d2,nfc7d09c1cf3a56d2,178
n25531832f5e99a70,n25531832f5e99a70,178
ncc38c6dff0c45b20,ncc38c6dff0c45b20,178
n26f509adf0455adb,n26f509adf0455adb,178
n2849f52d3054a528,n2849f52d3054a528,178
n8496c0d8784ca857,n8496c0d8784ca857,178
n9e17a13ff2cbe045,n9e17a13ff2cbe045,178
nb75f3db64fb5b57d,nb75f3db64fb5b57d,178
n9566b660a6b5fb2e,n9566b660a6b5fb2e,178
n32cf4787a24503c8,n32cf4787a24503c8,178
n1c7e89cbb9aefc28,n1c7e89cbb9aefc28,178
n6a53df5499b58a9e,n6a53df5499b58a9e,178
ncef46552f7c5c145,ncef46552f7c5c145,178
nd5ad707585497c76,nd5ad707585497c76,178
n3d735c871f2c8e96,n3d735c871f2c8e96,178
n8e22b824eac262cd,n8e22b824eac262cd,178
n5f96773932d2524e,n5f96773932d2524e,178
n2568856ef27122f1,n2568856ef27122f1,178
ne3d2d20895bd2346,ne3d2d20895bd2346,178
n580bdcbf38520a51,n580bdcbf38520a51,179
ne4d3e1a9e2f736e4,ne4d3e1a9e2f736e4,179
n7c119604f0ee5bce,n7c119604f0ee5bce,179
n216b578a78faae19,n216b578a78faae19,179
nac37647a1809dc05,nac37647a1809dc05,179
n624fb86dc5d48b55,n624fb86dc5d48b55,179
n64ec58ea35260a7d,n64ec58ea35260a7d,179
n97146b22ae32b9e5,n97146b22ae32b9e5,179
n741769dff306edaa,n741769dff306edaa,179
n75bcbe4123766fc7,n75bcbe4123766fc7,179
n0ee841ff8e955b12,n0ee841ff8e955b12,179
nfdf5b8210c1f0c30,nfdf5b8210c1f0c30,179
nd2397f83bffacc6c,nd2397f83bffacc6c,179
n997461a52ad95959,n997461a52ad95959,179
nd1824a15d723316c,nd1824a15d723316c,179
n49155e683f3b0ae4,n49155e683f3b0ae4,179
n1b76edc467bfb43b,n1b76edc467bfb43b,179
n8d49ef22079e286a,n8d49ef22079e286a,179
neffb72f4c042507a,neffb72f4c042507a,179
n392b60e689ef6975,n392b60e689ef6975,179
n1d1e41b9cbc2a65c,n1d1e41b9cbc2a65c,179
n040119596629efb6,n040119596629efb6,179
n002fe36529ad0e81,n002fe36529ad0e81,179
nd3f8629adc492780,nd3f8629adc492780,179
n6471d701de9bf98b,n6471d701de9bf98b,179
nc9fb15884b039f58,nc9fb15884b039f58,179
n9d16ab554bff6143,n9d16ab554bff6143,179
ne493aece1d467a45,ne493aece1d467a45,179
n78edd320fb00a42f,n78edd320fb00a42f,180
nc1628c7a639faa2c,nc1628c7a639faa2c,180
nfabf879853562b5d,nfabf879853562b5d,180
n8440ef3b95cd6ffd,n8440ef3b95cd6ffd,180
n71de87a16fd0ebfa,n71de87a16fd0ebfa,180
n8aa5b6fb15191f21,n8aa5b6fb15191f21,180
n9448acc08cded89e,n9448acc08cded89e,180
n828d652e02d63efe,n828d652e02d63efe,180
n265735534f535730,n265735534f535730,180
n739aad5056ba4d8a,n739aad5056ba4d8a,180
nf2d1566f70fbf925,nf2d1566f70fbf925,180
n959f5e4072245c70,n959f5e4072245c70,180
n44c03c7534e7d22e,n44c03c7534e7d22e,180
nc673791c477830a9,nc673791c477830a9,180
nca6d43e9b47c5628,nca6d43e9b47c5628,180
nab8460417103a23b,nab8460417103a23b,180
n8b78578ff24fba14,n8b78578ff24fba14,180
ne19b2588392de50f,ne19b2588392de50f,180
n8d185bf9d62a84e8,n8d185bf9d62a84e8,180
n78db1eb786ce0604,n78db1eb786ce0604,180
na307598497970e7a,na307598497970e7a,180
nbf2e8dc371b482ba,nbf2e8dc371b482ba,180
nbcc5bf9185cb3356,nbcc5bf9185cb3356,180
nd80943acbec43ac3,nd80943acbec43ac3,180
nea6de352d2341dcd,nea6de352d2341dcd,180
nf6d1bba4528396d3,nf6d1bba4528396d3,180
n0851ea82f11954a6,n0851ea82f11954a6,181
n2a9205cc4ace4f2e,n2a9205cc4ace4f2e,181
nef7494a45bbdc64e,nef7494a45bbdc64e,181
n53252066f3c187b4,n53252066f3c187b4,181
nc41a652d16390602,nc41a652d16390602,181
n391daada053bd933,n391daada053bd933,181
nfc32bd21bafd2b59,nfc32bd21bafd2b59,181
n0a6d986105ba4c58,n0a6d986105ba4c58,181
n4cae107429f4979c,n4cae107429f4979c,181
n256f4753f0e0444e,n256f4753f0e0444e,181
n803554cef8ec2bc5,n803554cef8ec2bc5,181
n14f1edaa9a4d5bd7,n14f1edaa9a4d5bd7,181
n873f57fbd5a6340b,n873f57fbd5a6340b,181
na983b004e01cf483,na983b004e01cf483,181
n5bbc483e77760626,n5bbc483e77760626,181
nb0b0993d81a1608d,nb0b0993d81a1608d,181
ne8f48bcec3d59a97,ne8f48bcec3d59a97,181
n99e93f6b4f00e115,n99e93f6b4f00e115,181
nd7a10708ff88594a,nd7a10708ff88594a,181
n4e2144bd218f63a5,n4e2144bd218f63a5,181
n691527b0ad5aac85,n691527b0ad5aac85,182
n41d6084195b85bf4,n41d6084195b85bf4,182
n9e7b5fa9543c26b0,n9e7b5fa9543c26b0,182
n60022c580debac53,n60022c580debac53,182
n6d7bc066df2a193d,n6d7bc066df2a193d,182
na070a29bee3a3abb,na070a29bee3a3abb,182
nf50c57734dbc3657,nf50c57734dbc3657,182
naa734a19156ef8d5,naa734a19156ef8d5,182
n67ddd0bdd9e4c019,n67ddd0bdd9e4c019,182
naa9405e055f9b31b,naa9405e055f9b31b,182
n43bbca6044734a03,n43bbca6044734a03,182
nc9a11b9aea7fb7be,nc9a11b9aea7fb7be,182
n3c6b9218c6df88f4,n3c6b9218c6df88f4,182
nbcaf7252c7189107,nbcaf7252c7189107,182
n4962e56a99074a70,n4962e56a99074a70,182
n901b235c154d466b,n901b235c154d466b,182
n0f96ee4961f1a41b,n0f96ee4961f1a41b,182
n0cfeb0591723afe9,n0cfeb0591723afe9,182
ne613dffb77126f34,ne613dffb77126f34,182
nc9fba4a10ef1239b,nc9fba4a10ef1239b,182
ne3eccdb1e1811b64,ne3eccdb1e1811b64,183
n42dd02f4b7f847d1,n42dd02f4b7f847d1,183
n1522fb99a62f0223,n1522fb99a62f0223,183
n300ef2b5f490baf1,n300ef2b5f490baf1,183
n3473a0b8ed596fd0,n3473a0b8ed596fd0,183
ne049118b5ccf6939,ne049118b5ccf6939,183
n265c0a85ce374e95,n265c0a85ce374e95,183
n629c115a98328924,n629c115a98328924,183
nc63566690ba2acee,nc63566690ba2acee,183
na4655b1722c5d5ff,na4655b1722c5d5ff,183
n1413b41258a73f2c,n1413b41258a73f2c,183
n5d4ba714776cc9d5,n5d4ba714776cc9d5,183
ncee844e87e6fbb08,ncee844e87e6fbb08,183
n3507e7dbf52e89ff,n3507e7dbf52e89ff,183
n3333cde65014519a,n3333cde65014519a,183
n6624f77f92db5ed1,n6624f77f92db5ed1,183
n4a1deaa11349914b,n4a1deaa11349914b,183
n2c7b0163410a1b73,n2c7b0163410a1b73,183
n723dff32b453c2df,n723dff32b453c2df,183
nea7fd5ee816f3265,nea7fd5ee816f3265,183
n440d246e6769744c,n440d246e6769744c,183
n42ac99592224c009,n42ac99592224c009,183
n9087a9d195a5d6ec,n9087a9d195a5d6ec,183
n45159a90387b551a,n45159a90387b551a,183
n288ab7eb269675fb,n288ab7eb269675fb,183
n63f08965eead1d55,n63f08965eead1d55,183
n93f98f075a2ea17e,n93f98f075a2ea17e,184
n8dc39ca0c2bb3c8b,n8dc39ca0c2bb3c8b,184
nae0d428f0ceec48c,nae0d428f0ceec48c,184
ned271b2586855c14,ned271b2586855c14,184
n92a40d52c72e503d,n92a40d52c72e503d,184
n6dc727a7b76979d3,n6dc727a7b76979d3,184
ndbe6c5332145d576,ndbe6c5332145d576,184
n1000c83c092f11ba,n1000c83c092f11ba,184
n346e3d481389b5a3,n346e3d481389b5a3,184
n01cb239727493ae3,n01cb239727493ae3,184
nb2ce5b691679f1df,nb2ce5b691679f1df,184
n622ba2af074d39f7,n622ba2af074d39f7,184
n3ad01ad63707c30d,n3ad01ad63707c30d,184
n3d05a8e8457f6d58,n3d05a8e8457f6d58,184
ndbfefcc871335b70,ndbfefcc871335b70,184
n12f6993ec96fded4,n12f6993ec96fded4,184
nfdb33f1794f7a5f3,nfdb33f1794f7a5f3,184
nd75c85e55631badd,nd75c85e55631badd,184
nfbfd1fe2c21f6595,nfbfd1fe2c21f6595,184
n6adf742b7decaa40,n6adf742b7decaa40,184
n723466fc0b3c63ac,n723466fc0b3c63ac,184
ncc5be25816dfaebd,ncc5be25816dfaebd,184
n9d6cc27444740ba6,n9d6cc27444740ba6,185
n0d90ef0fabadcbf8,n0d90ef0fabadcbf8,185
nc9585088e28a6b02,nc9585088e28a6b02,185
na7cc647244241fec,na7cc647244241fec,185
nbea145ea374f7175,nbea145ea374f7175,185
nd9d1fef2846c3fe2,nd9d1fef2846c3fe2,185
n2f685d51f11514e3,n2f685d51f11514e3,185
n3d0d253de74b1e42,n3d0d253de74b1e42,185
nf9e874ee8fdf5024,nf9e874ee8fdf5024,185
n0ff8b1c90b9e4eb7,n0ff8b1c90b9e4eb7,185
nff4b4535fa0dd0fe,nff4b4535fa0dd0fe,185
n3e9d8b758d22f25e,n3e9d8b758d22f25e,185
nd9b591a2cf017ff7,nd9b591a2cf017ff7,185
n4f2704e135db59b5,n4f2704e135db59b5,185
nfa85f41e8ecb8448,nfa85f41e8ecb8448,185
n49e99aadceeeb045,n49e99aadceeeb045,185
nf2cb2778332a7362,nf2cb2778332a7362,185
n5998f179f0aac093,n5998f179f0aac093,185
nd02fb3b897bfd239,nd02fb3b897bfd239,185
n779d4d33b9c6bc7c,n779d4d33b9c6bc7c,185
n6f3fdea25eb0631e,n6f3fdea25eb0631e,185
n77024aa539150433,n77024aa539150433,185
nf3aa602d2a3717eb,nf3aa602d2a3717eb,185
n33f2e5c0d87c4078,n33f2e5c0d87c4078,186
n7bb033af6c1a3923,n7bb033af6c1a3923,186
n81b02b1c811ce638,n81b02b1c811ce638,186
n070d8c7370780cfa,n070d8c7370780cfa,186
n167bd94690f9235f,n167bd94690f9235f,186
nb1e745455182fe6b,nb1e745455182fe6b,186
nd812088645114c10,nd812088645114c10,186
n77bb75d835c6a67b,n77bb75d835c6a67b,186
n21d321ba333d8212,n21d321ba333d8212,186
nc53a762fcde0b9fb,nc53a762fcde0b9fb,186
n098ed4afb76b6794,n098ed4afb76b6794,186
nab64dcffd6f75e21,nab64dcffd6f75e21,186
nc9bdaf65b7eb8a16,nc9bdaf65b7eb8a16,186
nac51b7175a57dc1b,nac51b7175a57dc1b,186
nc11983f336af7c9a,nc11983f336af7c9a,186
n28bec12b5cd4936c,n28bec12b5cd4936c,186
n0f43324fac95dc79,n0f43324fac95dc79,186
n12254bb8bebd87d6,n12254bb8bebd87d6,186
ne8f9498c513d3744,ne8f9498c513d3744,186
naff630dd1ac862d9,naff630dd1ac862d9,186
n110e1925f2124d87,n110e1925f2124d87,186
n399cff82955f9f79,n399cff82955f9f79,186
nb29f33dc188bdb0b,nb29f33dc188bdb0b,186
n34732f830648ec22,n34732f830648ec22,187
n1aa21a5948a7714c,n1aa21a5948a7714c,187
n0a1c74bbe5e7c7d6,n0a1c74bbe5e7c7d6,187
nff8aea617ae446b5,nff8aea617ae446b5,187
n0cdcbf43631f8251,n0cdcbf43631f8251,187
n8facdf7fdc5a7e52,n8facdf7fdc5a7e52,187
n7bff3d473c12d9e6,n7bff3d473c12d9e6,187
n63d3b25f7becedcd,n63d3b25f7becedcd,187
n4b78ecae5c762452,n4b78ecae5c762452,187
n4e14ca65e54455a1,n4e14ca65e54455a1,187
n299d20832952ecfe,n299d20832952ecfe,187
n4a48da7c03bbb764,n4a48da7c03bbb764,187
nf73a2777992075ef,nf73a2777992075ef,187
n3af21144e8079621,n3af21144e8079621,187
n639899017d8ba892,n639899017d8ba892,187
n523ab413535e1d08,n523ab413535e1d08,187
n9a90552bfd35b044,n9a90552bfd35b044,187
ne196d5c80c105a79,ne196d5c80c105a79,187
n4cfe0e652a4d2840,n4cfe0e652a4d2840,187
n6a657e7634e740d8,n6a657e7634e740d8,187
n2a50ac631c5d4a20,n2a50ac631c5d4a20,187
nd239c38d4037fe19,nd239c38d4037fe19,187
nc940cbdb31722c9c,nc940cbdb31722c9c,187
n3db7dd85d529e73b,n3db7dd85d529e73b,187
n0c4e4e38095e385a,n0c4e4e38095e385a,187
ndee6130813c01f6d,ndee6130813c01f6d,187
n525c980c1e4b3c33,n525c980c1e4b3c33,188
n6cb86448ad29ad75,n6cb86448ad29ad75,188
nf8eced48c568ae67,nf8eced48c568ae67,188
n6f26effe6e8b749e,n6f26effe6e8b749e,188
n39afc3f72989dcb7,n39afc3f72989dcb7,188
n65e5ea35b60f4aa9,n65e5ea35b60f4aa9,188
n1ef4a0019b955c55,n1ef4a0019b955c55,188
n9273d234c5bf9c40,n9273d234c5bf9c40,188
nda84fa8490303cd5,nda84fa8490303cd5,188
nbdac52a11bc2f93d,nbdac52a11bc2f93d,188
ndf44054304728ad4,ndf44054304728ad4,188
n7350262a09a9b046,n7350262a09a9b046,188
nc655021416185f59,nc655021416185f59,188
neddb22b653beea03,neddb22b653beea03,188
ne933c014f255ad37,ne933c014f255ad37,188
n0252661dadad96a0,n0252661dadad96a0,188
n520e0eb38aa35ebb,n520e0eb38aa35ebb,188
nb57ffd2a849f5fe0,nb57ffd2a849f5fe0,188
n38367867d224b064,n38367867d224b064,188
nac8e98a059fd6ed6,nac8e98a059fd6ed6,189
n97bc5d5c2664a173,n97bc5d5c2664a173,189
n2b8778313a318d79,n2b8778313a318d79,189
n44b82cac47833e06,n44b82cac47833e06,189
n26ba662bc1072008,n26ba662bc1072008,189
n0b80d48ef1b7ca8f,n0b80d48ef1b7ca8f,189
nd103c8e0838503b4,nd103c8e0838503b4,189
n84722f285a229eb3,n84722f285a229eb3,189
n10234740f72cc5d9,n10234740f72cc5d9,189
n47bdef3adcaa4bd8,n47bdef3adcaa4bd8,189
n7a76b79b39f39eb9,n7a76b79b39f39eb9,189
nca278ff31fad9b71,nca278ff31fad9b71,189
n77fc3f9817ef80e6,n77fc3f9817ef80e6,189
nd8982e1d0a50acd2,nd8982e1d0a50acd2,189
n6f00f3ed50477234,n6f00f3ed50477234,189
n1af760f2d0abd0dd,n1af760f2d0abd0dd,189
n1f139e7c725170ee,n1f139e7c725170ee,189
ncbe1e027eab76b59,ncbe1e027eab76b59,189
ndc3589578a4e9e7a,ndc3589578a4e9e7a,189
n20c210267d71c76d,n20c210267d71c76d,190
n9aa2107e677de913,n9aa2107e677de913,190
nb92fc7ba84f4d990,nb92fc7ba84f4d990,190
n6c97da0c0a7c53f7,n6c97da0c0a7c53f7,190
n6906624acaf1d109,n6906624acaf1d109,190
ndef3a645a06cf1d0,ndef3a645a06cf1d0,190
n21418d0234e53727,n21418d0234e53727,190
n022d789b8a2ccacf,n022d789b8a2ccacf,190
n36790cbb68f7eddf,n36790cbb68f7eddf,190
n334f0321f51a6437,n334f0321f51a6437,190
n0bfd0af3e3288548,n0bfd0af3e3288548,190
ne780e3adaa91c5ef,ne780e3adaa91c5ef,190
nfc34c15a179f77a7,nfc34c15a179f77a7,190
n08cd6ae35686340f,n08cd6ae35686340f,190
n70b816dcd7117ca0,n70b816dcd7117ca0,190
n62f359c5a226277f,n62f359c5a226277f,190
n0d269447254a0837,n0d269447254a0837,190
nf34fd301f0c7c306,nf34fd301f0c7c306,190
n24997b73e2560e26,n24997b73e2560e26,190
nc4428e3fd1a8f690,nc4428e3fd1a8f690,191
n3948c7bae90f80b4,n3948c7bae90f80b4,191
nc7044861f3638727,nc7044861f3638727,191
n332b5f91e6c4f30f,n332b5f91e6c4f30f,191
nd1047fd932e78406,nd1047fd932e78406,191
na89a80c5a946de22,na89a80c5a946de22,191
n10d973dc749eeea9,n10d973dc749eeea9,191
nf30b8ad118ab6f7a,nf30b8ad118ab6f7a,191
n2bb019d264fd0e82,n2bb019d264fd0e82,191
n46d6ff54601afcd8,n46d6ff54601afcd8,191
n0de5bc749c6c7ed0,n0de5bc749c6c7ed0,191
nb15bcbc1898a9f1e,nb15bcbc1898a9f1e,191
n73dddf01e61b2ace,n73dddf01e61b2ace,191
n41a29a4da9b7fcf2,n41a29a4da9b7fcf2,191
n30544e596a1c7b8c,n30544e596a1c7b8c,191
n8c461fce03718da8,n8c461fce03718da8,191
n9aa0c70726f80ccf,n9aa0c70726f80ccf,191
ncb351bfed49350ba,ncb351bfed49350ba,191
na81edec9f3982aad,na81edec9f3982aad,191
nbdc6a43e083dbcfc,nbdc6a43e083dbcfc,192
n6c69b4ef9376122d,n6c69b4ef9376122d,192
n1dffc95b78fc929d,n1dffc95b78fc929d,192
n76075d4973c0592d,n76075d4973c0592d,192
nfd27f7fe2348a51b,nfd27f7fe2348a51b,192
nbc409ee4ab380012,nbc409ee4ab380012,192
ncf6e162abcc65a8c,ncf6e162abcc65a8c,192
n336f0508b22d2b28,n336f0508b22d2b28,192
nce2de0ffd040c539,nce2de0ffd040c539,192
n52b8634e7845116b,n52b8634e7845116b,192
n3a8ea2403533d940,n3a8ea2403533d940,192
n5854884401265c4d,n5854884401265c4d,192
n236d5731d0d6ca0a,n236d5731d0d6ca0a,192
nb307517f7096259a,nb307517f7096259a,192
ncf6ded9e1e9a898f,ncf6ded9e1e9a898f,192
nd2f8808ebd256737,nd2f8808ebd256737,192
n660162067304f967,n660162067304f967,192
n6daeae8bbdf9ebc8,n6daeae8bbdf9ebc8,193
nf2df76bc06044c3f,nf2df76bc06044c3f,193
n4022017b280adc1a,n4022017b280adc1a,193
n8c5d3d7d811accf0,n8c5d3d7d811accf0,193
ne98ad60fcfe7cf61,ne98ad60fcfe7cf61,193
nf2bb10154f4cc094,nf2bb10154f4cc094,193
n14f05336a6b39a73,n14f05336a6b39a73,193
n2661c843e311825f,n2661c843e311825f,193
ncc771c8fb1f87a04,ncc771c8fb1f87a04,193
n320120890917f4dc,n320120890917f4dc,193
n87bbf5d6b35a8d15,n87bbf5d6b35a8d15,193
n766051012a326714,n766051012a326714,193
n9da79d00eebe332f,n9da79d00eebe332f,193
nbeee7dddacc82d23,nbeee7dddacc82d23,194
n8944c193f134b547,n8944c193f134b547,194
nef64e69c1498b009,nef64e69c1498b009,194
nf8b32bf1b516d822,nf8b32bf1b516d822,194
n8f65b0c3486dbbd1,n8f65b0c3486dbbd1,194
nf92949871d76ff87,nf92949871d76ff87,194
n6b0dc72e305be57c,n6b0dc72e305be57c,194
nc75de83ad3a0cfe0,nc75de83ad3a0cfe0,194
nb98be32f959d640b,nb98be32f959d640b,194
ne41b8a7fe0d07c2d,ne41b8a7fe0d07c2d,194
nbee6b3e576619523,nbee6b3e576619523,194
nc09bec2419f54867,nc09bec2419f54867,194
nfa7c74408f2e6ae6,nfa7c74408f2e6ae6,194
nc31807766ddf9da1,nc31807766ddf9da1,194
nc78fcaafff545837,nc78fcaafff545837,194
nbf96cbafe1b7fb09,nbf96cbafe1b7fb09,194
ne7756808124a0174,ne7756808124a0174,194
n311bb8e4ee8e56db,n311bb8e4ee8e56db,195
n59130a049c930468,n59130a049c930468,195
n1f019600a82b3e7f,n1f019600a82b3e7f,195
ncd5bedfa421b12a8,ncd5bedfa421b12a8,195
ne3b88365f6ebd12b,ne3b88365f6ebd12b,195
n1233f28c45d17d5e,n1233f28c45d17d5e,195
n4582d625b91794ff,n4582d625b91794ff,195
n7f6eb71edf7acbc1,n7f6eb71edf7acbc1,195
n794c913c51f4f1b5,n794c913c51f4f1b5,195
n00e9265b8843608a,n00e9265b8843608a,195
n79ee810314992a0b,n79ee810314992a0b,195
na1155a1a0b7223b2,na1155a1a0b7223b2,195
na39d0f56195e5945,na39d0f56195e5945,195
n7f8492ddf7efddb2,n7f8492ddf7efddb2,195
ne2fd192d1fcf09db,ne2fd192d1fcf09db,195
n43ca93fd1e651273,n43ca93fd1e651273,195
n71ef61d158fbb7ad,n71ef61d158fbb7ad,195
need329b1d3559f43,need329b1d3559f43,195
n3e50e76eb2583998,n3e50e76eb2583998,195
n625c88692f9b30d1,n625c88692f9b30d1,196
nb7d7a13fbdd4db90,nb7d7a13fbdd4db90,196
n9d2c186ce42a1dbc,n9d2c186ce42a1dbc,196
n75bbae2ffe8b682b,n75bbae2ffe8b682b,196
n4772ad9727c05915,n4772ad9727c05915,196
n16471513de53d36c,n16471513de53d36c,196
n9d8495a6afa47073,n9d8495a6afa47073,196
n71a8ac1784aaccbf,n71a8ac1784aaccbf,196
n5a2df0139843a05e,n5a2df0139843a05e,196
n073cc6f19f77dce5,n073cc6f19f77dce5,196
nc5231c8953a9254b,nc5231c8953a9254b,196
nafc2ced3901feb74,nafc2ced3901feb74,196
ne5d9caac8a35e530,ne5d9caac8a35e530,196
n23ac476af88dde6c,n23ac476af88dde6c,196
n0638cd992c4de3b1,n0638cd992c4de3b1,196
n3b78b3bb94b1fa62,n3b78b3bb94b1fa62,196
n341d8f7ccb647dbc,n341d8f7ccb647dbc,196
n20ec9d6c63f0293a,n20ec9d6c63f0293a,196
nfa9475c71aafd55f,nfa9475c71aafd55f,196
n112ff9fe2a9f94bf,n112ff9fe2a9f94bf,196
ncf3e3dcbb509eb48,ncf3e3dcbb509eb48,196
ne82566b498b76a32,ne82566b498b76a32,196
n398b915f00abe93b,n398b915f00abe93b,196
n22ba7620f5e5e89b,n22ba7620f5e5e89b,196
n30d14a080cf33367,n30d14a080cf33367,196
n3e4993b37ec2aa11,n3e4993b37ec2aa11,197
ndf10582d1f5ebf18,ndf10582d1f5ebf18,197
n45b940dbea8a09a1,n45b940dbea8a09a1,197
n0ba12523b48652aa,n0ba12523b48652aa,197
n1b95487233ecdd26,n1b95487233ecdd26,197
na233037240e248a3,na233037240e248a3,197
n667be1235524ecd4,n667be1235524ecd4,197
n214f34eb5589e892,n214f34eb5589e892,197
n92c17d91f3000313,n92c17d91f3000313,197
nea0b266a41c79695,nea0b266a41c79695,197
n5a677f19058a6a60,n5a677f19058a6a60,197
nb2eb798288989262,nb2eb798288989262,197
nc472fe3decafb204,nc472fe3decafb204,197
nd3430bf1d7d7bcae,nd3430bf1d7d7bcae,197
nc632f16ff4cd3e1f,nc632f16ff4cd3e1f,197
n8ef243aec08be1b4,n8ef243aec08be1b4,197
nf4d273ae3452ba68,nf4d273ae3452ba68,197
n90aee588468c1ac2,n90aee588468c1ac2,197
n252d4f2441071211,n252d4f2441071211,197
nebfa388197f044b5,nebfa388197f044b5,197
n8e8ebbb5fdd16ea5,n8e8ebbb5fdd16ea5,198
n5ead9f3f96046c77,n5ead9f3f96046c77,198
n22b9da3322b088c1,n22b9da3322b088c1,198
ncb7095b7a46c1f3e,ncb7095b7a46c1f3e,198
n857041290524e739,n857041290524e739,198
n72b75e4ea3552913,n72b75e4ea3552913,198
n099e17f9ede0b1ea,n099e17f9ede0b1ea,198
ne3318c4e3b3b7c64,ne3318c4e3b3b7c64,198
ndda2b72d3995258c,ndda2b72d3995258c,198
nc917e5d45c51b0c4,nc917e5d45c51b0c4,198
nb9913a9fcce70ac6,nb9913a9fcce70ac6,198
na78509122a075756,na78509122a075756,198
n34370c30e5228c11,n34370c30e5228c11,198
nf83e21df488c5524,nf83e21df488c5524,198
n5e8fcc2d1aa2dbed,n5e8fcc2d1aa2dbed,198
n1b655c88e0bd586e,n1b655c88e0bd586e,198
n964f9aa9e7042821,n964f9aa9e7042821,198
n6c2fb80bb4569957,n6c2fb80bb4569957,198
n6a756065a7400a27,n6a756065a7400a27,198
ncc25c946995b9379,ncc25c946995b9379,198
n2ea1de356edfd1b0,n2ea1de356edfd1b0,198
ne14db0bf2fb5c4f5,ne14db0bf2fb5c4f5,198
ncfe68ac1ccddecfd,ncfe68ac1ccddecfd,198
nad3c598ce2bcf654,nad3c598ce2bcf654,198
n90b843945c66fe88,n90b843945c66fe88,199
n8698e53fddfe3528,n8698e53fddfe3528,199
n2de4910cfd659201,n2de4910cfd659201,199
n8706185e47d93574,n8706185e47d93574,199
ne5e612568eef0ae6,ne5e612568eef0ae6,199
na566fbc880cd22fb,na566fbc880cd22fb,199
naae1cc72b6e0df40,naae1cc72b6e0df40,199
nc31e14036fb74b29,nc31e14036fb74b29,199
n3c215b9bde6d9163,n3c215b9bde6d9163,199
n22fa755cbcf737dd,n22fa755cbcf737dd,199
n326ee850d590071e,n326ee850d590071e,199
n091329d74afdbdfd,n091329d74afdbdfd,199
n1a5b2fa97763b010,n1a5b2fa97763b010,199
nf2778a4cff5b7192,nf2778a4cff5b7192,199
neb13a2497c36deea,neb13a2497c36deea,199
n821d389dd11c910b,n821d389dd11c910b,199
n262ebecdc485283e,n262ebecdc485283e,199
n5f28378a1246e88d,n5f28378a1246e88d,199
n08651f39469bfe80,n08651f39469bfe80,199
n1461604871e3be59,n1461604871e3be59,199
n239de41f85e28fc7,n239de41f85e28fc7,199
n63c26c4c14b29ad7,n63c26c4c14b29ad7,199
naa3d5bd5f06e9c87,naa3d5bd5f06e9c87,199
na8913a5ebb59bebb,na8913a5ebb59bebb,200
nc1dfca08a070a017,nc1dfca08a070a017,200
n5856b0362a8f79fa,n5856b0362a8f79fa,200
n30a005738fe848e0,n30a005738fe848e0,200
n0d1f1c05a98b0530,n0d1f1c05a98b0530,200
nd5ea7d53f3afaebe,nd5ea7d53f3afaebe,200
ne88611a14372ac51,ne88611a14372ac51,200
n2fad385afd01fd5d,n2fad385afd01fd5d,200
n1dd73c9ee006273f,n1dd73c9ee006273f,200
n4cc4db3f0108ab54,n4cc4db3f0108ab54,200
n99a4f29cd3c14ce2,n99a4f29cd3c14ce2,200
n4372c96a4fc3eb03,n4372c96a4fc3eb03,200
nc372cf6a5f5c309c,nc372cf6a5f5c309c,200
nc8c62ea8d33bcdac,nc8c62ea8d33bcdac,200
nb29d9ad24c474362,nb29d9ad24c474362,200
nb1f57fabe40e345f,nb1f57fabe40e345f,200
n6d988f85fe77034e,n6d988f85fe77034e,200
n2c23dddf10ed7dca,n2c23dddf10ed7dca,200
n267c8947d9906ea5,n267c8947d9906ea5,200
nffec59fc796c3c54,nffec59fc796c3c54,200
nd8b412d176559006,nd8b412d176559006,200
n5a9706b0b733c608,n5a9706b0b733c608,200
nd7d6829269bacd5f,nd7d6829269bacd5f,200
n4f4c73d36dba84ed,n4f4c73d36dba84ed,200
na110390d9faaa415,na110390d9faaa415,200
n81e6f50bb9a576b6,n81e6f50bb9a576b6,200
nb3a007b832aadce1,nb3a007b832aadce1,201
na85bb252a6598cf4,na85bb252a6598cf4,201
n2060b431643886f9,n2060b431643886f9,201
n40b64f1a59771113,n40b64f1a59771113,201
n1bf4953498e55181,n1bf4953498e55181,201
nb8cd57f73f40d5d3,nb8cd57f73f40d5d3,201
n57bcab5626abc790,n57bcab5626abc790,201
nbaf84e4e2a118ab5,nbaf84e4e2a118ab5,201
n80c78b7e085ee7d0,n80c78b7e085ee7d0,201
n9329187bc1e645f6,n9329187bc1e645f6,201
n3091a45a213f7084,n3091a45a213f7084,201
nea714feee5231f92,nea714feee5231f92,201
n78f4386ddc87126e,n78f4386ddc87126e,201
n42d65138e3d4bd50,n42d65138e3d4bd50,201
n5648c005fd2e79a1,n5648c005fd2e79a1,201
n8659ca6575fce673,n8659ca6575fce673,201
n2aa6980757580624,n2aa6980757580624,201
n480c8c71e17b74cb,n480c8c71e17b74cb,201
nbd11408dd0782a45,nbd11408dd0782a45,201
na66445995c0d6fac,na66445995c0d6fac,201
n4fc2d730160aa052,n4fc2d730160aa052,201
n059479229055e523,n059479229055e523,201
n6c06bd231785cd7e,n6c06bd231785cd7e,201
ne9d42554479d8b57,ne9d42554479d8b57,201
nc29d0edb4ea94dad,nc29d0edb4ea94dad,201
na77bc4c46efab732,na77bc4c46efab732,201
nc897a96d6077fcfc,nc897a96d6077fcfc,201
n5f205444d83d55c1,n5f205444d83d55c1,201
n48d973a2fd18d3c8,n48d973a2fd18d3c8,202
na08e6c51a35c66af,na08e6c51a35c66af,202
n4bcb1c25587243c5,n4bcb1c25587243c5,202
nb4c5e1c6aca524c7,nb4c5e1c6aca524c7,202
n1f70022c97401091,n1f70022c97401091,202
n1e6aa63a99299b59,n1e6aa63a99299b59,202
nd3d25e7777948d93,nd3d25e7777948d93,202
ncfbf0621af8a1342,ncfbf0621af8a1342,202
ndc9ced0a5c5ef9fa,ndc9ced0a5c5ef9fa,202
n08b7309acbd9b0c6,n08b7309acbd9b0c6,202
nd274257dda2385ce,nd274257dda2385ce,202
nadef121cf37aef72,nadef121cf37aef72,202
nf1448c64e964cef6,nf1448c64e964cef6,202
n1e6a62d8e148962a,n1e6a62d8e148962a,202
na5aa1b1ed68eaf65,na5aa1b1ed68eaf65,202
na43680c421a84574,na43680c421a84574,202
n983ebde4ae37f8d0,n983ebde4ae37f8d0,202
n911fe61d0be4572f,n911fe61d0be4572f,202
n00e72390ed45a0bd,n00e72390ed45a0bd,202
n6d3f057885b495d3,n6d3f057885b495d3,202
n763b12e91b09e18d,n763b12e91b09e18d,202
n3b174fde7b96effa,n3b174fde7b96effa,202
n8a56f2c0c7079a24,n8a56f2c0c7079a24,202
n64abb94aa7601da7,n64abb94aa7601da7,202
n29ff1a4188bab25e,n29ff1a4188bab25e,202
nc34ea103e9175aa9,nc34ea103e9175aa9,202
n0a5533c112911c27,n0a5533c112911c27,202
n074de1406c44f646,n074de1406c44f646,202
n9e05460a9f366674,n9e05460a9f366674,202
nef7d7f34ae5722b0,nef7d7f34ae5722b0,202
n886a8f2ba70af35a,n886a8f2ba70af35a,202
n8c46131f5dfca131,n8c46131f5dfca131,202
n9bffe5c00f7d4d62,n9bffe5c00f7d4d62,203
n6d6ca29e22b93a48,n6d6ca29e22b93a48,203
nf2a019a0bd8a473e,nf2a019a0bd8a473e,203
n6332fef636ff48d5,n6332fef636ff48d5,203
n6aadff5a90bfae9c,n6aadff5a90bfae9c,203
n4ed935b94db765c9,n4ed935b94db765c9,203
n01904f71340f566f,n01904f71340f566f,203
n08a3d3a5d7be5d27,n08a3d3a5d7be5d27,203
nad703f5191b3b24b,nad703f5191b3b24b,203
nba56e9f342a8b051,nba56e9f342a8b051,203
n1217a6ea0df56585,n1217a6ea0df56585,203
n017c5bc7804469f7,n017c5bc7804469f7,203
nb1330f26ad932f50,nb1330f26ad932f50,203
n8377fe9439358e9c,n8377fe9439358e9c,203
n9f4823a54ec8a153,n9f4823a54ec8a153,203
nb6735591c08fb56a,nb6735591c08fb56a,203
na3727ea376c3cdcc,na3727ea376c3cdcc,203
n71b9fb72cd23d51b,n71b9fb72cd23d51b,203
n40942ceee74b290b,n40942ceee74b290b,203
n640bef92938b7e00,n640bef92938b7e00,203
nbaa93dbcd4ff4daa,nbaa93dbcd4ff4daa,203
n29fd43e4ba0f7d40,n29fd43e4ba0f7d40,203
n476f76529ed598e3,n476f76529ed598e3,203
ne3ec3a3400a0a96b,ne3ec3a3400a0a96b,203
n9191246accfdaf41,n9191246accfdaf41,203
n2fc988862141bdbe,n2fc988862141bdbe,203
n77f483fc47b9a303,n77f483fc47b9a303,203
ndaccaa450929d4df,ndaccaa450929d4df,203
nec4a2a836f98b3cc,nec4a2a836f98b3cc,203
n23ed3104bcea3b31,n23ed3104bcea3b31,203
n9874c9423d91daff,n9874c9423d91daff,203
n5c95d2584733139c,n5c95d2584733139c,203
nc919df13e8cac4c5,nc919df13e8cac4c5,204
nf9218a56e5c822bb,nf9218a56e5c822bb,204
nae5b3e7e43cc1128,nae5b3e7e43cc1128,204
n8a6d7eb69abf169b,n8a6d7eb69abf169b,204
nee1a0c068634f16f,nee1a0c068634f16f,204
nb041b658f0ff6bd3,nb041b658f0ff6bd3,204
nb0aed74b38409bfb,nb0aed74b38409bfb,204
nca26559d2885d8d6,nca26559d2885d8d6,204
na33b2186e6b5590f,na33b2186e6b5590f,204
n0602c2689529dd82,n0602c2689529dd82,204
n27d9ad651c2bfa2f,n27d9ad651c2bfa2f,204
nd751e6c2c2368d85,nd751e6c2c2368d85,204
n6e40e75c88c9af92,n6e40e75c88c9af92,204
nd466622f88c1ea3f,nd466622f88c1ea3f,204
n70e330422f6feecd,n70e330422f6feecd,204
n49ede327baed1461,n49ede327baed1461,204
n51716aeaad4abe73,n51716aeaad4abe73,204
nac10b2d9da5bbecf,nac10b2d9da5bbecf,204
n388fce9444f91e7e,n388fce9444f91e7e,204
n853e6cb68974b298,n853e6cb68974b298,204
nae1ebc2034edb182,nae1ebc2034edb182,204
na69ae7d7cb2fe312,na69ae7d7cb2fe312,204
nf5e70f94bd1ce284,nf5e70f94bd1ce284,204
nc7aee4c7554b7898,nc7aee4c7554b7898,204
n2e195e3095f8ef2d,n2e195e3095f8ef2d,204
n6b31d241839ad52d,n6b31d241839ad52d,204
nbc8ea6532027922e,nbc8ea6532027922e,204
n897a1ee5ac98d821,n897a1ee5ac98d821,204
n6224f90d25bedf0b,n6224f90d25bedf0b,204
n2337ef4c6c21d512,n2337ef4c6c21d512,204
ncdbb9c9695e53565,ncdbb9c9695e53565,204
na731600603e86a12,na731600603e86a12,204
ne08d9ae51273ff75,ne08d9ae51273ff75,205
nb1fc71db135936a1,nb1fc71db135936a1,205
n14d25b997e77c4f8,n14d25b997e77c4f8,205
na6fd6fed5fe40fd2,na6fd6fed5fe40fd2,205
nfb60f7c107aee1ae,nfb60f7c107aee1ae,205
n559370c5bf712a08,n559370c5bf712a08,205
n34810f679d3980a0,n34810f679d3980a0,205
nb5bccd000ed894a3,nb5bccd000ed894a3,205
n001287df39ae821d,n001287df39ae821d,205
nef011fe967d8c7ad,nef011fe967d8c7ad,205
n9fd8f9e123dda23c,n9fd8f9e123dda23c,205
nacbd7aa78deaa41e,nacbd7aa78deaa41e,205
nb67b1970b9a8812d,nb67b1970b9a8812d,205
ncba3a9a58cb08088,ncba3a9a58cb08088,205
nd9eb7c4dfd6d6258,nd9eb7c4dfd6d6258,205
n32d682409fd94835,n32d682409fd94835,205
nbbda6e2f7f09d4cd,nbbda6e2f7f09d4cd,205
n622a09b54317197e,n622a09b54317197e,205
n985c598c2921703d,n985c598c2921703d,205
n9c5e5ac913de61f0,n9c5e5ac913de61f0,205
n3f90a72af17b38e7,n3f90a72af17b38e7,205
n3d58482b4502cc47,n3d58482b4502cc47,205
nf0cee62987184a68,nf0cee62987184a68,205
n619234db81d07b1f,n619234db81d07b1f,205
nf40a4551fe1f0edd,nf40a4551fe1f0edd,205
nd3416d3faa9911e1,nd3416d3faa9911e1,205
n528cd7a068f320a8,n528cd7a068f320a8,205
n2bfbe7814fd1c8a7,n2bfbe7814fd1c8a7,205
n2046133789f1d020,n2046133789f1d020,205
n1c1eeeff11954d35,n1c1eeeff11954d35,205
nea022334f4b047be,nea022334f4b047be,206
ndb040874dec404f6,ndb040874dec404f6,206
nba44f882bf60f1dc,nba44f882bf60f1dc,206
n8033eb033ed86ceb,n8033eb033ed86ceb,206
nde5005d785ba0f2c,nde5005d785ba0f2c,206
nde235a00c9bfb448,nde235a00c9bfb448,206
n111573ad475ef832,n111573ad475ef832,206
n16591371c02ffb54,n16591371c02ffb54,206
n00ff1e588df01d23,n00ff1e588df01d23,206
nbf5969cf4207fefa,nbf5969cf4207fefa,206
n79d7c2ac28e9b3d7,n79d7c2ac28e9b3d7,206
n81d06ef6b6812765,n81d06ef6b6812765,206
n4d506ae3f1ee80be,n4d506ae3f1ee80be,206
n10f675365c37734b,n10f675365c37734b,206
n23ef67c26e1eca30,n23ef67c26e1eca30,206
n7ddd8fb0c81d05b5,n7ddd8fb0c81d05b5,206
nfb2e1176136277f4,nfb2e1176136277f4,206
n4353dc8414817070,n4353dc8414817070,206
n94a259f7a2cc6a1c,n94a259f7a2cc6a1c,206
na21fff998ce888f1,na21fff998ce888f1,206
n0bbd5c12ca8e0231,n0bbd5c12ca8e0231,206
n3105be5725cab124,n3105be5725cab124,206
n3ab0c52cec2f711f,n3ab0c52cec2f711f,206
na174eaab054f62a8,na174eaab054f62a8,206
nbfd99002affe2ae3,nbfd99002affe2ae3,206
n8df53205023e6d87,n8df53205023e6d87,206
ndc26abed127f24d0,ndc26abed127f24d0,206
n27eca39bc620fe93,n27eca39bc620fe93,206
nb9ee7a09ef879bc1,nb9ee7a09ef879bc1,206
n6f92a6427eddd610,n6f92a6427eddd610,206
n58a684e68089f7ac,n58a684e68089f7ac,206
ne743710946f3f0af,ne743710946f3f0af,206
n4356c54af2b2a0a8,n4356c54af2b2a0a8,206
nb3015173542b0304,nb3015173542b0304,206
n742ee4de26362923,n742ee4de26362923,206
n7a14656499ec7d5e,n7a14656499ec7d5e,207
ndee832987dadca8b,ndee832987dadca8b,207
nd24fa7307b8a7348,nd24fa7307b8a7348,207
n80a35771b09a4b60,n80a35771b09a4b60,207
nd39e0d57e69bb032,nd39e0d57e69bb032,207
naf15c3f272e2b206,naf15c3f272e2b206,207
n939251adae052eef,n939251adae052eef,207
n31d0e953b80e16bc,n31d0e953b80e16bc,207
n37b8d01e94c6035b,n37b8d01e94c6035b,207
nc831fb800c06b764,nc831fb800c06b764,207
n3af06d00f7252608,n3af06d00f7252608,207
n3a4e2c058526b1f9,n3a4e2c058526b1f9,207
n67b8adc536a93ea1,n67b8adc536a93ea1,207
n7168c0bb8a7d66d2,n7168c0bb8a7d66d2,207
n34865f5ee85405a8,n34865f5ee85405a8,207
nef290a57891df667,nef290a57891df667,207
n80b897a322a5f852,n80b897a322a5f852,207
nf9828bceac0a652f,nf9828bceac0a652f,207
na784aa9b72488afc,na784aa9b72488afc,207
nb6461fa3bf50e3da,nb6461fa3bf50e3da,207
nb7ae07e92015d089,nb7ae07e92015d089,207
n739a6dc8911db62d,n739a6dc8911db62d,207
n8e30803e09f487c1,n8e30803e09f487c1,207
n16d062b6c63913d2,n16d062b6c63913d2,207
nce253fb2c3a7ef9a,nce253fb2c3a7ef9a,207
n693361fe058a5312,n693361fe058a5312,207
n5a477afe7193ab49,n5a477afe7193ab49,207
ne9986a65244bfbd4,ne9986a65244bfbd4,207
n0a0c6c2154a60222,n0a0c6c2154a60222,207
nbe16ea71902f2a2a,nbe16ea71902f2a2a,207
n257186f7019999af,n257186f7019999af,207
ne28a906c121b958f,ne28a906c121b958f,207
ne3ac4a7e446274e7,ne3ac4a7e446274e7,207
naf7edf3303670d6e,naf7edf3303670d6e,207
n1041e8facbdfee30,n1041e8facbdfee30,207
n2f8aca007f3742bb,n2f8aca007f3742bb,207
n72a4c6ffa6a65ae9,n72a4c6ffa6a65ae9,207
n904245942349da17,n904245942349da17,207
nbf44dd4d4a80337f,nbf44dd4d4a80337f,207
nf29b6bf5d72486be,nf29b6bf5d72486be,207
nbf4778aefaa79fd6,nbf4778aefaa79fd6,207
n00c728371e0b9496,n00c728371e0b9496,207
nf8d1e817c58c4a0c,nf8d1e817c58c4a0c,207
nf5a54a0210ebc7ef,nf5a54a0210ebc7ef,207
n0b7a375bb1e28871,n0b7a375bb1e28871,207
n1b4738b993d34d49,n1b4738b993d34d49,207
n2c7fd506f90fb928,n2c7fd506f90fb928,207
na998830f1348876f,na998830f1348876f,207
n01fe88359d397021,n01fe88359d397021,207
n160ae701df1e10d6,n160ae701df1e10d6,207
ne6fa2b9c2ade8e6e,ne6fa2b9c2ade8e6e,207
n116016f1a377f592,n116016f1a377f592,207
n403067a1e84f155d,n403067a1e84f155d,207
n663496e4e9c8d7a7,n663496e4e9c8d7a7,208
n1e13de191c8803be,n1e13de191c8803be,208
nda6cacde366e2150,nda6cacde366e2150,208
n2071a122d224a634,n2071a122d224a634,208
nd4778e383ac1eab1,nd4778e383ac1eab1,208
nc2cb9140938d21cb,nc2cb9140938d21cb,208
nc438e738d82d4667,nc438e738d82d4667,208
nba544027f7a1234a,nba544027f7a1234a,208
n477bed3f985f8445,n477bed3f985f8445,208
nc9df868ab3f02aa4,nc9df868ab3f02aa4,208
n978d9a897bd38b7b,n978d9a897bd38b7b,208
n4e49de289857236e,n4e49de289857236e,208
n220d1cce669db2e0,n220d1cce669db2e0,208
nab474de030e0a4f9,nab474de030e0a4f9,208
n8ab575dbdca113ae,n8ab575dbdca113ae,208
nb35c93b528b12b8c,nb35c93b528b12b8c,208
n30559538167ab09b,n30559538167ab09b,208
ndcdcfec22e759bc2,ndcdcfec22e759bc2,208
n397000aa44598b93,n397000aa44598b93,208
n2c2189b91236a956,n2c2189b91236a956,208
n63ac4625bfa42d4b,n63ac4625bfa42d4b,208
nefb99c3b8ad8468e,nefb99c3b8ad8468e,208
n1cbf3687e76584da,n1cbf3687e76584da,209
nd44860623caa13c7,nd44860623caa13c7,209
n610012bbd0fb4520,n610012bbd0fb4520,209
n8190a4fbd419a7ac,n8190a4fbd419a7ac,209
nc8717399d20d72a8,nc8717399d20d72a8,209
nf9acc30454cb4d8f,nf9acc30454cb4d8f,209
n851dd8a177452f2a,n851dd8a177452f2a,209
n1c2920c177a509dd,n1c2920c177a509dd,209
n40dde0876eca196b,n40dde0876eca196b,209
na7d524e97ddd7481,na7d524e97ddd7481,209
n025937199bf83c5b,n025937199bf83c5b,209
n78e1cb9b2b6fd5c5,n78e1cb9b2b6fd5c5,209
n1d2341315dbd4f9d,n1d2341315dbd4f9d,209
n4665dbe6591ea583,n4665dbe6591ea583,209
n2605258894653634,n2605258894653634,209
n4a40c2a2528ce0b0,n4a40c2a2528ce0b0,209
n735755123c293c1d,n735755123c293c1d,209
naed4b1ace6946b60,naed4b1ace6946b60,209
nf57f4eec8aee7282,nf57f4eec8aee7282,209
n7816f146e565d20a,n7816f146e565d20a,209
nd2097fd744a4b07e,nd2097fd744a4b07e,209
ne8a602eab1346913,ne8a602eab1346913,209
ndc072abb40b84bd7,ndc072abb40b84bd7,209
n9276556bd58b3ce5,n9276556bd58b3ce5,209
n417517fcaad9d3c4,n417517fcaad9d3c4,210
na99ce69965042819,na99ce69965042819,210
n50fa879f078d3ba3,n50fa879f078d3ba3,210
n221f7e9179f5558d,n221f7e9179f5558d,210
n66c6793eb47f6145,n66c6793eb47f6145,210
n7d54d84c62e6c38e,n7d54d84c62e6c38e,210
n40a3214d1ccaffb3,n40a3214d1ccaffb3,210
n113971efabe6b7dc,n113971efabe6b7dc,210
n19b9604d524be0ac,n19b9604d524be0ac,210
n759d2fcd8c66e428,n759d2fcd8c66e428,210
n3b702929408a1b8b,n3b702929408a1b8b,210
n13bb488bec9d8f7b,n13bb488bec9d8f7b,210
na71fad5115119c26,na71fad5115119c26,210
nb03476e6b0abefcd,nb03476e6b0abefcd,210
nd39d4d6f10dabfb5,nd39d4d6f10dabfb5,210
n71fa335ab369dc5a,n71fa335ab369dc5a,210
n52c1796d2963585b,n52c1796d2963585b,210
nc839b993a1e7115e,nc839b993a1e7115e,210
n416b26acb78f41a7,n416b26acb78f41a7,210
n37127ce8a23b7c17,n37127ce8a23b7c17,210
n16b8c23ae2acfec7,n16b8c23ae2acfec7,210
ne6bc9bf770938b4d,ne6bc9bf770938b4d,210
ned4c8d6d19513e16,ned4c8d6d19513e16,211
ne0f62074e393d9c1,ne0f62074e393d9c1,211
n804f90713734b260,n804f90713734b260,211
n7e392f51a5c12c6d,n7e392f51a5c12c6d,211
n36e883ce36a3e194,n36e883ce36a3e194,211
n40b9e070522a982a,n40b9e070522a982a,211
n0fa812fe78c679ba,n0fa812fe78c679ba,211
nd7acd486e90ffd06,nd7acd486e90ffd06,211
ne496d696c480843e,ne496d696c480843e,211
ne15d73014bd2014b,ne15d73014bd2014b,211
n23b89ecfe037ed89,n23b89ecfe037ed89,211
nf9ee0bc856d3d38b,nf9ee0bc856d3d38b,211
naedd5c042efc2809,naedd5c042efc2809,211
n4618e7b4da5fa01c,n4618e7b4da5fa01c,211
n9b7d1a3b8bc9f961,n9b7d1a3b8bc9f961,211
n9e0d0947052a5278,n9e0d0947052a5278,211
nca14947da5ad4c1b,nca14947da5ad4c1b,211
nbb226e500a3eb286,nbb226e500a3eb286,211
n0c83412779b35659,n0c83412779b35659,211
n657e64a3d9261b70,n657e64a3d9261b70,211
n1089842412dbabd4,n1089842412dbabd4,212
n3361c24c6f2577dc,n3361c24c6f2577dc,212
n3b4156550b2e5d49,n3b4156550b2e5d49,212
nb04d8e2e910546de,nb04d8e2e910546de,212
n42f0b386c8ff239a,n42f0b386c8ff239a,212
nf9b8bacc3a3e6080,nf9b8bacc3a3e6080,212
nebd8af9669223d51,nebd8af9669223d51,212
n15298ab37e45a22c,n15298ab37e45a22c,212
nf50baedf81151754,nf50baedf81151754,212
n8c7d5433414932cb,n8c7d5433414932cb,212
n6d149b9c5ea8f4bb,n6d149b9c5ea8f4bb,212
n6b9d29d6d75c8662,n6b9d29d6d75c8662,212
nafd87128385fb886,nafd87128385fb886,212
n9a8f3c294a386d1b,n9a8f3c294a386d1b,212
ncc86ac864e61d102,ncc86ac864e61d102,212
n2fdc6b20d6001ec5,n2fdc6b20d6001ec5,212
n04ec073116d548f2,n04ec073116d548f2,212
nf1076d8edc336edf,nf1076d8edc336edf,212
nd5bfe6239481586f,nd5bfe6239481586f,212
nf6a8730f7c4bde96,nf6a8730f7c4bde96,212
nbc1fb767a76bb29e,nbc1fb767a76bb29e,212
n41635cda8073cc28,n41635cda8073cc28,212
nc589c33b1b4fbb5f,nc589c33b1b4fbb5f,212
nfdb4dcfcd2921f87,nfdb4dcfcd2921f87,212
na3cde17a94d65a80,na3cde17a94d65a80,213
nc9dbf027a72adb60,nc9dbf027a72adb60,213
ncd7efc3b27280acc,ncd7efc3b27280acc,213
nadae43866630c31c,nadae43866630c31c,213
n5f8e978b2690ef4f,n5f8e978b2690ef4f,213
n327b108502eeac0f,n327b108502eeac0f,213
n26b1444f8329cc5d,n26b1444f8329cc5d,213
nb5033de44b241253,nb5033de44b241253,213
n370dd010a6140314,n370dd010a6140314,213
na8578421bbab2bdf,na8578421bbab2bdf,213
n3f6eb24d27df72d6,n3f6eb24d27df72d6,213
n09010500c9c889a6,n09010500c9c889a6,213
n8faf586253442455,n8faf586253442455,213
n7cff2035840533f6,n7cff2035840533f6,213
nc731d345941bedc4,nc731d345941bedc4,213
n85c5636160340797,n85c5636160340797,213
n02f849d6e60a0a35,n02f849d6e60a0a35,213
n7fbd3badcfbbf09c,n7fbd3badcfbbf09c,213
neac36be8934b3a93,neac36be8934b3a93,213
n15af0b033bc8df40,n15af0b033bc8df40,213
n3667276b24e51eaa,n3667276b24e51eaa,213
na609a5ff02595445,na609a5ff02595445,213
n065559fdf1fb937a,n065559fdf1fb937a,213
n74bcd6e6f2fbaf39,n74bcd6e6f2fbaf39,213
n054f3931bc41f0d1,n054f3931bc41f0d1,214
n9c71af964577d6dd,n9c71af964577d6dd,214
n5bff0213eaaf7258,n5bff0213eaaf7258,214
na772d58538c686d4,na772d58538c686d4,214
n140e8e8f3f4cb8d5,n140e8e8f3f4cb8d5,214
n0cec393792b34517,n0cec393792b34517,214
nbb309200d35d5e90,nbb309200d35d5e90,214
n7ca21acaa879805c,n7ca21acaa879805c,214
n4c588a9bfd99087e,n4c588a9bfd99087e,214
n50a42e6e2821a1eb,n50a42e6e2821a1eb,214
n34e7102d8ded2944,n34e7102d8ded2944,214
n41d183a52f1429f5,n41d183a52f1429f5,214
nbaf6190519074f59,nbaf6190519074f59,214
n703ea5348f4cda3a,n703ea5348f4cda3a,214
n95fe33a7920b54f7,n95fe33a7920b54f7,214
nd07d410058f8973b,nd07d410058f8973b,214
n0c40f0810f9720a9,n0c40f0810f9720a9,214
n9c499c3c1bc93945,n9c499c3c1bc93945,214
n677b678fabf15a10,n677b678fabf15a10,214
ne77126ae2166accf,ne77126ae2166accf,214
n5e02ef9e094b5ae2,n5e02ef9e094b5ae2,214
n044cfa879e66036f,n044cfa879e66036f,214
nb8401550a2e0288f,nb8401550a2e0288f,215
n0d686f6af2291d39,n0d686f6af2291d39,215
nd6956cbb614b6dae,nd6956cbb614b6dae,215
n4faf91647db92284,n4faf91647db92284,215
nb3c8a899f92647c5,nb3c8a899f92647c5,215
n55e035466409bd1c,n55e035466409bd1c,215
n8ff9a43eef1f38a2,n8ff9a43eef1f38a2,215
nc12f2fac885c44ca,nc12f2fac885c44ca,215
n92cf87ff88dbb9ed,n92cf87ff88dbb9ed,215
n11a0ae2eeb6a8593,n11a0ae2eeb6a8593,215
nc2f1ff104905a3df,nc2f1ff104905a3df,215
n6ca9706334d7883c,n6ca9706334d7883c,215
nb4bc75b2e32df436,nb4bc75b2e32df436,215
nb56afdd0eeb5eab4,nb56afdd0eeb5eab4,215
n8a3b8104892888c0,n8a3b8104892888c0,215
nf73bc3df092d578c,nf73bc3df092d578c,215
n6e84b4eb57303164,n6e84b4eb57303164,215
nbbff9e5df77e566b,nbbff9e5df77e566b,215
n1d31683d6e29419b,n1d31683d6e29419b,215
n013fc613f006f0ea,n013fc613f006f0ea,215
n7473694bda7c5326,n7473694bda7c5326,216
na971e8bf08a21474,na971e8bf08a21474,216
n9e1766b5df0f7f1f,n9e1766b5df0f7f1f,216
nccd7bcd95c7c75b9,nccd7bcd95c7c75b9,216
nb94406c32422b313,nb94406c32422b313,216
n84b6aab4a48de3e8,n84b6aab4a48de3e8,216
nfcd2954134bc1fc5,nfcd2954134bc1fc5,216
n62641ffcf037790f,n62641ffcf037790f,216
nbaa0b3d48d072e07,nbaa0b3d48d072e07,216
n1e9b422cf4f3d758,n1e9b422cf4f3d758,216
nfea34431c86af8f7,nfea34431c86af8f7,216
n5b53e34ffebb1d37,n5b53e34ffebb1d37,216
n4682a936e1700708,n4682a936e1700708,216
n199b6ac4f7d470fa,n199b6ac4f7d470fa,216
n278ed9758ffd4ace,n278ed9758ffd4ace,216
n1afe421dd53f03cb,n1afe421dd53f03cb,216
n352c70679ac05375,n352c70679ac05375,216
n2d5214be9bf73584,n2d5214be9bf73584,216
nc38947896316dcab,nc38947896316dcab,216
nd7e2826276e01342,nd7e2826276e01342,216
n7bae725cc067b687,n7bae725cc067b687,216
n9efdb98c7ee9618a,n9efdb98c7ee9618a,217
n500f592accb9c948,n500f592accb9c948,217
n4ad07bb5bc2931d3,n4ad07bb5bc2931d3,217
ne12266dd9f53d686,ne12266dd9f53d686,217
nafa61e25a3f25a8c,nafa61e25a3f25a8c,217
na9c8ebcd9e007f6e,na9c8ebcd9e007f6e,217
n1b78bca216be22fb,n1b78bca216be22fb,217
nb12ef228b334c5c7,nb12ef228b334c5c7,217
n2c11de3d4b0dbca9,n2c11de3d4b0dbca9,217
ncad660bce458c9ff,ncad660bce458c9ff,217
n9d42fa5330ede508,n9d42fa5330ede508,217
nef5599d2703dc19f,nef5599d2703dc19f,217
nee250a2b6d45010d,nee250a2b6d45010d,217
nb9d757df1ad74aaa,nb9d757df1ad74aaa,217
n028cb284803dc8f0,n028cb284803dc8f0,217
n89c370dfd9ca9609,n89c370dfd9ca9609,217
n22874749e23b96c0,n22874749e23b96c0,217
n9017d5f105802e42,n9017d5f105802e42,217
n4fc074207d427f3d,n4fc074207d427f3d,217
n36548c33df32919d,n36548c33df32919d,217
n6c487e016f5afd90,n6c487e016f5afd90,217
n9a6996cc92ea7d67,n9a6996cc92ea7d67,217
n9deae0f5c23f6c4f,n9deae0f5c23f6c4f,218
n25cb5d6f4663804c,n25cb5d6f4663804c,218
n232f4a96a13e043b,n232f4a96a13e043b,218
nc7a84038d58e56e3,nc7a84038d58e56e3,218
nec648ad0a0cc66a7,nec648ad0a0cc66a7,218
nd456b3fe070960e2,nd456b3fe070960e2,218
nc739b57c83c1c380,nc739b57c83c1c380,218
n7492918ec3b9d3c9,n7492918ec3b9d3c9,218
n16deedd41d874271,n16deedd41d874271,218
ne0b8e0479e6d85e1,ne0b8e0479e6d85e1,218
nc9230ced2f556149,nc9230ced2f556149,218
nb4ce25e120b6eaf5,nb4ce25e120b6eaf5,218
ncf7aabe9c2dea6c3,ncf7aabe9c2dea6c3,218
nd25ae0ff3f0181a3,nd25ae0ff3f0181a3,218
nf4ef1a4e101dbea6,nf4ef1a4e101dbea6,218
nb6913e8efbc72844,nb6913e8efbc72844,218
nc26c78298ddab94b,nc26c78298ddab94b,218
nb587ae7a01daabf7,nb587ae7a01daabf7,218
nef51000078614c57,nef51000078614c57,218
n75e122246fb84dd8,n75e122246fb84dd8,218
ne1ddc84de35edfec,ne1ddc84de35edfec,218
n2986bac1ffb2296c,n2986bac1ffb2296c,219
n85396dae7a483ac1,n85396dae7a483ac1,219
n76a1e0a7e7cfdd69,n76a1e0a7e7cfdd69,219
n65f5526a4fe069d0,n65f5526a4fe069d0,219
n052adf805fff941c,n052adf805fff941c,219
n53d3c0587e2c5692,n53d3c0587e2c5692,219
nb95c3e6a5d7af611,nb95c3e6a5d7af611,219
n4856a87716747bde,n4856a87716747bde,219
n27f60213f4e333a8,n27f60213f4e333a8,219
na6c8a1f286c57405,na6c8a1f286c57405,219
nddbef22c3888ac78,nddbef22c3888ac78,219
n312db191a9f2153b,n312db191a9f2153b,219
nbefd1de00521335b,nbefd1de00521335b,219
nd77b5d3e3c00e0db,nd77b5d3e3c00e0db,219
na888f8c9d22347c1,na888f8c9d22347c1,219
nf09532585be3ed01,nf09532585be3ed01,219
n33bad2f7777ff14c,n33bad2f7777ff14c,219
nccbbe311ba3eab50,nccbbe311ba3eab50,219
n013d64a860a5084d,n013d64a860a5084d,219
n40faa40b3a306138,n40faa40b3a306138,219
n072fd2fcce521ac1,n072fd2fcce521ac1,219
nef690abd0e7b1b8c,nef690abd0e7b1b8c,219
n22662f4f7c9e4a71,n22662f4f7c9e4a71,220
ne0f704a98d0b2142,ne0f704a98d0b2142,220
nbb2501ea25dbeb36,nbb2501ea25dbeb36,220
nf6f0b4377dbe66c2,nf6f0b4377dbe66c2,220
na31ab64d21662073,na31ab64d21662073,220
nc10e95b3a7e05b71,nc10e95b3a7e05b71,220
n84d077f02b78eca9,n84d077f02b78eca9,220
nba44838db196c904,nba44838db196c904,220
n531015031acbde7c,n531015031acbde7c,220
n95c7e15a5d53e217,n95c7e15a5d53e217,220
n2195c72f504e9425,n2195c72f504e9425,220
n85350be86933eb25,n85350be86933eb25,220
ne77df39b6112ef04,ne77df39b6112ef04,220
n228bebecb3cdd48d,n228bebecb3cdd48d,220
n2902485b092aef70,n2902485b092aef70,220
n13630c017fd07eec,n13630c017fd07eec,220
nd83ef4d1514a483d,nd83ef4d1514a483d,220
n315782d23fec24a0,n315782d23fec24a0,220
n3235c63b01698a92,n3235c63b01698a92,220
n4eb03148feb48852,n4eb03148feb48852,220
n6066e091e68431c8,n6066e091e68431c8,220
ne3698b6a21647517,ne3698b6a21647517,220
n5a4441908765d16a,n5a4441908765d16a,221
ne63453a9fc1434d1,ne63453a9fc1434d1,221
nc38884ebb36d429a,nc38884ebb36d429a,221
nf90c882a04018af4,nf90c882a04018af4,221
ndd84ddcab89b29b3,ndd84ddcab89b29b3,221
n6b203f18461dcae8,n6b203f18461dcae8,221
n428a513cb90aaf5a,n428a513cb90aaf5a,221
n88468f755fedbacb,n88468f755fedbacb,221
nce686860716a7df0,nce686860716a7df0,221
n109c26e5a5584566,n109c26e5a5584566,221
n48c254c43176b051,n48c254c43176b051,221
n9e0b82fee3a6a156,n9e0b82fee3a6a156,221
n7efc7bbb33daad0a,n7efc7bbb33daad0a,221
ne97ce5b86e09894e,ne97ce5b86e09894e,221
n2fcc048b6c25ada2,n2fcc048b6c25ada2,221
n720848a33a3eaada,n720848a33a3eaada,221
nd487b39b0e8d651e,nd487b39b0e8d651e,221
n569941329d8a5879,n569941329d8a5879,221
n132cab761beedf63,n132cab761beedf63,221
nf17896418c2d579f,nf17896418c2d579f,221
n193cd6c170b1cdce,n193cd6c170b1cdce,221
n3a2436dd78334ec3,n3a2436dd78334ec3,222
n7ffe6cfa235186a0,n7ffe6cfa235186a0,222
n1c47267b30019d99,n1c47267b30019d99,222
n8215c44720c2ec14,n8215c44720c2ec14,222
nbc5cf36bcce4bb5d,nbc5cf36bcce4bb5d,222
n63b64e678253860a,n63b64e678253860a,222
na815833e5881252e,na815833e5881252e,222
n1898239a2e438b62,n1898239a2e438b62,222
n5f327564092d3bcd,n5f327564092d3bcd,222
nf803910fc16c04a5,nf803910fc16c04a5,222
na0f6c9b324e8e33e,na0f6c9b324e8e33e,222
nd54d4dc5aab352c8,nd54d4dc5aab352c8,222
n401c4b7067c51314,n401c4b7067c51314,222
n5e2519f533b28780,n5e2519f533b28780,222
n6432862f5ce87ce7,n6432862f5ce87ce7,222
nb5c2ac644c17a6ba,nb5c2ac644c17a6ba,222
n95226e3ddb3b1626,n95226e3ddb3b1626,222
ne75768719766b84b,ne75768719766b84b,222
n46329a5e371ad56b,n46329a5e371ad56b,222
n60ae1773d53c6c29,n60ae1773d53c6c29,222
n2be4d94ab1ea76a3,n2be4d94ab1ea76a3,222
n4c32161916798afd,n4c32161916798afd,222
nf3e1ea91ef555ea4,nf3e1ea91ef555ea4,222
n06f1dc0272de15a1,n06f1dc0272de15a1,223
n347162bc5148bfd2,n347162bc5148bfd2,223
n3f2eb3780d45514b,n3f2eb3780d45514b,223
n0de21716f7338db0,n0de21716f7338db0,223
n3dcc416214614778,n3dcc416214614778,223
n1a243e6752a4a4e4,n1a243e6752a4a4e4,223
n874d116361e63418,n874d116361e63418,223
nfc1445c6c81c209f,nfc1445c6c81c209f,223
nb59d480180889ce1,nb59d480180889ce1,223
ne19a52e3583fdd18,ne19a52e3583fdd18,223
ne1d6d02057e77bd2,ne1d6d02057e77bd2,223
nf5ac4996bad296ff,nf5ac4996bad296ff,223
n666a179f5d62193b,n666a179f5d62193b,223
n6c970c845f514021,n6c970c845f514021,223
n3588b945838d97a7,n3588b945838d97a7,223
n88a8046398e4637b,n88a8046398e4637b,223
n775a090427d8d822,n775a090427d8d822,223
n5de53bef89d109d6,n5de53bef89d109d6,223
na701093d23133a62,na701093d23133a62,223
n31b3343a908205e2,n31b3343a908205e2,223
n23a881c54e74d5ed,n23a881c54e74d5ed,223
n4f186ba60f777a59,n4f186ba60f777a59,223
nf128d7f5e84d3ef6,nf128d7f5e84d3ef6,223
n806ba2f960c8247d,n806ba2f960c8247d,224
nee0b1862cff65f7d,nee0b1862cff65f7d,224
n4d9269dc8e2499c6,n4d9269dc8e2499c6,224
n6a8b52009ae60567,n6a8b52009ae60567,224
n0ebc83e871ed745a,n0ebc83e871ed745a,224
ne37d145bb8617c04,ne37d145bb8617c04,224
n752b319ebcd78f80,n752b319ebcd78f80,224
n75f92b99c3f5ce99,n75f92b99c3f5ce99,224
nc5a08e3fec5f0bb0,nc5a08e3fec5f0bb0,224
nda66663648cbcea2,nda66663648cbcea2,224
n9c449c3fa08c196f,n9c449c3fa08c196f,224
nd8227239b6cc16c8,nd8227239b6cc16c8,224
ne9659be8128f4218,ne9659be8128f4218,224
n2460ff92cb51ea4b,n2460ff92cb51ea4b,224
nde16b805ceb94334,nde16b805ceb94334,224
nea3893d76d3a4062,nea3893d76d3a4062,224
nc497bc4e5cf312b9,nc497bc4e5cf312b9,224
nbb9663989c137548,nbb9663989c137548,224
n1e105cf32e4c1cfb,n1e105cf32e4c1cfb,224
nacd0a08c35531653,nacd0a08c35531653,224
nd3504b497fece3f9,nd3504b497fece3f9,225
n7665d7d86197115c,n7665d7d86197115c,225
n1156c32d2d6d750f,n1156c32d2d6d750f,225
n898b3541545a55a7,n898b3541545a55a7,225
n6e2acefc446ba455,n6e2acefc446ba455,225
n0c869225093f8c3c,n0c869225093f8c3c,225
nd10c059c197743fb,nd10c059c197743fb,225
nc31bcad251af2893,nc31bcad251af2893,225
nbb0c48bcc9aed73d,nbb0c48bcc9aed73d,225
n95d5f3310ed785d0,n95d5f3310ed785d0,225
n5b6565f2c777b2ba,n5b6565f2c777b2ba,225
n77677645723d5cc4,n77677645723d5cc4,225
n273a34445ed8bf15,n273a34445ed8bf15,225
n993c84bbddc13d1b,n993c84bbddc13d1b,225
n8c97097199f9f6ed,n8c97097199f9f6ed,225
n6dc691f08d4f5e53,n6dc691f08d4f5e53,225
n2c3b216fc947799b,n2c3b216fc947799b,225
n6b84eab318a6c062,n6b84eab318a6c062,225
n404da8356cac7cb4,n404da8356cac7cb4,225
n52dc59a23e81fb43,n52dc59a23e81fb43,225
n837298eb2f78b459,n837298eb2f78b459,225
nc637cb07cdb72367,nc637cb07cdb72367,225
n359686d8deddfcc4,n359686d8deddfcc4,226
nc9be33554271747a,nc9be33554271747a,226
n10efe925fc690d17,n10efe925fc690d17,226
ndc8e27524dab2865,ndc8e27524dab2865,226
n6033a4edba96ea47,n6033a4edba96ea47,226
n915c185da673fc8e,n915c185da673fc8e,226
n0d5d54ad733f40ec,n0d5d54ad733f40ec,226
n24d06f80df2dd54f,n24d06f80df2dd54f,226
nb47dce31ee659f7a,nb47dce31ee659f7a,226
n4fe74169ea03ec34,n4fe74169ea03ec34,226
ne592572386de841d,ne592572386de841d,226
n5d58ccbd22f82a1a,n5d58ccbd22f82a1a,226
n0c47143e394f0581,n0c47143e394f0581,226
n96b8a8c8319cee6e,n96b8a8c8319cee6e,226
n4986a6421ea79e87,n4986a6421ea79e87,226
n5b044504ae5aea03,n5b044504ae5aea03,226
n7134b04411e7efe6,n7134b04411e7efe6,226
nc14c770ac377b309,nc14c770ac377b309,226
ne4db5e9e42bb4abc,ne4db5e9e42bb4abc,226
ndb284b514c0c94f0,ndb284b514c0c94f0,226
n4af88b55f6c639a1,n4af88b55f6c639a1,226
nb1a92587323d43a2,nb1a92587323d43a2,227
ncc1eb2bd55b1f5d6,ncc1eb2bd55b1f5d6,227
n305656c901880240,n305656c901880240,227
n1ccd74c744da3af0,n1ccd74c744da3af0,227
n2db6038283336b83,n2db6038283336b83,227
n94c7aae82d9ff1a9,n94c7aae82d9ff1a9,227
nb1ceb1eb92df208d,nb1ceb1eb92df208d,227
n9d9b03232d5da5e8,n9d9b03232d5da5e8,227
n7bdc1add9c705adc,n7bdc1add9c705adc,227
n263ce85aa5b1648a,n263ce85aa5b1648a,227
nd58351aa10e1c545,nd58351aa10e1c545,227
n28c18d4291aadbd4,n28c18d4291aadbd4,227
n281b90d1036fac23,n281b90d1036fac23,227
n39a9e12ff64e3f25,n39a9e12ff64e3f25,227
n660547a90afb6291,n660547a90afb6291,227
n7eb553bcef5822a4,n7eb553bcef5822a4,227
n47b4b93237772f2e,n47b4b93237772f2e,227
ne6baffe2941c0b9c,ne6baffe2941c0b9c,227
n06c8f77cd84325ca,n06c8f77cd84325ca,227
n5200db459f7ff451,n5200db459f7ff451,227
n5a9c09976f9f10a1,n5a9c09976f9f10a1,227
n400a83ff32d272f0,n400a83ff32d272f0,227
n968fbe0ca6cee633,n968fbe0ca6cee633,228
nb6a357842b98fe9e,nb6a357842b98fe9e,228
nc2903aa4225d93ec,nc2903aa4225d93ec,228
n4f5255b3cc085a34,n4f5255b3cc085a34,228
n154cd4782659e84a,n154cd4782659e84a,228
n837ba25f4c3a5f41,n837ba25f4c3a5f41,228
nbf06172d0f3c9774,nbf06172d0f3c9774,228
n8bcb6723e5822569,n8bcb6723e5822569,228
n92119b3548d49430,n92119b3548d49430,228
n3347478722dba3fc,n3347478722dba3fc,228
n7f8bfb6a5f359a59,n7f8bfb6a5f359a59,228
n4dfa1f02687c0362,n4dfa1f02687c0362,228
n153a179c81a85a10,n153a179c81a85a10,228
nba426f603e2e6f30,nba426f603e2e6f30,228
n13a2dc47992ad9c1,n13a2dc47992ad9c1,228
nbec60d35ce7c4975,nbec60d35ce7c4975,228
n299e91d265fa9d7b,n299e91d265fa9d7b,228
n5080ee955609c984,n5080ee955609c984,228
n607184db16505165,n607184db16505165,228
n4c5500cd95c82317,n4c5500cd95c82317,228
nc46f796157b44621,nc46f796157b44621,228
nc12c5c95a8df0bdc,nc12c5c95a8df0bdc,228
nc10f560875fa9b6a,nc10f560875fa9b6a,228
nbd7b9c3b6523599b,nbd7b9c3b6523599b,228
n485bfdee9d0cb890,n485bfdee9d0cb890,229
n461cafa11281222c,n461cafa11281222c,229
n48ae35827e7c2ac3,n48ae35827e7c2ac3,229
nb39e2545e934a573,nb39e2545e934a573,229
n7ce4e289e0d40ccb,n7ce4e289e0d40ccb,229
n2cab83cdcc7d5c06,n2cab83cdcc7d5c06,229
n84bce86e3f13d912,n84bce86e3f13d912,229
n8fd057381fa090fc,n8fd057381fa090fc,229
n448b71028b058b80,n448b71028b058b80,229
n946a9d4978dfd3f1,n946a9d4978dfd3f1,229
ndf7e86fb6c56b1f2,ndf7e86fb6c56b1f2,229
n872d5f7f20321238,n872d5f7f20321238,229
na3e70c73ec69c4a1,na3e70c73ec69c4a1,229
n56187415771c630b,n56187415771c630b,229
n25d2f452ac8547e5,n25d2f452ac8547e5,229
n1840d2017ef15e8d,n1840d2017ef15e8d,229
n1b5939a2bb626344,n1b5939a2bb626344,229
ncbe62ce5a4d26e35,ncbe62ce5a4d26e35,229
ndf4c23a4fc97b55c,ndf4c23a4fc97b55c,229
nb989db49506c50fb,nb989db49506c50fb,229
nc89208b0dfe15ca0,nc89208b0dfe15ca0,229
nca63ca3eda65d4e3,nca63ca3eda65d4e3,229
n926f120f6232b107,n926f120f6232b107,230
n590aa0871d356e07,n590aa0871d356e07,230
n3da5557145120ecd,n3da5557145120ecd,230
n41709d0274ab43ac,n41709d0274ab43ac,230
n8b5b42941143e918,n8b5b42941143e918,230
n1e9c02b78760d66a,n1e9c02b78760d66a,230
n219ccb0f25d6d1ca,n219ccb0f25d6d1ca,230
nfdd5801495ea2d2a,nfdd5801495ea2d2a,230
n895782a004d05d6a,n895782a004d05d6a,230
n88d49812c0d87c96,n88d49812c0d87c96,230
na68b40b3e3b1f538,na68b40b3e3b1f538,230
n49377875b8929e72,n49377875b8929e72,230
n0f2bf5120cad9eea,n0f2bf5120cad9eea,230
n91e24c509cb9ebb2,n91e24c509cb9ebb2,230
nc0e573debe5f99d7,nc0e573debe5f99d7,230
n042b29864f0a91ab,n042b29864f0a91ab,230
n372b392ac0901b6d,n372b392ac0901b6d,230
n9946f4a8be27933c,n9946f4a8be27933c,230
n38b2a21725440fd6,n38b2a21725440fd6,230
n15c3a3bd85068e28,n15c3a3bd85068e28,230
n741b4c628679a96e,n741b4c628679a96e,230
n8e656b32b8700d73,n8e656b32b8700d73,230
n54b038d9c474bb12,n54b038d9c474bb12,230
n94f8f068663cfeef,n94f8f068663cfeef,230
n6bc770bf3689355b,n6bc770bf3689355b,230
n8c6468215c15ce06,n8c6468215c15ce06,230
n869b7f971ff1a421,n869b7f971ff1a421,231
n9364486791913018,n9364486791913018,231
n882a9c9ddcc324e4,n882a9c9ddcc324e4,231
n0f553e3245c035f8,n0f553e3245c035f8,231
n876efe5df1b1c522,n876efe5df1b1c522,231
n800ab605158ee48f,n800ab605158ee48f,231
n0dc03873cc7b26bc,n0dc03873cc7b26bc,231
n6369f9afb8b4c537,n6369f9afb8b4c537,231
n2d6fb6b864140aa4,n2d6fb6b864140aa4,231
ne69c9656423bd784,ne69c9656423bd784,231
n1ddd6997212488e5,n1ddd6997212488e5,231
n0202e5941bfd8775,n0202e5941bfd8775,231
ne15a76c53b73d2eb,ne15a76c53b73d2eb,231
n19ad21665a920a8a,n19ad21665a920a8a,231
ned814e5bf05ebf5e,ned814e5bf05ebf5e,231
nd5c38dea3cd973dd,nd5c38dea3cd973dd,231
na6e09d9cb9636fd4,na6e09d9cb9636fd4,231
n2142586b43e6e635,n2142586b43e6e635,231
n53b09f460d59eb82,n53b09f460d59eb82,231
nf9db66a0865ae12c,nf9db66a0865ae12c,231
n3f685044a2380845,n3f685044a2380845,231
na41588877f2fa849,na41588877f2fa849,231
nd942061046fb53ec,nd942061046fb53ec,231
n0d14a48665811ba4,n0d14a48665811ba4,231
nf0e0d6f9f4c1debf,nf0e0d6f9f4c1debf,231
nb8a1ac9c78b1d09a,nb8a1ac9c78b1d09a,231
n8688a4f42684442b,n8688a4f42684442b,232
n51a3e97627d3fdf4,n51a3e97627d3fdf4,232
na9c3e880034fdae1,na9c3e880034fdae1,232
n8edfcc2d6fa3bb9c,n8edfcc2d6fa3bb9c,232
n1dfcd2fc5f1de271,n1dfcd2fc5f1de271,232
nb1dd82ca459733c8,nb1dd82ca459733c8,232
na2e3d9b166be40a4,na2e3d9b166be40a4,232
n878d2fb5bd9b65f8,n878d2fb5bd9b65f8,232
n9d82694656800f7a,n9d82694656800f7a,232
n950a8daa7d0ab027,n950a8daa7d0ab027,232
n4eaa43b7690dff29,n4eaa43b7690dff29,232
n9c3cf13d0de2727c,n9c3cf13d0de2727c,232
n5fe1593085d4bd17,n5fe1593085d4bd17,232
n4addaeded73b63bb,n4addaeded73b63bb,232
n6868fc7ee576c409,n6868fc7ee576c409,232
n412a2b73fd076f99,n412a2b73fd076f99,232
ndf3a28fc68a5722e,ndf3a28fc68a5722e,232
n8a49079973f0a916,n8a49079973f0a916,232
n746cc48f93907d93,n746cc48f93907d93,232
nb93bf6a7200f6de4,nb93bf6a7200f6de4,232
n09981cc1c7ab76f5,n09981cc1c7ab76f5,232
na62c3b0a55852969,na62c3b0a55852969,232
nce9bf0b2127c55c5,nce9bf0b2127c55c5,232
n4f3f718b807a0acf,n4f3f718b807a0acf,232
nc1402ec02639859f,nc1402ec02639859f,232
n3a2898b0dcb16e0d,n3a2898b0dcb16e0d,232
ne78b54fd9e370aa7,ne78b54fd9e370aa7,233
n75934a36355dc680,n75934a36355dc680,233
nab860e25f6312f45,nab860e25f6312f45,233
n0dc1711175eb93d3,n0dc1711175eb93d3,233
n4620f4d552782e64,n4620f4d552782e64,233
n332fffb8d43e4e6f,n332fffb8d43e4e6f,233
nc40488a15af56360,nc40488a15af56360,233
n1c4cc72094cf022b,n1c4cc72094cf022b,233
n7c05dbf8399dc51e,n7c05dbf8399dc51e,233
n3bf121bd9594307b,n3bf121bd9594307b,233
n5d0b597aa0ef4879,n5d0b597aa0ef4879,233
n31f01af5f3b58e0e,n31f01af5f3b58e0e,233
nd053d2f5ca6ae2f0,nd053d2f5ca6ae2f0,233
n57890f315e33fcf8,n57890f315e33fcf8,233
n10eca84b5de77d66,n10eca84b5de77d66,233
n22fdfce591f85e2f,n22fdfce591f85e2f,233
n1a154acabb164b58,n1a154acabb164b58,233
n81db4918e3450b09,n81db4918e3450b09,233
n577e8eff43c4cdfb,n577e8eff43c4cdfb,233
ne0c1e8f8d4ce50de,ne0c1e8f8d4ce50de,233
n30c0da66ce1694b1,n30c0da66ce1694b1,233
nbd194d7768790fff,nbd194d7768790fff,233
n361b394c4b38cd1a,n361b394c4b38cd1a,233
nbf4ae41647789797,nbf4ae41647789797,233
n95286940a8e6e840,n95286940a8e6e840,233
n809d89fa4308c361,n809d89fa4308c361,233
n66ec2de8d7bc3589,n66ec2de8d7bc3589,234
n924354ca20f3b842,n924354ca20f3b842,234
na2af883eb36b0da2,na2af883eb36b0da2,234
n9ff6e437f8c77ca0,n9ff6e437f8c77ca0,234
n38f2b91d98b9eac0,n38f2b91d98b9eac0,234
n06b88c7dcd2e1f20,n06b88c7dcd2e1f20,234
n8b7e4c84544b4cdc,n8b7e4c84544b4cdc,234
nc8b31fa67e5b0ed4,nc8b31fa67e5b0ed4,234
nfc88ef0365e77899,nfc88ef0365e77899,234
n629bd5b35e10ea3b,n629bd5b35e10ea3b,234
n04c7efbf76e49299,n04c7efbf76e49299,234
n554520f4a5f852c5,n554520f4a5f852c5,234
n8893210518df7a7a,n8893210518df7a7a,234
n8e41b152342cfca3,n8e41b152342cfca3,234
n2ae807c7d6132972,n2ae807c7d6132972,234
n1b8db9e6708185d0,n1b8db9e6708185d0,234
n9866d00d31c1ef96,n9866d00d31c1ef96,234
nfe29cc38596cbfac,nfe29cc38596cbfac,234
n0bc84bc84b4b861a,n0bc84bc84b4b861a,234
n2ba60a8146f68cd9,n2ba60a8146f68cd9,234
n7d4d6b07e0b4cd74,n7d4d6b07e0b4cd74,234
n840c5b6034657923,n840c5b6034657923,234
nd27c5964b7cb2be8,nd27c5964b7cb2be8,234
nad8adf71da383320,nad8adf71da383320,234
n420398abcec9c76d,n420398abcec9c76d,234
ncc1414c79f81daa7,ncc1414c79f81daa7,234
ncfac476502a893ce,ncfac476502a893ce,235
n6d0cd2745667c303,n6d0cd2745667c303,235
n93010fafe713acf6,n93010fafe713acf6,235
nc842d1ae0ded8c58,nc842d1ae0ded8c58,235
n46652ef22b58e2fb,n46652ef22b58e2fb,235
n0aee480884219f4a,n0aee480884219f4a,235
n2d1da7f1b47f1943,n2d1da7f1b47f1943,235
n1e64dae79363db27,n1e64dae79363db27,235
n59da1bf250a65041,n59da1bf250a65041,235
nc458e0c4ae7cec10,nc458e0c4ae7cec10,235
n5e652af18f733b48,n5e652af18f733b48,235
nd6001fc533313cdb,nd6001fc533313cdb,235
ne26086cdcf517f1d,ne26086cdcf517f1d,235
n025544786cf39faa,n025544786cf39faa,235
n8028a7147e880131,n8028a7147e880131,235
nb89a99e132e0695a,nb89a99e132e0695a,235
nd1088c580f05fcc7,nd1088c580f05fcc7,235
nbd1efc04340cd6c5,nbd1efc04340cd6c5,235
n70128b0414183d8b,n70128b0414183d8b,235
nc964776152e86db3,nc964776152e86db3,235
n6de404babad2b1f8,n6de404babad2b1f8,235
nbec28da56428e89e,nbec28da56428e89e,235
n31652e32df1f606a,n31652e32df1f606a,235
n881a228e9db24bf0,n881a228e9db24bf0,235
n3b82bf2ea428035c,n3b82bf2ea428035c,235
n109f78ffeea514c7,n109f78ffeea514c7,235
necc36783e48aaab6,necc36783e48aaab6,235
n3d459f214f845c7b,n3d459f214f845c7b,236
ne6c0a78f3a23df28,ne6c0a78f3a23df28,236
ncfcca48e2991a821,ncfcca48e2991a821,236
n649312fd4cdba05d,n649312fd4cdba05d,236
n5dc33672da1c63c8,n5dc33672da1c63c8,236
nc89386999498b329,nc89386999498b329,236
n4056ed0431fb64f6,n4056ed0431fb64f6,236
n21deaada8c6a3ac4,n21deaada8c6a3ac4,236
n6af73a46767debd9,n6af73a46767debd9,236
nc38b3eeea92be4e5,nc38b3eeea92be4e5,236
nf0c2821cb02b1f65,nf0c2821cb02b1f65,236
n73c5ef93143e6477,n73c5ef93143e6477,236
n12051da90147fafa,n12051da90147fafa,236
nca3b9fc000ed518d,nca3b9fc000ed518d,236
n4e4c5b3f54b48545,n4e4c5b3f54b48545,236
n5b40e0359fccb38c,n5b40e0359fccb38c,236
n97a9cb0af2e103da,n97a9cb0af2e103da,236
nf832353dee35c826,nf832353dee35c826,236
n1cfb822cef4dece0,n1cfb822cef4dece0,236
n18b868321dd1b242,n18b868321dd1b242,236
n48fb4b79186e215b,n48fb4b79186e215b,236
n62fe2895aa909f0a,n62fe2895aa909f0a,237
n8074f8875a260d04,n8074f8875a260d04,237
nb13e37e93d5a6391,nb13e37e93d5a6391,237
n68e29ebddcff0e30,n68e29ebddcff0e30,237
n4cdcd004d727e4b3,n4cdcd004d727e4b3,237
nec7ee21ecae238db,nec7ee21ecae238db,237
ne6bfd1522128da07,ne6bfd1522128da07,237
n329d697a60b55165,n329d697a60b55165,237
nc595f3a341c709f6,nc595f3a341c709f6,237
ne74b00d2236051a9,ne74b00d2236051a9,237
n6e660d0867fb51e2,n6e660d0867fb51e2,237
n6bac393809d7976a,n6bac393809d7976a,237
nf760773475774ff5,nf760773475774ff5,237
n19637b0cc05b1e98,n19637b0cc05b1e98,237
n45d83fa0f3d5b1d8,n45d83fa0f3d5b1d8,237
n81891fa5eb3a6ab7,n81891fa5eb3a6ab7,237
n78f8240f67b1e41d,n78f8240f67b1e41d,237
n646adcd9052038ae,n646adcd9052038ae,237
n19700dd3c7977fbc,n19700dd3c7977fbc,237
ne24a7a84ec325729,ne24a7a84ec325729,237
n1d382ca9054c1527,n1d382ca9054c1527,237
n6c18116a5293adc4,n6c18116a5293adc4,237
nc692c199e22e10b9,nc692c199e22e10b9,237
nebf364ba15468b5f,nebf364ba15468b5f,238
n083c134194c75e6f,n083c134194c75e6f,238
n0c837cf26efc7126,n0c837cf26efc7126,238
nf4f717b89234b8d8,nf4f717b89234b8d8,238
n485d7a6aea3cd865,n485d7a6aea3cd865,238
ne27104154fe88b96,ne27104154fe88b96,238
n08b97695a080829d,n08b97695a080829d,238
n7e813dc9bd3ad91c,n7e813dc9bd3ad91c,238
n1429450aa0df03b7,n1429450aa0df03b7,238
n4a2c2ef4b7d881db,n4a2c2ef4b7d881db,238
n0ca406c202207043,n0ca406c202207043,238
n15ca88f13b64aae6,n15ca88f13b64aae6,238
n725c0c088031a5ee,n725c0c088031a5ee,238
n3afa2f7ab46432bf,n3afa2f7ab46432bf,238
n06521c173bd59223,n06521c173bd59223,238
n17b994898011b3d4,n17b994898011b3d4,238
n96f1172681c92ebd,n96f1172681c92ebd,238
n83555936baadefc0,n83555936baadefc0,239
n1236b376955a2a2a,n1236b376955a2a2a,239
n57e73a653bb5301b,n57e73a653bb5301b,239
nb21e63bf17a24170,nb21e63bf17a24170,239
neeecea3f5f74d970,neeecea3f5f74d970,239
nfb82d0250b64bee0,nfb82d0250b64bee0,239
n29565f1e3da4aeb8,n29565f1e3da4aeb8,239
n0ade2c7f1f42c579,n0ade2c7f1f42c579,239
nedf3bb033fce49ea,nedf3bb033fce49ea,239
ned19a02c23d6ca4c,ned19a02c23d6ca4c,239
n5fe00d568bd8b042,n5fe00d568bd8b042,239
n2fb90715570cbaa2,n2fb90715570cbaa2,239
ne24ee466ecc32a34,ne24ee466ecc32a34,239
n7dd80f0c123391b6,n7dd80f0c123391b6,239
n4ef13094b45aad9b,n4ef13094b45aad9b,239
nfdde074e8af1d8d7,nfdde074e8af1d8d7,239
n739254ac39f9bfab,n739254ac39f9bfab,240
n378aef5f3a57f7f4,n378aef5f3a57f7f4,240
nd42549296fb49c6c,nd42549296fb49c6c,240
ndbc297037609635f,ndbc297037609635f,240
n1c56d2a0882e1cd5,n1c56d2a0882e1cd5,240
n48397f5be5047fab,n48397f5be5047fab,240
n6132d19348957bad,n6132d19348957bad,240
n27e64460ce8bdb3e,n27e64460ce8bdb3e,240
naf5c27b94f4c5636,naf5c27b94f4c5636,240
n30d27bff488d2813,n30d27bff488d2813,240
n1384ef3748e8e14f,n1384ef3748e8e14f,240
n9ecbcff78eefa30a,n9ecbcff78eefa30a,240
nfc15bb9731a7d0d5,nfc15bb9731a7d0d5,240
n41820c5cbc8e8b31,n41820c5cbc8e8b31,240
n72d132a5d7a0f3c6,n72d132a5d7a0f3c6,240
n76c5d32cad0292c1,n76c5d32cad0292c1,240
ne4d3d68b86850247,ne4d3d68b86850247,241
n49725795d835af54,n49725795d835af54,241
n6c3b18c9ae1a705b,n6c3b18c9ae1a705b,241
ncef926346972bf2f,ncef926346972bf2f,241
n150a9c7cf5d52fba,n150a9c7cf5d52fba,241
n3f7b2f6a9f3e2fe8,n3f7b2f6a9f3e2fe8,241
n7af1adb451c8a27e,n7af1adb451c8a27e,241
n7e2e141fb49b9169,n7e2e141fb49b9169,241
n9aab77a0352117a5,n9aab77a0352117a5,241
n236fd4550c26b6de,n236fd4550c26b6de,241
nbb00932e5f3fe933,nbb00932e5f3fe933,241
n5bcf37cd637bd8f4,n5bcf37cd637bd8f4,241
n252374c9e4e47b78,n252374c9e4e47b78,241
nf3506a46538b9c88,nf3506a46538b9c88,241
nef4464173dc4fd72,nef4464173dc4fd72,241
nba0334b52abb83aa,nba0334b52abb83aa,241
ne7efabfc82fa97cc,ne7efabfc82fa97cc,242
n4c7d9084b8c2b035,n4c7d9084b8c2b035,242
n3fce545199e63577,n3fce545199e63577,242
n9aa8be82e25823d5,n9aa8be82e25823d5,242
n099b8b82c4f0adbc,n099b8b82c4f0adbc,242
n78159d413a6d06f1,n78159d413a6d06f1,242
n40991f36f16d6743,n40991f36f16d6743,242
n65513276236e4b5d,n65513276236e4b5d,242
n40a9d0c8c0e122d0,n40a9d0c8c0e122d0,242
n1631567943f6fe02,n1631567943f6fe02,242
n2d537fcee0ad62d7,n2d537fcee0ad62d7,243
n7180858e99832e0b,n7180858e99832e0b,243
nc18933c1db7ae980,nc18933c1db7ae980,243
n688d62f6b1df6df5,n688d62f6b1df6df5,243
n1071d9a211634721,n1071d9a211634721,243
nbf670896dfa41c64,nbf670896dfa41c64,243
n8037b5e5b5224460,n8037b5e5b5224460,243
n0b65c2d267eb644f,n0b65c2d267eb644f,243
n893381b751a1163b,n893381b751a1163b,243
n1dda2f12b078a50c,n1dda2f12b078a50c,243
n77dd51e7a7ef1480,n77dd51e7a7ef1480,243
nd37f6104732cc28b,nd37f6104732cc28b,243
n7d7bcb5c1e89a2fc,n7d7bcb5c1e89a2fc,243
nd8b162a751939c40,nd8b162a751939c40,243
n1ebe2b181f8aa13d,n1ebe2b181f8aa13d,243
nf6643cf2957a2f17,nf6643cf2957a2f17,243
n916923124848af53,n916923124848af53,243
na59a7188bc118b21,na59a7188bc118b21,243
n1cca3b26d5d1dbc0,n1cca3b26d5d1dbc0,243
n8eb1d983f18a172c,n8eb1d983f18a172c,243
n1875526a890c54ce,n1875526a890c54ce,243
n3c4b31b40d8a4759,n3c4b31b40d8a4759,244
na9c51f71bcc838f0,na9c51f71bcc838f0,244
n95e834a750042e51,n95e834a750042e51,244
n0e1591bb5bd1ab9a,n0e1591bb5bd1ab9a,244
nb662e0c933201890,nb662e0c933201890,244
n90b23efd42a76602,n90b23efd42a76602,244
nfd35b05a0b938605,nfd35b05a0b938605,244
ncac4e488308b612f,ncac4e488308b612f,244
n6ba31dedcf09aeeb,n6ba31dedcf09aeeb,244
n2578673d15590cad,n2578673d15590cad,244
n124217d4d87203c5,n124217d4d87203c5,244
n78e06d4ac5e0a02f,n78e06d4ac5e0a02f,244
na8e22dc815e814bf,na8e22dc815e814bf,244
n66cdc8716d52c6dc,n66cdc8716d52c6dc,244
n0e2c3b175e01e86c,n0e2c3b175e01e86c,244
ndd3c856caf09a423,ndd3c856caf09a423,244
n6b8c47de30b7aaf8,n6b8c47de30b7aaf8,244
n22e428545835a36f,n22e428545835a36f,244
n92c8004bf136df68,n92c8004bf136df68,244
neacedd05363844b2,neacedd05363844b2,244
ncd19300ff8c9b3b0,ncd19300ff8c9b3b0,244
nc1604c8dfffa878e,nc1604c8dfffa878e,244
n6a9a8c7fda636483,n6a9a8c7fda636483,244
n6138173fd19571db,n6138173fd19571db,244
nf44fc69efb19de1b,nf44fc69efb19de1b,245
n5e3e16518c08e70d,n5e3e16518c08e70d,245
n73b181b99c24d724,n73b181b99c24d724,245
n57ee8e7aa1473094,n57ee8e7aa1473094,245
ndd2bd63aa6bed170,ndd2bd63aa6bed170,245
na865843f9871fa0d,na865843f9871fa0d,245
nc20cb9f1d1971286,nc20cb9f1d1971286,245
n039b44ee80818239,n039b44ee80818239,245
ne865c40f641c4b00,ne865c40f641c4b00,245
nc7c2852e43ffba61,nc7c2852e43ffba61,245
n0876e50e38789b7a,n0876e50e38789b7a,245
n2eebbc72a5c6a851,n2eebbc72a5c6a851,245
n30d5ac471c34b70f,n30d5ac471c34b70f,245
nc9edb851d16f0b5c,nc9edb851d16f0b5c,245
nbc80dff336be88fd,nbc80dff336be88fd,245
n60bf3b1b90adae03,n60bf3b1b90adae03,245
nbc2d2b5d951b6105,nbc2d2b5d951b6105,245
n6b6ca29c61c38806,n6b6ca29c61c38806,245
na630c3d995af4928,na630c3d995af4928,245
n5927a06e0cb11840,n5927a06e0cb11840,245
nd5b829dace79cc19,nd5b829dace79cc19,246
n78a94d8f58a198eb,n78a94d8f58a198eb,246
n289fc89c938a06a3,n289fc89c938a06a3,246
n388da75166c1496b,n388da75166c1496b,246
n20e733109d26aa1b,n20e733109d26aa1b,246
nd00892c31ed03b28,nd00892c31ed03b28,246
n4b18ac6dc2690942,n4b18ac6dc2690942,246
naa28e6b74875fd3c,naa28e6b74875fd3c,246
n13ed30eff9440b53,n13ed30eff9440b53,246
nd1d41608cfcebab4,nd1d41608cfcebab4,246
n86e4c67fbcbd2913,n86e4c67fbcbd2913,246
nb8b92cfc44b76407,nb8b92cfc44b76407,246
n63eb4f72bdf5ddf5,n63eb4f72bdf5ddf5,246
nebd123240904dcd8,nebd123240904dcd8,246
n39b4d3572e9cbc92,n39b4d3572e9cbc92,246
n5c3cc18d73aba1ce,n5c3cc18d73aba1ce,246
n753471e348621a35,n753471e348621a35,246
n0c31ce18d1c82908,n0c31ce18d1c82908,247
n346cae2be0c1e40c,n346cae2be0c1e40c,247
n4f6e0e368af3ec08,n4f6e0e368af3ec08,247
n3bc466e77d2ec094,n3bc466e77d2ec094,247
nc1874285cea2f774,nc1874285cea2f774,247
ne4888d314436b06c,ne4888d314436b06c,247
nd3e39dd02d2d528a,nd3e39dd02d2d528a,247
n4bdfdcb7bb76d2a6,n4bdfdcb7bb76d2a6,247
n3951b183788510a5,n3951b183788510a5,247
n9eb96d19ab66c8d0,n9eb96d19ab66c8d0,247
n95d1498a8c2508db,n95d1498a8c2508db,247
nc5462e9cab360faa,nc5462e9cab360faa,247
ne7217ab103bf28ce,ne7217ab103bf28ce,247
n99989d95517b7b4f,n99989d95517b7b4f,247
nb898d408cc92cfe8,nb898d408cc92cfe8,247
nad5acb7bae7866f9,nad5acb7bae7866f9,247
n944d78b819ed85e1,n944d78b819ed85e1,247
nbc942df0fd7c6c1f,nbc942df0fd7c6c1f,247
n52647516d8868de5,n52647516d8868de5,247
n283944edcb92ed73,n283944edcb92ed73,247
n4ca290dba088d2cd,n4ca290dba088d2cd,248
nd0cd28660ca830cd,nd0cd28660ca830cd,248
nf8b23a998b9eb4f4,nf8b23a998b9eb4f4,248
nbb42edee8adbc11d,nbb42edee8adbc11d,248
n4c01a27df7fbb86e,n4c01a27df7fbb86e,248
nac75d79f889395ee,nac75d79f889395ee,248
n7d68602313ba9360,n7d68602313ba9360,248
n62c9343198ab6fd1,n62c9343198ab6fd1,248
n779b34c6aeb0c9be,n779b34c6aeb0c9be,248
n26dd5cf4e2c59c5b,n26dd5cf4e2c59c5b,248
n24dd4d3388a0228a,n24dd4d3388a0228a,248
n368c4399ae38e879,n368c4399ae38e879,248
ne14477b08291f2e0,ne14477b08291f2e0,248
n0476d2f8da525d53,n0476d2f8da525d53,248
nc50ac0274ca9b2d6,nc50ac0274ca9b2d6,248
n34680fd5c2b39c3d,n34680fd5c2b39c3d,248
nba56cb879fdb85f5,nba56cb879fdb85f5,248
n889de347cf5c100c,n889de347cf5c100c,248
n62a05363106aaa53,n62a05363106aaa53,248
n986b1ceedfb14c59,n986b1ceedfb14c59,248
n7d1960911763548b,n7d1960911763548b,248
n1c893ea4e5cfd645,n1c893ea4e5cfd645,248
nca7e568efff3dcec,nca7e568efff3dcec,248
n5b7055d6960b8976,n5b7055d6960b8976,249
n8b161cf77b206b9e,n8b161cf77b206b9e,249
nbb6a3f05c369b819,nbb6a3f05c369b819,249
nc70ecbcbdc9c1a88,nc70ecbcbdc9c1a88,249
nc9347be51df30929,nc9347be51df30929,249
nf901d71c92b87413,nf901d71c92b87413,249
nbf015ef263a58eeb,nbf015ef263a58eeb,249
n5b2baddbc06c8324,n5b2baddbc06c8324,249
n47ab1d4ec469fd58,n47ab1d4ec469fd58,249
n6b3d8ea6916d49f8,n6b3d8ea6916d49f8,249
nd648e4670bae3a53,nd648e4670bae3a53,249
ndda5727c1af26424,ndda5727c1af26424,249
n7abe4641bbdbccea,n7abe4641bbdbccea,249
n3a3694a45c760f67,n3a3694a45c760f67,249
n05580e1c9b6c20ef,n05580e1c9b6c20ef,249
nb05c41fe6c24b184,nb05c41fe6c24b184,249
n00402634de8f1106,n00402634de8f1106,249
n383328f520b25ad2,n383328f520b25ad2,249
n5765cf7a0f578c33,n5765cf7a0f578c33,249
n55cef8e4c894e5db,n55cef8e4c894e5db,249
n4a32514007f7a27f,n4a32514007f7a27f,249
n4c36a9327a6af518,n4c36a9327a6af518,250
n7175c7e03f6b35f1,n7175c7e03f6b35f1,250
n5247b3510175ee08,n5247b3510175ee08,251
n1797e896198456b5,n1797e896198456b5,251
na6a2da3371629a4a,na6a2da3371629a4a,251
nb5ad16c50e21ed86,nb5ad16c50e21ed86,251
naa527e4b3f1a91d4,naa527e4b3f1a91d4,251
n4cc624130a929a6c,n4cc624130a929a6c,251
n2f295af4a82362ce,n2f295af4a82362ce,251
n227d6f8d801a1ece,n227d6f8d801a1ece,251
n4ea1e2ae049139a4,n4ea1e2ae049139a4,251
n88d99553c08b1593,n88d99553c08b1593,251
n27f5b184e844e176,n27f5b184e844e176,251
n092adf94b9333956,n092adf94b9333956,251
nc43a82b2f7982c09,nc43a82b2f7982c09,251
ndfceda19359984bf,ndfceda19359984bf,251
nc8e3645aab754b11,nc8e3645aab754b11,251
na346bc9b057129fb,na346bc9b057129fb,251
ned7d426ef7eaf0a0,ned7d426ef7eaf0a0,251
n028092f44b11d802,n028092f44b11d802,251
n180c6aea3413db4a,n180c6aea3413db4a,251
n43fa53d55606b24e,n43fa53d55606b24e,251
nb8171e4c7db53a59,nb8171e4c7db53a59,251
nbf84362882d9bf36,nbf84362882d9bf36,251
n165e539edca808d1,n165e539edca808d1,251
nfbaea501a4c1fd32,nfbaea501a4c1fd32,251
nf397019b2a705f2f,nf397019b2a705f2f,251
n7608a02e5cfb6e37,n7608a02e5cfb6e37,251
n61454c83fa308b0d,n61454c83fa308b0d,251
n83862c165f36eae8,n83862c165f36eae8,251
n8fe84172b73dd235,n8fe84172b73dd235,251
n26dd5d3aab0a4033,n26dd5d3aab0a4033,251
nb81e71595a1027ca,nb81e71595a1027ca,251
n8afdfb8a156af758,n8afdfb8a156af758,251
nd949ada43eec2162,nd949ada43eec2162,251
nc9f3372a41eac821,nc9f3372a41eac821,251
n7573ac9b7bbfb366,n7573ac9b7bbfb366,251
n36729a1391300855,n36729a1391300855,251
neaeac3e7ff8465c0,neaeac3e7ff8465c0,251
nbf58cb48b4c31aae,nbf58cb48b4c31aae,251
n430a38ba3194f494,n430a38ba3194f494,251
n408e286e0b70c2c8,n408e286e0b70c2c8,251
n0336b6f791b5e684,n0336b6f791b5e684,251
nd3f43a510a054eb7,nd3f43a510a054eb7,251
n03ef7e23468ff1ba,n03ef7e23468ff1ba,252
n1f96ce5d2b5d6b0e,n1f96ce5d2b5d6b0e,252
n442860869af88057,n442860869af88057,252
n4d83a1756068fbf6,n4d83a1756068fbf6,252
n63afca812d693d0f,n63afca812d693d0f,252
n451afe42f11759f9,n451afe42f11759f9,252
ne109d00121b89ca7,ne109d00121b89ca7,252
n50a02b7bbd797fbb,n50a02b7bbd797fbb,252
n33bf7f8001fa2dc3,n33bf7f8001fa2dc3,252
nc2f7d498913d834b,nc2f7d498913d834b,252
nb0743f07722b70a0,nb0743f07722b70a0,252
n5462961c4510d6b5,n5462961c4510d6b5,252
nac6f5c21adba8d41,nac6f5c21adba8d41,252
ncc69e9466508a5aa,ncc69e9466508a5aa,252
nfd4dc3e81022dfd2,nfd4dc3e81022dfd2,252
n2c942fcf5a214fb7,n2c942fcf5a214fb7,252
n831a18923958f28c,n831a18923958f28c,253
nb8d7679668e649cc,nb8d7679668e649cc,253
ne72db4725b4ed68f,ne72db4725b4ed68f,253
n95f0f244873cdc1f,n95f0f244873cdc1f,253
n53d45aa4faed6480,n53d45aa4faed6480,253
n1c0d468d86292af7,n1c0d468d86292af7,253
n7870146e25f96706,n7870146e25f96706,253
n9a5b8623eb52ba42,n9a5b8623eb52ba42,253
nb19c22a2ffe6a070,nb19c22a2ffe6a070,253
ned6eea8b3914d91d,ned6eea8b3914d91d,253
nf6d1e40b093e9a6e,nf6d1e40b093e9a6e,253
nb38f244dccd2e3cc,nb38f244dccd2e3cc,253
n46a2ffd2084a289c,n46a2ffd2084a289c,253
n5226107a53a4c9d2,n5226107a53a4c9d2,253
nfb81a65108252ea0,nfb81a65108252ea0,253
n8084e71e9b6aa508,n8084e71e9b6aa508,253
n2cc972a4dc278ec3,n2cc972a4dc278ec3,253
n21beca3652553b71,n21beca3652553b71,254
nd38ea42c223c45b7,nd38ea42c223c45b7,254
n89ded711486ccd19,n89ded711486ccd19,254
nbda96f0fc15274fb,nbda96f0fc15274fb,254
nb4b2a1a8179c2c80,nb4b2a1a8179c2c80,254
n64af255009d4f4aa,n64af255009d4f4aa,254
n5bbf962dba499dc6,n5bbf962dba499dc6,254
n14273dbcfc6fd05e,n14273dbcfc6fd05e,254
n8271c2123f2b8208,n8271c2123f2b8208,255
n58e2381c055960d7,n58e2381c055960d7,255
n94e4c57cb79a7904,n94e4c57cb79a7904,255
nffc92e99738df9c2,nffc92e99738df9c2,255
n057bdef2ed24b223,n057bdef2ed24b223,255
n4e579f6bcf569936,n4e579f6bcf569936,255
nb407926ef809822f,nb407926ef809822f,255
n88e78824108f8ea5,n88e78824108f8ea5,255
nead3c41f889f66e1,nead3c41f889f66e1,255
n2aae5de32833eecd,n2aae5de32833eecd,255
n70dd2bc5e99c8e07,n70dd2bc5e99c8e07,255
n40a90b022d3a4cd9,n40a90b022d3a4cd9,255
nb03519e795c352e1,nb03519e795c352e1,255
n18ab70ea39a4d41f,n18ab70ea39a4d41f,255
n03929506ba06449b,n03929506ba06449b,255
n2623fcf1b9654b5e,n2623fcf1b9654b5e,255
n12528792d953a0b1,n12528792d953a0b1,255
n4056ba249ad6baf3,n4056ba249ad6baf3,255
n8ea085a1adcceb85,n8ea085a1adcceb85,255
n4a2d7d648a378b9c,n4a2d7d648a378b9c,255
n63b25a13724e71fe,n63b25a13724e71fe,255
n52bbeee7c0013090,n52bbeee7c0013090,255
n6a60167b46d0314f,n6a60167b46d0314f,255
nfe4424079eed8462,nfe4424079eed8462,255
n28b26c6642a3e714,n28b26c6642a3e714,255
n4697d3b6fdb75b02,n4697d3b6fdb75b02,255
n5361f83f3003aa0e,n5361f83f3003aa0e,255
na8af924bc09e2d64,na8af924bc09e2d64,255
n78f53137e30e1476,n78f53137e30e1476,255
na83738e182e624a8,na83738e182e624a8,255
n92ae94f52825e2a0,n92ae94f52825e2a0,255
nc291107925efc8a6,nc291107925efc8a6,255
n5ff6dcf87b236738,n5ff6dcf87b236738,255
n125625ce465b11dc,n125625ce465b11dc,255
n69907feac9958a3e,n69907feac9958a3e,255
n4bc699dd8536a5df,n4bc699dd8536a5df,255
n3b231d6fa7ed3ef8,n3b231d6fa7ed3ef8,255
n00feed115913e37e,n00feed115913e37e,255
nc6e3edd5cce4c59a,nc6e3edd5cce4c59a,255
ndc8f6aeb57dbef42,ndc8f6aeb57dbef42,255
n47edae8fcd371ef0,n47edae8fcd371ef0,255
nf65bf57163651bdf,nf65bf57163651bdf,255
n4fed7468abe9ca38,n4fed7468abe9ca38,255
ne78276d309e71687,ne78276d309e71687,255
n9bb1279566302ec1,n9bb1279566302ec1,255
n1be5a4db1c09ea38,n1be5a4db1c09ea38,255
nba9c666c2385e86f,nba9c666c2385e86f,255
n2888c3044997f9d9,n2888c3044997f9d9,255
nbafffa9978a810ba,nbafffa9978a810ba,255
n58cdbb2aa4fab506,n58cdbb2aa4fab506,255
n321d58f6e3ed79a9,n321d58f6e3ed79a9,255
n2344a54e65f302ce,n2344a54e65f302ce,255
n51c5644b4975fb62,n51c5644b4975fb62,255
n46b9bab967ac541d,n46b9bab967ac541d,255
n97c27f7bf201fad3,n97c27f7bf201fad3,256
n464026763e48dd16,n464026763e48dd16,256
n85b67c6d3f7000ea,n85b67c6d3f7000ea,256
n46ceaf7a62032ad0,n46ceaf7a62032ad0,256
nfd39d5fc0b2d6931,nfd39d5fc0b2d6931,256
nc946f7b6fafa176d,nc946f7b6fafa176d,256
nd03f0755af1ec6c5,nd03f0755af1ec6c5,256
n536eed3d111d62bd,n536eed3d111d62bd,256
nce2417bda091fcb6,nce2417bda091fcb6,256
nbeb91894c4847e47,nbeb91894c4847e47,256
nb93b4b0e83850f21,nb93b4b0e83850f21,256
nc3b43cf5c56e5818,nc3b43cf5c56e5818,256
n3aa747920f8fa1d0,n3aa747920f8fa1d0,256
n4ace17128db72260,n4ace17128db72260,256
naf8bab2aef88f265,naf8bab2aef88f265,256
nf5a112c5fef0c519,nf5a112c5fef0c519,256
n92cfffceacd66216,n92cfffceacd66216,257
nfaff5e6dc238c72a,nfaff5e6dc238c72a,257
nfd590d1a5f794e15,nfd590d1a5f794e15,257
n963428ccee11f1d2,n963428ccee11f1d2,257
n235ca98d98ef24cb,n235ca98d98ef24cb,257
nbd970370bab0835a,nbd970370bab0835a,257
n252cce01d0290b4b,n252cce01d0290b4b,257
n7a57cdb134be9a6f,n7a57cdb134be9a6f,257
na700c696d59dbda2,na700c696d59dbda2,257
n369318ab25e98542,n369318ab25e98542,257
na937336978e225a5,na937336978e225a5,257
n388d5d889303ec5e,n388d5d889303ec5e,257
na0ba8f20cc141c7d,na0ba8f20cc141c7d,257
n02ab03a11e888ec9,n02ab03a11e888ec9,257
n5aa9fef8111fa48e,n5aa9fef8111fa48e,257
ne723d89622e67d8e,ne723d89622e67d8e,257
n665023f4ce15c06d,n665023f4ce15c06d,257
nfcf7a5a6a076384a,nfcf7a5a6a076384a,258
n7db20d01e6337ff2,n7db20d01e6337ff2,258
na07030d0095de464,na07030d0095de464,258
n2c808363ab043fa4,n2c808363ab043fa4,258
nd4de2bbd4b20fc32,nd4de2bbd4b20fc32,258
nb8af3ae79b5744b5,nb8af3ae79b5744b5,258
n6a0477a19b3f7bae,n6a0477a19b3f7bae,258
ne0ad7d6eeb20fc72,ne0ad7d6eeb20fc72,258
nf3e78a6aba3e3aff,nf3e78a6aba3e3aff,258
nff51a35a58acfa18,nff51a35a58acfa18,258
nd08a2a05047b98b2,nd08a2a05047b98b2,258
ncfd030564c1dcfd4,ncfd030564c1dcfd4,258
n32351fcd2eed42cc,n32351fcd2eed42cc,258
nd748a801a4e27d9a,nd748a801a4e27d9a,258
n2400161570e730fb,n2400161570e730fb,258
n7e2656fa9c98caae,n7e2656fa9c98caae,258
n4dfeda915d471648,n4dfeda915d471648,258
nc94660a899afda01,nc94660a899afda01,258
ne34f2a39e1c6b3cc,ne34f2a39e1c6b3cc,258
nf94ffc29f2fa4044,nf94ffc29f2fa4044,258
nd7ffb711e99e9bcd,nd7ffb711e99e9bcd,258
n202dbfad1984f9b7,n202dbfad1984f9b7,258
nce287637beb6b269,nce287637beb6b269,258
n9276e34abfb3bded,n9276e34abfb3bded,258
ne9581b545ce71441,ne9581b545ce71441,259
nc379594a089dc518,nc379594a089dc518,259
n5716d663b0be7ba8,n5716d663b0be7ba8,259
n852726a4595eb9a3,n852726a4595eb9a3,259
n6035564d6bb6dc72,n6035564d6bb6dc72,259
n9d66b5c415be26d6,n9d66b5c415be26d6,259
n205e42fd4a0a74af,n205e42fd4a0a74af,259
n1cac019f651c5b32,n1cac019f651c5b32,259
n7ab36cc5550fbcf1,n7ab36cc5550fbcf1,259
nec7d8672d337a042,nec7d8672d337a042,259
nd96d92e4d0398c06,nd96d92e4d0398c06,259
n96e088940f78326e,n96e088940f78326e,259
ndfa6a198577fd708,ndfa6a198577fd708,259
n161d272717ed22e6,n161d272717ed22e6,259
n3912924dfcbd8716,n3912924dfcbd8716,259
n9be3f0e46d253ab4,n9be3f0e46d253ab4,259
nc5117cb035436a0b,nc5117cb035436a0b,259
nb3beee17efe1b162,nb3beee17efe1b162,259
n603397494acabe8f,n603397494acabe8f,259
n5ce63a80bbd87edc,n5ce63a80bbd87edc,259
n4d4d85bd7fe5160c,n4d4d85bd7fe5160c,259
n7358366e4a520630,n7358366e4a520630,259
n70e310fcd090124d,n70e310fcd090124d,259
nbfd3a4e9573ff8f0,nbfd3a4e9573ff8f0,259
nb5f7d26bfc4dfd41,nb5f7d26bfc4dfd41,259
n697b3ab46bf7b5f9,n697b3ab46bf7b5f9,259
nb44e995aa5b08b14,nb44e995aa5b08b14,259
n8f8122f14ebdbee8,n8f8122f14ebdbee8,259
nc72d96a0c94f2544,nc72d96a0c94f2544,259
n921ac5b41afbd928,n921ac5b41afbd928,259
na98eef708a165ff0,na98eef708a165ff0,259
n6598d6206c60083a,n6598d6206c60083a,259
nc0da73c3ba93cb01,nc0da73c3ba93cb01,260
n4e2a09b38dbc355c,n4e2a09b38dbc355c,260
n168519b5064c844a,n168519b5064c844a,260
n8e986588eb3ef432,n8e986588eb3ef432,260
nc7ddbe846c98929b,nc7ddbe846c98929b,260
n820a5261c3caf7ba,n820a5261c3caf7ba,260
n732650a0851b0066,n732650a0851b0066,260
n07e3b6c9a543b4b5,n07e3b6c9a543b4b5,260
n25b10d6d9baf1a41,n25b10d6d9baf1a41,260
nd2083575464b76b7,nd2083575464b76b7,260
ne4e002e172ba9aa4,ne4e002e172ba9aa4,260
n1ef3d0155fbc6087,n1ef3d0155fbc6087,260
n12d3dabd8acbda16,n12d3dabd8acbda16,260
n1787281deef59193,n1787281deef59193,260
n42216a23c1bd2790,n42216a23c1bd2790,260
n3cc063e4bcc5aa86,n3cc063e4bcc5aa86,260
nb7c876dff9fbc566,nb7c876dff9fbc566,260
nfafc59e7e4fb92e7,nfafc59e7e4fb92e7,260
nf11322a748c00b58,nf11322a748c00b58,260
n922ad1be50a9f7bc,n922ad1be50a9f7bc,260
n679e0e63df4a9ff1,n679e0e63df4a9ff1,260
n000fc6b85939e770,n000fc6b85939e770,260
n8441e2a0ebc9b31e,n8441e2a0ebc9b31e,260
n31249d69acd5ed64,n31249d69acd5ed64,260
n11e22af30e9165d6,n11e22af30e9165d6,261
n20288de5adb1d845,n20288de5adb1d845,261
n583faef7c4590839,n583faef7c4590839,261
n2f47ac26a9927cf2,n2f47ac26a9927cf2,261
nc4bd06e4b266dc06,nc4bd06e4b266dc06,261
nd22937a17811d7c6,nd22937a17811d7c6,261
n89e657b668d120a1,n89e657b668d120a1,261
nd20f5ee4c3f3da4e,nd20f5ee4c3f3da4e,261
n58818514fc464104,n58818514fc464104,261
n15f51709c82d577f,n15f51709c82d577f,261
nfe633b3b1b7f4502,nfe633b3b1b7f4502,261
n68f32714e9cfb52f,n68f32714e9cfb52f,261
n90937a7925704482,n90937a7925704482,261
n6ed23c1b6088cd19,n6ed23c1b6088cd19,261
n7a63313f2f6e8b38,n7a63313f2f6e8b38,261
n082dfea3175e040e,n082dfea3175e040e,261
nfc92624ee760a78d,nfc92624ee760a78d,261
nefcb26153f3c70b5,nefcb26153f3c70b5,261
n047654bfe6371270,n047654bfe6371270,261
n542d2bf86285fd7f,n542d2bf86285fd7f,261
n11183f5d427b95af,n11183f5d427b95af,261
nf7290a07ee7b55b1,nf7290a07ee7b55b1,261
n720d4069b4945e3d,n720d4069b4945e3d,261
nf0c0c9059728f74c,nf0c0c9059728f74c,261
n04307e51eee8d039,n04307e51eee8d039,262
n9ab9d22836b43437,n9ab9d22836b43437,262
n81d5b1448b4b9739,n81d5b1448b4b9739,262
n2dc1e0784f888e3a,n2dc1e0784f888e3a,262
n2b8ff1b79cd74fcd,n2b8ff1b79cd74fcd,262
n4cf1b230e815e48f,n4cf1b230e815e48f,262
n11bfb4a0ba80b27c,n11bfb4a0ba80b27c,263
n8c9ed34025771b77,n8c9ed34025771b77,263
nad08e170dea1cba5,nad08e170dea1cba5,263
n313231876ddf5560,n313231876ddf5560,263
ne454f885b711356c,ne454f885b711356c,263
nfe3df330b85bd79e,nfe3df330b85bd79e,263
n18ea83262627d3cb,n18ea83262627d3cb,263
n0cec451f48271ada,n0cec451f48271ada,264
nefe14cdcef48ca08,nefe14cdcef48ca08,264
n18ce200c09956346,n18ce200c09956346,264
